duplicateGroupKey,duplicateBasis,count,fileIds,filePaths,names,size,width,height
10144|320|320|oppo-find-x9-pro-medium.webp,same name + size + dimensions,2,6a7cac755c7cd75eb85ab618|6a7caca65c7cd75eb85db9aa,/Oppo/Oppo-Find-X9-Pro-medium.webp|/Oppo2/Oppo-Find-X9-Pro-medium.webp,Oppo-Find-X9-Pro-medium.webp|Oppo-Find-X9-Pro-medium.webp,10144,320,320
10202|320|320|tecno-camon-slim-c-medium.webp,same name + size + dimensions,2,6a7b697e5c7cd75eb8e1832f|6a7b6a875c7cd75eb8e70e87,/ecommerce/All Tecno Smartphones - Price in Kenya/Tecno-Camon-Slim-c-medium.webp|/ecommerce/Tecno-2/All Tecno Smartphones - Price in Kenya/Tecno-Camon-Slim-c-medium.webp,Tecno-Camon-Slim-c-medium.webp|Tecno-Camon-Slim-c-medium.webp,10202,320,320
10302|320|320|oppo-find-x9-medium.webp,same name + size + dimensions,2,6a7cac755c7cd75eb85ab79f|6a7caca65c7cd75eb85db99e,/Oppo/Oppo-Find-X9-medium.webp|/Oppo2/Oppo-Find-X9-medium.webp,Oppo-Find-X9-medium.webp|Oppo-Find-X9-medium.webp,10302,320,320
10468|320|320|tecno-pop-x-5g-medium (1).webp,same name + size + dimensions,2,6a7b697e5c7cd75eb8e182ed|6a7b6a885c7cd75eb8e71053,/ecommerce/All Tecno Smartphones - Price in Kenya/Tecno-Pop-X-5G-medium (1).webp|/ecommerce/Tecno-2/All Tecno Smartphones - Price in Kenya/Tecno-Pop-X-5G-medium (1).webp,Tecno-Pop-X-5G-medium (1).webp|Tecno-Pop-X-5G-medium (1).webp,10468,320,320
10538|320|320|tecno-pova-curve-a-medium.webp,same name + size + dimensions,2,6a7b697f5c7cd75eb8e1882a|6a7b6a895c7cd75eb8e71a94,/ecommerce/All Tecno Smartphones - Price in Kenya/Tecno-Pova-Curve-a-medium.webp|/ecommerce/Tecno-2/All Tecno Smartphones - Price in Kenya/Tecno-Pova-Curve-a-medium.webp,Tecno-Pova-Curve-a-medium.webp|Tecno-Pova-Curve-a-medium.webp,10538,320,320
10814|320|160|itel-logo-original (1).webp,same name + size + dimensions,6,6a7c25435c7cd75eb84ec8d8|6a7cac9e5c7cd75eb85d3ad3|6a7cadd05c7cd75eb870909a|6a7caeb85c7cd75eb87f92fe|6a7caeed5c7cd75eb883861c|6a7c236e5c7cd75eb8414334,/itel/itel-logo-original (1).webp|/Oppo2/itel-logo-original (1).webp|/Oppo3/itel-logo-original (1).webp|/Oppo5/itel-logo-original (1).webp|/Oppo6/itel-logo-original (1).webp|/tvs/itel-logo-original (1).webp,itel-logo-original (1).webp|itel-logo-original (1).webp|itel-logo-original (1).webp|itel-logo-original (1).webp|itel-logo-original (1).webp|itel-logo-original (1).webp,10814,320,160
10814|320|160|itel-logo-original (4).webp,same name + size + dimensions,2,6a7c25495c7cd75eb84ef134|6a7c23755c7cd75eb8418b91,/itel/itel-logo-original (4).webp|/tvs/itel-logo-original (4).webp,itel-logo-original (4).webp|itel-logo-original (4).webp,10814,320,160
10850|320|160|itel-logo-original (3).webp,same name + size + dimensions,2,6a7c25425c7cd75eb84eb521|6a7c23755c7cd75eb8418b7e,/itel/itel-logo-original (3).webp|/tvs/itel-logo-original (3).webp,itel-logo-original (3).webp|itel-logo-original (3).webp,10850,320,160
10850|320|160|itel-logo-original.webp,same name + size + dimensions,7,6a7c25495c7cd75eb84ef0fc|6a7cac9d5c7cd75eb85d371d|6a7cadd15c7cd75eb8709444|6a7cae075c7cd75eb8740d3b|6a7caeb85c7cd75eb87f950a|6a7caeed5c7cd75eb88382b9|6a7c238c5c7cd75eb8421adc,/itel/itel-logo-original.webp|/Oppo2/itel-logo-original.webp|/Oppo3/itel-logo-original.webp|/Oppo4/itel-logo-original.webp|/Oppo5/itel-logo-original.webp|/Oppo6/itel-logo-original.webp|/tvs/itel-logo-original.webp,itel-logo-original.webp|itel-logo-original.webp|itel-logo-original.webp|itel-logo-original.webp|itel-logo-original.webp|itel-logo-original.webp|itel-logo-original.webp,10850,320,160
11068|320|320|galaxy-z-fold-3-medium (1).webp,same name + size + dimensions,2,6a7ba89a5c7cd75eb818854d|6a7ba86b5c7cd75eb815d50b,/ecommerce/samsung/All Samsung Smartphones - Price in Kenya (1)/galaxy-z-fold-3-medium (1).webp|/ecommerce/samsung/All Samsung Smartphones - Price in Kenya (2)/galaxy-z-fold-3-medium (1).webp,galaxy-z-fold-3-medium (1).webp|galaxy-z-fold-3-medium (1).webp,11068,320,320
11068|320|320|galaxy-z-fold-3-medium.webp,same name + size + dimensions,2,6a7ba89a5c7cd75eb8188569|6a7ba86b5c7cd75eb815d65d,/ecommerce/samsung/All Samsung Smartphones - Price in Kenya (1)/galaxy-z-fold-3-medium.webp|/ecommerce/samsung/All Samsung Smartphones - Price in Kenya (2)/galaxy-z-fold-3-medium.webp,galaxy-z-fold-3-medium.webp|galaxy-z-fold-3-medium.webp,11068,320,320
11198|320|320|tecno-spark-go-3-b-medium.webp,same name + size + dimensions,2,6a7b69825c7cd75eb8e19a62|6a7b6a8b5c7cd75eb8e72cf9,/ecommerce/All Tecno Smartphones - Price in Kenya/Tecno-Spark-Go-3-b-medium.webp|/ecommerce/Tecno-2/All Tecno Smartphones - Price in Kenya/Tecno-Spark-Go-3-b-medium.webp,Tecno-Spark-Go-3-b-medium.webp|Tecno-Spark-Go-3-b-medium.webp,11198,320,320
11296|320|320|oneplus-buds-4d-medium (1).webp,same name + size + dimensions,2,6a7caae45c7cd75eb84181ca|6a7cab675c7cd75eb849cd30,/airbuds2/oneplus-buds-4d-medium (1).webp|/airbuds3/oneplus-buds-4d-medium (1).webp,oneplus-buds-4d-medium (1).webp|oneplus-buds-4d-medium (1).webp,11296,320,320
1144|100|50|asus-original (2).webp,same name + size + dimensions,5,6a7c24ec5c7cd75eb84c478f|6a7cac9d5c7cd75eb85d2490|6a7cadd25c7cd75eb870a0c7|6a7caeb85c7cd75eb87f9bbe|6a7caeec5c7cd75eb88373e1,/itel/asus-original (2).webp|/Oppo2/asus-original (2).webp|/Oppo3/asus-original (2).webp|/Oppo5/asus-original (2).webp|/Oppo6/asus-original (2).webp,asus-original (2).webp|asus-original (2).webp|asus-original (2).webp|asus-original (2).webp|asus-original (2).webp,1144,100,50
11484|320|320|galaxy-z-fold-5-medium (1).webp,same name + size + dimensions,2,6a7ba89a5c7cd75eb818857f|6a7ba86c5c7cd75eb815e017,/ecommerce/samsung/All Samsung Smartphones - Price in Kenya (1)/galaxy-z-fold-5-medium (1).webp|/ecommerce/samsung/All Samsung Smartphones - Price in Kenya (2)/galaxy-z-fold-5-medium (1).webp,galaxy-z-fold-5-medium (1).webp|galaxy-z-fold-5-medium (1).webp,11484,320,320
11484|320|320|galaxy-z-fold-5-medium (2).webp,same name + size + dimensions,2,6a7ba89a5c7cd75eb8188565|6a7ba86c5c7cd75eb815ddad,/ecommerce/samsung/All Samsung Smartphones - Price in Kenya (1)/galaxy-z-fold-5-medium (2).webp|/ecommerce/samsung/All Samsung Smartphones - Price in Kenya (2)/galaxy-z-fold-5-medium (2).webp,galaxy-z-fold-5-medium (2).webp|galaxy-z-fold-5-medium (2).webp,11484,320,320
11484|320|320|galaxy-z-fold-5-medium.webp,same name + size + dimensions,2,6a7ba89a5c7cd75eb81886f3|6a7ba86c5c7cd75eb815e00f,/ecommerce/samsung/All Samsung Smartphones - Price in Kenya (1)/galaxy-z-fold-5-medium.webp|/ecommerce/samsung/All Samsung Smartphones - Price in Kenya (2)/galaxy-z-fold-5-medium.webp,galaxy-z-fold-5-medium.webp|galaxy-z-fold-5-medium.webp,11484,320,320
11796|171|28|app-logo-desktop (1).svg,same name + size + dimensions,3,6a7c25d75c7cd75eb85302d7|6a7c24eb5c7cd75eb84c4269|6a7c23535c7cd75eb8406c13,/Bts/app-logo-desktop (1).svg|/itel/app-logo-desktop (1).svg|/tvs/app-logo-desktop (1).svg,app-logo-desktop (1).svg|app-logo-desktop (1).svg|app-logo-desktop (1).svg,11796,171,28
11796|171|28|app-logo-desktop.svg,same name + size + dimensions,25,6a7ca9d55c7cd75eb83056d0|6a7caadc5c7cd75eb840f572|6a7cab5e5c7cd75eb8493499|6a7cabb15c7cd75eb84e941f|6a7caf655c7cd75eb88bd323|6a7c25d75c7cd75eb8530bb6|6a7ba9875c7cd75eb82649f4|6a7b6cca5c7cd75eb8f3e922|6a7b697c5c7cd75eb8e176bf|6a7b63415c7cd75eb8b316eb|6a7ba8985c7cd75eb81868b9|6a7ba8435c7cd75eb8138da3|6a7ba80c5c7cd75eb8108864|6a7ba7bc5c7cd75eb80c0c62|6a7ba71a5c7cd75eb802fbdd|6a7ba6db5c7cd75eb8ff4fb5|6a7ba6a35c7cd75eb8fc173f|6a7ba8c85c7cd75eb81b154d|6a7b6a835c7cd75eb8e6fccb|6a7c24eb5c7cd75eb84c3fc5|6a7cac9d5c7cd75eb85d24a1|6a7cadd05c7cd75eb8708eda|6a7caeb75c7cd75eb87f852c|6a7caeec5c7cd75eb8837278|6a7c23535c7cd75eb8406c5d,/airbuds/app-logo-desktop.svg|/airbuds2/app-logo-desktop.svg|/airbuds3/app-logo-desktop.svg|/airbuds4/app-logo-desktop.svg|/airbuds5/app-logo-desktop.svg|/Bts/app-logo-desktop.svg|/ecommerce/All iOS Smartphones - Price in Kenya/app-logo-desktop.svg|/ecommerce/All Tecno Smartphones - Price in Kenya (2)/app-logo-desktop.svg|/ecommerce/All Tecno Smartphones - Price in Kenya/app-logo-desktop.svg|/ecommerce/All Xiaomi Smartphones - Price in Kenya (2)/app-logo-desktop.svg|/ecommerce/samsung/All Samsung Smartphones - Price in Kenya (1)/app-logo-desktop.svg|/ecommerce/samsung/All Samsung Smartphones - Price in Kenya (2)/app-logo-desktop.svg|/ecommerce/samsung/All Samsung Smartphones - Price in Kenya (3)/app-logo-desktop.svg|/ecommerce/samsung/All Samsung Smartphones - Price in Kenya (4)/app-logo-desktop.svg|/ecommerce/samsung/All Samsung Smartphones - Price in Kenya (6)/app-logo-desktop.svg|/ecommerce/samsung/All Samsung Smartphones - Price in Kenya (7)/app-logo-desktop.svg|/ecommerce/samsung/All Samsung Smartphones - Price in Kenya (8)/app-logo-desktop.svg|/ecommerce/samsung/All Samsung Smartphones - Price in Kenya/app-logo-desktop.svg|/ecommerce/Tecno-2/All Tecno Smartphones - Price in Kenya/app-logo-desktop.svg|/itel/app-logo-desktop.svg|/Oppo2/app-logo-desktop.svg|/Oppo3/app-logo-desktop.svg|/Oppo5/app-logo-desktop.svg|/Oppo6/app-logo-desktop.svg|/tvs/app-logo-desktop.svg,app-logo-desktop.svg|app-logo-desktop.svg|app-logo-desktop.svg|app-logo-desktop.svg|app-logo-desktop.svg|app-logo-desktop.svg|app-logo-desktop.svg|app-logo-desktop.svg|app-logo-desktop.svg|app-logo-desktop.svg|app-logo-desktop.svg|app-logo-desktop.svg|app-logo-desktop.svg|app-logo-desktop.svg|app-logo-desktop.svg|app-logo-desktop.svg|app-logo-desktop.svg|app-logo-desktop.svg|app-logo-desktop.svg|app-logo-desktop.svg|app-logo-desktop.svg|app-logo-desktop.svg|app-logo-desktop.svg|app-logo-desktop.svg|app-logo-desktop.svg,11796,171,28
11878|320|320|tecno-pop-x-5g-medium.webp,same name + size + dimensions,2,6a7b697d5c7cd75eb8e18075|6a7b6a865c7cd75eb8e70a5e,/ecommerce/All Tecno Smartphones - Price in Kenya/Tecno-Pop-X-5G-medium.webp|/ecommerce/Tecno-2/All Tecno Smartphones - Price in Kenya/Tecno-Pop-X-5G-medium.webp,Tecno-Pop-X-5G-medium.webp|Tecno-Pop-X-5G-medium.webp,11878,320,320
1256|100|50|realme-logo-original (2).webp,same name + size + dimensions,10,6a7ca9e75c7cd75eb8317256|6a7caae55c7cd75eb8418685|6a7cab675c7cd75eb849d649|6a7cabba5c7cd75eb84f20e4|6a7caf6f5c7cd75eb88c8e96|6a7c25665c7cd75eb84fb4e4|6a7caca75c7cd75eb85dcce5|6a7cadda5c7cd75eb8713ef8|6a7caec25c7cd75eb8804181|6a7caef95c7cd75eb88465e2,/airbuds/realme-logo-original (2).webp|/airbuds2/realme-logo-original (2).webp|/airbuds3/realme-logo-original (2).webp|/airbuds4/realme-logo-original (2).webp|/airbuds5/realme-logo-original (2).webp|/itel/realme-logo-original (2).webp|/Oppo2/realme-logo-original (2).webp|/Oppo3/realme-logo-original (2).webp|/Oppo5/realme-logo-original (2).webp|/Oppo6/realme-logo-original (2).webp,realme-logo-original (2).webp|realme-logo-original (2).webp|realme-logo-original (2).webp|realme-logo-original (2).webp|realme-logo-original (2).webp|realme-logo-original (2).webp|realme-logo-original (2).webp|realme-logo-original (2).webp|realme-logo-original (2).webp|realme-logo-original (2).webp,1256,100,50
12592|320|320|oppo-f31-pro-medium.webp,same name + size + dimensions,2,6a7cac765c7cd75eb85ac381|6a7caca65c7cd75eb85db8ea,/Oppo/Oppo-F31-Pro-medium.webp|/Oppo2/Oppo-F31-Pro-medium.webp,Oppo-F31-Pro-medium.webp|Oppo-F31-Pro-medium.webp,12592,320,320
13780|320|320|samsunggalaxya23n-medium.webp,same name + size + dimensions,2,6a7ba7185c7cd75eb802e03d|6a7ba6db5c7cd75eb8ff4f84,/ecommerce/samsung/All Samsung Smartphones - Price in Kenya (7)/samsunggalaxya23n-medium.webp|/ecommerce/samsung/All Samsung Smartphones - Price in Kenya (8)/samsunggalaxya23n-medium.webp,samsunggalaxya23n-medium.webp|samsunggalaxya23n-medium.webp,13780,320,320
1410|100|50|htc-logo-original (2).webp,same name + size + dimensions,5,6a7c24ec5c7cd75eb84c4ede|6a7cac9d5c7cd75eb85d38d2|6a7cadd15c7cd75eb87093c3|6a7caeb85c7cd75eb87f9fb1|6a7caeed5c7cd75eb883828e,/itel/htc-logo-original (2).webp|/Oppo2/htc-logo-original (2).webp|/Oppo3/htc-logo-original (2).webp|/Oppo5/htc-logo-original (2).webp|/Oppo6/htc-logo-original (2).webp,htc-logo-original (2).webp|htc-logo-original (2).webp|htc-logo-original (2).webp|htc-logo-original (2).webp|htc-logo-original (2).webp,1410,100,50
1524|145|145|anker-soundcore-a30i-medium (2).webp,same name + size + dimensions,3,6a7ca9d45c7cd75eb8304fe4|6a7caadb5c7cd75eb840e916|6a7cab5e5c7cd75eb8493048,/airbuds/Anker-Soundcore-A30i-medium (2).webp|/airbuds2/Anker-Soundcore-A30i-medium (2).webp|/airbuds3/Anker-Soundcore-A30i-medium (2).webp,Anker-Soundcore-A30i-medium (2).webp|Anker-Soundcore-A30i-medium (2).webp|Anker-Soundcore-A30i-medium (2).webp,1524,145,145
154|||default (3).svg,same name + size + dimensions,3,6a7bbb8b5c7cd75eb84949e6|6a7bbb535c7cd75eb846da21|6a7bbb025c7cd75eb8421ad3,/laptops1/Laptops _ Nairobi Computer Shop (1)/default (3).svg|/laptops1/Laptops _ Nairobi Computer Shop (2)/default (3).svg|/laptops1/Laptops _ Nairobi Computer Shop (3)/default (3).svg,default (3).svg|default (3).svg|default (3).svg,154,,
1540|100|50|nothing-original (2).webp,same name + size + dimensions,10,6a7ca9de5c7cd75eb8310252|6a7caae45c7cd75eb8417e3c|6a7cab675c7cd75eb849cdc7|6a7cabba5c7cd75eb84f1f0e|6a7caf695c7cd75eb88c1c07|6a7c25535c7cd75eb84f2b47|6a7cac9d5c7cd75eb85d39b2|6a7cadd15c7cd75eb870947a|6a7caeb85c7cd75eb87f97fa|6a7caeee5c7cd75eb883933b,/airbuds/nothing-original (2).webp|/airbuds2/nothing-original (2).webp|/airbuds3/nothing-original (2).webp|/airbuds4/nothing-original (2).webp|/airbuds5/nothing-original (2).webp|/itel/nothing-original (2).webp|/Oppo2/nothing-original (2).webp|/Oppo3/nothing-original (2).webp|/Oppo5/nothing-original (2).webp|/Oppo6/nothing-original (2).webp,nothing-original (2).webp|nothing-original (2).webp|nothing-original (2).webp|nothing-original (2).webp|nothing-original (2).webp|nothing-original (2).webp|nothing-original (2).webp|nothing-original (2).webp|nothing-original (2).webp|nothing-original (2).webp,1540,100,50
1542|145|145|apple-airpods-2-bk5t8ltfq7-medium (2).webp,same name + size + dimensions,2,6a7caadc5c7cd75eb840f713|6a7cab5e5c7cd75eb84933fa,/airbuds2/apple-airpods-2-BK5t8LTfq7-medium (2).webp|/airbuds3/apple-airpods-2-BK5t8LTfq7-medium (2).webp,apple-airpods-2-BK5t8LTfq7-medium (2).webp|apple-airpods-2-BK5t8LTfq7-medium (2).webp,1542,145,145
156|||default (1).svg,same name + size + dimensions,3,6a7bbb8b5c7cd75eb84947ad|6a7bbb535c7cd75eb846d9cf|6a7bbb025c7cd75eb8421ca1,/laptops1/Laptops _ Nairobi Computer Shop (1)/default (1).svg|/laptops1/Laptops _ Nairobi Computer Shop (2)/default (1).svg|/laptops1/Laptops _ Nairobi Computer Shop (3)/default (1).svg,default (1).svg|default (1).svg|default (1).svg,156,,
156|||default (2).svg,same name + size + dimensions,3,6a7bbb8b5c7cd75eb8494791|6a7bbb535c7cd75eb846da57|6a7bbb025c7cd75eb8421287,/laptops1/Laptops _ Nairobi Computer Shop (1)/default (2).svg|/laptops1/Laptops _ Nairobi Computer Shop (2)/default (2).svg|/laptops1/Laptops _ Nairobi Computer Shop (3)/default (2).svg,default (2).svg|default (2).svg|default (2).svg,156,,
1560|145|145|oneplus-buds-pro-7bkrjvu59n-medium (2).webp,same name + size + dimensions,3,6a7ca9de5c7cd75eb8310450|6a7caae55c7cd75eb841865d|6a7cab675c7cd75eb849d473,/airbuds/oneplus-buds-pro-7BKRjVu59N-medium (2).webp|/airbuds2/oneplus-buds-pro-7BKRjVu59N-medium (2).webp|/airbuds3/oneplus-buds-pro-7BKRjVu59N-medium (2).webp,oneplus-buds-pro-7BKRjVu59N-medium (2).webp|oneplus-buds-pro-7BKRjVu59N-medium (2).webp|oneplus-buds-pro-7BKRjVu59N-medium (2).webp,1560,145,145
1576|100|50|philips-original (2).webp,same name + size + dimensions,5,6a7c25665c7cd75eb84fb4d1|6a7caca75c7cd75eb85dccb9|6a7caddb5c7cd75eb8713f79|6a7caec25c7cd75eb8803eca|6a7caef95c7cd75eb88463e6,/itel/Philips-original (2).webp|/Oppo2/Philips-original (2).webp|/Oppo3/Philips-original (2).webp|/Oppo5/Philips-original (2).webp|/Oppo6/Philips-original (2).webp,Philips-original (2).webp|Philips-original (2).webp|Philips-original (2).webp|Philips-original (2).webp|Philips-original (2).webp,1576,100,50
160|||default.svg,same name + size + dimensions,3,6a7bbb8b5c7cd75eb8494796|6a7bbb535c7cd75eb846da51|6a7bbb015c7cd75eb842044f,/laptops1/Laptops _ Nairobi Computer Shop (1)/default.svg|/laptops1/Laptops _ Nairobi Computer Shop (2)/default.svg|/laptops1/Laptops _ Nairobi Computer Shop (3)/default.svg,default.svg|default.svg|default.svg,160,,
1610|145|145|samsung-galaxy-buds-3-d-medium (2).webp,same name + size + dimensions,2,6a7caae55c7cd75eb8418669|6a7cab675c7cd75eb849d4ff,/airbuds2/Samsung-Galaxy-Buds-3-d-medium (2).webp|/airbuds3/Samsung-Galaxy-Buds-3-d-medium (2).webp,Samsung-Galaxy-Buds-3-d-medium (2).webp|Samsung-Galaxy-Buds-3-d-medium (2).webp,1610,145,145
1624|100|50|xiaomi-logo-original (2).webp,same name + size + dimensions,6,6a7c25675c7cd75eb84fb839|6a7caca75c7cd75eb85dd66c|6a7caddb5c7cd75eb8714110|6a7caec65c7cd75eb8808647|6a7caefa5c7cd75eb8846c21|6a7c24065c7cd75eb845f8b7,/itel/xiaomi-logo-original (2).webp|/Oppo2/xiaomi-logo-original (2).webp|/Oppo3/xiaomi-logo-original (2).webp|/Oppo5/xiaomi-logo-original (2).webp|/Oppo6/xiaomi-logo-original (2).webp|/tvs/xiaomi-logo-original (2).webp,xiaomi-logo-original (2).webp|xiaomi-logo-original (2).webp|xiaomi-logo-original (2).webp|xiaomi-logo-original (2).webp|xiaomi-logo-original (2).webp|xiaomi-logo-original (2).webp,1624,100,50
1624|100|50|xiaomi-logo-original (5).webp,same name + size + dimensions,2,6a7c25675c7cd75eb84fb83d|6a7c240a5c7cd75eb84613a6,/itel/xiaomi-logo-original (5).webp|/tvs/xiaomi-logo-original (5).webp,xiaomi-logo-original (5).webp|xiaomi-logo-original (5).webp,1624,100,50
1642|145|145|samsung-galaxy-buds-4-a-medium (2).webp,same name + size + dimensions,3,6a7ca9e75c7cd75eb8317961|6a7caae55c7cd75eb84186dd|6a7cab675c7cd75eb849d6b9,/airbuds/Samsung-Galaxy-Buds-4-a-medium (2).webp|/airbuds2/Samsung-Galaxy-Buds-4-a-medium (2).webp|/airbuds3/Samsung-Galaxy-Buds-4-a-medium (2).webp,Samsung-Galaxy-Buds-4-a-medium (2).webp|Samsung-Galaxy-Buds-4-a-medium (2).webp|Samsung-Galaxy-Buds-4-a-medium (2).webp,1642,145,145
1682|100|50|honor-logo-original (2).webp,same name + size + dimensions,5,6a7c24ec5c7cd75eb84c4f62|6a7cac9d5c7cd75eb85d32d7|6a7cadd25c7cd75eb8709fce|6a7caeb85c7cd75eb87f9eea|6a7caeed5c7cd75eb88377d7,/itel/honor-logo-original (2).webp|/Oppo2/honor-logo-original (2).webp|/Oppo3/honor-logo-original (2).webp|/Oppo5/honor-logo-original (2).webp|/Oppo6/honor-logo-original (2).webp,honor-logo-original (2).webp|honor-logo-original (2).webp|honor-logo-original (2).webp|honor-logo-original (2).webp|honor-logo-original (2).webp,1682,100,50
1690|145|145|airpods-pro-3-a-medium (2).webp,same name + size + dimensions,3,6a7ca9d55c7cd75eb83056a6|6a7caadb5c7cd75eb840ee9d|6a7cab5e5c7cd75eb8492fbd,/airbuds/airpods-pro-3-a-medium (2).webp|/airbuds2/airpods-pro-3-a-medium (2).webp|/airbuds3/airpods-pro-3-a-medium (2).webp,airpods-pro-3-a-medium (2).webp|airpods-pro-3-a-medium (2).webp|airpods-pro-3-a-medium (2).webp,1690,145,145
1726|145|145|airpods-4-b-medium (2).webp,same name + size + dimensions,4,6a7ca9d45c7cd75eb8304f44|6a7caadc5c7cd75eb840f140|6a7cab5e5c7cd75eb8492a0c|6a7cabb05c7cd75eb84e89f6,/airbuds/AirPods-4-b-medium (2).webp|/airbuds2/AirPods-4-b-medium (2).webp|/airbuds3/AirPods-4-b-medium (2).webp|/airbuds4/AirPods-4-b-medium (2).webp,AirPods-4-b-medium (2).webp|AirPods-4-b-medium (2).webp|AirPods-4-b-medium (2).webp|AirPods-4-b-medium (2).webp,1726,145,145
1730|145|145|anker-soundcore-p30i-f-medium (2).webp,same name + size + dimensions,3,6a7ca9d45c7cd75eb8305377|6a7caadb5c7cd75eb840efa5|6a7cab5e5c7cd75eb8493283,/airbuds/Anker-Soundcore-P30i-f-medium (2).webp|/airbuds2/Anker-Soundcore-P30i-f-medium (2).webp|/airbuds3/Anker-Soundcore-P30i-f-medium (2).webp,Anker-Soundcore-P30i-f-medium (2).webp|Anker-Soundcore-P30i-f-medium (2).webp|Anker-Soundcore-P30i-f-medium (2).webp,1730,145,145
1774|100|50|jbl-logo-original (2).webp,same name + size + dimensions,6,6a7ca9de5c7cd75eb830fd9d|6a7caadd5c7cd75eb84109b7|6a7cab5e5c7cd75eb8493629|6a7cabb15c7cd75eb84e9e34|6a7caf675c7cd75eb88bf467|6a7c26015c7cd75eb8542a11,/airbuds/jbl-logo-original (2).webp|/airbuds2/jbl-logo-original (2).webp|/airbuds3/jbl-logo-original (2).webp|/airbuds4/jbl-logo-original (2).webp|/airbuds5/jbl-logo-original (2).webp|/Bts/jbl-logo-original (2).webp,jbl-logo-original (2).webp|jbl-logo-original (2).webp|jbl-logo-original (2).webp|jbl-logo-original (2).webp|jbl-logo-original (2).webp|jbl-logo-original (2).webp,1774,100,50
1778|145|145|oneplus-buds-pro-2-e-medium (2).webp,same name + size + dimensions,2,6a7caae45c7cd75eb84182d3|6a7cab675c7cd75eb849d484,/airbuds2/Oneplus-Buds-Pro-2-e-medium (2).webp|/airbuds3/Oneplus-Buds-Pro-2-e-medium (2).webp,Oneplus-Buds-Pro-2-e-medium (2).webp|Oneplus-Buds-Pro-2-e-medium (2).webp,1778,145,145
1788|145|145|galaxy-buds-core-c-medium (2).webp,same name + size + dimensions,3,6a7ca9dc5c7cd75eb830d45b|6a7caadc5c7cd75eb84103d0|6a7cab5e5c7cd75eb8493538,/airbuds/galaxy-buds-core-c-medium (2).webp|/airbuds2/galaxy-buds-core-c-medium (2).webp|/airbuds3/galaxy-buds-core-c-medium (2).webp,galaxy-buds-core-c-medium (2).webp|galaxy-buds-core-c-medium (2).webp|galaxy-buds-core-c-medium (2).webp,1788,145,145
1804|145|145|tecnocamon21premierkenya-medium (2).webp,same name + size + dimensions,2,6a7b69825c7cd75eb8e19b20|6a7b6a8c5c7cd75eb8e73701,/ecommerce/All Tecno Smartphones - Price in Kenya/tecnocamon21premierkenya-medium (2).webp|/ecommerce/Tecno-2/All Tecno Smartphones - Price in Kenya/tecnocamon21premierkenya-medium (2).webp,tecnocamon21premierkenya-medium (2).webp|tecnocamon21premierkenya-medium (2).webp,1804,145,145
1806|145|145|samsung-galaxy-z-flip-7-a-medium (4).webp,same name + size + dimensions,2,6a7ba8c85c7cd75eb81b1437|6a7ba8965c7cd75eb818422e,/ecommerce/samsung/All Samsung Smartphones - Price in Kenya (1)/Samsung-Galaxy-Z-Flip-7-a-medium (4).webp|/ecommerce/samsung/All Samsung Smartphones - Price in Kenya (2)/Samsung-Galaxy-Z-Flip-7-a-medium (4).webp,Samsung-Galaxy-Z-Flip-7-a-medium (4).webp|Samsung-Galaxy-Z-Flip-7-a-medium (4).webp,1806,145,145
1806|145|145|samsung-galaxy-z-flip-7-a-medium (5).webp,same name + size + dimensions,2,6a7ba8c85c7cd75eb81b14a8|6a7ba8965c7cd75eb8184712,/ecommerce/samsung/All Samsung Smartphones - Price in Kenya (1)/Samsung-Galaxy-Z-Flip-7-a-medium (5).webp|/ecommerce/samsung/All Samsung Smartphones - Price in Kenya (2)/Samsung-Galaxy-Z-Flip-7-a-medium (5).webp,Samsung-Galaxy-Z-Flip-7-a-medium (5).webp|Samsung-Galaxy-Z-Flip-7-a-medium (5).webp,1806,145,145
1816|145|145|oneplusnordbudsced-medium (2).webp,same name + size + dimensions,2,6a7caae55c7cd75eb841869a|6a7cab675c7cd75eb849d5ee,/airbuds2/oneplusnordbudsced-medium (2).webp|/airbuds3/oneplusnordbudsced-medium (2).webp,oneplusnordbudsced-medium (2).webp|oneplusnordbudsced-medium (2).webp,1816,145,145
1836|145|145|samsung-galaxy-a56-medium (2).webp,same name + size + dimensions,2,6a7ba8c55c7cd75eb81ae58b|6a7ba86c5c7cd75eb815e20a,/ecommerce/samsung/All Samsung Smartphones - Price in Kenya (1)/Samsung-Galaxy-A56-medium (2).webp|/ecommerce/samsung/All Samsung Smartphones - Price in Kenya (2)/Samsung-Galaxy-A56-medium (2).webp,Samsung-Galaxy-A56-medium (2).webp|Samsung-Galaxy-A56-medium (2).webp,1836,145,145
184|30|30|default (4).svg,same name + size + dimensions,3,6a7bbb8b5c7cd75eb8494790|6a7bbb535c7cd75eb846d9fa|6a7bbb025c7cd75eb84212a7,/laptops1/Laptops _ Nairobi Computer Shop (1)/default (4).svg|/laptops1/Laptops _ Nairobi Computer Shop (2)/default (4).svg|/laptops1/Laptops _ Nairobi Computer Shop (3)/default (4).svg,default (4).svg|default (4).svg|default (4).svg,184,30,30
185|20|20|default.svg,same name + size + dimensions,14,6a7ba9875c7cd75eb8265a82|6a7b6cca5c7cd75eb8f3eb66|6a7b69815c7cd75eb8e197b8|6a7b63445c7cd75eb8b329b0|6a7ba89a5c7cd75eb81884e3|6a7ba8695c7cd75eb815b10b|6a7ba80c5c7cd75eb81088e7|6a7ba7bc5c7cd75eb80c1906|6a7ba77f5c7cd75eb80866c6|6a7ba71a5c7cd75eb802fd12|6a7ba6db5c7cd75eb8ff4ff1|6a7ba6a35c7cd75eb8fc193f|6a7ba8c85c7cd75eb81b164c|6a7b6a845c7cd75eb8e6ff21,/ecommerce/All iOS Smartphones - Price in Kenya/default.svg|/ecommerce/All Tecno Smartphones - Price in Kenya (2)/default.svg|/ecommerce/All Tecno Smartphones - Price in Kenya/default.svg|/ecommerce/All Xiaomi Smartphones - Price in Kenya (2)/default.svg|/ecommerce/samsung/All Samsung Smartphones - Price in Kenya (1)/default.svg|/ecommerce/samsung/All Samsung Smartphones - Price in Kenya (2)/default.svg|/ecommerce/samsung/All Samsung Smartphones - Price in Kenya (3)/default.svg|/ecommerce/samsung/All Samsung Smartphones - Price in Kenya (4)/default.svg|/ecommerce/samsung/All Samsung Smartphones - Price in Kenya (5)/default.svg|/ecommerce/samsung/All Samsung Smartphones - Price in Kenya (6)/default.svg|/ecommerce/samsung/All Samsung Smartphones - Price in Kenya (7)/default.svg|/ecommerce/samsung/All Samsung Smartphones - Price in Kenya (8)/default.svg|/ecommerce/samsung/All Samsung Smartphones - Price in Kenya/default.svg|/ecommerce/Tecno-2/All Tecno Smartphones - Price in Kenya/default.svg,default.svg|default.svg|default.svg|default.svg|default.svg|default.svg|default.svg|default.svg|default.svg|default.svg|default.svg|default.svg|default.svg|default.svg,185,20,20
185|20|20|download (17).svg,same name + size + dimensions,2,6a7c25d75c7cd75eb853022c|6a7c23535c7cd75eb8406cfd,/Bts/download (17).svg|/tvs/download (17).svg,download (17).svg|download (17).svg,185,20,20
185|20|20|download (18).svg,same name + size + dimensions,2,6a7ca9d65c7cd75eb8306f5a|6a7c24ec5c7cd75eb84c4be6,/airbuds/download (18).svg|/itel/download (18).svg,download (18).svg|download (18).svg,185,20,20
185|20|20|download.svg,same name + size + dimensions,13,6a7ca9d85c7cd75eb830921e|6a7caadc5c7cd75eb840f9b5|6a7cab5e5c7cd75eb8492e41|6a7cabb15c7cd75eb84e9a1a|6a7caf675c7cd75eb88bf241|6a7c25d95c7cd75eb8531b85|6a7c24ec5c7cd75eb84c4c0e|6a7cac9d5c7cd75eb85d3183|6a7cadd15c7cd75eb8709420|6a7cae085c7cd75eb8740f99|6a7caeb85c7cd75eb87f92f7|6a7caeed5c7cd75eb8837f0e|6a7c236d5c7cd75eb8413751,/airbuds/download.svg|/airbuds2/download.svg|/airbuds3/download.svg|/airbuds4/download.svg|/airbuds5/download.svg|/Bts/download.svg|/itel/download.svg|/Oppo2/download.svg|/Oppo3/download.svg|/Oppo4/download.svg|/Oppo5/download.svg|/Oppo6/download.svg|/tvs/download.svg,download.svg|download.svg|download.svg|download.svg|download.svg|download.svg|download.svg|download.svg|download.svg|download.svg|download.svg|download.svg|download.svg,185,20,20
1860|145|145|samsung-galaxy-buds-2-mqhutvztuu-medium (2).webp,same name + size + dimensions,2,6a7caae55c7cd75eb8418689|6a7cab675c7cd75eb849d51e,/airbuds2/samsung-galaxy-buds-2-MqHutVZtUU-medium (2).webp|/airbuds3/samsung-galaxy-buds-2-MqHutVZtUU-medium (2).webp,samsung-galaxy-buds-2-MqHutVZtUU-medium (2).webp|samsung-galaxy-buds-2-MqHutVZtUU-medium (2).webp,1860,145,145
1896|320|160|asus-original.webp,same name + size + dimensions,6,6a7c24ec5c7cd75eb84c4bfe|6a7cac9d5c7cd75eb85d2577|6a7cadd25c7cd75eb8709f2a|6a7cae075c7cd75eb87406ee|6a7caeb85c7cd75eb87f8de0|6a7caeed5c7cd75eb8838622,/itel/asus-original.webp|/Oppo2/asus-original.webp|/Oppo3/asus-original.webp|/Oppo4/asus-original.webp|/Oppo5/asus-original.webp|/Oppo6/asus-original.webp,asus-original.webp|asus-original.webp|asus-original.webp|asus-original.webp|asus-original.webp|asus-original.webp,1896,320,160
1900|100|50|beats-original (2).webp,same name + size + dimensions,5,6a7ca9d55c7cd75eb83060aa|6a7caadc5c7cd75eb840f5ec|6a7cab5e5c7cd75eb8493517|6a7cabb15c7cd75eb84e9eef|6a7caf655c7cd75eb88bd647,/airbuds/beats-original (2).webp|/airbuds2/beats-original (2).webp|/airbuds3/beats-original (2).webp|/airbuds4/beats-original (2).webp|/airbuds5/beats-original (2).webp,beats-original (2).webp|beats-original (2).webp|beats-original (2).webp|beats-original (2).webp|beats-original (2).webp,1900,100,50
1908|100|50|nokia-logo-original (2).webp,same name + size + dimensions,5,6a7c25525c7cd75eb84f1d07|6a7cac9e5c7cd75eb85d3d79|6a7cadd15c7cd75eb870976c|6a7caeb85c7cd75eb87f9eb9|6a7caeee5c7cd75eb8839178,/itel/nokia-logo-original (2).webp|/Oppo2/nokia-logo-original (2).webp|/Oppo3/nokia-logo-original (2).webp|/Oppo5/nokia-logo-original (2).webp|/Oppo6/nokia-logo-original (2).webp,nokia-logo-original (2).webp|nokia-logo-original (2).webp|nokia-logo-original (2).webp|nokia-logo-original (2).webp|nokia-logo-original (2).webp,1908,100,50
1936|145|145|samsung-galaxy-a37-a-medium (2).webp,same name + size + dimensions,3,6a7ba8c15c7cd75eb81abf23|6a7ba86c5c7cd75eb815e02b|6a7ba8035c7cd75eb80fecdd,/ecommerce/samsung/All Samsung Smartphones - Price in Kenya (1)/Samsung-Galaxy-A37-a-medium (2).webp|/ecommerce/samsung/All Samsung Smartphones - Price in Kenya (2)/Samsung-Galaxy-A37-a-medium (2).webp|/ecommerce/samsung/All Samsung Smartphones - Price in Kenya (4)/Samsung-Galaxy-A37-a-medium (2).webp,Samsung-Galaxy-A37-a-medium (2).webp|Samsung-Galaxy-A37-a-medium (2).webp|Samsung-Galaxy-A37-a-medium (2).webp,1936,145,145
1942|145|145|samsung-galaxy-a07-4c-medium (6).webp,same name + size + dimensions,2,6a7ba89d5c7cd75eb818b632|6a7ba86c5c7cd75eb815df8d,/ecommerce/samsung/All Samsung Smartphones - Price in Kenya (1)/Samsung-Galaxy-A07-4c-medium (6).webp|/ecommerce/samsung/All Samsung Smartphones - Price in Kenya (2)/Samsung-Galaxy-A07-4c-medium (6).webp,Samsung-Galaxy-A07-4c-medium (6).webp|Samsung-Galaxy-A07-4c-medium (6).webp,1942,145,145
1942|145|145|samsung-galaxy-a07-4c-medium (7).webp,same name + size + dimensions,2,6a7ba89d5c7cd75eb818b64e|6a7ba86c5c7cd75eb815e01f,/ecommerce/samsung/All Samsung Smartphones - Price in Kenya (1)/Samsung-Galaxy-A07-4c-medium (7).webp|/ecommerce/samsung/All Samsung Smartphones - Price in Kenya (2)/Samsung-Galaxy-A07-4c-medium (7).webp,Samsung-Galaxy-A07-4c-medium (7).webp|Samsung-Galaxy-A07-4c-medium (7).webp,1942,145,145
1942|145|145|samsung-galaxy-a07-4c-medium (8).webp,same name + size + dimensions,2,6a7ba89d5c7cd75eb818b645|6a7ba86c5c7cd75eb815df85,/ecommerce/samsung/All Samsung Smartphones - Price in Kenya (1)/Samsung-Galaxy-A07-4c-medium (8).webp|/ecommerce/samsung/All Samsung Smartphones - Price in Kenya (2)/Samsung-Galaxy-A07-4c-medium (8).webp,Samsung-Galaxy-A07-4c-medium (8).webp|Samsung-Galaxy-A07-4c-medium (8).webp,1942,145,145
1954|100|50|infinix-logo-original (2).webp,same name + size + dimensions,6,6a7c24ec5c7cd75eb84c5087|6a7cac9e5c7cd75eb85d3a07|6a7cadd15c7cd75eb87096f0|6a7caeb85c7cd75eb87f968f|6a7caeed5c7cd75eb8838197|6a7c236e5c7cd75eb841419f,/itel/infinix-logo-original (2).webp|/Oppo2/infinix-logo-original (2).webp|/Oppo3/infinix-logo-original (2).webp|/Oppo5/infinix-logo-original (2).webp|/Oppo6/infinix-logo-original (2).webp|/tvs/infinix-logo-original (2).webp,infinix-logo-original (2).webp|infinix-logo-original (2).webp|infinix-logo-original (2).webp|infinix-logo-original (2).webp|infinix-logo-original (2).webp|infinix-logo-original (2).webp,1954,100,50
1954|100|50|infinix-logo-original (5).webp,same name + size + dimensions,2,6a7c24ec5c7cd75eb84c4f2a|6a7c236e5c7cd75eb84142bb,/itel/infinix-logo-original (5).webp|/tvs/infinix-logo-original (5).webp,infinix-logo-original (5).webp|infinix-logo-original (5).webp,1954,100,50
1984|145|145|galaxy-a06c-medium (2).webp,same name + size + dimensions,3,6a7ba89a5c7cd75eb81884ed|6a7ba86a5c7cd75eb815b866|6a7ba8c85c7cd75eb81b16c7,/ecommerce/samsung/All Samsung Smartphones - Price in Kenya (1)/Galaxy-A06c-medium (2).webp|/ecommerce/samsung/All Samsung Smartphones - Price in Kenya (2)/Galaxy-A06c-medium (2).webp|/ecommerce/samsung/All Samsung Smartphones - Price in Kenya/Galaxy-A06c-medium (2).webp,Galaxy-A06c-medium (2).webp|Galaxy-A06c-medium (2).webp|Galaxy-A06c-medium (2).webp,1984,145,145
2024|145|145|samsung-galaxy-buds-3-pro-e-medium (2).webp,same name + size + dimensions,2,6a7caae55c7cd75eb84186b4|6a7cab675c7cd75eb849d67a,/airbuds2/Samsung-Galaxy-Buds-3-Pro-e-medium (2).webp|/airbuds3/Samsung-Galaxy-Buds-3-Pro-e-medium (2).webp,Samsung-Galaxy-Buds-3-Pro-e-medium (2).webp|Samsung-Galaxy-Buds-3-Pro-e-medium (2).webp,2024,145,145
2030|100|50|hmd-original (2).webp,same name + size + dimensions,5,6a7c24ec5c7cd75eb84c4fb7|6a7cac9d5c7cd75eb85d363a|6a7cadd15c7cd75eb8709245|6a7caeb85c7cd75eb87f9215|6a7caeec5c7cd75eb8837477,/itel/hmd-original (2).webp|/Oppo2/hmd-original (2).webp|/Oppo3/hmd-original (2).webp|/Oppo5/hmd-original (2).webp|/Oppo6/hmd-original (2).webp,hmd-original (2).webp|hmd-original (2).webp|hmd-original (2).webp|hmd-original (2).webp|hmd-original (2).webp,2030,100,50
2046|145|145|jbl-endurance-race-2-medium (2).webp,same name + size + dimensions,2,6a7caadc5c7cd75eb84102e0|6a7cab5e5c7cd75eb8493493,/airbuds2/JBL-Endurance-Race-2-medium (2).webp|/airbuds3/JBL-Endurance-Race-2-medium (2).webp,JBL-Endurance-Race-2-medium (2).webp|JBL-Endurance-Race-2-medium (2).webp,2046,145,145
2052|100|50|tecno-logo-original (2).webp,same name + size + dimensions,5,6a7c25665c7cd75eb84fb3da|6a7caca75c7cd75eb85dcf8d|6a7cadda5c7cd75eb8713f64|6a7caec25c7cd75eb8804050|6a7caef95c7cd75eb88466de,/itel/tecno-logo-original (2).webp|/Oppo2/tecno-logo-original (2).webp|/Oppo3/tecno-logo-original (2).webp|/Oppo5/tecno-logo-original (2).webp|/Oppo6/tecno-logo-original (2).webp,tecno-logo-original (2).webp|tecno-logo-original (2).webp|tecno-logo-original (2).webp|tecno-logo-original (2).webp|tecno-logo-original (2).webp,2052,100,50
2060|145|145|galaxys23b-medium (2).webp,same name + size + dimensions,2,6a7ba76d5c7cd75eb8074c8e|6a7ba70e5c7cd75eb8023c7f,/ecommerce/samsung/All Samsung Smartphones - Price in Kenya (6)/galaxys23b-medium (2).webp|/ecommerce/samsung/All Samsung Smartphones - Price in Kenya (7)/galaxys23b-medium (2).webp,galaxys23b-medium (2).webp|galaxys23b-medium (2).webp,2060,145,145
2078|145|145|galaxys23plusc-medium (2).webp,same name + size + dimensions,2,6a7ba76d5c7cd75eb807587a|6a7ba7145c7cd75eb80298bc,/ecommerce/samsung/All Samsung Smartphones - Price in Kenya (6)/galaxys23plusc-medium (2).webp|/ecommerce/samsung/All Samsung Smartphones - Price in Kenya (7)/galaxys23plusc-medium (2).webp,galaxys23plusc-medium (2).webp|galaxys23plusc-medium (2).webp,2078,145,145
2114|145|145|galaxy-buds-3-fe-n-medium (2).webp,same name + size + dimensions,3,6a7ca9dc5c7cd75eb830d348|6a7caadc5c7cd75eb840fa93|6a7cab5e5c7cd75eb84934c3,/airbuds/galaxy-buds-3-fe-n-medium (2).webp|/airbuds2/galaxy-buds-3-fe-n-medium (2).webp|/airbuds3/galaxy-buds-3-fe-n-medium (2).webp,galaxy-buds-3-fe-n-medium (2).webp|galaxy-buds-3-fe-n-medium (2).webp|galaxy-buds-3-fe-n-medium (2).webp,2114,145,145
2116|145|145|samsung-galaxy-buds-4-pro-c-medium (2).webp,same name + size + dimensions,3,6a7ca9e75c7cd75eb8317bac|6a7caae55c7cd75eb84186b8|6a7cab675c7cd75eb849d610,/airbuds/Samsung-Galaxy-Buds-4-Pro-c-medium (2).webp|/airbuds2/Samsung-Galaxy-Buds-4-Pro-c-medium (2).webp|/airbuds3/Samsung-Galaxy-Buds-4-Pro-c-medium (2).webp,Samsung-Galaxy-Buds-4-Pro-c-medium (2).webp|Samsung-Galaxy-Buds-4-Pro-c-medium (2).webp|Samsung-Galaxy-Buds-4-Pro-c-medium (2).webp,2116,145,145
2136|145|145|samsung-galaxy-a27-c-medium (2).webp,same name + size + dimensions,3,6a7ba8a95c7cd75eb81979bd|6a7ba86c5c7cd75eb815e021|6a7ba8d35c7cd75eb81bbe48,/ecommerce/samsung/All Samsung Smartphones - Price in Kenya (1)/Samsung-Galaxy-A27-c-medium (2).webp|/ecommerce/samsung/All Samsung Smartphones - Price in Kenya (2)/Samsung-Galaxy-A27-c-medium (2).webp|/ecommerce/samsung/All Samsung Smartphones - Price in Kenya/Samsung-Galaxy-A27-c-medium (2).webp,Samsung-Galaxy-A27-c-medium (2).webp|Samsung-Galaxy-A27-c-medium (2).webp|Samsung-Galaxy-A27-c-medium (2).webp,2136,145,145
2164|145|145|samsung-galaxy-a17-5g-medium (2).webp,same name + size + dimensions,2,6a7ba8a45c7cd75eb8193244|6a7ba86c5c7cd75eb815dfdc,/ecommerce/samsung/All Samsung Smartphones - Price in Kenya (1)/Samsung-Galaxy-A17-5G-medium (2).webp|/ecommerce/samsung/All Samsung Smartphones - Price in Kenya (2)/Samsung-Galaxy-A17-5G-medium (2).webp,Samsung-Galaxy-A17-5G-medium (2).webp|Samsung-Galaxy-A17-5G-medium (2).webp,2164,145,145
2172|145|145|samsung-galaxy-s25-ultra-c-medium (2).webp,same name + size + dimensions,3,6a7ba8c75c7cd75eb81b02f9|6a7ba8735c7cd75eb8162fdf|6a7ba8f85c7cd75eb81df38e,/ecommerce/samsung/All Samsung Smartphones - Price in Kenya (1)/Samsung-Galaxy-S25-Ultra-c-medium (2).webp|/ecommerce/samsung/All Samsung Smartphones - Price in Kenya (2)/Samsung-Galaxy-S25-Ultra-c-medium (2).webp|/ecommerce/samsung/All Samsung Smartphones - Price in Kenya/Samsung-Galaxy-S25-Ultra-c-medium (2).webp,Samsung-Galaxy-S25-Ultra-c-medium (2).webp|Samsung-Galaxy-S25-Ultra-c-medium (2).webp|Samsung-Galaxy-S25-Ultra-c-medium (2).webp,2172,145,145
2174|145|145|oneplus-buds-3-b-medium (2).webp,same name + size + dimensions,2,6a7caae45c7cd75eb8417ee2|6a7cab675c7cd75eb849cc27,/airbuds2/OnePlus-Buds-3-b-medium (2).webp|/airbuds3/OnePlus-Buds-3-b-medium (2).webp,OnePlus-Buds-3-b-medium (2).webp|OnePlus-Buds-3-b-medium (2).webp,2174,145,145
2216|145|145|oneplus-nord-buds-3-pro-medium (2).webp,same name + size + dimensions,2,6a7caae55c7cd75eb8418659|6a7cab675c7cd75eb849d4e1,/airbuds2/Oneplus-Nord-Buds-3-Pro-medium (2).webp|/airbuds3/Oneplus-Nord-Buds-3-Pro-medium (2).webp,Oneplus-Nord-Buds-3-Pro-medium (2).webp|Oneplus-Nord-Buds-3-Pro-medium (2).webp,2216,145,145
2222|145|145|galaxy-z-flip-6-d-medium (2).webp,same name + size + dimensions,2,6a7ba89a5c7cd75eb8188505|6a7ba86a5c7cd75eb815b902,/ecommerce/samsung/All Samsung Smartphones - Price in Kenya (1)/galaxy-z-flip-6-d-medium (2).webp|/ecommerce/samsung/All Samsung Smartphones - Price in Kenya (2)/galaxy-z-flip-6-d-medium (2).webp,galaxy-z-flip-6-d-medium (2).webp|galaxy-z-flip-6-d-medium (2).webp,2222,145,145
2228|145|145|samsung-galaxy-z-flip8-c-medium (2).webp,same name + size + dimensions,2,6a7ba8c85c7cd75eb81b1524|6a7ba8975c7cd75eb8185053,/ecommerce/samsung/All Samsung Smartphones - Price in Kenya (1)/Samsung-Galaxy-Z-Flip8-c-medium (2).webp|/ecommerce/samsung/All Samsung Smartphones - Price in Kenya (2)/Samsung-Galaxy-Z-Flip8-c-medium (2).webp,Samsung-Galaxy-Z-Flip8-c-medium (2).webp|Samsung-Galaxy-Z-Flip8-c-medium (2).webp,2228,145,145
224|24|24|download (15).svg,same name + size + dimensions,5,6a7ca9d55c7cd75eb8306561|6a7caadc5c7cd75eb840f68a|6a7cab5e5c7cd75eb8493385|6a7cabb15c7cd75eb84e9eb1|6a7caf655c7cd75eb88bdc13,/airbuds/download (15).svg|/airbuds2/download (15).svg|/airbuds3/download (15).svg|/airbuds4/download (15).svg|/airbuds5/download (15).svg,download (15).svg|download (15).svg|download (15).svg|download (15).svg|download (15).svg,224,24,24
225|24|24|default (14).svg,same name + size + dimensions,3,6a7b6cca5c7cd75eb8f3e9d5|6a7ba6db5c7cd75eb8ff4faa|6a7ba6a35c7cd75eb8fc19db,/ecommerce/All Tecno Smartphones - Price in Kenya (2)/default (14).svg|/ecommerce/samsung/All Samsung Smartphones - Price in Kenya (7)/default (14).svg|/ecommerce/samsung/All Samsung Smartphones - Price in Kenya (8)/default (14).svg,default (14).svg|default (14).svg|default (14).svg,225,24,24
225|24|24|default (15).svg,same name + size + dimensions,10,6a7b697f5c7cd75eb8e18ca6|6a7b63425c7cd75eb8b31e4e|6a7ba8995c7cd75eb818773a|6a7ba8655c7cd75eb8156847|6a7ba80c5c7cd75eb81088cc|6a7ba7bc5c7cd75eb80c0cca|6a7ba7745c7cd75eb807cde2|6a7ba71a5c7cd75eb802fc7c|6a7ba8c85c7cd75eb81b1541|6a7b6a835c7cd75eb8e6fc7a,/ecommerce/All Tecno Smartphones - Price in Kenya/default (15).svg|/ecommerce/All Xiaomi Smartphones - Price in Kenya (2)/default (15).svg|/ecommerce/samsung/All Samsung Smartphones - Price in Kenya (1)/default (15).svg|/ecommerce/samsung/All Samsung Smartphones - Price in Kenya (2)/default (15).svg|/ecommerce/samsung/All Samsung Smartphones - Price in Kenya (3)/default (15).svg|/ecommerce/samsung/All Samsung Smartphones - Price in Kenya (4)/default (15).svg|/ecommerce/samsung/All Samsung Smartphones - Price in Kenya (5)/default (15).svg|/ecommerce/samsung/All Samsung Smartphones - Price in Kenya (6)/default (15).svg|/ecommerce/samsung/All Samsung Smartphones - Price in Kenya/default (15).svg|/ecommerce/Tecno-2/All Tecno Smartphones - Price in Kenya/default (15).svg,default (15).svg|default (15).svg|default (15).svg|default (15).svg|default (15).svg|default (15).svg|default (15).svg|default (15).svg|default (15).svg|default (15).svg,225,24,24
225|24|24|download (14).svg,same name + size + dimensions,3,6a7caeb85c7cd75eb87f9e1d|6a7caeed5c7cd75eb883855a|6a7c23535c7cd75eb8406c9d,/Oppo5/download (14).svg|/Oppo6/download (14).svg|/tvs/download (14).svg,download (14).svg|download (14).svg|download (14).svg,225,24,24
225|24|24|download (15).svg,same name + size + dimensions,4,6a7c24ec5c7cd75eb84c4d0b|6a7cac9d5c7cd75eb85d2a35|6a7cadd15c7cd75eb87098ac|6a7cae085c7cd75eb8740f82,/itel/download (15).svg|/Oppo2/download (15).svg|/Oppo3/download (15).svg|/Oppo4/download (15).svg,download (15).svg|download (15).svg|download (15).svg|download (15).svg,225,24,24
2252|100|50|sony-logo-original (2).webp,same name + size + dimensions,12,6a7ca9e75c7cd75eb8318164|6a7caae55c7cd75eb841871a|6a7cab675c7cd75eb849d7e1|6a7cabbb5c7cd75eb84f2dff|6a7caf715c7cd75eb88cadda|6a7c26215c7cd75eb85527b7|6a7c25665c7cd75eb84fb442|6a7caca75c7cd75eb85dce9e|6a7caddb5c7cd75eb87140df|6a7caec25c7cd75eb880417e|6a7caefa5c7cd75eb8846b50|6a7c23f95c7cd75eb845a854,/airbuds/sony-logo-original (2).webp|/airbuds2/sony-logo-original (2).webp|/airbuds3/sony-logo-original (2).webp|/airbuds4/sony-logo-original (2).webp|/airbuds5/sony-logo-original (2).webp|/Bts/sony-logo-original (2).webp|/itel/sony-logo-original (2).webp|/Oppo2/sony-logo-original (2).webp|/Oppo3/sony-logo-original (2).webp|/Oppo5/sony-logo-original (2).webp|/Oppo6/sony-logo-original (2).webp|/tvs/sony-logo-original (2).webp,sony-logo-original (2).webp|sony-logo-original (2).webp|sony-logo-original (2).webp|sony-logo-original (2).webp|sony-logo-original (2).webp|sony-logo-original (2).webp|sony-logo-original (2).webp|sony-logo-original (2).webp|sony-logo-original (2).webp|sony-logo-original (2).webp|sony-logo-original (2).webp|sony-logo-original (2).webp,2252,100,50
2252|100|50|sony-logo-original (5).webp,same name + size + dimensions,3,6a7c26215c7cd75eb8552933|6a7c25665c7cd75eb84fb450|6a7c23f95c7cd75eb845a79c,/Bts/sony-logo-original (5).webp|/itel/sony-logo-original (5).webp|/tvs/sony-logo-original (5).webp,sony-logo-original (5).webp|sony-logo-original (5).webp|sony-logo-original (5).webp,2252,100,50
2254|145|145|samsung-galaxy-z-flip-7-fe-medium (4).webp,same name + size + dimensions,2,6a7ba8c85c7cd75eb81b14d6|6a7ba8975c7cd75eb8184eec,/ecommerce/samsung/All Samsung Smartphones - Price in Kenya (1)/Samsung-Galaxy-Z-Flip-7-FE-medium (4).webp|/ecommerce/samsung/All Samsung Smartphones - Price in Kenya (2)/Samsung-Galaxy-Z-Flip-7-FE-medium (4).webp,Samsung-Galaxy-Z-Flip-7-FE-medium (4).webp|Samsung-Galaxy-Z-Flip-7-FE-medium (4).webp,2254,145,145
2254|145|145|samsung-galaxy-z-flip-7-fe-medium (5).webp,same name + size + dimensions,2,6a7ba8c85c7cd75eb81b14af|6a7ba8975c7cd75eb818504c,/ecommerce/samsung/All Samsung Smartphones - Price in Kenya (1)/Samsung-Galaxy-Z-Flip-7-FE-medium (5).webp|/ecommerce/samsung/All Samsung Smartphones - Price in Kenya (2)/Samsung-Galaxy-Z-Flip-7-FE-medium (5).webp,Samsung-Galaxy-Z-Flip-7-FE-medium (5).webp|Samsung-Galaxy-Z-Flip-7-FE-medium (5).webp,2254,145,145
227|24|24|default (15).svg,same name + size + dimensions,3,6a7b6cca5c7cd75eb8f3e9d9|6a7ba6db5c7cd75eb8ff4fbd|6a7ba6a35c7cd75eb8fc19e4,/ecommerce/All Tecno Smartphones - Price in Kenya (2)/default (15).svg|/ecommerce/samsung/All Samsung Smartphones - Price in Kenya (7)/default (15).svg|/ecommerce/samsung/All Samsung Smartphones - Price in Kenya (8)/default (15).svg,default (15).svg|default (15).svg|default (15).svg,227,24,24
227|24|24|default (16).svg,same name + size + dimensions,10,6a7b69815c7cd75eb8e19437|6a7b63425c7cd75eb8b31def|6a7ba8995c7cd75eb818771b|6a7ba8655c7cd75eb815686f|6a7ba80c5c7cd75eb81088b9|6a7ba7bc5c7cd75eb80c0cd9|6a7ba7745c7cd75eb807cde6|6a7ba71a5c7cd75eb802fa1e|6a7ba8c85c7cd75eb81b1564|6a7b6a835c7cd75eb8e6fc7e,/ecommerce/All Tecno Smartphones - Price in Kenya/default (16).svg|/ecommerce/All Xiaomi Smartphones - Price in Kenya (2)/default (16).svg|/ecommerce/samsung/All Samsung Smartphones - Price in Kenya (1)/default (16).svg|/ecommerce/samsung/All Samsung Smartphones - Price in Kenya (2)/default (16).svg|/ecommerce/samsung/All Samsung Smartphones - Price in Kenya (3)/default (16).svg|/ecommerce/samsung/All Samsung Smartphones - Price in Kenya (4)/default (16).svg|/ecommerce/samsung/All Samsung Smartphones - Price in Kenya (5)/default (16).svg|/ecommerce/samsung/All Samsung Smartphones - Price in Kenya (6)/default (16).svg|/ecommerce/samsung/All Samsung Smartphones - Price in Kenya/default (16).svg|/ecommerce/Tecno-2/All Tecno Smartphones - Price in Kenya/default (16).svg,default (16).svg|default (16).svg|default (16).svg|default (16).svg|default (16).svg|default (16).svg|default (16).svg|default (16).svg|default (16).svg|default (16).svg,227,24,24
227|24|24|download (15).svg,same name + size + dimensions,3,6a7caeb85c7cd75eb87f9e55|6a7caeed5c7cd75eb883842e|6a7c23535c7cd75eb8406c53,/Oppo5/download (15).svg|/Oppo6/download (15).svg|/tvs/download (15).svg,download (15).svg|download (15).svg|download (15).svg,227,24,24
227|24|24|download (16).svg,same name + size + dimensions,4,6a7c24ec5c7cd75eb84c4d36|6a7cac9d5c7cd75eb85d31f0|6a7cadd15c7cd75eb8709796|6a7cae085c7cd75eb874105c,/itel/download (16).svg|/Oppo2/download (16).svg|/Oppo3/download (16).svg|/Oppo4/download (16).svg,download (16).svg|download (16).svg|download (16).svg|download (16).svg,227,24,24
228|24|24|download (16).svg,same name + size + dimensions,5,6a7ca9d55c7cd75eb8305d9d|6a7caadc5c7cd75eb840feb1|6a7cab5e5c7cd75eb8493074|6a7cabb15c7cd75eb84e9b20|6a7caf655c7cd75eb88bd9da,/airbuds/download (16).svg|/airbuds2/download (16).svg|/airbuds3/download (16).svg|/airbuds4/download (16).svg|/airbuds5/download (16).svg,download (16).svg|download (16).svg|download (16).svg|download (16).svg|download (16).svg,228,24,24
2282|100|50|oraimo-original (2).webp,same name + size + dimensions,6,6a7ca9e45c7cd75eb831425d|6a7caae55c7cd75eb8418666|6a7cab675c7cd75eb849d628|6a7cabba5c7cd75eb84f20fd|6a7caf6f5c7cd75eb88c8b7c|6a7c26215c7cd75eb85525c0,/airbuds/oraimo-original (2).webp|/airbuds2/oraimo-original (2).webp|/airbuds3/oraimo-original (2).webp|/airbuds4/oraimo-original (2).webp|/airbuds5/oraimo-original (2).webp|/Bts/oraimo-original (2).webp,oraimo-original (2).webp|oraimo-original (2).webp|oraimo-original (2).webp|oraimo-original (2).webp|oraimo-original (2).webp|oraimo-original (2).webp,2282,100,50
2318|145|145|jbl-live-pro-2-medium (2).webp,same name + size + dimensions,2,6a7caadd5c7cd75eb841095a|6a7cab5e5c7cd75eb84934d7,/airbuds2/JBL-Live-Pro-2-medium (2).webp|/airbuds3/JBL-Live-Pro-2-medium (2).webp,JBL-Live-Pro-2-medium (2).webp|JBL-Live-Pro-2-medium (2).webp,2318,145,145
2328|320|160|asus-original (1).webp,same name + size + dimensions,5,6a7c24eb5c7cd75eb84c42d3|6a7cac9d5c7cd75eb85d2525|6a7cadd05c7cd75eb87090dd|6a7caeb85c7cd75eb87f8deb|6a7caeed5c7cd75eb88383bf,/itel/asus-original (1).webp|/Oppo2/asus-original (1).webp|/Oppo3/asus-original (1).webp|/Oppo5/asus-original (1).webp|/Oppo6/asus-original (1).webp,asus-original (1).webp|asus-original (1).webp|asus-original (1).webp|asus-original (1).webp|asus-original (1).webp,2328,320,160
2340|145|145|tecno-spark-40-medium (2).webp,same name + size + dimensions,2,6a7b697f5c7cd75eb8e1883a|6a7b6a895c7cd75eb8e71966,/ecommerce/All Tecno Smartphones - Price in Kenya/Tecno-Spark-40-medium (2).webp|/ecommerce/Tecno-2/All Tecno Smartphones - Price in Kenya/Tecno-Spark-40-medium (2).webp,Tecno-Spark-40-medium (2).webp|Tecno-Spark-40-medium (2).webp,2340,145,145
2350|320|160|realme-logo-original (1).webp,same name + size + dimensions,10,6a7ca9e75c7cd75eb8317231|6a7caae55c7cd75eb841870b|6a7cab675c7cd75eb849d4c0|6a7cabba5c7cd75eb84f20ef|6a7caf6f5c7cd75eb88c9055|6a7c25665c7cd75eb84fb4e8|6a7caca75c7cd75eb85dccab|6a7cadda5c7cd75eb8713f05|6a7caec25c7cd75eb8804071|6a7caef95c7cd75eb8846835,/airbuds/realme-logo-original (1).webp|/airbuds2/realme-logo-original (1).webp|/airbuds3/realme-logo-original (1).webp|/airbuds4/realme-logo-original (1).webp|/airbuds5/realme-logo-original (1).webp|/itel/realme-logo-original (1).webp|/Oppo2/realme-logo-original (1).webp|/Oppo3/realme-logo-original (1).webp|/Oppo5/realme-logo-original (1).webp|/Oppo6/realme-logo-original (1).webp,realme-logo-original (1).webp|realme-logo-original (1).webp|realme-logo-original (1).webp|realme-logo-original (1).webp|realme-logo-original (1).webp|realme-logo-original (1).webp|realme-logo-original (1).webp|realme-logo-original (1).webp|realme-logo-original (1).webp|realme-logo-original (1).webp,2350,320,160
2350|320|160|realme-logo-original (4).webp,same name + size + dimensions,2,6a7ca9e75c7cd75eb8317572|6a7c25675c7cd75eb84fb64f,/airbuds/realme-logo-original (4).webp|/itel/realme-logo-original (4).webp,realme-logo-original (4).webp|realme-logo-original (4).webp,2350,320,160
2354|145|145|galaxya54d-medium (2).webp,same name + size + dimensions,3,6a7ba7bc5c7cd75eb80c19a3|6a7ba7225c7cd75eb8038196|6a7ba6db5c7cd75eb8ff50a6,/ecommerce/samsung/All Samsung Smartphones - Price in Kenya (4)/galaxya54d-medium (2).webp|/ecommerce/samsung/All Samsung Smartphones - Price in Kenya (6)/galaxya54d-medium (2).webp|/ecommerce/samsung/All Samsung Smartphones - Price in Kenya (7)/galaxya54d-medium (2).webp,galaxya54d-medium (2).webp|galaxya54d-medium (2).webp|galaxya54d-medium (2).webp,2354,145,145
2358|145|145|anker-soundcore-space-a40-medium (2).webp,same name + size + dimensions,2,6a7caadc5c7cd75eb840f529|6a7cab5e5c7cd75eb849291d,/airbuds2/Anker-Soundcore-Space-A40-medium (2).webp|/airbuds3/Anker-Soundcore-Space-A40-medium (2).webp,Anker-Soundcore-Space-A40-medium (2).webp|Anker-Soundcore-Space-A40-medium (2).webp,2358,145,145
2364|100|50|motorola-logo-original (2).webp,same name + size + dimensions,5,6a7c25505c7cd75eb84f12e0|6a7cac9e5c7cd75eb85d3e67|6a7cadd15c7cd75eb8709426|6a7caeb85c7cd75eb87f96cd|6a7caeee5c7cd75eb8838f78,/itel/motorola-logo-original (2).webp|/Oppo2/motorola-logo-original (2).webp|/Oppo3/motorola-logo-original (2).webp|/Oppo5/motorola-logo-original (2).webp|/Oppo6/motorola-logo-original (2).webp,motorola-logo-original (2).webp|motorola-logo-original (2).webp|motorola-logo-original (2).webp|motorola-logo-original (2).webp|motorola-logo-original (2).webp,2364,100,50
2370|145|145|tecnopop7proa-medium (2).webp,same name + size + dimensions,2,6a7b69825c7cd75eb8e19d4f|6a7b6a8c5c7cd75eb8e73db2,/ecommerce/All Tecno Smartphones - Price in Kenya/tecnopop7proa-medium (2).webp|/ecommerce/Tecno-2/All Tecno Smartphones - Price in Kenya/tecnopop7proa-medium (2).webp,tecnopop7proa-medium (2).webp|tecnopop7proa-medium (2).webp,2370,145,145
2372|145|145|jbl-tune-flex-2-c-medium (2).webp,same name + size + dimensions,2,6a7caade5c7cd75eb8412144|6a7cab5e5c7cd75eb84935f8,/airbuds2/JBL-Tune-Flex-2-c-medium (2).webp|/airbuds3/JBL-Tune-Flex-2-c-medium (2).webp,JBL-Tune-Flex-2-c-medium (2).webp|JBL-Tune-Flex-2-c-medium (2).webp,2372,145,145
2380|145|145|galaxys23ultrab-medium (2).webp,same name + size + dimensions,3,6a7ba89a5c7cd75eb81886df|6a7ba86c5c7cd75eb815dedd|6a7ba83f5c7cd75eb8134fc0,/ecommerce/samsung/All Samsung Smartphones - Price in Kenya (1)/galaxys23ultrab-medium (2).webp|/ecommerce/samsung/All Samsung Smartphones - Price in Kenya (2)/galaxys23ultrab-medium (2).webp|/ecommerce/samsung/All Samsung Smartphones - Price in Kenya (3)/galaxys23ultrab-medium (2).webp,galaxys23ultrab-medium (2).webp|galaxys23ultrab-medium (2).webp|galaxys23ultrab-medium (2).webp,2380,145,145
2380|320|160|htc-logo-original.webp,same name + size + dimensions,6,6a7c24ec5c7cd75eb84c4f41|6a7cac9d5c7cd75eb85d3305|6a7cadd25c7cd75eb8709e48|6a7cae085c7cd75eb8740f92|6a7caeb85c7cd75eb87f927b|6a7caeed5c7cd75eb88382a3,/itel/htc-logo-original.webp|/Oppo2/htc-logo-original.webp|/Oppo3/htc-logo-original.webp|/Oppo4/htc-logo-original.webp|/Oppo5/htc-logo-original.webp|/Oppo6/htc-logo-original.webp,htc-logo-original.webp|htc-logo-original.webp|htc-logo-original.webp|htc-logo-original.webp|htc-logo-original.webp|htc-logo-original.webp,2380,320,160
2384|145|145|tecno-camon-50-medium (2).webp,same name + size + dimensions,2,6a7b69815c7cd75eb8e19411|6a7b6a855c7cd75eb8e703ae,/ecommerce/All Tecno Smartphones - Price in Kenya/Tecno-Camon-50-medium (2).webp|/ecommerce/Tecno-2/All Tecno Smartphones - Price in Kenya/Tecno-Camon-50-medium (2).webp,Tecno-Camon-50-medium (2).webp|Tecno-Camon-50-medium (2).webp,2384,145,145
2384|145|145|tecno-camon-50-pro-medium (2).webp,same name + size + dimensions,2,6a7b69815c7cd75eb8e1941e|6a7b6a855c7cd75eb8e703b7,/ecommerce/All Tecno Smartphones - Price in Kenya/Tecno-Camon-50-Pro-medium (2).webp|/ecommerce/Tecno-2/All Tecno Smartphones - Price in Kenya/Tecno-Camon-50-Pro-medium (2).webp,Tecno-Camon-50-Pro-medium (2).webp|Tecno-Camon-50-Pro-medium (2).webp,2384,145,145
2390|145|145|samsung-galaxy-z-flip-5-a-medium (4).webp,same name + size + dimensions,2,6a7ba8c75c7cd75eb81b0308|6a7ba8925c7cd75eb817eda8,/ecommerce/samsung/All Samsung Smartphones - Price in Kenya (1)/Samsung-Galaxy-Z-Flip-5-a-medium (4).webp|/ecommerce/samsung/All Samsung Smartphones - Price in Kenya (2)/Samsung-Galaxy-Z-Flip-5-a-medium (4).webp,Samsung-Galaxy-Z-Flip-5-a-medium (4).webp|Samsung-Galaxy-Z-Flip-5-a-medium (4).webp,2390,145,145
2390|145|145|samsung-galaxy-z-flip-5-a-medium (5).webp,same name + size + dimensions,2,6a7ba8c75c7cd75eb81b0cb3|6a7ba8925c7cd75eb817edb1,/ecommerce/samsung/All Samsung Smartphones - Price in Kenya (1)/Samsung-Galaxy-Z-Flip-5-a-medium (5).webp|/ecommerce/samsung/All Samsung Smartphones - Price in Kenya (2)/Samsung-Galaxy-Z-Flip-5-a-medium (5).webp,Samsung-Galaxy-Z-Flip-5-a-medium (5).webp|Samsung-Galaxy-Z-Flip-5-a-medium (5).webp,2390,145,145
2396|145|145|nothing-cmf-buds-2a-medium (2).webp,same name + size + dimensions,2,6a7caadf5c7cd75eb8413680|6a7cab675c7cd75eb849ca1e,/airbuds2/Nothing-CMF-Buds-2a-medium (2).webp|/airbuds3/Nothing-CMF-Buds-2a-medium (2).webp,Nothing-CMF-Buds-2a-medium (2).webp|Nothing-CMF-Buds-2a-medium (2).webp,2396,145,145
2398|100|50|oneplus-logo-original (2).webp,same name + size + dimensions,10,6a7ca9de5c7cd75eb8310382|6a7caae55c7cd75eb8418638|6a7cab675c7cd75eb849d3d9|6a7cabba5c7cd75eb84f1d77|6a7caf6b5c7cd75eb88c3d94|6a7c25645c7cd75eb84faaf8|6a7cac9e5c7cd75eb85d3f7b|6a7cadd15c7cd75eb870977d|6a7caeb85c7cd75eb87fa0e2|6a7caeee5c7cd75eb883937a,/airbuds/oneplus-logo-original (2).webp|/airbuds2/oneplus-logo-original (2).webp|/airbuds3/oneplus-logo-original (2).webp|/airbuds4/oneplus-logo-original (2).webp|/airbuds5/oneplus-logo-original (2).webp|/itel/oneplus-logo-original (2).webp|/Oppo2/oneplus-logo-original (2).webp|/Oppo3/oneplus-logo-original (2).webp|/Oppo5/oneplus-logo-original (2).webp|/Oppo6/oneplus-logo-original (2).webp,oneplus-logo-original (2).webp|oneplus-logo-original (2).webp|oneplus-logo-original (2).webp|oneplus-logo-original (2).webp|oneplus-logo-original (2).webp|oneplus-logo-original (2).webp|oneplus-logo-original (2).webp|oneplus-logo-original (2).webp|oneplus-logo-original (2).webp|oneplus-logo-original (2).webp,2398,100,50
2418|100|50|blackview-original (2).webp,same name + size + dimensions,5,6a7c24ec5c7cd75eb84c4cff|6a7cac9d5c7cd75eb85d268c|6a7cadd15c7cd75eb87093c6|6a7caeb85c7cd75eb87f8f90|6a7caeed5c7cd75eb88383e0,/itel/Blackview-original (2).webp|/Oppo2/Blackview-original (2).webp|/Oppo3/Blackview-original (2).webp|/Oppo5/Blackview-original (2).webp|/Oppo6/Blackview-original (2).webp,Blackview-original (2).webp|Blackview-original (2).webp|Blackview-original (2).webp|Blackview-original (2).webp|Blackview-original (2).webp,2418,100,50
2434|145|145|tecno-camon-50-ultra-medium (2).webp,same name + size + dimensions,2,6a7b697f5c7cd75eb8e187fc|6a7b6a875c7cd75eb8e70cf8,/ecommerce/All Tecno Smartphones - Price in Kenya/Tecno-Camon-50-Ultra-medium (2).webp|/ecommerce/Tecno-2/All Tecno Smartphones - Price in Kenya/Tecno-Camon-50-Ultra-medium (2).webp,Tecno-Camon-50-Ultra-medium (2).webp|Tecno-Camon-50-Ultra-medium (2).webp,2434,145,145
2448|145|145|tecno-spark-50-pro-medium (2).webp,same name + size + dimensions,2,6a7b69815c7cd75eb8e1989e|6a7b6a8b5c7cd75eb8e727a9,/ecommerce/All Tecno Smartphones - Price in Kenya/Tecno-Spark-50-Pro-medium (2).webp|/ecommerce/Tecno-2/All Tecno Smartphones - Price in Kenya/Tecno-Spark-50-Pro-medium (2).webp,Tecno-Spark-50-Pro-medium (2).webp|Tecno-Spark-50-Pro-medium (2).webp,2448,145,145
2450|145|145|tecno-pop-10-pro-medium (2).webp,same name + size + dimensions,2,6a7b697c5c7cd75eb8e176f1|6a7b6a885c7cd75eb8e71075,/ecommerce/All Tecno Smartphones - Price in Kenya/Tecno-Pop-10-Pro-medium (2).webp|/ecommerce/Tecno-2/All Tecno Smartphones - Price in Kenya/Tecno-Pop-10-Pro-medium (2).webp,Tecno-Pop-10-Pro-medium (2).webp|Tecno-Pop-10-Pro-medium (2).webp,2450,145,145
2450|145|145|tecno-spark-40c-b-medium (2).webp,same name + size + dimensions,2,6a7b697e5c7cd75eb8e18507|6a7b6a8a5c7cd75eb8e71f04,/ecommerce/All Tecno Smartphones - Price in Kenya/Tecno-Spark-40C-b-medium (2).webp|/ecommerce/Tecno-2/All Tecno Smartphones - Price in Kenya/Tecno-Spark-40C-b-medium (2).webp,Tecno-Spark-40C-b-medium (2).webp|Tecno-Spark-40C-b-medium (2).webp,2450,145,145
2454|145|145|nothing-cmf-buds-pro-2-c-medium (2).webp,same name + size + dimensions,3,6a7ca9de5c7cd75eb830fe28|6a7caae45c7cd75eb8417fd2|6a7cab675c7cd75eb849cadc,/airbuds/Nothing-CMF-Buds-Pro-2-c-medium (2).webp|/airbuds2/Nothing-CMF-Buds-Pro-2-c-medium (2).webp|/airbuds3/Nothing-CMF-Buds-Pro-2-c-medium (2).webp,Nothing-CMF-Buds-Pro-2-c-medium (2).webp|Nothing-CMF-Buds-Pro-2-c-medium (2).webp|Nothing-CMF-Buds-Pro-2-c-medium (2).webp,2454,145,145
2474|100|50|vivo-logo-original (2).webp,same name + size + dimensions,5,6a7c25675c7cd75eb84fb66e|6a7caca75c7cd75eb85dcd32|6a7cadda5c7cd75eb8713f5f|6a7caec25c7cd75eb8804191|6a7caef95c7cd75eb8846849,/itel/vivo-logo-original (2).webp|/Oppo2/vivo-logo-original (2).webp|/Oppo3/vivo-logo-original (2).webp|/Oppo5/vivo-logo-original (2).webp|/Oppo6/vivo-logo-original (2).webp,vivo-logo-original (2).webp|vivo-logo-original (2).webp|vivo-logo-original (2).webp|vivo-logo-original (2).webp|vivo-logo-original (2).webp,2474,100,50
2478|100|50|zte-original (2).webp,same name + size + dimensions,5,6a7c25675c7cd75eb84fb899|6a7caca75c7cd75eb85ddcb0|6a7caddb5c7cd75eb87141c7|6a7caecb5c7cd75eb880e1d0|6a7caefa5c7cd75eb8846aa1,/itel/ZTE-original (2).webp|/Oppo2/ZTE-original (2).webp|/Oppo3/ZTE-original (2).webp|/Oppo5/ZTE-original (2).webp|/Oppo6/ZTE-original (2).webp,ZTE-original (2).webp|ZTE-original (2).webp|ZTE-original (2).webp|ZTE-original (2).webp|ZTE-original (2).webp,2478,100,50
2484|145|145|samsung-galaxy-a57-c-medium (2).webp,same name + size + dimensions,2,6a7ba8095c7cd75eb81055fc|6a7ba8f45c7cd75eb81dd1c3,/ecommerce/samsung/All Samsung Smartphones - Price in Kenya (4)/Samsung-Galaxy-A57-c-medium (2).webp|/ecommerce/samsung/All Samsung Smartphones - Price in Kenya/Samsung-Galaxy-A57-c-medium (2).webp,Samsung-Galaxy-A57-c-medium (2).webp|Samsung-Galaxy-A57-c-medium (2).webp,2484,145,145
2488|145|145|tecno-spark-slim-medium (2).webp,same name + size + dimensions,2,6a7b69825c7cd75eb8e19a7c|6a7b6a8b5c7cd75eb8e72ebc,/ecommerce/All Tecno Smartphones - Price in Kenya/Tecno-Spark-Slim-medium (2).webp|/ecommerce/Tecno-2/All Tecno Smartphones - Price in Kenya/Tecno-Spark-Slim-medium (2).webp,Tecno-Spark-Slim-medium (2).webp|Tecno-Spark-Slim-medium (2).webp,2488,145,145
2492|100|50|samsung-logo-original (2).webp,same name + size + dimensions,11,6a7ca9e75c7cd75eb8317a54|6a7caae55c7cd75eb84186ed|6a7cab675c7cd75eb849d78c|6a7cabba5c7cd75eb84f200f|6a7caf715c7cd75eb88cab50|6a7c25665c7cd75eb84fb1c5|6a7caca95c7cd75eb85df2f1|6a7cadda5c7cd75eb8713f15|6a7caec25c7cd75eb88040c3|6a7caef95c7cd75eb8846840|6a7c23de5c7cd75eb844b2fd,/airbuds/samsung-logo-original (2).webp|/airbuds2/samsung-logo-original (2).webp|/airbuds3/samsung-logo-original (2).webp|/airbuds4/samsung-logo-original (2).webp|/airbuds5/samsung-logo-original (2).webp|/itel/samsung-logo-original (2).webp|/Oppo2/samsung-logo-original (2).webp|/Oppo3/samsung-logo-original (2).webp|/Oppo5/samsung-logo-original (2).webp|/Oppo6/samsung-logo-original (2).webp|/tvs/samsung-logo-original (2).webp,samsung-logo-original (2).webp|samsung-logo-original (2).webp|samsung-logo-original (2).webp|samsung-logo-original (2).webp|samsung-logo-original (2).webp|samsung-logo-original (2).webp|samsung-logo-original (2).webp|samsung-logo-original (2).webp|samsung-logo-original (2).webp|samsung-logo-original (2).webp|samsung-logo-original (2).webp,2492,100,50
2492|100|50|samsung-logo-original (5).webp,same name + size + dimensions,2,6a7c25665c7cd75eb84fb1dd|6a7c23de5c7cd75eb844b44b,/itel/samsung-logo-original (5).webp|/tvs/samsung-logo-original (5).webp,samsung-logo-original (5).webp|samsung-logo-original (5).webp,2492,100,50
2494|100|50|ankerlogo-original (2).webp,same name + size + dimensions,6,6a7ca9d55c7cd75eb8305c73|6a7caadc5c7cd75eb840f6dc|6a7cab5e5c7cd75eb84934b9|6a7cabb15c7cd75eb84e9e31|6a7caf655c7cd75eb88bd2de|6a7c25d45c7cd75eb852ee29,/airbuds/ankerlogo-original (2).webp|/airbuds2/ankerlogo-original (2).webp|/airbuds3/ankerlogo-original (2).webp|/airbuds4/ankerlogo-original (2).webp|/airbuds5/ankerlogo-original (2).webp|/Bts/ankerlogo-original (2).webp,ankerlogo-original (2).webp|ankerlogo-original (2).webp|ankerlogo-original (2).webp|ankerlogo-original (2).webp|ankerlogo-original (2).webp|ankerlogo-original (2).webp,2494,100,50
2496|100|50|lava-logo-original (2).webp,same name + size + dimensions,5,6a7c25515c7cd75eb84f1a59|6a7cac9e5c7cd75eb85d3f3f|6a7cadd05c7cd75eb87091a6|6a7caeb85c7cd75eb87f947f|6a7caeed5c7cd75eb8838413,/itel/lava-logo-original (2).webp|/Oppo2/lava-logo-original (2).webp|/Oppo3/lava-logo-original (2).webp|/Oppo5/lava-logo-original (2).webp|/Oppo6/lava-logo-original (2).webp,lava-logo-original (2).webp|lava-logo-original (2).webp|lava-logo-original (2).webp|lava-logo-original (2).webp|lava-logo-original (2).webp,2496,100,50
2508|145|145|tecno-spark-50-medium (2).webp,same name + size + dimensions,2,6a7b697f5c7cd75eb8e18cf3|6a7b6a8a5c7cd75eb8e71ef9,/ecommerce/All Tecno Smartphones - Price in Kenya/Tecno-Spark-50-medium (2).webp|/ecommerce/Tecno-2/All Tecno Smartphones - Price in Kenya/Tecno-Spark-50-medium (2).webp,Tecno-Spark-50-medium (2).webp|Tecno-Spark-50-medium (2).webp,2508,145,145
2514|145|145|samsung-galaxy-a15-5g-k-medium (2).webp,same name + size + dimensions,2,6a7ba76e5c7cd75eb80768a5|6a7ba7165c7cd75eb802baa9,/ecommerce/samsung/All Samsung Smartphones - Price in Kenya (6)/Samsung-Galaxy-A15-5G-k-medium (2).webp|/ecommerce/samsung/All Samsung Smartphones - Price in Kenya (7)/Samsung-Galaxy-A15-5G-k-medium (2).webp,Samsung-Galaxy-A15-5G-k-medium (2).webp|Samsung-Galaxy-A15-5G-k-medium (2).webp,2514,145,145
2516|320|160|realme-logo-original (3).webp,same name + size + dimensions,2,6a7ca9e75c7cd75eb831735d|6a7c25665c7cd75eb84fb608,/airbuds/realme-logo-original (3).webp|/itel/realme-logo-original (3).webp,realme-logo-original (3).webp|realme-logo-original (3).webp,2516,320,160
2516|320|160|realme-logo-original.webp,same name + size + dimensions,11,6a7ca9e75c7cd75eb83179b0|6a7caae55c7cd75eb8418677|6a7cab675c7cd75eb849d66f|6a7cabba5c7cd75eb84f20ce|6a7caf6f5c7cd75eb88c8ece|6a7c25675c7cd75eb84fb650|6a7caca75c7cd75eb85dcd59|6a7caddb5c7cd75eb87140ea|6a7cae085c7cd75eb874120d|6a7caec25c7cd75eb88040f9|6a7caef95c7cd75eb88465e4,/airbuds/realme-logo-original.webp|/airbuds2/realme-logo-original.webp|/airbuds3/realme-logo-original.webp|/airbuds4/realme-logo-original.webp|/airbuds5/realme-logo-original.webp|/itel/realme-logo-original.webp|/Oppo2/realme-logo-original.webp|/Oppo3/realme-logo-original.webp|/Oppo4/realme-logo-original.webp|/Oppo5/realme-logo-original.webp|/Oppo6/realme-logo-original.webp,realme-logo-original.webp|realme-logo-original.webp|realme-logo-original.webp|realme-logo-original.webp|realme-logo-original.webp|realme-logo-original.webp|realme-logo-original.webp|realme-logo-original.webp|realme-logo-original.webp|realme-logo-original.webp|realme-logo-original.webp,2516,320,160
2518|100|50|apple-logo-original (2).webp,same name + size + dimensions,10,6a7ca9d55c7cd75eb8305706|6a7caadc5c7cd75eb840f60a|6a7cab5e5c7cd75eb8493389|6a7cabb15c7cd75eb84e9620|6a7caf655c7cd75eb88bdbc8|6a7c24eb5c7cd75eb84c3f93|6a7cac9d5c7cd75eb85d2566|6a7cadd05c7cd75eb8709194|6a7caeb85c7cd75eb87f8fc4|6a7caeec5c7cd75eb88373d6,/airbuds/apple-logo-original (2).webp|/airbuds2/apple-logo-original (2).webp|/airbuds3/apple-logo-original (2).webp|/airbuds4/apple-logo-original (2).webp|/airbuds5/apple-logo-original (2).webp|/itel/apple-logo-original (2).webp|/Oppo2/apple-logo-original (2).webp|/Oppo3/apple-logo-original (2).webp|/Oppo5/apple-logo-original (2).webp|/Oppo6/apple-logo-original (2).webp,apple-logo-original (2).webp|apple-logo-original (2).webp|apple-logo-original (2).webp|apple-logo-original (2).webp|apple-logo-original (2).webp|apple-logo-original (2).webp|apple-logo-original (2).webp|apple-logo-original (2).webp|apple-logo-original (2).webp|apple-logo-original (2).webp,2518,100,50
2530|145|145|samsung-galaxy-a17-4g-b-medium (2).webp,same name + size + dimensions,2,6a7ba89d5c7cd75eb818b661|6a7ba86c5c7cd75eb815df89,/ecommerce/samsung/All Samsung Smartphones - Price in Kenya (1)/Samsung-Galaxy-A17-4G-b-medium (2).webp|/ecommerce/samsung/All Samsung Smartphones - Price in Kenya (2)/Samsung-Galaxy-A17-4G-b-medium (2).webp,Samsung-Galaxy-A17-4G-b-medium (2).webp|Samsung-Galaxy-A17-4G-b-medium (2).webp,2530,145,145
2530|320|320|anker-soundcore-a30i-medium (1).webp,same name + size + dimensions,3,6a7ca9d45c7cd75eb8304fd2|6a7caadc5c7cd75eb840f169|6a7cab5e5c7cd75eb8492e7a,/airbuds/Anker-Soundcore-A30i-medium (1).webp|/airbuds2/Anker-Soundcore-A30i-medium (1).webp|/airbuds3/Anker-Soundcore-A30i-medium (1).webp,Anker-Soundcore-A30i-medium (1).webp|Anker-Soundcore-A30i-medium (1).webp|Anker-Soundcore-A30i-medium (1).webp,2530,320,320
2554|145|145|huawei-freeclip-2-medium (2).webp,same name + size + dimensions,3,6a7ca9de5c7cd75eb830f22f|6a7caadc5c7cd75eb841024c|6a7cab5e5c7cd75eb8493547,/airbuds/Huawei-FreeClip-2-medium (2).webp|/airbuds2/Huawei-FreeClip-2-medium (2).webp|/airbuds3/Huawei-FreeClip-2-medium (2).webp,Huawei-FreeClip-2-medium (2).webp|Huawei-FreeClip-2-medium (2).webp|Huawei-FreeClip-2-medium (2).webp,2554,145,145
2554|320|320|oneplus-buds-pro-7bkrjvu59n-medium (1).webp,same name + size + dimensions,3,6a7ca9de5c7cd75eb83102c6|6a7caae45c7cd75eb8418314|6a7cab675c7cd75eb849d391,/airbuds/oneplus-buds-pro-7BKRjVu59N-medium (1).webp|/airbuds2/oneplus-buds-pro-7BKRjVu59N-medium (1).webp|/airbuds3/oneplus-buds-pro-7BKRjVu59N-medium (1).webp,oneplus-buds-pro-7BKRjVu59N-medium (1).webp|oneplus-buds-pro-7BKRjVu59N-medium (1).webp|oneplus-buds-pro-7BKRjVu59N-medium (1).webp,2554,320,320
2558|145|145|anker-soundcore-liberty-5-pro-a-medium (2).webp,same name + size + dimensions,2,6a7caadb5c7cd75eb840e982|6a7cab5e5c7cd75eb8492ec4,/airbuds2/Anker-Soundcore-Liberty-5-Pro-a-medium (2).webp|/airbuds3/Anker-Soundcore-Liberty-5-Pro-a-medium (2).webp,Anker-Soundcore-Liberty-5-Pro-a-medium (2).webp|Anker-Soundcore-Liberty-5-Pro-a-medium (2).webp,2558,145,145
2560|100|50|lg-logo-original (2).webp,same name + size + dimensions,6,6a7c254f5c7cd75eb84f0e3a|6a7cac9e5c7cd75eb85d3ba6|6a7cadd05c7cd75eb870909c|6a7caeb85c7cd75eb87f9752|6a7caeee5c7cd75eb8838d1c|6a7c23ab5c7cd75eb842ece9,/itel/lg-logo-original (2).webp|/Oppo2/lg-logo-original (2).webp|/Oppo3/lg-logo-original (2).webp|/Oppo5/lg-logo-original (2).webp|/Oppo6/lg-logo-original (2).webp|/tvs/lg-logo-original (2).webp,lg-logo-original (2).webp|lg-logo-original (2).webp|lg-logo-original (2).webp|lg-logo-original (2).webp|lg-logo-original (2).webp|lg-logo-original (2).webp,2560,100,50
2560|100|50|lg-logo-original (5).webp,same name + size + dimensions,2,6a7c254f5c7cd75eb84f0e43|6a7c23ab5c7cd75eb842ecfe,/itel/lg-logo-original (5).webp|/tvs/lg-logo-original (5).webp,lg-logo-original (5).webp|lg-logo-original (5).webp,2560,100,50
2566|145|145|nothing-cmf-buds-2-plus-d-medium (2).webp,same name + size + dimensions,2,6a7caadf5c7cd75eb8413456|6a7cab605c7cd75eb8495ab4,/airbuds2/Nothing-CMF-Buds-2-Plus-d-medium (2).webp|/airbuds3/Nothing-CMF-Buds-2-Plus-d-medium (2).webp,Nothing-CMF-Buds-2-Plus-d-medium (2).webp|Nothing-CMF-Buds-2-Plus-d-medium (2).webp,2566,145,145
2596|100|50|oppo-logo-original (2).webp,same name + size + dimensions,10,6a7ca9df5c7cd75eb83105b9|6a7caae55c7cd75eb8418663|6a7cab675c7cd75eb849d4c2|6a7cabba5c7cd75eb84f1d95|6a7caf6f5c7cd75eb88c8b6f|6a7c25665c7cd75eb84fb1f5|6a7caca65c7cd75eb85dbec6|6a7cadda5c7cd75eb8713ac6|6a7caeb85c7cd75eb87f9e71|6a7caef85c7cd75eb8843f20,/airbuds/oppo-logo-original (2).webp|/airbuds2/oppo-logo-original (2).webp|/airbuds3/oppo-logo-original (2).webp|/airbuds4/oppo-logo-original (2).webp|/airbuds5/oppo-logo-original (2).webp|/itel/oppo-logo-original (2).webp|/Oppo2/oppo-logo-original (2).webp|/Oppo3/oppo-logo-original (2).webp|/Oppo5/oppo-logo-original (2).webp|/Oppo6/oppo-logo-original (2).webp,oppo-logo-original (2).webp|oppo-logo-original (2).webp|oppo-logo-original (2).webp|oppo-logo-original (2).webp|oppo-logo-original (2).webp|oppo-logo-original (2).webp|oppo-logo-original (2).webp|oppo-logo-original (2).webp|oppo-logo-original (2).webp|oppo-logo-original (2).webp,2596,100,50
2598|145|145|galaxy-a55-d-medium (2).webp,same name + size + dimensions,2,6a7ba89a5c7cd75eb81884a0|6a7ba86a5c7cd75eb815b8d7,/ecommerce/samsung/All Samsung Smartphones - Price in Kenya (1)/Galaxy-A55-d-medium (2).webp|/ecommerce/samsung/All Samsung Smartphones - Price in Kenya (2)/Galaxy-A55-d-medium (2).webp,Galaxy-A55-d-medium (2).webp|Galaxy-A55-d-medium (2).webp,2598,145,145
2648|100|50|energizer-logo-original (2).webp,same name + size + dimensions,5,6a7c24ec5c7cd75eb84c4f7e|6a7cac9d5c7cd75eb85d32d5|6a7cadd15c7cd75eb87094bc|6a7caeb85c7cd75eb87f920f|6a7caeec5c7cd75eb8837218,/itel/energizer-logo-original (2).webp|/Oppo2/energizer-logo-original (2).webp|/Oppo3/energizer-logo-original (2).webp|/Oppo5/energizer-logo-original (2).webp|/Oppo6/energizer-logo-original (2).webp,energizer-logo-original (2).webp|energizer-logo-original (2).webp|energizer-logo-original (2).webp|energizer-logo-original (2).webp|energizer-logo-original (2).webp,2648,100,50
2662|320|320|samsung-galaxy-buds-4-a-medium (1).webp,same name + size + dimensions,3,6a7ca9e75c7cd75eb8317c27|6a7caae55c7cd75eb84186c7|6a7cab675c7cd75eb849d62c,/airbuds/Samsung-Galaxy-Buds-4-a-medium (1).webp|/airbuds2/Samsung-Galaxy-Buds-4-a-medium (1).webp|/airbuds3/Samsung-Galaxy-Buds-4-a-medium (1).webp,Samsung-Galaxy-Buds-4-a-medium (1).webp|Samsung-Galaxy-Buds-4-a-medium (1).webp|Samsung-Galaxy-Buds-4-a-medium (1).webp,2662,320,320
2694|145|145|tecno-camon-40a-medium (4).webp,same name + size + dimensions,2,6a7b69805c7cd75eb8e190a4|6a7b6a845c7cd75eb8e7014e,/ecommerce/All Tecno Smartphones - Price in Kenya/Tecno-Camon-40a-medium (4).webp|/ecommerce/Tecno-2/All Tecno Smartphones - Price in Kenya/Tecno-Camon-40a-medium (4).webp,Tecno-Camon-40a-medium (4).webp|Tecno-Camon-40a-medium (4).webp,2694,145,145
2694|145|145|tecno-camon-40a-medium (5).webp,same name + size + dimensions,2,6a7b697d5c7cd75eb8e17e37|6a7b6a855c7cd75eb8e70400,/ecommerce/All Tecno Smartphones - Price in Kenya/Tecno-Camon-40a-medium (5).webp|/ecommerce/Tecno-2/All Tecno Smartphones - Price in Kenya/Tecno-Camon-40a-medium (5).webp,Tecno-Camon-40a-medium (5).webp|Tecno-Camon-40a-medium (5).webp,2694,145,145
2716|100|50|lenovo-logo-original (2).webp,same name + size + dimensions,5,6a7c25515c7cd75eb84f19f0|6a7cac9e5c7cd75eb85d3d59|6a7cadd25c7cd75eb8709ebd|6a7caeb85c7cd75eb87f9fe5|6a7caeed5c7cd75eb88385a3,/itel/lenovo-logo-original (2).webp|/Oppo2/lenovo-logo-original (2).webp|/Oppo3/lenovo-logo-original (2).webp|/Oppo5/lenovo-logo-original (2).webp|/Oppo6/lenovo-logo-original (2).webp,lenovo-logo-original (2).webp|lenovo-logo-original (2).webp|lenovo-logo-original (2).webp|lenovo-logo-original (2).webp|lenovo-logo-original (2).webp,2716,100,50
2718|145|145|anker-soundcore-r50i-e-medium (2).webp,same name + size + dimensions,3,6a7ca9d55c7cd75eb83056d8|6a7caadc5c7cd75eb840f540|6a7cab5e5c7cd75eb84929ca,/airbuds/Anker-Soundcore-R50i-e-medium (2).webp|/airbuds2/Anker-Soundcore-R50i-e-medium (2).webp|/airbuds3/Anker-Soundcore-R50i-e-medium (2).webp,Anker-Soundcore-R50i-e-medium (2).webp|Anker-Soundcore-R50i-e-medium (2).webp|Anker-Soundcore-R50i-e-medium (2).webp,2718,145,145
2722|145|145|anker-soundcore-liberty-5-pro-max-medium (2).webp,same name + size + dimensions,2,6a7caadb5c7cd75eb840f031|6a7cab5e5c7cd75eb8492cbf,/airbuds2/Anker-Soundcore-Liberty-5-Pro-Max-medium (2).webp|/airbuds3/Anker-Soundcore-Liberty-5-Pro-Max-medium (2).webp,Anker-Soundcore-Liberty-5-Pro-Max-medium (2).webp|Anker-Soundcore-Liberty-5-Pro-Max-medium (2).webp,2722,145,145
2748|145|145|tecno-spark-50-4g-b-medium (2).webp,same name + size + dimensions,2,6a7b697f5c7cd75eb8e188c1|6a7b6a8a5c7cd75eb8e71de5,/ecommerce/All Tecno Smartphones - Price in Kenya/Tecno-Spark-50-4G-b-medium (2).webp|/ecommerce/Tecno-2/All Tecno Smartphones - Price in Kenya/Tecno-Spark-50-4G-b-medium (2).webp,Tecno-Spark-50-4G-b-medium (2).webp|Tecno-Spark-50-4G-b-medium (2).webp,2748,145,145
279|24|24|default (10).svg,same name + size + dimensions,14,6a7ba9875c7cd75eb826522a|6a7b6cca5c7cd75eb8f3e9ba|6a7b697f5c7cd75eb8e187d2|6a7b63425c7cd75eb8b31e77|6a7ba8995c7cd75eb81876f1|6a7ba8435c7cd75eb8138d43|6a7ba80c5c7cd75eb810885a|6a7ba7bc5c7cd75eb80c0c81|6a7ba7705c7cd75eb807829e|6a7ba71a5c7cd75eb802f9ce|6a7ba6db5c7cd75eb8ff4fb0|6a7ba6a35c7cd75eb8fc19b3|6a7ba8c85c7cd75eb81b1516|6a7b6a835c7cd75eb8e6fc70,/ecommerce/All iOS Smartphones - Price in Kenya/default (10).svg|/ecommerce/All Tecno Smartphones - Price in Kenya (2)/default (10).svg|/ecommerce/All Tecno Smartphones - Price in Kenya/default (10).svg|/ecommerce/All Xiaomi Smartphones - Price in Kenya (2)/default (10).svg|/ecommerce/samsung/All Samsung Smartphones - Price in Kenya (1)/default (10).svg|/ecommerce/samsung/All Samsung Smartphones - Price in Kenya (2)/default (10).svg|/ecommerce/samsung/All Samsung Smartphones - Price in Kenya (3)/default (10).svg|/ecommerce/samsung/All Samsung Smartphones - Price in Kenya (4)/default (10).svg|/ecommerce/samsung/All Samsung Smartphones - Price in Kenya (5)/default (10).svg|/ecommerce/samsung/All Samsung Smartphones - Price in Kenya (6)/default (10).svg|/ecommerce/samsung/All Samsung Smartphones - Price in Kenya (7)/default (10).svg|/ecommerce/samsung/All Samsung Smartphones - Price in Kenya (8)/default (10).svg|/ecommerce/samsung/All Samsung Smartphones - Price in Kenya/default (10).svg|/ecommerce/Tecno-2/All Tecno Smartphones - Price in Kenya/default (10).svg,default (10).svg|default (10).svg|default (10).svg|default (10).svg|default (10).svg|default (10).svg|default (10).svg|default (10).svg|default (10).svg|default (10).svg|default (10).svg|default (10).svg|default (10).svg|default (10).svg,279,24,24
279|24|24|download (10).svg,same name + size + dimensions,13,6a7ca9d55c7cd75eb830581c|6a7caadb5c7cd75eb840ef94|6a7cab5e5c7cd75eb8492e2e|6a7cabb15c7cd75eb84e9e14|6a7caf675c7cd75eb88bf31d|6a7c25d75c7cd75eb8530be9|6a7c24ec5c7cd75eb84c4e36|6a7cac9d5c7cd75eb85d30d3|6a7cadd15c7cd75eb8709b29|6a7cae075c7cd75eb8740b95|6a7caeb85c7cd75eb87f8ff5|6a7caeec5c7cd75eb883743f|6a7c23535c7cd75eb8406d1c,/airbuds/download (10).svg|/airbuds2/download (10).svg|/airbuds3/download (10).svg|/airbuds4/download (10).svg|/airbuds5/download (10).svg|/Bts/download (10).svg|/itel/download (10).svg|/Oppo2/download (10).svg|/Oppo3/download (10).svg|/Oppo4/download (10).svg|/Oppo5/download (10).svg|/Oppo6/download (10).svg|/tvs/download (10).svg,download (10).svg|download (10).svg|download (10).svg|download (10).svg|download (10).svg|download (10).svg|download (10).svg|download (10).svg|download (10).svg|download (10).svg|download (10).svg|download (10).svg|download (10).svg,279,24,24
279|24|24|download (27).svg,same name + size + dimensions,2,6a7c25d75c7cd75eb8530bae|6a7c23535c7cd75eb8406ce5,/Bts/download (27).svg|/tvs/download (27).svg,download (27).svg|download (27).svg,279,24,24
279|24|24|download (28).svg,same name + size + dimensions,2,6a7ca9d65c7cd75eb8306c1b|6a7c24ec5c7cd75eb84c4c07,/airbuds/download (28).svg|/itel/download (28).svg,download (28).svg|download (28).svg,279,24,24
2816|145|145|tecno-spark-30-a-medium (2).webp,same name + size + dimensions,2,6a7b697e5c7cd75eb8e184f0|6a7b6a895c7cd75eb8e7199e,/ecommerce/All Tecno Smartphones - Price in Kenya/Tecno-Spark-30-a-medium (2).webp|/ecommerce/Tecno-2/All Tecno Smartphones - Price in Kenya/Tecno-Spark-30-a-medium (2).webp,Tecno-Spark-30-a-medium (2).webp|Tecno-Spark-30-a-medium (2).webp,2816,145,145
2820|320|320|anker-soundcore-p30i-f-medium (1).webp,same name + size + dimensions,3,6a7ca9d45c7cd75eb83053b3|6a7caadb5c7cd75eb840eebf|6a7cab5e5c7cd75eb8492e6e,/airbuds/Anker-Soundcore-P30i-f-medium (1).webp|/airbuds2/Anker-Soundcore-P30i-f-medium (1).webp|/airbuds3/Anker-Soundcore-P30i-f-medium (1).webp,Anker-Soundcore-P30i-f-medium (1).webp|Anker-Soundcore-P30i-f-medium (1).webp|Anker-Soundcore-P30i-f-medium (1).webp,2820,320,320
2830|320|320|apple-airpods-2-bk5t8ltfq7-medium (1).webp,same name + size + dimensions,2,6a7caadc5c7cd75eb840f58f|6a7cab5e5c7cd75eb84929ed,/airbuds2/apple-airpods-2-BK5t8LTfq7-medium (1).webp|/airbuds3/apple-airpods-2-BK5t8LTfq7-medium (1).webp,apple-airpods-2-BK5t8LTfq7-medium (1).webp|apple-airpods-2-BK5t8LTfq7-medium (1).webp,2830,320,320
2832|145|145|tecno-pova-curve-2-medium (2).webp,same name + size + dimensions,2,6a7b69805c7cd75eb8e19111|6a7b6a895c7cd75eb8e71737,/ecommerce/All Tecno Smartphones - Price in Kenya/Tecno-Pova-Curve-2-medium (2).webp|/ecommerce/Tecno-2/All Tecno Smartphones - Price in Kenya/Tecno-Pova-Curve-2-medium (2).webp,Tecno-Pova-Curve-2-medium (2).webp|Tecno-Pova-Curve-2-medium (2).webp,2832,145,145
2836|145|145|tecno-pop-20-a-medium (2).webp,same name + size + dimensions,2,6a7b69805c7cd75eb8e190ac|6a7b6a885c7cd75eb8e71090,/ecommerce/All Tecno Smartphones - Price in Kenya/Tecno-Pop-20-a-medium (2).webp|/ecommerce/Tecno-2/All Tecno Smartphones - Price in Kenya/Tecno-Pop-20-a-medium (2).webp,Tecno-Pop-20-a-medium (2).webp|Tecno-Pop-20-a-medium (2).webp,2836,145,145
2850|145|145|tecno-spark-30c-medium (2).webp,same name + size + dimensions,2,6a7b69815c7cd75eb8e1972e|6a7b6a8a5c7cd75eb8e722a6,/ecommerce/All Tecno Smartphones - Price in Kenya/Tecno-Spark-30C-medium (2).webp|/ecommerce/Tecno-2/All Tecno Smartphones - Price in Kenya/Tecno-Spark-30C-medium (2).webp,Tecno-Spark-30C-medium (2).webp|Tecno-Spark-30C-medium (2).webp,2850,145,145
2888|145|145|tecno-pova-8-a-medium (2).webp,same name + size + dimensions,2,6a7b697e5c7cd75eb8e18250|6a7b6a885c7cd75eb8e7110f,/ecommerce/All Tecno Smartphones - Price in Kenya/Tecno-Pova-8-a-medium (2).webp|/ecommerce/Tecno-2/All Tecno Smartphones - Price in Kenya/Tecno-Pova-8-a-medium (2).webp,Tecno-Pova-8-a-medium (2).webp|Tecno-Pova-8-a-medium (2).webp,2888,145,145
2894|100|50|huawei-logo-original (2).webp,same name + size + dimensions,10,6a7ca9de5c7cd75eb830f792|6a7caadc5c7cd75eb84101f9|6a7cab5e5c7cd75eb84929fc|6a7cabb15c7cd75eb84e9f74|6a7caf675c7cd75eb88bf320|6a7c24ec5c7cd75eb84c4fd8|6a7cac9d5c7cd75eb85d3665|6a7cadd25c7cd75eb870a017|6a7caeb85c7cd75eb87f921f|6a7caeed5c7cd75eb8837f19,/airbuds/huawei-logo-original (2).webp|/airbuds2/huawei-logo-original (2).webp|/airbuds3/huawei-logo-original (2).webp|/airbuds4/huawei-logo-original (2).webp|/airbuds5/huawei-logo-original (2).webp|/itel/huawei-logo-original (2).webp|/Oppo2/huawei-logo-original (2).webp|/Oppo3/huawei-logo-original (2).webp|/Oppo5/huawei-logo-original (2).webp|/Oppo6/huawei-logo-original (2).webp,huawei-logo-original (2).webp|huawei-logo-original (2).webp|huawei-logo-original (2).webp|huawei-logo-original (2).webp|huawei-logo-original (2).webp|huawei-logo-original (2).webp|huawei-logo-original (2).webp|huawei-logo-original (2).webp|huawei-logo-original (2).webp|huawei-logo-original (2).webp,2894,100,50
291|24|24|default (6).svg,same name + size + dimensions,14,6a7ba9875c7cd75eb8264b3e|6a7b6cca5c7cd75eb8f3ea55|6a7b69805c7cd75eb8e1903b|6a7b63445c7cd75eb8b329cd|6a7ba89a5c7cd75eb81883fa|6a7ba8695c7cd75eb815afc4|6a7ba80c5c7cd75eb81088e8|6a7ba7bc5c7cd75eb80c0cc9|6a7ba7755c7cd75eb807d3e9|6a7ba71a5c7cd75eb802fc15|6a7ba6db5c7cd75eb8ff4feb|6a7ba6a45c7cd75eb8fc2044|6a7ba8c85c7cd75eb81b164d|6a7b6a845c7cd75eb8e6ff3a,/ecommerce/All iOS Smartphones - Price in Kenya/default (6).svg|/ecommerce/All Tecno Smartphones - Price in Kenya (2)/default (6).svg|/ecommerce/All Tecno Smartphones - Price in Kenya/default (6).svg|/ecommerce/All Xiaomi Smartphones - Price in Kenya (2)/default (6).svg|/ecommerce/samsung/All Samsung Smartphones - Price in Kenya (1)/default (6).svg|/ecommerce/samsung/All Samsung Smartphones - Price in Kenya (2)/default (6).svg|/ecommerce/samsung/All Samsung Smartphones - Price in Kenya (3)/default (6).svg|/ecommerce/samsung/All Samsung Smartphones - Price in Kenya (4)/default (6).svg|/ecommerce/samsung/All Samsung Smartphones - Price in Kenya (5)/default (6).svg|/ecommerce/samsung/All Samsung Smartphones - Price in Kenya (6)/default (6).svg|/ecommerce/samsung/All Samsung Smartphones - Price in Kenya (7)/default (6).svg|/ecommerce/samsung/All Samsung Smartphones - Price in Kenya (8)/default (6).svg|/ecommerce/samsung/All Samsung Smartphones - Price in Kenya/default (6).svg|/ecommerce/Tecno-2/All Tecno Smartphones - Price in Kenya/default (6).svg,default (6).svg|default (6).svg|default (6).svg|default (6).svg|default (6).svg|default (6).svg|default (6).svg|default (6).svg|default (6).svg|default (6).svg|default (6).svg|default (6).svg|default (6).svg|default (6).svg,291,24,24
291|24|24|download (23).svg,same name + size + dimensions,2,6a7c25d75c7cd75eb8530cac|6a7c23535c7cd75eb8406c49,/Bts/download (23).svg|/tvs/download (23).svg,download (23).svg|download (23).svg,291,24,24
291|24|24|download (24).svg,same name + size + dimensions,2,6a7ca9d55c7cd75eb8305978|6a7c24ec5c7cd75eb84c4cbb,/airbuds/download (24).svg|/itel/download (24).svg,download (24).svg|download (24).svg,291,24,24
291|24|24|download (6).svg,same name + size + dimensions,13,6a7ca9d75c7cd75eb830882f|6a7caadc5c7cd75eb840fd4c|6a7cab5e5c7cd75eb8493316|6a7cabb15c7cd75eb84e9a9f|6a7caf675c7cd75eb88bf244|6a7c25d95c7cd75eb8531b7b|6a7c24ec5c7cd75eb84c4f57|6a7cac9d5c7cd75eb85d30d1|6a7cadd15c7cd75eb870921e|6a7cae075c7cd75eb8740d11|6a7caeb85c7cd75eb87f9213|6a7caeed5c7cd75eb8837f33|6a7c236d5c7cd75eb84130f3,/airbuds/download (6).svg|/airbuds2/download (6).svg|/airbuds3/download (6).svg|/airbuds4/download (6).svg|/airbuds5/download (6).svg|/Bts/download (6).svg|/itel/download (6).svg|/Oppo2/download (6).svg|/Oppo3/download (6).svg|/Oppo4/download (6).svg|/Oppo5/download (6).svg|/Oppo6/download (6).svg|/tvs/download (6).svg,download (6).svg|download (6).svg|download (6).svg|download (6).svg|download (6).svg|download (6).svg|download (6).svg|download (6).svg|download (6).svg|download (6).svg|download (6).svg|download (6).svg|download (6).svg,291,24,24
291|24|24|search.7d254c6 (1).svg,same name + size + dimensions,3,6a7c26215c7cd75eb85526aa|6a7c25665c7cd75eb84fb3b9|6a7c23df5c7cd75eb844b7ac,/Bts/search.7d254c6 (1).svg|/itel/search.7d254c6 (1).svg|/tvs/search.7d254c6 (1).svg,search.7d254c6 (1).svg|search.7d254c6 (1).svg|search.7d254c6 (1).svg,291,24,24
291|24|24|search.7d254c6.svg,same name + size + dimensions,23,6a7ca9e75c7cd75eb8317eb3|6a7caae55c7cd75eb84186d5|6a7cab675c7cd75eb849d666|6a7cabbb5c7cd75eb84f2da6|6a7caf715c7cd75eb88caf7d|6a7c26215c7cd75eb8552665|6a7ba9b55c7cd75eb8298754|6a7b697e5c7cd75eb8e18500|6a7b63455c7cd75eb8b335f4|6a7ba8c85c7cd75eb81b14e5|6a7ba8985c7cd75eb8185f8e|6a7ba8425c7cd75eb8137d9e|6a7ba80c5c7cd75eb8108860|6a7ba7705c7cd75eb80781ab|6a7ba7195c7cd75eb802e3a5|6a7ba6db5c7cd75eb8ff4f96|6a7ba8f85c7cd75eb81df40c|6a7b6a8a5c7cd75eb8e71d9e|6a7c25665c7cd75eb84fb22f|6a7caca95c7cd75eb85df4b0|6a7caec25c7cd75eb8803f52|6a7caef95c7cd75eb88465d8|6a7c23df5c7cd75eb844b851,/airbuds/search.7d254c6.svg|/airbuds2/search.7d254c6.svg|/airbuds3/search.7d254c6.svg|/airbuds4/search.7d254c6.svg|/airbuds5/search.7d254c6.svg|/Bts/search.7d254c6.svg|/ecommerce/All iOS Smartphones - Price in Kenya/search.7d254c6.svg|/ecommerce/All Tecno Smartphones - Price in Kenya/search.7d254c6.svg|/ecommerce/All Xiaomi Smartphones - Price in Kenya (2)/search.7d254c6.svg|/ecommerce/samsung/All Samsung Smartphones - Price in Kenya (1)/search.7d254c6.svg|/ecommerce/samsung/All Samsung Smartphones - Price in Kenya (2)/search.7d254c6.svg|/ecommerce/samsung/All Samsung Smartphones - Price in Kenya (3)/search.7d254c6.svg|/ecommerce/samsung/All Samsung Smartphones - Price in Kenya (4)/search.7d254c6.svg|/ecommerce/samsung/All Samsung Smartphones - Price in Kenya (6)/search.7d254c6.svg|/ecommerce/samsung/All Samsung Smartphones - Price in Kenya (7)/search.7d254c6.svg|/ecommerce/samsung/All Samsung Smartphones - Price in Kenya (8)/search.7d254c6.svg|/ecommerce/samsung/All Samsung Smartphones - Price in Kenya/search.7d254c6.svg|/ecommerce/Tecno-2/All Tecno Smartphones - Price in Kenya/search.7d254c6.svg|/itel/search.7d254c6.svg|/Oppo2/search.7d254c6.svg|/Oppo5/search.7d254c6.svg|/Oppo6/search.7d254c6.svg|/tvs/search.7d254c6.svg,search.7d254c6.svg|search.7d254c6.svg|search.7d254c6.svg|search.7d254c6.svg|search.7d254c6.svg|search.7d254c6.svg|search.7d254c6.svg|search.7d254c6.svg|search.7d254c6.svg|search.7d254c6.svg|search.7d254c6.svg|search.7d254c6.svg|search.7d254c6.svg|search.7d254c6.svg|search.7d254c6.svg|search.7d254c6.svg|search.7d254c6.svg|search.7d254c6.svg|search.7d254c6.svg|search.7d254c6.svg|search.7d254c6.svg|search.7d254c6.svg|search.7d254c6.svg,291,24,24
2918|320|320|galaxy-buds-core-c-medium (1).webp,same name + size + dimensions,3,6a7ca9dc5c7cd75eb830d353|6a7caadc5c7cd75eb840feab|6a7cab5e5c7cd75eb849327a,/airbuds/galaxy-buds-core-c-medium (1).webp|/airbuds2/galaxy-buds-core-c-medium (1).webp|/airbuds3/galaxy-buds-core-c-medium (1).webp,galaxy-buds-core-c-medium (1).webp|galaxy-buds-core-c-medium (1).webp|galaxy-buds-core-c-medium (1).webp,2918,320,320
2942|320|320|oneplus-buds-pro-7bkrjvu59n-medium.webp,same name + size + dimensions,3,6a7ca9df5c7cd75eb8310ce7|6a7caae55c7cd75eb841863b|6a7cab675c7cd75eb849d4c7,/airbuds/oneplus-buds-pro-7BKRjVu59N-medium.webp|/airbuds2/oneplus-buds-pro-7BKRjVu59N-medium.webp|/airbuds3/oneplus-buds-pro-7BKRjVu59N-medium.webp,oneplus-buds-pro-7BKRjVu59N-medium.webp|oneplus-buds-pro-7BKRjVu59N-medium.webp|oneplus-buds-pro-7BKRjVu59N-medium.webp,2942,320,320
2948|145|145|sony-wf-c710n-c-medium (2).webp,same name + size + dimensions,3,6a7ca9e75c7cd75eb8317ede|6a7caae55c7cd75eb8418712|6a7cab675c7cd75eb849d7a5,/airbuds/Sony-WF-C710N-c-medium (2).webp|/airbuds2/Sony-WF-C710N-c-medium (2).webp|/airbuds3/Sony-WF-C710N-c-medium (2).webp,Sony-WF-C710N-c-medium (2).webp|Sony-WF-C710N-c-medium (2).webp|Sony-WF-C710N-c-medium (2).webp,2948,145,145
2976|145|145|galaxyzflip4q-medium (4).webp,same name + size + dimensions,2,6a7ba89a5c7cd75eb8188744|6a7ba86c5c7cd75eb815df2c,/ecommerce/samsung/All Samsung Smartphones - Price in Kenya (1)/galaxyzflip4q-medium (4).webp|/ecommerce/samsung/All Samsung Smartphones - Price in Kenya (2)/galaxyzflip4q-medium (4).webp,galaxyzflip4q-medium (4).webp|galaxyzflip4q-medium (4).webp,2976,145,145
2976|145|145|galaxyzflip4q-medium (5).webp,same name + size + dimensions,2,6a7ba89a5c7cd75eb8188898|6a7ba86c5c7cd75eb815df21,/ecommerce/samsung/All Samsung Smartphones - Price in Kenya (1)/galaxyzflip4q-medium (5).webp|/ecommerce/samsung/All Samsung Smartphones - Price in Kenya (2)/galaxyzflip4q-medium (5).webp,galaxyzflip4q-medium (5).webp|galaxyzflip4q-medium (5).webp,2976,145,145
2976|145|145|tecno-camon-30s-medium (2).webp,same name + size + dimensions,2,6a7b697d5c7cd75eb8e17e29|6a7b6a845c7cd75eb8e6ff26,/ecommerce/All Tecno Smartphones - Price in Kenya/Tecno-Camon-30S-medium (2).webp|/ecommerce/Tecno-2/All Tecno Smartphones - Price in Kenya/Tecno-Camon-30S-medium (2).webp,Tecno-Camon-30S-medium (2).webp|Tecno-Camon-30S-medium (2).webp,2976,145,145
3016|320|320|airpods-4-b-medium (1).webp,same name + size + dimensions,4,6a7ca9d55c7cd75eb83056db|6a7caadb5c7cd75eb840e881|6a7cab5e5c7cd75eb8492260|6a7cabb05c7cd75eb84e84f9,/airbuds/AirPods-4-b-medium (1).webp|/airbuds2/AirPods-4-b-medium (1).webp|/airbuds3/AirPods-4-b-medium (1).webp|/airbuds4/AirPods-4-b-medium (1).webp,AirPods-4-b-medium (1).webp|AirPods-4-b-medium (1).webp|AirPods-4-b-medium (1).webp|AirPods-4-b-medium (1).webp,3016,320,320
3018|320|320|airpods-pro-3-a-medium (1).webp,same name + size + dimensions,3,6a7ca9d45c7cd75eb8305431|6a7caadb5c7cd75eb840e925|6a7cab5e5c7cd75eb8492b30,/airbuds/airpods-pro-3-a-medium (1).webp|/airbuds2/airpods-pro-3-a-medium (1).webp|/airbuds3/airpods-pro-3-a-medium (1).webp,airpods-pro-3-a-medium (1).webp|airpods-pro-3-a-medium (1).webp|airpods-pro-3-a-medium (1).webp,3018,320,320
3028|320|320|oneplus-buds-pro-2-e-medium (1).webp,same name + size + dimensions,2,6a7caae45c7cd75eb8418293|6a7cab675c7cd75eb849d474,/airbuds2/Oneplus-Buds-Pro-2-e-medium (1).webp|/airbuds3/Oneplus-Buds-Pro-2-e-medium (1).webp,Oneplus-Buds-Pro-2-e-medium (1).webp|Oneplus-Buds-Pro-2-e-medium (1).webp,3028,320,320
3036|100|50|google-logo-original (2).webp,same name + size + dimensions,10,6a7ca9de5c7cd75eb830f30e|6a7caadc5c7cd75eb840fd62|6a7cab5e5c7cd75eb8493121|6a7cabb15c7cd75eb84e9a37|6a7caf675c7cd75eb88bf24c|6a7c24ec5c7cd75eb84c4ed6|6a7cac9d5c7cd75eb85d32fd|6a7cadd25c7cd75eb8709dff|6a7caeb85c7cd75eb87f91d9|6a7caeed5c7cd75eb8837dd7,/airbuds/google-logo-original (2).webp|/airbuds2/google-logo-original (2).webp|/airbuds3/google-logo-original (2).webp|/airbuds4/google-logo-original (2).webp|/airbuds5/google-logo-original (2).webp|/itel/google-logo-original (2).webp|/Oppo2/google-logo-original (2).webp|/Oppo3/google-logo-original (2).webp|/Oppo5/google-logo-original (2).webp|/Oppo6/google-logo-original (2).webp,google-logo-original (2).webp|google-logo-original (2).webp|google-logo-original (2).webp|google-logo-original (2).webp|google-logo-original (2).webp|google-logo-original (2).webp|google-logo-original (2).webp|google-logo-original (2).webp|google-logo-original (2).webp|google-logo-original (2).webp,3036,100,50
3036|100|50|google-logo-original (5).webp,same name + size + dimensions,2,6a7ca9de5c7cd75eb830f28b|6a7c24ec5c7cd75eb84c4fb6,/airbuds/google-logo-original (5).webp|/itel/google-logo-original (5).webp,google-logo-original (5).webp|google-logo-original (5).webp,3036,100,50
3048|145|145|tecnophantomvflip-medium (2).webp,same name + size + dimensions,2,6a7b69825c7cd75eb8e19ab1|6a7b6a8b5c7cd75eb8e72f35,/ecommerce/All Tecno Smartphones - Price in Kenya/tecnophantomvflip-medium (2).webp|/ecommerce/Tecno-2/All Tecno Smartphones - Price in Kenya/tecnophantomvflip-medium (2).webp,tecnophantomvflip-medium (2).webp|tecnophantomvflip-medium (2).webp,3048,145,145
3054|145|145|jbl-tune-buds-2-m-medium (2).webp,same name + size + dimensions,3,6a7ca9de5c7cd75eb830fdc3|6a7caade5c7cd75eb8412000|6a7cab5e5c7cd75eb84937b0,/airbuds/JBL-Tune-Buds-2-m-medium (2).webp|/airbuds2/JBL-Tune-Buds-2-m-medium (2).webp|/airbuds3/JBL-Tune-Buds-2-m-medium (2).webp,JBL-Tune-Buds-2-m-medium (2).webp|JBL-Tune-Buds-2-m-medium (2).webp|JBL-Tune-Buds-2-m-medium (2).webp,3054,145,145
3082|145|145|tecno-camon-40-premier-a-medium (2).webp,same name + size + dimensions,2,6a7b697c5c7cd75eb8e17a04|6a7b6a845c7cd75eb8e700c8,/ecommerce/All Tecno Smartphones - Price in Kenya/Tecno-Camon-40-Premier-a-medium (2).webp|/ecommerce/Tecno-2/All Tecno Smartphones - Price in Kenya/Tecno-Camon-40-Premier-a-medium (2).webp,Tecno-Camon-40-Premier-a-medium (2).webp|Tecno-Camon-40-Premier-a-medium (2).webp,3082,145,145
3084|320|320|samsung-galaxy-buds-2-mqhutvztuu-medium (1).webp,same name + size + dimensions,2,6a7caae55c7cd75eb84186aa|6a7cab675c7cd75eb849d529,/airbuds2/samsung-galaxy-buds-2-MqHutVZtUU-medium (1).webp|/airbuds3/samsung-galaxy-buds-2-MqHutVZtUU-medium (1).webp,samsung-galaxy-buds-2-MqHutVZtUU-medium (1).webp|samsung-galaxy-buds-2-MqHutVZtUU-medium (1).webp,3084,320,320
3098|320|320|samsung-galaxy-a56-medium (1).webp,same name + size + dimensions,2,6a7ba8c55c7cd75eb81ae585|6a7ba86c5c7cd75eb815e217,/ecommerce/samsung/All Samsung Smartphones - Price in Kenya (1)/Samsung-Galaxy-A56-medium (1).webp|/ecommerce/samsung/All Samsung Smartphones - Price in Kenya (2)/Samsung-Galaxy-A56-medium (1).webp,Samsung-Galaxy-A56-medium (1).webp|Samsung-Galaxy-A56-medium (1).webp,3098,320,320
3108|320|320|samsung-galaxy-buds-3-d-medium (1).webp,same name + size + dimensions,2,6a7caae55c7cd75eb841867a|6a7cab675c7cd75eb849d4df,/airbuds2/Samsung-Galaxy-Buds-3-d-medium (1).webp|/airbuds3/Samsung-Galaxy-Buds-3-d-medium (1).webp,Samsung-Galaxy-Buds-3-d-medium (1).webp|Samsung-Galaxy-Buds-3-d-medium (1).webp,3108,320,320
311|24|24|default (7).svg,same name + size + dimensions,14,6a7ba9875c7cd75eb8265233|6a7b6cca5c7cd75eb8f3eaaf|6a7b697d5c7cd75eb8e1805e|6a7b63445c7cd75eb8b32a51|6a7ba89a5c7cd75eb81883f7|6a7ba8695c7cd75eb815afc9|6a7ba80c5c7cd75eb81088fc|6a7ba7bc5c7cd75eb80c0cd7|6a7ba7755c7cd75eb807d441|6a7ba71a5c7cd75eb802fcd8|6a7ba6db5c7cd75eb8ff4fd8|6a7ba6a35c7cd75eb8fc10d6|6a7ba8c85c7cd75eb81b16a0|6a7b6a845c7cd75eb8e6ff56,/ecommerce/All iOS Smartphones - Price in Kenya/default (7).svg|/ecommerce/All Tecno Smartphones - Price in Kenya (2)/default (7).svg|/ecommerce/All Tecno Smartphones - Price in Kenya/default (7).svg|/ecommerce/All Xiaomi Smartphones - Price in Kenya (2)/default (7).svg|/ecommerce/samsung/All Samsung Smartphones - Price in Kenya (1)/default (7).svg|/ecommerce/samsung/All Samsung Smartphones - Price in Kenya (2)/default (7).svg|/ecommerce/samsung/All Samsung Smartphones - Price in Kenya (3)/default (7).svg|/ecommerce/samsung/All Samsung Smartphones - Price in Kenya (4)/default (7).svg|/ecommerce/samsung/All Samsung Smartphones - Price in Kenya (5)/default (7).svg|/ecommerce/samsung/All Samsung Smartphones - Price in Kenya (6)/default (7).svg|/ecommerce/samsung/All Samsung Smartphones - Price in Kenya (7)/default (7).svg|/ecommerce/samsung/All Samsung Smartphones - Price in Kenya (8)/default (7).svg|/ecommerce/samsung/All Samsung Smartphones - Price in Kenya/default (7).svg|/ecommerce/Tecno-2/All Tecno Smartphones - Price in Kenya/default (7).svg,default (7).svg|default (7).svg|default (7).svg|default (7).svg|default (7).svg|default (7).svg|default (7).svg|default (7).svg|default (7).svg|default (7).svg|default (7).svg|default (7).svg|default (7).svg|default (7).svg,311,24,24
311|24|24|download (24).svg,same name + size + dimensions,2,6a7c25d75c7cd75eb8530ba8|6a7c23535c7cd75eb8406d32,/Bts/download (24).svg|/tvs/download (24).svg,download (24).svg|download (24).svg,311,24,24
311|24|24|download (25).svg,same name + size + dimensions,2,6a7ca9d65c7cd75eb8306f18|6a7c24ec5c7cd75eb84c4d74,/airbuds/download (25).svg|/itel/download (25).svg,download (25).svg|download (25).svg,311,24,24
311|24|24|download (7).svg,same name + size + dimensions,13,6a7ca9d85c7cd75eb8309218|6a7caadc5c7cd75eb840fdc3|6a7cab5e5c7cd75eb84929de|6a7cabb15c7cd75eb84ea00f|6a7caf655c7cd75eb88bd9a3|6a7c25d95c7cd75eb8531bfb|6a7c24ec5c7cd75eb84c4e8f|6a7cac9d5c7cd75eb85d30c3|6a7cadd05c7cd75eb870919c|6a7cae085c7cd75eb8741027|6a7caeb85c7cd75eb87f90d8|6a7caeed5c7cd75eb88377df|6a7c236d5c7cd75eb84136d4,/airbuds/download (7).svg|/airbuds2/download (7).svg|/airbuds3/download (7).svg|/airbuds4/download (7).svg|/airbuds5/download (7).svg|/Bts/download (7).svg|/itel/download (7).svg|/Oppo2/download (7).svg|/Oppo3/download (7).svg|/Oppo4/download (7).svg|/Oppo5/download (7).svg|/Oppo6/download (7).svg|/tvs/download (7).svg,download (7).svg|download (7).svg|download (7).svg|download (7).svg|download (7).svg|download (7).svg|download (7).svg|download (7).svg|download (7).svg|download (7).svg|download (7).svg|download (7).svg|download (7).svg,311,24,24
3110|145|145|samsung-galaxy-m56-a-medium (2).webp,same name + size + dimensions,2,6a7ba8c65c7cd75eb81b028d|6a7ba86f5c7cd75eb8160c4f,/ecommerce/samsung/All Samsung Smartphones - Price in Kenya (1)/Samsung-Galaxy-M56-a-medium (2).webp|/ecommerce/samsung/All Samsung Smartphones - Price in Kenya (2)/Samsung-Galaxy-M56-a-medium (2).webp,Samsung-Galaxy-M56-a-medium (2).webp|Samsung-Galaxy-M56-a-medium (2).webp,3110,145,145
3116|145|145|tecno-camon-40-proa-medium (2).webp,same name + size + dimensions,2,6a7b697c5c7cd75eb8e179fe|6a7b6a845c7cd75eb8e70114,/ecommerce/All Tecno Smartphones - Price in Kenya/Tecno-Camon-40-Proa-medium (2).webp|/ecommerce/Tecno-2/All Tecno Smartphones - Price in Kenya/Tecno-Camon-40-Proa-medium (2).webp,Tecno-Camon-40-Proa-medium (2).webp|Tecno-Camon-40-Proa-medium (2).webp,3116,145,145
3140|320|160|xiaomi-logo-original (3).webp,same name + size + dimensions,2,6a7c25675c7cd75eb84fb872|6a7c24055c7cd75eb845f65e,/itel/xiaomi-logo-original (3).webp|/tvs/xiaomi-logo-original (3).webp,xiaomi-logo-original (3).webp|xiaomi-logo-original (3).webp,3140,320,160
3140|320|160|xiaomi-logo-original.webp,same name + size + dimensions,7,6a7c25675c7cd75eb84fb8c3|6a7caca75c7cd75eb85dd99a|6a7caddb5c7cd75eb8714108|6a7cae075c7cd75eb8740eee|6a7caec75c7cd75eb88097e6|6a7caefa5c7cd75eb8846aed|6a7c240c5c7cd75eb84623c8,/itel/xiaomi-logo-original.webp|/Oppo2/xiaomi-logo-original.webp|/Oppo3/xiaomi-logo-original.webp|/Oppo4/xiaomi-logo-original.webp|/Oppo5/xiaomi-logo-original.webp|/Oppo6/xiaomi-logo-original.webp|/tvs/xiaomi-logo-original.webp,xiaomi-logo-original.webp|xiaomi-logo-original.webp|xiaomi-logo-original.webp|xiaomi-logo-original.webp|xiaomi-logo-original.webp|xiaomi-logo-original.webp|xiaomi-logo-original.webp,3140,320,160
3154|320|320|samsung-galaxy-z-flip-7-a-medium (2).webp,same name + size + dimensions,2,6a7ba8c85c7cd75eb81b13ff|6a7ba8925c7cd75eb817f4b0,/ecommerce/samsung/All Samsung Smartphones - Price in Kenya (1)/Samsung-Galaxy-Z-Flip-7-a-medium (2).webp|/ecommerce/samsung/All Samsung Smartphones - Price in Kenya (2)/Samsung-Galaxy-Z-Flip-7-a-medium (2).webp,Samsung-Galaxy-Z-Flip-7-a-medium (2).webp|Samsung-Galaxy-Z-Flip-7-a-medium (2).webp,3154,320,320
3154|320|320|samsung-galaxy-z-flip-7-a-medium (3).webp,same name + size + dimensions,2,6a7ba8c85c7cd75eb81b1420|6a7ba8965c7cd75eb8184287,/ecommerce/samsung/All Samsung Smartphones - Price in Kenya (1)/Samsung-Galaxy-Z-Flip-7-a-medium (3).webp|/ecommerce/samsung/All Samsung Smartphones - Price in Kenya (2)/Samsung-Galaxy-Z-Flip-7-a-medium (3).webp,Samsung-Galaxy-Z-Flip-7-a-medium (3).webp|Samsung-Galaxy-Z-Flip-7-a-medium (3).webp,3154,320,320
3178|320|160|jbl-logo-original (1).webp,same name + size + dimensions,6,6a7ca9de5c7cd75eb830fd95|6a7caade5c7cd75eb8412b93|6a7cab5e5c7cd75eb8492a97|6a7cabb15c7cd75eb84e9e29|6a7caf665c7cd75eb88bdf1f|6a7c26015c7cd75eb8542aa4,/airbuds/jbl-logo-original (1).webp|/airbuds2/jbl-logo-original (1).webp|/airbuds3/jbl-logo-original (1).webp|/airbuds4/jbl-logo-original (1).webp|/airbuds5/jbl-logo-original (1).webp|/Bts/jbl-logo-original (1).webp,jbl-logo-original (1).webp|jbl-logo-original (1).webp|jbl-logo-original (1).webp|jbl-logo-original (1).webp|jbl-logo-original (1).webp|jbl-logo-original (1).webp,3178,320,160
3178|320|160|jbl-logo-original (4).webp,same name + size + dimensions,2,6a7ca9de5c7cd75eb830fca7|6a7c26025c7cd75eb8542ede,/airbuds/jbl-logo-original (4).webp|/Bts/jbl-logo-original (4).webp,jbl-logo-original (4).webp|jbl-logo-original (4).webp,3178,320,160
3184|145|145|anker-soundcore-liberty-4-nc-c-medium (2).webp,same name + size + dimensions,3,6a7ca9d55c7cd75eb83056f7|6a7caadc5c7cd75eb840f167|6a7cab5e5c7cd75eb8492b94,/airbuds/Anker-Soundcore-Liberty-4-NC-c-medium (2).webp|/airbuds2/Anker-Soundcore-Liberty-4-NC-c-medium (2).webp|/airbuds3/Anker-Soundcore-Liberty-4-NC-c-medium (2).webp,Anker-Soundcore-Liberty-4-NC-c-medium (2).webp|Anker-Soundcore-Liberty-4-NC-c-medium (2).webp|Anker-Soundcore-Liberty-4-NC-c-medium (2).webp,3184,145,145
3208|320|320|samsung-galaxy-a07-4c-medium (3).webp,same name + size + dimensions,2,6a7ba89a5c7cd75eb818890f|6a7ba86c5c7cd75eb815df57,/ecommerce/samsung/All Samsung Smartphones - Price in Kenya (1)/Samsung-Galaxy-A07-4c-medium (3).webp|/ecommerce/samsung/All Samsung Smartphones - Price in Kenya (2)/Samsung-Galaxy-A07-4c-medium (3).webp,Samsung-Galaxy-A07-4c-medium (3).webp|Samsung-Galaxy-A07-4c-medium (3).webp,3208,320,320
3208|320|320|samsung-galaxy-a07-4c-medium (4).webp,same name + size + dimensions,2,6a7ba89d5c7cd75eb818b61d|6a7ba86c5c7cd75eb815df6b,/ecommerce/samsung/All Samsung Smartphones - Price in Kenya (1)/Samsung-Galaxy-A07-4c-medium (4).webp|/ecommerce/samsung/All Samsung Smartphones - Price in Kenya (2)/Samsung-Galaxy-A07-4c-medium (4).webp,Samsung-Galaxy-A07-4c-medium (4).webp|Samsung-Galaxy-A07-4c-medium (4).webp,3208,320,320
3208|320|320|samsung-galaxy-a07-4c-medium (5).webp,same name + size + dimensions,2,6a7ba89d5c7cd75eb818b621|6a7ba86c5c7cd75eb815df72,/ecommerce/samsung/All Samsung Smartphones - Price in Kenya (1)/Samsung-Galaxy-A07-4c-medium (5).webp|/ecommerce/samsung/All Samsung Smartphones - Price in Kenya (2)/Samsung-Galaxy-A07-4c-medium (5).webp,Samsung-Galaxy-A07-4c-medium (5).webp|Samsung-Galaxy-A07-4c-medium (5).webp,3208,320,320
3238|145|145|samsung-galaxy-m36-b-medium (4).webp,same name + size + dimensions,2,6a7ba8c55c7cd75eb81ae5dc|6a7ba86c5c7cd75eb815e226,/ecommerce/samsung/All Samsung Smartphones - Price in Kenya (1)/Samsung-Galaxy-M36-b-medium (4).webp|/ecommerce/samsung/All Samsung Smartphones - Price in Kenya (2)/Samsung-Galaxy-M36-b-medium (4).webp,Samsung-Galaxy-M36-b-medium (4).webp|Samsung-Galaxy-M36-b-medium (4).webp,3238,145,145
3238|145|145|samsung-galaxy-m36-b-medium (5).webp,same name + size + dimensions,2,6a7ba8c55c7cd75eb81ae5d5|6a7ba86f5c7cd75eb8160a59,/ecommerce/samsung/All Samsung Smartphones - Price in Kenya (1)/Samsung-Galaxy-M36-b-medium (5).webp|/ecommerce/samsung/All Samsung Smartphones - Price in Kenya (2)/Samsung-Galaxy-M36-b-medium (5).webp,Samsung-Galaxy-M36-b-medium (5).webp|Samsung-Galaxy-M36-b-medium (5).webp,3238,145,145
3268|145|145|tecnophantomx3-medium (4).webp,same name + size + dimensions,2,6a7b69825c7cd75eb8e19d4d|6a7b6a8c5c7cd75eb8e73db4,/ecommerce/All Tecno Smartphones - Price in Kenya/tecnophantomx3-medium (4).webp|/ecommerce/Tecno-2/All Tecno Smartphones - Price in Kenya/tecnophantomx3-medium (4).webp,tecnophantomx3-medium (4).webp|tecnophantomx3-medium (4).webp,3268,145,145
3268|145|145|tecnophantomx3-medium (5).webp,same name + size + dimensions,2,6a7b69825c7cd75eb8e19d4e|6a7b6a8c5c7cd75eb8e73de3,/ecommerce/All Tecno Smartphones - Price in Kenya/tecnophantomx3-medium (5).webp|/ecommerce/Tecno-2/All Tecno Smartphones - Price in Kenya/tecnophantomx3-medium (5).webp,tecnophantomx3-medium (5).webp|tecnophantomx3-medium (5).webp,3268,145,145
3278|320|160|jbl-logo-original (3).webp,same name + size + dimensions,2,6a7ca9de5c7cd75eb830fd08|6a7c26015c7cd75eb8542a81,/airbuds/jbl-logo-original (3).webp|/Bts/jbl-logo-original (3).webp,jbl-logo-original (3).webp|jbl-logo-original (3).webp,3278,320,160
3278|320|160|jbl-logo-original.webp,same name + size + dimensions,6,6a7ca9de5c7cd75eb830fd28|6a7caadd5c7cd75eb8410da1|6a7cab5e5c7cd75eb84934f3|6a7cabb15c7cd75eb84e9abd|6a7caf675c7cd75eb88bf223|6a7c26015c7cd75eb8542a8f,/airbuds/jbl-logo-original.webp|/airbuds2/jbl-logo-original.webp|/airbuds3/jbl-logo-original.webp|/airbuds4/jbl-logo-original.webp|/airbuds5/jbl-logo-original.webp|/Bts/jbl-logo-original.webp,jbl-logo-original.webp|jbl-logo-original.webp|jbl-logo-original.webp|jbl-logo-original.webp|jbl-logo-original.webp|jbl-logo-original.webp,3278,320,160
3288|320|320|samsung-galaxy-buds-4-a-medium.webp,same name + size + dimensions,3,6a7ca9e75c7cd75eb8317b18|6a7caae55c7cd75eb84186f8|6a7cab675c7cd75eb849d6cb,/airbuds/Samsung-Galaxy-Buds-4-a-medium.webp|/airbuds2/Samsung-Galaxy-Buds-4-a-medium.webp|/airbuds3/Samsung-Galaxy-Buds-4-a-medium.webp,Samsung-Galaxy-Buds-4-a-medium.webp|Samsung-Galaxy-Buds-4-a-medium.webp|Samsung-Galaxy-Buds-4-a-medium.webp,3288,320,320
3308|320|320|oneplusnordbudsced-medium (1).webp,same name + size + dimensions,2,6a7caae55c7cd75eb841868f|6a7cab675c7cd75eb849d59c,/airbuds2/oneplusnordbudsced-medium (1).webp|/airbuds3/oneplusnordbudsced-medium (1).webp,oneplusnordbudsced-medium (1).webp|oneplusnordbudsced-medium (1).webp,3308,320,320
3330|320|320|anker-soundcore-p30i-f-medium.webp,same name + size + dimensions,3,6a7ca9d55c7cd75eb83065f8|6a7caadc5c7cd75eb840f353|6a7cab5e5c7cd75eb84929ec,/airbuds/Anker-Soundcore-P30i-f-medium.webp|/airbuds2/Anker-Soundcore-P30i-f-medium.webp|/airbuds3/Anker-Soundcore-P30i-f-medium.webp,Anker-Soundcore-P30i-f-medium.webp|Anker-Soundcore-P30i-f-medium.webp|Anker-Soundcore-P30i-f-medium.webp,3330,320,320
3342|320|320|apple-airpods-2-bk5t8ltfq7-medium.webp,same name + size + dimensions,2,6a7caadb5c7cd75eb840e9d6|6a7cab5e5c7cd75eb84930d9,/airbuds2/apple-airpods-2-BK5t8LTfq7-medium.webp|/airbuds3/apple-airpods-2-BK5t8LTfq7-medium.webp,apple-airpods-2-BK5t8LTfq7-medium.webp|apple-airpods-2-BK5t8LTfq7-medium.webp,3342,320,320
336|24|24|default (11).svg,same name + size + dimensions,14,6a7ba9875c7cd75eb82651c7|6a7b6cca5c7cd75eb8f3e9b2|6a7b69805c7cd75eb8e1900e|6a7b63455c7cd75eb8b33371|6a7ba8995c7cd75eb81876f7|6a7ba8465c7cd75eb813b64a|6a7ba80c5c7cd75eb810886b|6a7ba7bc5c7cd75eb80c0c63|6a7ba7705c7cd75eb8078229|6a7ba71a5c7cd75eb802fa27|6a7ba6db5c7cd75eb8ff4fba|6a7ba6a35c7cd75eb8fc1942|6a7ba8c85c7cd75eb81b1523|6a7b6a835c7cd75eb8e6fc69,/ecommerce/All iOS Smartphones - Price in Kenya/default (11).svg|/ecommerce/All Tecno Smartphones - Price in Kenya (2)/default (11).svg|/ecommerce/All Tecno Smartphones - Price in Kenya/default (11).svg|/ecommerce/All Xiaomi Smartphones - Price in Kenya (2)/default (11).svg|/ecommerce/samsung/All Samsung Smartphones - Price in Kenya (1)/default (11).svg|/ecommerce/samsung/All Samsung Smartphones - Price in Kenya (2)/default (11).svg|/ecommerce/samsung/All Samsung Smartphones - Price in Kenya (3)/default (11).svg|/ecommerce/samsung/All Samsung Smartphones - Price in Kenya (4)/default (11).svg|/ecommerce/samsung/All Samsung Smartphones - Price in Kenya (5)/default (11).svg|/ecommerce/samsung/All Samsung Smartphones - Price in Kenya (6)/default (11).svg|/ecommerce/samsung/All Samsung Smartphones - Price in Kenya (7)/default (11).svg|/ecommerce/samsung/All Samsung Smartphones - Price in Kenya (8)/default (11).svg|/ecommerce/samsung/All Samsung Smartphones - Price in Kenya/default (11).svg|/ecommerce/Tecno-2/All Tecno Smartphones - Price in Kenya/default (11).svg,default (11).svg|default (11).svg|default (11).svg|default (11).svg|default (11).svg|default (11).svg|default (11).svg|default (11).svg|default (11).svg|default (11).svg|default (11).svg|default (11).svg|default (11).svg|default (11).svg,336,24,24
336|24|24|download (11).svg,same name + size + dimensions,13,6a7ca9d65c7cd75eb8306ab5|6a7caadc5c7cd75eb840f829|6a7cab5e5c7cd75eb8492e36|6a7cabb15c7cd75eb84e96ec|6a7caf675c7cd75eb88bf2bc|6a7c25d75c7cd75eb8530226|6a7c24ec5c7cd75eb84c4cae|6a7cac9d5c7cd75eb85d2850|6a7cadd05c7cd75eb87091aa|6a7cae075c7cd75eb8740d17|6a7caeb85c7cd75eb87f9c1d|6a7caeed5c7cd75eb8838440|6a7c23535c7cd75eb8406c7e,/airbuds/download (11).svg|/airbuds2/download (11).svg|/airbuds3/download (11).svg|/airbuds4/download (11).svg|/airbuds5/download (11).svg|/Bts/download (11).svg|/itel/download (11).svg|/Oppo2/download (11).svg|/Oppo3/download (11).svg|/Oppo4/download (11).svg|/Oppo5/download (11).svg|/Oppo6/download (11).svg|/tvs/download (11).svg,download (11).svg|download (11).svg|download (11).svg|download (11).svg|download (11).svg|download (11).svg|download (11).svg|download (11).svg|download (11).svg|download (11).svg|download (11).svg|download (11).svg|download (11).svg,336,24,24
336|24|24|download (28).svg,same name + size + dimensions,2,6a7c25d75c7cd75eb8530e4a|6a7c23535c7cd75eb8406d30,/Bts/download (28).svg|/tvs/download (28).svg,download (28).svg|download (28).svg,336,24,24
336|24|24|download (29).svg,same name + size + dimensions,2,6a7ca9d65c7cd75eb8306e1d|6a7c24ec5c7cd75eb84c4cda,/airbuds/download (29).svg|/itel/download (29).svg,download (29).svg|download (29).svg,336,24,24
3390|145|145|samsung-f36-medium (2).webp,same name + size + dimensions,2,6a7ba89a5c7cd75eb81888ab|6a7ba86c5c7cd75eb815df3d,/ecommerce/samsung/All Samsung Smartphones - Price in Kenya (1)/Samsung-F36-medium (2).webp|/ecommerce/samsung/All Samsung Smartphones - Price in Kenya (2)/Samsung-F36-medium (2).webp,Samsung-F36-medium (2).webp|Samsung-F36-medium (2).webp,3390,145,145
3424|320|320|galaxy-a06c-medium (1).webp,same name + size + dimensions,3,6a7ba89a5c7cd75eb8188552|6a7ba8695c7cd75eb815b12d|6a7ba8c85c7cd75eb81b1670,/ecommerce/samsung/All Samsung Smartphones - Price in Kenya (1)/Galaxy-A06c-medium (1).webp|/ecommerce/samsung/All Samsung Smartphones - Price in Kenya (2)/Galaxy-A06c-medium (1).webp|/ecommerce/samsung/All Samsung Smartphones - Price in Kenya/Galaxy-A06c-medium (1).webp,Galaxy-A06c-medium (1).webp|Galaxy-A06c-medium (1).webp|Galaxy-A06c-medium (1).webp,3424,320,320
3436|145|145|tecno-pop-10-c-medium (2).webp,same name + size + dimensions,2,6a7b697f5c7cd75eb8e18800|6a7b6a875c7cd75eb8e70e8a,/ecommerce/All Tecno Smartphones - Price in Kenya/tecno-pop-10-c-medium (2).webp|/ecommerce/Tecno-2/All Tecno Smartphones - Price in Kenya/tecno-pop-10-c-medium (2).webp,tecno-pop-10-c-medium (2).webp|tecno-pop-10-c-medium (2).webp,3436,145,145
3452|145|145|oneplus-buds-4d-medium (2).webp,same name + size + dimensions,2,6a7caae45c7cd75eb841832e|6a7cab675c7cd75eb849cd6e,/airbuds2/oneplus-buds-4d-medium (2).webp|/airbuds3/oneplus-buds-4d-medium (2).webp,oneplus-buds-4d-medium (2).webp|oneplus-buds-4d-medium (2).webp,3452,145,145
3460|320|320|samsung-galaxy-a37-a-medium (1).webp,same name + size + dimensions,3,6a7ba8c15c7cd75eb81abf11|6a7ba86c5c7cd75eb815e033|6a7ba8005c7cd75eb80fcdb7,/ecommerce/samsung/All Samsung Smartphones - Price in Kenya (1)/Samsung-Galaxy-A37-a-medium (1).webp|/ecommerce/samsung/All Samsung Smartphones - Price in Kenya (2)/Samsung-Galaxy-A37-a-medium (1).webp|/ecommerce/samsung/All Samsung Smartphones - Price in Kenya (4)/Samsung-Galaxy-A37-a-medium (1).webp,Samsung-Galaxy-A37-a-medium (1).webp|Samsung-Galaxy-A37-a-medium (1).webp|Samsung-Galaxy-A37-a-medium (1).webp,3460,320,320
3464|320|320|samsung-galaxy-buds-3-pro-e-medium (1).webp,same name + size + dimensions,2,6a7caae55c7cd75eb84186f2|6a7cab675c7cd75eb849d505,/airbuds2/Samsung-Galaxy-Buds-3-Pro-e-medium (1).webp|/airbuds3/Samsung-Galaxy-Buds-3-Pro-e-medium (1).webp,Samsung-Galaxy-Buds-3-Pro-e-medium (1).webp|Samsung-Galaxy-Buds-3-Pro-e-medium (1).webp,3464,320,320
3470|145|145|jbl-live-beam-3-medium (2).webp,same name + size + dimensions,3,6a7ca9de5c7cd75eb830fcae|6a7caadc5c7cd75eb84103ca|6a7cab5e5c7cd75eb8493503,/airbuds/JBL-Live-Beam-3-medium (2).webp|/airbuds2/JBL-Live-Beam-3-medium (2).webp|/airbuds3/JBL-Live-Beam-3-medium (2).webp,JBL-Live-Beam-3-medium (2).webp|JBL-Live-Beam-3-medium (2).webp|JBL-Live-Beam-3-medium (2).webp,3470,145,145
3480|145|145|tecno-pop-x-4g-a-medium (2).webp,same name + size + dimensions,2,6a7b697d5c7cd75eb8e17e76|6a7b6a865c7cd75eb8e70821,/ecommerce/All Tecno Smartphones - Price in Kenya/Tecno-Pop-X-4G-a-medium (2).webp|/ecommerce/Tecno-2/All Tecno Smartphones - Price in Kenya/Tecno-Pop-X-4G-a-medium (2).webp,Tecno-Pop-X-4G-a-medium (2).webp|Tecno-Pop-X-4G-a-medium (2).webp,3480,145,145
3524|320|320|nothing-cmf-buds-2a-medium (1).webp,same name + size + dimensions,2,6a7caadf5c7cd75eb8413612|6a7cab675c7cd75eb849cab6,/airbuds2/Nothing-CMF-Buds-2a-medium (1).webp|/airbuds3/Nothing-CMF-Buds-2a-medium (1).webp,Nothing-CMF-Buds-2a-medium (1).webp|Nothing-CMF-Buds-2a-medium (1).webp,3524,320,320
3528|320|320|samsung-galaxy-buds-4-pro-c-medium (1).webp,same name + size + dimensions,3,6a7ca9e75c7cd75eb8317c78|6a7caae55c7cd75eb84186e0|6a7cab675c7cd75eb849d61c,/airbuds/Samsung-Galaxy-Buds-4-Pro-c-medium (1).webp|/airbuds2/Samsung-Galaxy-Buds-4-Pro-c-medium (1).webp|/airbuds3/Samsung-Galaxy-Buds-4-Pro-c-medium (1).webp,Samsung-Galaxy-Buds-4-Pro-c-medium (1).webp|Samsung-Galaxy-Buds-4-Pro-c-medium (1).webp|Samsung-Galaxy-Buds-4-Pro-c-medium (1).webp,3528,320,320
3536|145|145|samsung-galaxy-z-fold-7-d-medium (2).webp,same name + size + dimensions,2,6a7ba83f5c7cd75eb8135654|6a7ba8f85c7cd75eb81df3ec,/ecommerce/samsung/All Samsung Smartphones - Price in Kenya (3)/Samsung-Galaxy-Z-Fold-7-d-medium (2).webp|/ecommerce/samsung/All Samsung Smartphones - Price in Kenya/Samsung-Galaxy-Z-Fold-7-d-medium (2).webp,Samsung-Galaxy-Z-Fold-7-d-medium (2).webp|Samsung-Galaxy-Z-Fold-7-d-medium (2).webp,3536,145,145
3538|145|145|jbl-live-buds-3-a-medium (2).webp,same name + size + dimensions,2,6a7caadd5c7cd75eb841094a|6a7cab5e5c7cd75eb84937b6,/airbuds2/JBL-Live-Buds-3-a-medium (2).webp|/airbuds3/JBL-Live-Buds-3-a-medium (2).webp,JBL-Live-Buds-3-a-medium (2).webp|JBL-Live-Buds-3-a-medium (2).webp,3538,145,145
3578|320|160|htc-logo-original (1).webp,same name + size + dimensions,5,6a7c24ec5c7cd75eb84c4f34|6a7cac9d5c7cd75eb85d32dc|6a7cadd15c7cd75eb87094b7|6a7caeb85c7cd75eb87f949b|6a7caeed5c7cd75eb883835d,/itel/htc-logo-original (1).webp|/Oppo2/htc-logo-original (1).webp|/Oppo3/htc-logo-original (1).webp|/Oppo5/htc-logo-original (1).webp|/Oppo6/htc-logo-original (1).webp,htc-logo-original (1).webp|htc-logo-original (1).webp|htc-logo-original (1).webp|htc-logo-original (1).webp|htc-logo-original (1).webp,3578,320,160
3634|145|145|galaxy-z-fold-4-k-medium (4).webp,same name + size + dimensions,2,6a7ba89a5c7cd75eb8188550|6a7ba86b5c7cd75eb815d672,/ecommerce/samsung/All Samsung Smartphones - Price in Kenya (1)/galaxy-z-fold-4-k-medium (4).webp|/ecommerce/samsung/All Samsung Smartphones - Price in Kenya (2)/galaxy-z-fold-4-k-medium (4).webp,galaxy-z-fold-4-k-medium (4).webp|galaxy-z-fold-4-k-medium (4).webp,3634,145,145
3634|145|145|galaxy-z-fold-4-k-medium (5).webp,same name + size + dimensions,2,6a7ba89a5c7cd75eb81885f5|6a7ba86c5c7cd75eb815dd9c,/ecommerce/samsung/All Samsung Smartphones - Price in Kenya (1)/galaxy-z-fold-4-k-medium (5).webp|/ecommerce/samsung/All Samsung Smartphones - Price in Kenya (2)/galaxy-z-fold-4-k-medium (5).webp,galaxy-z-fold-4-k-medium (5).webp|galaxy-z-fold-4-k-medium (5).webp,3634,145,145
3642|100|50|itel-logo-original (2).webp,same name + size + dimensions,6,6a7c25475c7cd75eb84ee791|6a7cac9d5c7cd75eb85d348f|6a7cadd15c7cd75eb87096c9|6a7caeb85c7cd75eb87f950b|6a7caeed5c7cd75eb88382ba|6a7c23755c7cd75eb8418bba,/itel/itel-logo-original (2).webp|/Oppo2/itel-logo-original (2).webp|/Oppo3/itel-logo-original (2).webp|/Oppo5/itel-logo-original (2).webp|/Oppo6/itel-logo-original (2).webp|/tvs/itel-logo-original (2).webp,itel-logo-original (2).webp|itel-logo-original (2).webp|itel-logo-original (2).webp|itel-logo-original (2).webp|itel-logo-original (2).webp|itel-logo-original (2).webp,3642,100,50
3642|100|50|itel-logo-original (5).webp,same name + size + dimensions,2,6a7c25435c7cd75eb84ec86e|6a7c23755c7cd75eb8418ae4,/itel/itel-logo-original (5).webp|/tvs/itel-logo-original (5).webp,itel-logo-original (5).webp|itel-logo-original (5).webp,3642,100,50
3646|145|145|tecno-spark-go-2025-b-medium (2).webp,same name + size + dimensions,2,6a7b69815c7cd75eb8e198fa|6a7b6a8b5c7cd75eb8e728b6,/ecommerce/All Tecno Smartphones - Price in Kenya/Tecno-Spark-Go-2025-b-medium (2).webp|/ecommerce/Tecno-2/All Tecno Smartphones - Price in Kenya/Tecno-Spark-Go-2025-b-medium (2).webp,Tecno-Spark-Go-2025-b-medium (2).webp|Tecno-Spark-Go-2025-b-medium (2).webp,3646,145,145
3652|320|320|jbl-endurance-race-2-medium (1).webp,same name + size + dimensions,2,6a7caadc5c7cd75eb8410267|6a7cab5e5c7cd75eb8492ee5,/airbuds2/JBL-Endurance-Race-2-medium (1).webp|/airbuds3/JBL-Endurance-Race-2-medium (1).webp,JBL-Endurance-Race-2-medium (1).webp|JBL-Endurance-Race-2-medium (1).webp,3652,320,320
3658|320|320|anker-soundcore-a30i-medium.webp,same name + size + dimensions,3,6a7ca9d55c7cd75eb8305c2b|6a7caadb5c7cd75eb840eb08|6a7cab5e5c7cd75eb8493035,/airbuds/Anker-Soundcore-A30i-medium.webp|/airbuds2/Anker-Soundcore-A30i-medium.webp|/airbuds3/Anker-Soundcore-A30i-medium.webp,Anker-Soundcore-A30i-medium.webp|Anker-Soundcore-A30i-medium.webp|Anker-Soundcore-A30i-medium.webp,3658,320,320
3658|320|320|samsung-galaxy-buds-3-d-medium.webp,same name + size + dimensions,2,6a7caae55c7cd75eb841866c|6a7cab675c7cd75eb849d524,/airbuds2/Samsung-Galaxy-Buds-3-d-medium.webp|/airbuds3/Samsung-Galaxy-Buds-3-d-medium.webp,Samsung-Galaxy-Buds-3-d-medium.webp|Samsung-Galaxy-Buds-3-d-medium.webp,3658,320,320
3670|320|320|oppo-a6-4g-medium (1).webp,same name + size + dimensions,2,6a7cac765c7cd75eb85ac356|6a7cac9e5c7cd75eb85d41f0,/Oppo/Oppo-A6-4G-medium (1).webp|/Oppo2/Oppo-A6-4G-medium (1).webp,Oppo-A6-4G-medium (1).webp|Oppo-A6-4G-medium (1).webp,3670,320,320
3674|320|160|xiaomi-logo-original (1).webp,same name + size + dimensions,6,6a7c25675c7cd75eb84fb883|6a7caca75c7cd75eb85dcd4e|6a7caddb5c7cd75eb8714225|6a7caec25c7cd75eb88049bb|6a7caefa5c7cd75eb8846bfd|6a7c23fa5c7cd75eb845b418,/itel/xiaomi-logo-original (1).webp|/Oppo2/xiaomi-logo-original (1).webp|/Oppo3/xiaomi-logo-original (1).webp|/Oppo5/xiaomi-logo-original (1).webp|/Oppo6/xiaomi-logo-original (1).webp|/tvs/xiaomi-logo-original (1).webp,xiaomi-logo-original (1).webp|xiaomi-logo-original (1).webp|xiaomi-logo-original (1).webp|xiaomi-logo-original (1).webp|xiaomi-logo-original (1).webp|xiaomi-logo-original (1).webp,3674,320,160
3674|320|160|xiaomi-logo-original (4).webp,same name + size + dimensions,2,6a7c25675c7cd75eb84fb821|6a7c240a5c7cd75eb846129d,/itel/xiaomi-logo-original (4).webp|/tvs/xiaomi-logo-original (4).webp,xiaomi-logo-original (4).webp|xiaomi-logo-original (4).webp,3674,320,160
3680|320|160|hmd-original (1).webp,same name + size + dimensions,5,6a7c24ec5c7cd75eb84c505a|6a7cac9d5c7cd75eb85d30b9|6a7cadd15c7cd75eb8709494|6a7caeb85c7cd75eb87f9200|6a7caeed5c7cd75eb8837ded,/itel/hmd-original (1).webp|/Oppo2/hmd-original (1).webp|/Oppo3/hmd-original (1).webp|/Oppo5/hmd-original (1).webp|/Oppo6/hmd-original (1).webp,hmd-original (1).webp|hmd-original (1).webp|hmd-original (1).webp|hmd-original (1).webp|hmd-original (1).webp,3680,320,160
3682|145|145|jbl-live-flex-3-medium (2).webp,same name + size + dimensions,3,6a7ca9de5c7cd75eb830fc58|6a7caadd5c7cd75eb8410926|6a7cab5e5c7cd75eb84929d2,/airbuds/JBL-Live-Flex-3-medium (2).webp|/airbuds2/JBL-Live-Flex-3-medium (2).webp|/airbuds3/JBL-Live-Flex-3-medium (2).webp,JBL-Live-Flex-3-medium (2).webp|JBL-Live-Flex-3-medium (2).webp|JBL-Live-Flex-3-medium (2).webp,3682,145,145
3702|145|145|tecno-spark-40-pro-a-medium (2).webp,same name + size + dimensions,2,6a7b697e5c7cd75eb8e182df|6a7b6a895c7cd75eb8e71acd,/ecommerce/All Tecno Smartphones - Price in Kenya/tecno-spark-40-pro-a-medium (2).webp|/ecommerce/Tecno-2/All Tecno Smartphones - Price in Kenya/tecno-spark-40-pro-a-medium (2).webp,tecno-spark-40-pro-a-medium (2).webp|tecno-spark-40-pro-a-medium (2).webp,3702,145,145
3706|320|320|galaxys23plusc-medium (1).webp,same name + size + dimensions,2,6a7ba76d5c7cd75eb8075792|6a7ba70e5c7cd75eb8023e2b,/ecommerce/samsung/All Samsung Smartphones - Price in Kenya (6)/galaxys23plusc-medium (1).webp|/ecommerce/samsung/All Samsung Smartphones - Price in Kenya (7)/galaxys23plusc-medium (1).webp,galaxys23plusc-medium (1).webp|galaxys23plusc-medium (1).webp,3706,320,320
371|24|24|default (16).svg,same name + size + dimensions,3,6a7b6cca5c7cd75eb8f3e9e6|6a7ba6db5c7cd75eb8ff505c|6a7ba6a45c7cd75eb8fc282c,/ecommerce/All Tecno Smartphones - Price in Kenya (2)/default (16).svg|/ecommerce/samsung/All Samsung Smartphones - Price in Kenya (7)/default (16).svg|/ecommerce/samsung/All Samsung Smartphones - Price in Kenya (8)/default (16).svg,default (16).svg|default (16).svg|default (16).svg,371,24,24
371|24|24|default (17).svg,same name + size + dimensions,10,6a7b69815c7cd75eb8e19512|6a7b63435c7cd75eb8b32311|6a7ba8995c7cd75eb818773b|6a7ba8655c7cd75eb8156876|6a7ba80c5c7cd75eb81088aa|6a7ba7bc5c7cd75eb80c0cd5|6a7ba7755c7cd75eb807d3d6|6a7ba71a5c7cd75eb802fc8b|6a7ba8c85c7cd75eb81b156e|6a7b6a835c7cd75eb8e6fc77,/ecommerce/All Tecno Smartphones - Price in Kenya/default (17).svg|/ecommerce/All Xiaomi Smartphones - Price in Kenya (2)/default (17).svg|/ecommerce/samsung/All Samsung Smartphones - Price in Kenya (1)/default (17).svg|/ecommerce/samsung/All Samsung Smartphones - Price in Kenya (2)/default (17).svg|/ecommerce/samsung/All Samsung Smartphones - Price in Kenya (3)/default (17).svg|/ecommerce/samsung/All Samsung Smartphones - Price in Kenya (4)/default (17).svg|/ecommerce/samsung/All Samsung Smartphones - Price in Kenya (5)/default (17).svg|/ecommerce/samsung/All Samsung Smartphones - Price in Kenya (6)/default (17).svg|/ecommerce/samsung/All Samsung Smartphones - Price in Kenya/default (17).svg|/ecommerce/Tecno-2/All Tecno Smartphones - Price in Kenya/default (17).svg,default (17).svg|default (17).svg|default (17).svg|default (17).svg|default (17).svg|default (17).svg|default (17).svg|default (17).svg|default (17).svg|default (17).svg,371,24,24
371|24|24|download (16).svg,same name + size + dimensions,4,6a7c25d75c7cd75eb8530196|6a7caeb85c7cd75eb87f9076|6a7caeed5c7cd75eb88383ee|6a7c23535c7cd75eb8406d26,/Bts/download (16).svg|/Oppo5/download (16).svg|/Oppo6/download (16).svg|/tvs/download (16).svg,download (16).svg|download (16).svg|download (16).svg|download (16).svg,371,24,24
371|24|24|download (17).svg,same name + size + dimensions,9,6a7ca9d65c7cd75eb8306696|6a7caadc5c7cd75eb84103d3|6a7cab5e5c7cd75eb849343d|6a7cabb15c7cd75eb84e9a4b|6a7caf675c7cd75eb88bf21d|6a7c24ec5c7cd75eb84c4c8e|6a7cac9d5c7cd75eb85d2953|6a7cadd15c7cd75eb8709232|6a7cae075c7cd75eb8740bd6,/airbuds/download (17).svg|/airbuds2/download (17).svg|/airbuds3/download (17).svg|/airbuds4/download (17).svg|/airbuds5/download (17).svg|/itel/download (17).svg|/Oppo2/download (17).svg|/Oppo3/download (17).svg|/Oppo4/download (17).svg,download (17).svg|download (17).svg|download (17).svg|download (17).svg|download (17).svg|download (17).svg|download (17).svg|download (17).svg|download (17).svg,371,24,24
371|24|24|download (33).svg,same name + size + dimensions,2,6a7c25d95c7cd75eb8531b7f|6a7c23535c7cd75eb8406c94,/Bts/download (33).svg|/tvs/download (33).svg,download (33).svg|download (33).svg,371,24,24
3716|320|320|samsung-galaxy-s25-ultra-c-medium (1).webp,same name + size + dimensions,3,6a7ba8c75c7cd75eb81b0303|6a7ba8705c7cd75eb8160e99|6a7ba8f85c7cd75eb81df381,/ecommerce/samsung/All Samsung Smartphones - Price in Kenya (1)/Samsung-Galaxy-S25-Ultra-c-medium (1).webp|/ecommerce/samsung/All Samsung Smartphones - Price in Kenya (2)/Samsung-Galaxy-S25-Ultra-c-medium (1).webp|/ecommerce/samsung/All Samsung Smartphones - Price in Kenya/Samsung-Galaxy-S25-Ultra-c-medium (1).webp,Samsung-Galaxy-S25-Ultra-c-medium (1).webp|Samsung-Galaxy-S25-Ultra-c-medium (1).webp|Samsung-Galaxy-S25-Ultra-c-medium (1).webp,3716,320,320
3754|145|145|tecno-camon-slim-c-medium (2).webp,same name + size + dimensions,2,6a7b697c5c7cd75eb8e179c0|6a7b6a875c7cd75eb8e70e32,/ecommerce/All Tecno Smartphones - Price in Kenya/Tecno-Camon-Slim-c-medium (2).webp|/ecommerce/Tecno-2/All Tecno Smartphones - Price in Kenya/Tecno-Camon-Slim-c-medium (2).webp,Tecno-Camon-Slim-c-medium (2).webp|Tecno-Camon-Slim-c-medium (2).webp,3754,145,145
3758|145|145|samsung-galaxy-a37-medium (2).webp,same name + size + dimensions,3,6a7ba8c45c7cd75eb81ae4a2|6a7ba86c5c7cd75eb815e222|6a7ba8f35c7cd75eb81dc4ea,/ecommerce/samsung/All Samsung Smartphones - Price in Kenya (1)/Samsung-Galaxy-A37-medium (2).webp|/ecommerce/samsung/All Samsung Smartphones - Price in Kenya (2)/Samsung-Galaxy-A37-medium (2).webp|/ecommerce/samsung/All Samsung Smartphones - Price in Kenya/Samsung-Galaxy-A37-medium (2).webp,Samsung-Galaxy-A37-medium (2).webp|Samsung-Galaxy-A37-medium (2).webp|Samsung-Galaxy-A37-medium (2).webp,3758,145,145
3764|320|160|sony-logo-original (3).webp,same name + size + dimensions,4,6a7ca9e75c7cd75eb8317d81|6a7c26215c7cd75eb85527bb|6a7c25665c7cd75eb84fb24b|6a7c23f95c7cd75eb845a893,/airbuds/sony-logo-original (3).webp|/Bts/sony-logo-original (3).webp|/itel/sony-logo-original (3).webp|/tvs/sony-logo-original (3).webp,sony-logo-original (3).webp|sony-logo-original (3).webp|sony-logo-original (3).webp|sony-logo-original (3).webp,3764,320,160
3764|320|160|sony-logo-original.webp,same name + size + dimensions,13,6a7ca9e75c7cd75eb8317e43|6a7caae55c7cd75eb84186e9|6a7cab675c7cd75eb849d6a0|6a7cabbb5c7cd75eb84f2df2|6a7caf715c7cd75eb88caddd|6a7c26225c7cd75eb8552d21|6a7c25665c7cd75eb84fb43d|6a7caca95c7cd75eb85df2d7|6a7cadda5c7cd75eb8713f60|6a7cae075c7cd75eb8740eea|6a7caec25c7cd75eb8804106|6a7caef95c7cd75eb88465b0|6a7c23f95c7cd75eb845a85f,/airbuds/sony-logo-original.webp|/airbuds2/sony-logo-original.webp|/airbuds3/sony-logo-original.webp|/airbuds4/sony-logo-original.webp|/airbuds5/sony-logo-original.webp|/Bts/sony-logo-original.webp|/itel/sony-logo-original.webp|/Oppo2/sony-logo-original.webp|/Oppo3/sony-logo-original.webp|/Oppo4/sony-logo-original.webp|/Oppo5/sony-logo-original.webp|/Oppo6/sony-logo-original.webp|/tvs/sony-logo-original.webp,sony-logo-original.webp|sony-logo-original.webp|sony-logo-original.webp|sony-logo-original.webp|sony-logo-original.webp|sony-logo-original.webp|sony-logo-original.webp|sony-logo-original.webp|sony-logo-original.webp|sony-logo-original.webp|sony-logo-original.webp|sony-logo-original.webp|sony-logo-original.webp,3764,320,160
3766|320|320|airpods-pro-3-a-medium.webp,same name + size + dimensions,3,6a7ca9d55c7cd75eb830573d|6a7caadb5c7cd75eb840e9ac|6a7cab5e5c7cd75eb849304e,/airbuds/airpods-pro-3-a-medium.webp|/airbuds2/airpods-pro-3-a-medium.webp|/airbuds3/airpods-pro-3-a-medium.webp,airpods-pro-3-a-medium.webp|airpods-pro-3-a-medium.webp|airpods-pro-3-a-medium.webp,3766,320,320
3798|320|160|tecno-logo-original.webp,same name + size + dimensions,6,6a7c25675c7cd75eb84fb655|6a7caca75c7cd75eb85dcecf|6a7cadda5c7cd75eb8713f5b|6a7cae075c7cd75eb8740ee0|6a7caec25c7cd75eb88040ae|6a7caef95c7cd75eb8846851,/itel/tecno-logo-original.webp|/Oppo2/tecno-logo-original.webp|/Oppo3/tecno-logo-original.webp|/Oppo4/tecno-logo-original.webp|/Oppo5/tecno-logo-original.webp|/Oppo6/tecno-logo-original.webp,tecno-logo-original.webp|tecno-logo-original.webp|tecno-logo-original.webp|tecno-logo-original.webp|tecno-logo-original.webp|tecno-logo-original.webp,3798,320,160
3802|145|145|tecno-spark-40-pro-plus-d-medium (4).webp,same name + size + dimensions,2,6a7b69815c7cd75eb8e1973e|6a7b6a8a5c7cd75eb8e71e3c,/ecommerce/All Tecno Smartphones - Price in Kenya/tecno-spark-40-pro-plus-d-medium (4).webp|/ecommerce/Tecno-2/All Tecno Smartphones - Price in Kenya/tecno-spark-40-pro-plus-d-medium (4).webp,tecno-spark-40-pro-plus-d-medium (4).webp|tecno-spark-40-pro-plus-d-medium (4).webp,3802,145,145
3802|145|145|tecno-spark-40-pro-plus-d-medium (5).webp,same name + size + dimensions,2,6a7b697e5c7cd75eb8e184a7|6a7b6a8a5c7cd75eb8e71efe,/ecommerce/All Tecno Smartphones - Price in Kenya/tecno-spark-40-pro-plus-d-medium (5).webp|/ecommerce/Tecno-2/All Tecno Smartphones - Price in Kenya/tecno-spark-40-pro-plus-d-medium (5).webp,tecno-spark-40-pro-plus-d-medium (5).webp|tecno-spark-40-pro-plus-d-medium (5).webp,3802,145,145
3818|320|320|oppo-f31-medium (1).webp,same name + size + dimensions,2,6a7cac765c7cd75eb85ac4ac|6a7caca35c7cd75eb85d9670,/Oppo/Oppo-F31-medium (1).webp|/Oppo2/Oppo-F31-medium (1).webp,Oppo-F31-medium (1).webp|Oppo-F31-medium (1).webp,3818,320,320
3824|320|160|tecno-logo-original (1).webp,same name + size + dimensions,5,6a7c25665c7cd75eb84fb3cc|6a7caca75c7cd75eb85dcd63|6a7cadda5c7cd75eb8713f6c|6a7caec25c7cd75eb88041d6|6a7caefa5c7cd75eb8848188,/itel/tecno-logo-original (1).webp|/Oppo2/tecno-logo-original (1).webp|/Oppo3/tecno-logo-original (1).webp|/Oppo5/tecno-logo-original (1).webp|/Oppo6/tecno-logo-original (1).webp,tecno-logo-original (1).webp|tecno-logo-original (1).webp|tecno-logo-original (1).webp|tecno-logo-original (1).webp|tecno-logo-original (1).webp,3824,320,160
3848|320|320|tecnocamon21premierkenya-medium (1).webp,same name + size + dimensions,2,6a7b69825c7cd75eb8e19aa3|6a7b6a8c5c7cd75eb8e735e2,/ecommerce/All Tecno Smartphones - Price in Kenya/tecnocamon21premierkenya-medium (1).webp|/ecommerce/Tecno-2/All Tecno Smartphones - Price in Kenya/tecnocamon21premierkenya-medium (1).webp,tecnocamon21premierkenya-medium (1).webp|tecnocamon21premierkenya-medium (1).webp,3848,320,320
3850|145|145|samsung-galaxy-m47-medium (2).webp,same name + size + dimensions,2,6a7ba8c55c7cd75eb81ae603|6a7ba86f5c7cd75eb8160c3e,/ecommerce/samsung/All Samsung Smartphones - Price in Kenya (1)/Samsung-Galaxy-M47-medium (2).webp|/ecommerce/samsung/All Samsung Smartphones - Price in Kenya (2)/Samsung-Galaxy-M47-medium (2).webp,Samsung-Galaxy-M47-medium (2).webp|Samsung-Galaxy-M47-medium (2).webp,3850,145,145
3862|320|320|galaxys23b-medium (1).webp,same name + size + dimensions,2,6a7ba76c5c7cd75eb80744f3|6a7ba70e5c7cd75eb8023c7b,/ecommerce/samsung/All Samsung Smartphones - Price in Kenya (6)/galaxys23b-medium (1).webp|/ecommerce/samsung/All Samsung Smartphones - Price in Kenya (7)/galaxys23b-medium (1).webp,galaxys23b-medium (1).webp|galaxys23b-medium (1).webp,3862,320,320
3874|320|320|galaxy-buds-3-fe-n-medium (1).webp,same name + size + dimensions,3,6a7ca9d95c7cd75eb8309ded|6a7caadc5c7cd75eb840fa29|6a7cab5e5c7cd75eb849376e,/airbuds/galaxy-buds-3-fe-n-medium (1).webp|/airbuds2/galaxy-buds-3-fe-n-medium (1).webp|/airbuds3/galaxy-buds-3-fe-n-medium (1).webp,galaxy-buds-3-fe-n-medium (1).webp|galaxy-buds-3-fe-n-medium (1).webp|galaxy-buds-3-fe-n-medium (1).webp,3874,320,320
3878|320|320|oppo-f33-medium (1).webp,same name + size + dimensions,2,6a7cac765c7cd75eb85ab931|6a7caca65c7cd75eb85dba3b,/Oppo/Oppo-F33-medium (1).webp|/Oppo2/Oppo-F33-medium (1).webp,Oppo-F33-medium (1).webp|Oppo-F33-medium (1).webp,3878,320,320
3896|320|320|samsung-galaxy-a17-5g-medium (1).webp,same name + size + dimensions,2,6a7ba8a45c7cd75eb81922f8|6a7ba86c5c7cd75eb815dfdf,/ecommerce/samsung/All Samsung Smartphones - Price in Kenya (1)/Samsung-Galaxy-A17-5G-medium (1).webp|/ecommerce/samsung/All Samsung Smartphones - Price in Kenya (2)/Samsung-Galaxy-A17-5G-medium (1).webp,Samsung-Galaxy-A17-5G-medium (1).webp|Samsung-Galaxy-A17-5G-medium (1).webp,3896,320,320
391|24|24|default (3).svg,same name + size + dimensions,14,6a7ba9875c7cd75eb82651d1|6a7b6cca5c7cd75eb8f3ea9f|6a7b69815c7cd75eb8e197a7|6a7b63435c7cd75eb8b32295|6a7ba89a5c7cd75eb81885e6|6a7ba8665c7cd75eb8157de7|6a7ba80c5c7cd75eb81088a4|6a7ba7bc5c7cd75eb80c0cc4|6a7ba7755c7cd75eb807d2e2|6a7ba71a5c7cd75eb802fc27|6a7ba6db5c7cd75eb8ff4fdc|6a7ba6a35c7cd75eb8fc1acf|6a7ba8c85c7cd75eb81b157b|6a7b6a835c7cd75eb8e6fc83,/ecommerce/All iOS Smartphones - Price in Kenya/default (3).svg|/ecommerce/All Tecno Smartphones - Price in Kenya (2)/default (3).svg|/ecommerce/All Tecno Smartphones - Price in Kenya/default (3).svg|/ecommerce/All Xiaomi Smartphones - Price in Kenya (2)/default (3).svg|/ecommerce/samsung/All Samsung Smartphones - Price in Kenya (1)/default (3).svg|/ecommerce/samsung/All Samsung Smartphones - Price in Kenya (2)/default (3).svg|/ecommerce/samsung/All Samsung Smartphones - Price in Kenya (3)/default (3).svg|/ecommerce/samsung/All Samsung Smartphones - Price in Kenya (4)/default (3).svg|/ecommerce/samsung/All Samsung Smartphones - Price in Kenya (5)/default (3).svg|/ecommerce/samsung/All Samsung Smartphones - Price in Kenya (6)/default (3).svg|/ecommerce/samsung/All Samsung Smartphones - Price in Kenya (7)/default (3).svg|/ecommerce/samsung/All Samsung Smartphones - Price in Kenya (8)/default (3).svg|/ecommerce/samsung/All Samsung Smartphones - Price in Kenya/default (3).svg|/ecommerce/Tecno-2/All Tecno Smartphones - Price in Kenya/default (3).svg,default (3).svg|default (3).svg|default (3).svg|default (3).svg|default (3).svg|default (3).svg|default (3).svg|default (3).svg|default (3).svg|default (3).svg|default (3).svg|default (3).svg|default (3).svg|default (3).svg,391,24,24
391|24|24|download (20).svg,same name + size + dimensions,2,6a7c25d75c7cd75eb8530c82|6a7c23535c7cd75eb8406d11,/Bts/download (20).svg|/tvs/download (20).svg,download (20).svg|download (20).svg,391,24,24
391|24|24|download (21).svg,same name + size + dimensions,2,6a7ca9d65c7cd75eb8306c2d|6a7c24ec5c7cd75eb84c4cd5,/airbuds/download (21).svg|/itel/download (21).svg,download (21).svg|download (21).svg,391,24,24
391|24|24|download (3).svg,same name + size + dimensions,13,6a7ca9d65c7cd75eb8306ca6|6a7caadc5c7cd75eb840f83b|6a7cab5e5c7cd75eb8493352|6a7cabb15c7cd75eb84e9a10|6a7caf675c7cd75eb88bf4f7|6a7c25d95c7cd75eb8531ba4|6a7c24ec5c7cd75eb84c4f16|6a7cac9d5c7cd75eb85d319a|6a7cadd15c7cd75eb8709222|6a7cae075c7cd75eb8740ccc|6a7caeb85c7cd75eb87f8fa4|6a7caeed5c7cd75eb88383e4|6a7c23535c7cd75eb8406d33,/airbuds/download (3).svg|/airbuds2/download (3).svg|/airbuds3/download (3).svg|/airbuds4/download (3).svg|/airbuds5/download (3).svg|/Bts/download (3).svg|/itel/download (3).svg|/Oppo2/download (3).svg|/Oppo3/download (3).svg|/Oppo4/download (3).svg|/Oppo5/download (3).svg|/Oppo6/download (3).svg|/tvs/download (3).svg,download (3).svg|download (3).svg|download (3).svg|download (3).svg|download (3).svg|download (3).svg|download (3).svg|download (3).svg|download (3).svg|download (3).svg|download (3).svg|download (3).svg|download (3).svg,391,24,24
392|24|24|default (4).svg,same name + size + dimensions,14,6a7ba9875c7cd75eb8264b31|6a7b6cca5c7cd75eb8f3eace|6a7b697f5c7cd75eb8e18c9b|6a7b63435c7cd75eb8b322c1|6a7ba89a5c7cd75eb81883f3|6a7ba8675c7cd75eb815993b|6a7ba80c5c7cd75eb81088b2|6a7ba7bc5c7cd75eb80c0ccf|6a7ba7755c7cd75eb807d3ef|6a7ba71a5c7cd75eb802fc35|6a7ba6db5c7cd75eb8ff4fe3|6a7ba6a25c7cd75eb8fc0fe7|6a7ba8c85c7cd75eb81b1578|6a7b6a845c7cd75eb8e6ff33,/ecommerce/All iOS Smartphones - Price in Kenya/default (4).svg|/ecommerce/All Tecno Smartphones - Price in Kenya (2)/default (4).svg|/ecommerce/All Tecno Smartphones - Price in Kenya/default (4).svg|/ecommerce/All Xiaomi Smartphones - Price in Kenya (2)/default (4).svg|/ecommerce/samsung/All Samsung Smartphones - Price in Kenya (1)/default (4).svg|/ecommerce/samsung/All Samsung Smartphones - Price in Kenya (2)/default (4).svg|/ecommerce/samsung/All Samsung Smartphones - Price in Kenya (3)/default (4).svg|/ecommerce/samsung/All Samsung Smartphones - Price in Kenya (4)/default (4).svg|/ecommerce/samsung/All Samsung Smartphones - Price in Kenya (5)/default (4).svg|/ecommerce/samsung/All Samsung Smartphones - Price in Kenya (6)/default (4).svg|/ecommerce/samsung/All Samsung Smartphones - Price in Kenya (7)/default (4).svg|/ecommerce/samsung/All Samsung Smartphones - Price in Kenya (8)/default (4).svg|/ecommerce/samsung/All Samsung Smartphones - Price in Kenya/default (4).svg|/ecommerce/Tecno-2/All Tecno Smartphones - Price in Kenya/default (4).svg,default (4).svg|default (4).svg|default (4).svg|default (4).svg|default (4).svg|default (4).svg|default (4).svg|default (4).svg|default (4).svg|default (4).svg|default (4).svg|default (4).svg|default (4).svg|default (4).svg,392,24,24
392|24|24|download (21).svg,same name + size + dimensions,2,6a7c25d75c7cd75eb8530d58|6a7c23535c7cd75eb8406d25,/Bts/download (21).svg|/tvs/download (21).svg,download (21).svg|download (21).svg,392,24,24
392|24|24|download (22).svg,same name + size + dimensions,2,6a7ca9d55c7cd75eb83058a0|6a7c24ec5c7cd75eb84c4cc8,/airbuds/download (22).svg|/itel/download (22).svg,download (22).svg|download (22).svg,392,24,24
392|24|24|download (4).svg,same name + size + dimensions,13,6a7ca9d75c7cd75eb8307bd9|6a7caadc5c7cd75eb840f9d9|6a7cab5e5c7cd75eb8493452|6a7cabb15c7cd75eb84e9b68|6a7caf675c7cd75eb88bf34f|6a7c25d95c7cd75eb8531c3f|6a7c24ec5c7cd75eb84c4d44|6a7cac9d5c7cd75eb85d31df|6a7cadd25c7cd75eb8709f17|6a7cae075c7cd75eb8740bc7|6a7caeb85c7cd75eb87f9029|6a7caeed5c7cd75eb8838526|6a7c23535c7cd75eb8406d4a,/airbuds/download (4).svg|/airbuds2/download (4).svg|/airbuds3/download (4).svg|/airbuds4/download (4).svg|/airbuds5/download (4).svg|/Bts/download (4).svg|/itel/download (4).svg|/Oppo2/download (4).svg|/Oppo3/download (4).svg|/Oppo4/download (4).svg|/Oppo5/download (4).svg|/Oppo6/download (4).svg|/tvs/download (4).svg,download (4).svg|download (4).svg|download (4).svg|download (4).svg|download (4).svg|download (4).svg|download (4).svg|download (4).svg|download (4).svg|download (4).svg|download (4).svg|download (4).svg|download (4).svg,392,24,24
3924|320|320|samsung-galaxy-a56-medium.webp,same name + size + dimensions,2,6a7ba8c55c7cd75eb81ae588|6a7ba86c5c7cd75eb815e211,/ecommerce/samsung/All Samsung Smartphones - Price in Kenya (1)/Samsung-Galaxy-A56-medium.webp|/ecommerce/samsung/All Samsung Smartphones - Price in Kenya (2)/Samsung-Galaxy-A56-medium.webp,Samsung-Galaxy-A56-medium.webp|Samsung-Galaxy-A56-medium.webp,3924,320,320
3940|320|320|airpods-4-b-medium.webp,same name + size + dimensions,4,6a7ca9d55c7cd75eb8305739|6a7caadb5c7cd75eb840e976|6a7cab5e5c7cd75eb8492a51|6a7cabb15c7cd75eb84e9a80,/airbuds/AirPods-4-b-medium.webp|/airbuds2/AirPods-4-b-medium.webp|/airbuds3/AirPods-4-b-medium.webp|/airbuds4/AirPods-4-b-medium.webp,AirPods-4-b-medium.webp|AirPods-4-b-medium.webp|AirPods-4-b-medium.webp|AirPods-4-b-medium.webp,3940,320,320
3948|320|160|infinix-logo-original (1).webp,same name + size + dimensions,6,6a7c24ec5c7cd75eb84c4f78|6a7cac9d5c7cd75eb85d395f|6a7cadd15c7cd75eb8709a9d|6a7caeb85c7cd75eb87f9315|6a7caeed5c7cd75eb8837ef9|6a7c236e5c7cd75eb8414116,/itel/infinix-logo-original (1).webp|/Oppo2/infinix-logo-original (1).webp|/Oppo3/infinix-logo-original (1).webp|/Oppo5/infinix-logo-original (1).webp|/Oppo6/infinix-logo-original (1).webp|/tvs/infinix-logo-original (1).webp,infinix-logo-original (1).webp|infinix-logo-original (1).webp|infinix-logo-original (1).webp|infinix-logo-original (1).webp|infinix-logo-original (1).webp|infinix-logo-original (1).webp,3948,320,160
3948|320|160|infinix-logo-original (4).webp,same name + size + dimensions,2,6a7c24ec5c7cd75eb84c4f87|6a7c236e5c7cd75eb8414349,/itel/infinix-logo-original (4).webp|/tvs/infinix-logo-original (4).webp,infinix-logo-original (4).webp|infinix-logo-original (4).webp,3948,320,160
3972|145|145|tecno-pova-curve-a-medium (2).webp,same name + size + dimensions,2,6a7b697d5c7cd75eb8e180de|6a7b6a885c7cd75eb8e71142,/ecommerce/All Tecno Smartphones - Price in Kenya/Tecno-Pova-Curve-a-medium (2).webp|/ecommerce/Tecno-2/All Tecno Smartphones - Price in Kenya/Tecno-Pova-Curve-a-medium (2).webp,Tecno-Pova-Curve-a-medium (2).webp|Tecno-Pova-Curve-a-medium (2).webp,3972,145,145
3990|320|320|oneplus-buds-3-b-medium (1).webp,same name + size + dimensions,2,6a7caae45c7cd75eb8417e47|6a7cab675c7cd75eb849cd3b,/airbuds2/OnePlus-Buds-3-b-medium (1).webp|/airbuds3/OnePlus-Buds-3-b-medium (1).webp,OnePlus-Buds-3-b-medium (1).webp|OnePlus-Buds-3-b-medium (1).webp,3990,320,320
4010|320|160|hmd-original.webp,same name + size + dimensions,6,6a7c24ec5c7cd75eb84c4eef|6a7cac9d5c7cd75eb85d32e4|6a7cadd25c7cd75eb8709f0f|6a7cae075c7cd75eb8740e87|6a7caeb85c7cd75eb87f9f0a|6a7caeed5c7cd75eb88381a5,/itel/hmd-original.webp|/Oppo2/hmd-original.webp|/Oppo3/hmd-original.webp|/Oppo4/hmd-original.webp|/Oppo5/hmd-original.webp|/Oppo6/hmd-original.webp,hmd-original.webp|hmd-original.webp|hmd-original.webp|hmd-original.webp|hmd-original.webp|hmd-original.webp,4010,320,160
4010|320|320|samsung-galaxy-a27-c-medium (1).webp,same name + size + dimensions,3,6a7ba8a45c7cd75eb8193333|6a7ba86c5c7cd75eb815dfc2|6a7ba8d25c7cd75eb81bb812,/ecommerce/samsung/All Samsung Smartphones - Price in Kenya (1)/Samsung-Galaxy-A27-c-medium (1).webp|/ecommerce/samsung/All Samsung Smartphones - Price in Kenya (2)/Samsung-Galaxy-A27-c-medium (1).webp|/ecommerce/samsung/All Samsung Smartphones - Price in Kenya/Samsung-Galaxy-A27-c-medium (1).webp,Samsung-Galaxy-A27-c-medium (1).webp|Samsung-Galaxy-A27-c-medium (1).webp|Samsung-Galaxy-A27-c-medium (1).webp,4010,320,320
4012|320|160|philips-original (1).webp,same name + size + dimensions,5,6a7c25665c7cd75eb84fb1e0|6a7caca75c7cd75eb85dcc63|6a7cadda5c7cd75eb8713f2a|6a7caec25c7cd75eb8803f47|6a7caef95c7cd75eb8846798,/itel/Philips-original (1).webp|/Oppo2/Philips-original (1).webp|/Oppo3/Philips-original (1).webp|/Oppo5/Philips-original (1).webp|/Oppo6/Philips-original (1).webp,Philips-original (1).webp|Philips-original (1).webp|Philips-original (1).webp|Philips-original (1).webp|Philips-original (1).webp,4012,320,160
4014|320|320|oneplusnordbudsced-medium.webp,same name + size + dimensions,2,6a7caae55c7cd75eb84186a9|6a7cab675c7cd75eb849d516,/airbuds2/oneplusnordbudsced-medium.webp|/airbuds3/oneplusnordbudsced-medium.webp,oneplusnordbudsced-medium.webp|oneplusnordbudsced-medium.webp,4014,320,320
4026|320|320|jbl-tune-flex-2-c-medium (1).webp,same name + size + dimensions,2,6a7caadd5c7cd75eb8410fb1|6a7cab5e5c7cd75eb84935cd,/airbuds2/JBL-Tune-Flex-2-c-medium (1).webp|/airbuds3/JBL-Tune-Flex-2-c-medium (1).webp,JBL-Tune-Flex-2-c-medium (1).webp|JBL-Tune-Flex-2-c-medium (1).webp,4026,320,320
4054|320|320|oneplus-nord-buds-3-pro-medium (1).webp,same name + size + dimensions,2,6a7caae55c7cd75eb841866f|6a7cab675c7cd75eb849d4fd,/airbuds2/Oneplus-Nord-Buds-3-Pro-medium (1).webp|/airbuds3/Oneplus-Nord-Buds-3-Pro-medium (1).webp,Oneplus-Nord-Buds-3-Pro-medium (1).webp|Oneplus-Nord-Buds-3-Pro-medium (1).webp,4054,320,320
4078|320|160|honor-logo-original.webp,same name + size + dimensions,6,6a7c24ec5c7cd75eb84c4e74|6a7cac9d5c7cd75eb85d38de|6a7cadd15c7cd75eb87099cf|6a7cae075c7cd75eb8740ba3|6a7caeb85c7cd75eb87f9247|6a7caeed5c7cd75eb88377e9,/itel/honor-logo-original.webp|/Oppo2/honor-logo-original.webp|/Oppo3/honor-logo-original.webp|/Oppo4/honor-logo-original.webp|/Oppo5/honor-logo-original.webp|/Oppo6/honor-logo-original.webp,honor-logo-original.webp|honor-logo-original.webp|honor-logo-original.webp|honor-logo-original.webp|honor-logo-original.webp|honor-logo-original.webp,4078,320,160
412|24|24|default (9).svg,same name + size + dimensions,14,6a7ba9875c7cd75eb8265abc|6a7b6cca5c7cd75eb8f3eb18|6a7b697e5c7cd75eb8e18302|6a7b63455c7cd75eb8b33478|6a7ba89a5c7cd75eb818842d|6a7ba8695c7cd75eb815b155|6a7ba80c5c7cd75eb81088de|6a7ba7bc5c7cd75eb80c0ce8|6a7ba7775c7cd75eb807f35f|6a7ba71a5c7cd75eb802fcfa|6a7ba6db5c7cd75eb8ff4fe6|6a7ba6a35c7cd75eb8fc19d0|6a7ba8c85c7cd75eb81b163a|6a7b6a845c7cd75eb8e6ff41,/ecommerce/All iOS Smartphones - Price in Kenya/default (9).svg|/ecommerce/All Tecno Smartphones - Price in Kenya (2)/default (9).svg|/ecommerce/All Tecno Smartphones - Price in Kenya/default (9).svg|/ecommerce/All Xiaomi Smartphones - Price in Kenya (2)/default (9).svg|/ecommerce/samsung/All Samsung Smartphones - Price in Kenya (1)/default (9).svg|/ecommerce/samsung/All Samsung Smartphones - Price in Kenya (2)/default (9).svg|/ecommerce/samsung/All Samsung Smartphones - Price in Kenya (3)/default (9).svg|/ecommerce/samsung/All Samsung Smartphones - Price in Kenya (4)/default (9).svg|/ecommerce/samsung/All Samsung Smartphones - Price in Kenya (5)/default (9).svg|/ecommerce/samsung/All Samsung Smartphones - Price in Kenya (6)/default (9).svg|/ecommerce/samsung/All Samsung Smartphones - Price in Kenya (7)/default (9).svg|/ecommerce/samsung/All Samsung Smartphones - Price in Kenya (8)/default (9).svg|/ecommerce/samsung/All Samsung Smartphones - Price in Kenya/default (9).svg|/ecommerce/Tecno-2/All Tecno Smartphones - Price in Kenya/default (9).svg,default (9).svg|default (9).svg|default (9).svg|default (9).svg|default (9).svg|default (9).svg|default (9).svg|default (9).svg|default (9).svg|default (9).svg|default (9).svg|default (9).svg|default (9).svg|default (9).svg,412,24,24
412|24|24|download (26).svg,same name + size + dimensions,2,6a7c25d75c7cd75eb8530c54|6a7c23535c7cd75eb8406d38,/Bts/download (26).svg|/tvs/download (26).svg,download (26).svg|download (26).svg,412,24,24
412|24|24|download (27).svg,same name + size + dimensions,2,6a7ca9d55c7cd75eb83058c1|6a7c24ec5c7cd75eb84c4bf2,/airbuds/download (27).svg|/itel/download (27).svg,download (27).svg|download (27).svg,412,24,24
412|24|24|download (9).svg,same name + size + dimensions,13,6a7ca9d85c7cd75eb8308bf7|6a7caadc5c7cd75eb840f6f3|6a7cab5e5c7cd75eb8492eeb|6a7cabb15c7cd75eb84e9a3f|6a7caf655c7cd75eb88bdbb2|6a7c25d95c7cd75eb8531bf8|6a7c24ec5c7cd75eb84c4ef4|6a7cac9d5c7cd75eb85d3211|6a7cadd25c7cd75eb8709dd1|6a7cae075c7cd75eb8740d32|6a7caeb85c7cd75eb87f919f|6a7caeed5c7cd75eb8837ef2|6a7c236d5c7cd75eb84137eb,/airbuds/download (9).svg|/airbuds2/download (9).svg|/airbuds3/download (9).svg|/airbuds4/download (9).svg|/airbuds5/download (9).svg|/Bts/download (9).svg|/itel/download (9).svg|/Oppo2/download (9).svg|/Oppo3/download (9).svg|/Oppo4/download (9).svg|/Oppo5/download (9).svg|/Oppo6/download (9).svg|/tvs/download (9).svg,download (9).svg|download (9).svg|download (9).svg|download (9).svg|download (9).svg|download (9).svg|download (9).svg|download (9).svg|download (9).svg|download (9).svg|download (9).svg|download (9).svg|download (9).svg,412,24,24
4128|320|320|oppo-reno-15-c-medium (1).webp,same name + size + dimensions,2,6a7cac765c7cd75eb85ab9cd|6a7caca75c7cd75eb85dc596,/Oppo/Oppo-Reno-15-c-medium (1).webp|/Oppo2/Oppo-Reno-15-c-medium (1).webp,Oppo-Reno-15-c-medium (1).webp|Oppo-Reno-15-c-medium (1).webp,4128,320,320
4136|320|320|tecno-spark-40-medium (1).webp,same name + size + dimensions,2,6a7b69805c7cd75eb8e19047|6a7b6a885c7cd75eb8e714ea,/ecommerce/All Tecno Smartphones - Price in Kenya/Tecno-Spark-40-medium (1).webp|/ecommerce/Tecno-2/All Tecno Smartphones - Price in Kenya/Tecno-Spark-40-medium (1).webp,Tecno-Spark-40-medium (1).webp|Tecno-Spark-40-medium (1).webp,4136,320,320
4146|320|160|infinix-logo-original (3).webp,same name + size + dimensions,2,6a7c24ec5c7cd75eb84c4efc|6a7c236e5c7cd75eb8414160,/itel/infinix-logo-original (3).webp|/tvs/infinix-logo-original (3).webp,infinix-logo-original (3).webp|infinix-logo-original (3).webp,4146,320,160
4146|320|160|infinix-logo-original.webp,same name + size + dimensions,7,6a7c24ed5c7cd75eb84c5a88|6a7cac9e5c7cd75eb85d3a8a|6a7cadd25c7cd75eb8709dd4|6a7cae085c7cd75eb874102b|6a7caeb85c7cd75eb87f96df|6a7caeed5c7cd75eb8838281|6a7c236e5c7cd75eb8414317,/itel/infinix-logo-original.webp|/Oppo2/infinix-logo-original.webp|/Oppo3/infinix-logo-original.webp|/Oppo4/infinix-logo-original.webp|/Oppo5/infinix-logo-original.webp|/Oppo6/infinix-logo-original.webp|/tvs/infinix-logo-original.webp,infinix-logo-original.webp|infinix-logo-original.webp|infinix-logo-original.webp|infinix-logo-original.webp|infinix-logo-original.webp|infinix-logo-original.webp|infinix-logo-original.webp,4146,320,160
416|24|24|default (1).svg,same name + size + dimensions,14,6a7ba9875c7cd75eb8265947|6a7b6cca5c7cd75eb8f3ec1f|6a7b69805c7cd75eb8e19044|6a7b63455c7cd75eb8b333ce|6a7ba8995c7cd75eb81876ee|6a7ba8425c7cd75eb8137d91|6a7ba80c5c7cd75eb8108886|6a7ba7bc5c7cd75eb80c0c50|6a7ba7705c7cd75eb8078240|6a7ba71a5c7cd75eb802fa43|6a7ba6db5c7cd75eb8ff4fb4|6a7ba6a35c7cd75eb8fc195e|6a7ba8c85c7cd75eb81b154a|6a7b6a875c7cd75eb8e70e38,/ecommerce/All iOS Smartphones - Price in Kenya/default (1).svg|/ecommerce/All Tecno Smartphones - Price in Kenya (2)/default (1).svg|/ecommerce/All Tecno Smartphones - Price in Kenya/default (1).svg|/ecommerce/All Xiaomi Smartphones - Price in Kenya (2)/default (1).svg|/ecommerce/samsung/All Samsung Smartphones - Price in Kenya (1)/default (1).svg|/ecommerce/samsung/All Samsung Smartphones - Price in Kenya (2)/default (1).svg|/ecommerce/samsung/All Samsung Smartphones - Price in Kenya (3)/default (1).svg|/ecommerce/samsung/All Samsung Smartphones - Price in Kenya (4)/default (1).svg|/ecommerce/samsung/All Samsung Smartphones - Price in Kenya (5)/default (1).svg|/ecommerce/samsung/All Samsung Smartphones - Price in Kenya (6)/default (1).svg|/ecommerce/samsung/All Samsung Smartphones - Price in Kenya (7)/default (1).svg|/ecommerce/samsung/All Samsung Smartphones - Price in Kenya (8)/default (1).svg|/ecommerce/samsung/All Samsung Smartphones - Price in Kenya/default (1).svg|/ecommerce/Tecno-2/All Tecno Smartphones - Price in Kenya/default (1).svg,default (1).svg|default (1).svg|default (1).svg|default (1).svg|default (1).svg|default (1).svg|default (1).svg|default (1).svg|default (1).svg|default (1).svg|default (1).svg|default (1).svg|default (1).svg|default (1).svg,416,24,24
416|24|24|download (1).svg,same name + size + dimensions,13,6a7ca9d55c7cd75eb8305f2a|6a7caadb5c7cd75eb840ef7c|6a7cab5e5c7cd75eb8493478|6a7cabb15c7cd75eb84e96f5|6a7caf655c7cd75eb88bda6c|6a7c25d75c7cd75eb8530c90|6a7c24ec5c7cd75eb84c4bcf|6a7cac9d5c7cd75eb85d2a6f|6a7cadd05c7cd75eb87090a2|6a7cae075c7cd75eb87405f8|6a7caeb85c7cd75eb87f9093|6a7caeed5c7cd75eb88383e7|6a7c23535c7cd75eb8406c46,/airbuds/download (1).svg|/airbuds2/download (1).svg|/airbuds3/download (1).svg|/airbuds4/download (1).svg|/airbuds5/download (1).svg|/Bts/download (1).svg|/itel/download (1).svg|/Oppo2/download (1).svg|/Oppo3/download (1).svg|/Oppo4/download (1).svg|/Oppo5/download (1).svg|/Oppo6/download (1).svg|/tvs/download (1).svg,download (1).svg|download (1).svg|download (1).svg|download (1).svg|download (1).svg|download (1).svg|download (1).svg|download (1).svg|download (1).svg|download (1).svg|download (1).svg|download (1).svg|download (1).svg,416,24,24
416|24|24|download (18).svg,same name + size + dimensions,2,6a7c25d75c7cd75eb8530256|6a7c23535c7cd75eb8406d52,/Bts/download (18).svg|/tvs/download (18).svg,download (18).svg|download (18).svg,416,24,24
416|24|24|download (19).svg,same name + size + dimensions,2,6a7ca9d65c7cd75eb8306cab|6a7c24ec5c7cd75eb84c4d05,/airbuds/download (19).svg|/itel/download (19).svg,download (19).svg|download (19).svg,416,24,24
4172|320|320|jbl-live-pro-2-medium (1).webp,same name + size + dimensions,2,6a7caadd5c7cd75eb8410d36|6a7cab5e5c7cd75eb8493498,/airbuds2/JBL-Live-Pro-2-medium (1).webp|/airbuds3/JBL-Live-Pro-2-medium (1).webp,JBL-Live-Pro-2-medium (1).webp|JBL-Live-Pro-2-medium (1).webp,4172,320,320
418|24|24|default (5).svg,same name + size + dimensions,14,6a7ba9875c7cd75eb8265adb|6a7b6cca5c7cd75eb8f3eab2|6a7b69815c7cd75eb8e193d3|6a7b63435c7cd75eb8b322a4|6a7ba89a5c7cd75eb81885f0|6a7ba8685c7cd75eb8159d5e|6a7ba80c5c7cd75eb81088b6|6a7ba7bc5c7cd75eb80c0e93|6a7ba7755c7cd75eb807d3ec|6a7ba71a5c7cd75eb802fc3d|6a7ba6db5c7cd75eb8ff4fcc|6a7ba6a35c7cd75eb8fc19de|6a7ba8c85c7cd75eb81b1686|6a7b6a895c7cd75eb8e7199a,/ecommerce/All iOS Smartphones - Price in Kenya/default (5).svg|/ecommerce/All Tecno Smartphones - Price in Kenya (2)/default (5).svg|/ecommerce/All Tecno Smartphones - Price in Kenya/default (5).svg|/ecommerce/All Xiaomi Smartphones - Price in Kenya (2)/default (5).svg|/ecommerce/samsung/All Samsung Smartphones - Price in Kenya (1)/default (5).svg|/ecommerce/samsung/All Samsung Smartphones - Price in Kenya (2)/default (5).svg|/ecommerce/samsung/All Samsung Smartphones - Price in Kenya (3)/default (5).svg|/ecommerce/samsung/All Samsung Smartphones - Price in Kenya (4)/default (5).svg|/ecommerce/samsung/All Samsung Smartphones - Price in Kenya (5)/default (5).svg|/ecommerce/samsung/All Samsung Smartphones - Price in Kenya (6)/default (5).svg|/ecommerce/samsung/All Samsung Smartphones - Price in Kenya (7)/default (5).svg|/ecommerce/samsung/All Samsung Smartphones - Price in Kenya (8)/default (5).svg|/ecommerce/samsung/All Samsung Smartphones - Price in Kenya/default (5).svg|/ecommerce/Tecno-2/All Tecno Smartphones - Price in Kenya/default (5).svg,default (5).svg|default (5).svg|default (5).svg|default (5).svg|default (5).svg|default (5).svg|default (5).svg|default (5).svg|default (5).svg|default (5).svg|default (5).svg|default (5).svg|default (5).svg|default (5).svg,418,24,24
418|24|24|download (22).svg,same name + size + dimensions,2,6a7c25d95c7cd75eb8531b8a|6a7c23535c7cd75eb8406d45,/Bts/download (22).svg|/tvs/download (22).svg,download (22).svg|download (22).svg,418,24,24
418|24|24|download (23).svg,same name + size + dimensions,2,6a7ca9d65c7cd75eb830778c|6a7c24ec5c7cd75eb84c4ce3,/airbuds/download (23).svg|/itel/download (23).svg,download (23).svg|download (23).svg,418,24,24
418|24|24|download (5).svg,same name + size + dimensions,13,6a7ca9d75c7cd75eb8308363|6a7caadc5c7cd75eb840f9b8|6a7cab5e5c7cd75eb8492f2e|6a7cabb15c7cd75eb84e9aa3|6a7caf655c7cd75eb88bd991|6a7c25d95c7cd75eb8531bf7|6a7c24ec5c7cd75eb84c4cc0|6a7cac9d5c7cd75eb85d30a5|6a7cadd05c7cd75eb8708ec9|6a7cae085c7cd75eb8740f74|6a7caeb85c7cd75eb87f900d|6a7caeec5c7cd75eb88371e1|6a7c23535c7cd75eb8406d00,/airbuds/download (5).svg|/airbuds2/download (5).svg|/airbuds3/download (5).svg|/airbuds4/download (5).svg|/airbuds5/download (5).svg|/Bts/download (5).svg|/itel/download (5).svg|/Oppo2/download (5).svg|/Oppo3/download (5).svg|/Oppo4/download (5).svg|/Oppo5/download (5).svg|/Oppo6/download (5).svg|/tvs/download (5).svg,download (5).svg|download (5).svg|download (5).svg|download (5).svg|download (5).svg|download (5).svg|download (5).svg|download (5).svg|download (5).svg|download (5).svg|download (5).svg|download (5).svg|download (5).svg,418,24,24
4200|320|320|nothing-cmf-buds-pro-2-c-medium (1).webp,same name + size + dimensions,3,6a7ca9de5c7cd75eb830fe45|6a7caae45c7cd75eb8417e46|6a7cab675c7cd75eb849cacc,/airbuds/Nothing-CMF-Buds-Pro-2-c-medium (1).webp|/airbuds2/Nothing-CMF-Buds-Pro-2-c-medium (1).webp|/airbuds3/Nothing-CMF-Buds-Pro-2-c-medium (1).webp,Nothing-CMF-Buds-Pro-2-c-medium (1).webp|Nothing-CMF-Buds-Pro-2-c-medium (1).webp|Nothing-CMF-Buds-Pro-2-c-medium (1).webp,4200,320,320
4208|320|320|oppo-reno-15-pro-a-medium (1).webp,same name + size + dimensions,2,6a7cac765c7cd75eb85abddd|6a7caca75c7cd75eb85dc6d1,/Oppo/Oppo-Reno-15-Pro-a-medium (1).webp|/Oppo2/Oppo-Reno-15-Pro-a-medium (1).webp,Oppo-Reno-15-Pro-a-medium (1).webp|Oppo-Reno-15-Pro-a-medium (1).webp,4208,320,320
4232|320|320|oppo-reno15-pro-mini-medium (1).webp,same name + size + dimensions,2,6a7cac765c7cd75eb85ac4b4|6a7caca75c7cd75eb85dc7ad,/Oppo/Oppo-Reno15-Pro-Mini-medium (1).webp|/Oppo2/Oppo-Reno15-Pro-Mini-medium (1).webp,Oppo-Reno15-Pro-Mini-medium (1).webp|Oppo-Reno15-Pro-Mini-medium (1).webp,4232,320,320
4236|294|147|nothing-original (1).webp,same name + size + dimensions,10,6a7ca9de5c7cd75eb83101b9|6a7caae25c7cd75eb8415dbb|6a7cab675c7cd75eb849cc18|6a7cabba5c7cd75eb84f1e48|6a7caf675c7cd75eb88bf2e4|6a7c25535c7cd75eb84f2722|6a7cac9d5c7cd75eb85d38bf|6a7cadd15c7cd75eb87099b1|6a7caeb85c7cd75eb87f97df|6a7caeee5c7cd75eb883917d,/airbuds/nothing-original (1).webp|/airbuds2/nothing-original (1).webp|/airbuds3/nothing-original (1).webp|/airbuds4/nothing-original (1).webp|/airbuds5/nothing-original (1).webp|/itel/nothing-original (1).webp|/Oppo2/nothing-original (1).webp|/Oppo3/nothing-original (1).webp|/Oppo5/nothing-original (1).webp|/Oppo6/nothing-original (1).webp,nothing-original (1).webp|nothing-original (1).webp|nothing-original (1).webp|nothing-original (1).webp|nothing-original (1).webp|nothing-original (1).webp|nothing-original (1).webp|nothing-original (1).webp|nothing-original (1).webp|nothing-original (1).webp,4236,294,147
4236|294|147|nothing-original (4).webp,same name + size + dimensions,2,6a7ca9de5c7cd75eb831025a|6a7c25535c7cd75eb84f2a33,/airbuds/nothing-original (4).webp|/itel/nothing-original (4).webp,nothing-original (4).webp|nothing-original (4).webp,4236,294,147
4242|320|320|oppo-find-x9s-a-medium (1).webp,same name + size + dimensions,2,6a7cac755c7cd75eb85ab625|6a7caca65c7cd75eb85db99c,/Oppo/Oppo-Find-X9s-a-medium (1).webp|/Oppo2/Oppo-Find-X9s-a-medium (1).webp,Oppo-Find-X9s-a-medium (1).webp|Oppo-Find-X9s-a-medium (1).webp,4242,320,320
4250|320|160|beats-original.webp,same name + size + dimensions,5,6a7ca9d55c7cd75eb8305a7f|6a7caadb5c7cd75eb840ee91|6a7cab5e5c7cd75eb8493491|6a7cabb15c7cd75eb84e94d9|6a7caf675c7cd75eb88bf33b,/airbuds/beats-original.webp|/airbuds2/beats-original.webp|/airbuds3/beats-original.webp|/airbuds4/beats-original.webp|/airbuds5/beats-original.webp,beats-original.webp|beats-original.webp|beats-original.webp|beats-original.webp|beats-original.webp,4250,320,160
4266|145|145|galaxy-z-fold-3-medium (4).webp,same name + size + dimensions,2,6a7ba89a5c7cd75eb818855d|6a7ba86b5c7cd75eb815d649,/ecommerce/samsung/All Samsung Smartphones - Price in Kenya (1)/galaxy-z-fold-3-medium (4).webp|/ecommerce/samsung/All Samsung Smartphones - Price in Kenya (2)/galaxy-z-fold-3-medium (4).webp,galaxy-z-fold-3-medium (4).webp|galaxy-z-fold-3-medium (4).webp,4266,145,145
4266|145|145|galaxy-z-fold-3-medium (5).webp,same name + size + dimensions,2,6a7ba89a5c7cd75eb818852e|6a7ba86b5c7cd75eb815d661,/ecommerce/samsung/All Samsung Smartphones - Price in Kenya (1)/galaxy-z-fold-3-medium (5).webp|/ecommerce/samsung/All Samsung Smartphones - Price in Kenya (2)/galaxy-z-fold-3-medium (5).webp,galaxy-z-fold-3-medium (5).webp|galaxy-z-fold-3-medium (5).webp,4266,145,145
4270|320|160|philips-original.webp,same name + size + dimensions,6,6a7c25665c7cd75eb84fb4ef|6a7caca75c7cd75eb85dcf05|6a7cadda5c7cd75eb8713f39|6a7cae075c7cd75eb8740e84|6a7caec25c7cd75eb8803fe8|6a7caef95c7cd75eb88463de,/itel/Philips-original.webp|/Oppo2/Philips-original.webp|/Oppo3/Philips-original.webp|/Oppo4/Philips-original.webp|/Oppo5/Philips-original.webp|/Oppo6/Philips-original.webp,Philips-original.webp|Philips-original.webp|Philips-original.webp|Philips-original.webp|Philips-original.webp|Philips-original.webp,4270,320,160
4298|320|320|samsung-galaxy-z-flip8-c-medium (1).webp,same name + size + dimensions,2,6a7ba8c85c7cd75eb81b14e2|6a7ba8975c7cd75eb8185062,/ecommerce/samsung/All Samsung Smartphones - Price in Kenya (1)/Samsung-Galaxy-Z-Flip8-c-medium (1).webp|/ecommerce/samsung/All Samsung Smartphones - Price in Kenya (2)/Samsung-Galaxy-Z-Flip8-c-medium (1).webp,Samsung-Galaxy-Z-Flip8-c-medium (1).webp|Samsung-Galaxy-Z-Flip8-c-medium (1).webp,4298,320,320
4302|145|145|tecno-spark-go-3-b-medium (2).webp,same name + size + dimensions,2,6a7b69825c7cd75eb8e19a7f|6a7b6a8b5c7cd75eb8e72ca6,/ecommerce/All Tecno Smartphones - Price in Kenya/Tecno-Spark-Go-3-b-medium (2).webp|/ecommerce/Tecno-2/All Tecno Smartphones - Price in Kenya/Tecno-Spark-Go-3-b-medium (2).webp,Tecno-Spark-Go-3-b-medium (2).webp|Tecno-Spark-Go-3-b-medium (2).webp,4302,145,145
4308|320|320|anker-soundcore-space-a40-medium (1).webp,same name + size + dimensions,2,6a7caadc5c7cd75eb840f37b|6a7cab5e5c7cd75eb8492939,/airbuds2/Anker-Soundcore-Space-A40-medium (1).webp|/airbuds3/Anker-Soundcore-Space-A40-medium (1).webp,Anker-Soundcore-Space-A40-medium (1).webp|Anker-Soundcore-Space-A40-medium (1).webp,4308,320,320
4314|320|320|samsung-galaxy-z-flip-7-a-medium (1).webp,same name + size + dimensions,2,6a7ba8c85c7cd75eb81b13dc|6a7ba8925c7cd75eb817edfb,/ecommerce/samsung/All Samsung Smartphones - Price in Kenya (1)/Samsung-Galaxy-Z-Flip-7-a-medium (1).webp|/ecommerce/samsung/All Samsung Smartphones - Price in Kenya (2)/Samsung-Galaxy-Z-Flip-7-a-medium (1).webp,Samsung-Galaxy-Z-Flip-7-a-medium (1).webp|Samsung-Galaxy-Z-Flip-7-a-medium (1).webp,4314,320,320
4314|320|320|samsung-galaxy-z-flip-7-a-medium.webp,same name + size + dimensions,2,6a7ba8c85c7cd75eb81b1459|6a7ba8965c7cd75eb818474b,/ecommerce/samsung/All Samsung Smartphones - Price in Kenya (1)/Samsung-Galaxy-Z-Flip-7-a-medium.webp|/ecommerce/samsung/All Samsung Smartphones - Price in Kenya (2)/Samsung-Galaxy-Z-Flip-7-a-medium.webp,Samsung-Galaxy-Z-Flip-7-a-medium.webp|Samsung-Galaxy-Z-Flip-7-a-medium.webp,4314,320,320
4318|320|320|samsung-galaxy-a37-a-medium.webp,same name + size + dimensions,3,6a7ba8c15c7cd75eb81abf32|6a7ba86c5c7cd75eb815dfb6|6a7ba8085c7cd75eb81035b4,/ecommerce/samsung/All Samsung Smartphones - Price in Kenya (1)/Samsung-Galaxy-A37-a-medium.webp|/ecommerce/samsung/All Samsung Smartphones - Price in Kenya (2)/Samsung-Galaxy-A37-a-medium.webp|/ecommerce/samsung/All Samsung Smartphones - Price in Kenya (4)/Samsung-Galaxy-A37-a-medium.webp,Samsung-Galaxy-A37-a-medium.webp|Samsung-Galaxy-A37-a-medium.webp|Samsung-Galaxy-A37-a-medium.webp,4318,320,320
432|20|20|chevron-down.8ee3574 (1).svg,same name + size + dimensions,4,6a7ca9d65c7cd75eb8306dd7|6a7c25d75c7cd75eb8530249|6a7c24ec5c7cd75eb84c4c02|6a7c23535c7cd75eb8406cfa,/airbuds/chevron-down.8ee3574 (1).svg|/Bts/chevron-down.8ee3574 (1).svg|/itel/chevron-down.8ee3574 (1).svg|/tvs/chevron-down.8ee3574 (1).svg,chevron-down.8ee3574 (1).svg|chevron-down.8ee3574 (1).svg|chevron-down.8ee3574 (1).svg|chevron-down.8ee3574 (1).svg,432,20,20
432|20|20|chevron-down.8ee3574.svg,same name + size + dimensions,23,6a7ca9d65c7cd75eb8306df6|6a7caadc5c7cd75eb840f7b9|6a7cab5e5c7cd75eb8492923|6a7cabb15c7cd75eb84e9ea3|6a7caf655c7cd75eb88bd9a2|6a7c25d75c7cd75eb853017d|6a7ba9875c7cd75eb82651ef|6a7b697f5c7cd75eb8e188d0|6a7b63415c7cd75eb8b31714|6a7ba8995c7cd75eb81876fc|6a7ba8425c7cd75eb8137e6d|6a7ba80c5c7cd75eb810886f|6a7ba7bc5c7cd75eb80c0c42|6a7ba71a5c7cd75eb802f977|6a7ba6db5c7cd75eb8ff4fad|6a7ba6a35c7cd75eb8fc1575|6a7ba8c85c7cd75eb81b1502|6a7b6a865c7cd75eb8e70b8c|6a7c24ec5c7cd75eb84c4c55|6a7cac9d5c7cd75eb85d2865|6a7caeb85c7cd75eb87f907e|6a7caeec5c7cd75eb8837411|6a7c23535c7cd75eb8406cf9,/airbuds/chevron-down.8ee3574.svg|/airbuds2/chevron-down.8ee3574.svg|/airbuds3/chevron-down.8ee3574.svg|/airbuds4/chevron-down.8ee3574.svg|/airbuds5/chevron-down.8ee3574.svg|/Bts/chevron-down.8ee3574.svg|/ecommerce/All iOS Smartphones - Price in Kenya/chevron-down.8ee3574.svg|/ecommerce/All Tecno Smartphones - Price in Kenya/chevron-down.8ee3574.svg|/ecommerce/All Xiaomi Smartphones - Price in Kenya (2)/chevron-down.8ee3574.svg|/ecommerce/samsung/All Samsung Smartphones - Price in Kenya (1)/chevron-down.8ee3574.svg|/ecommerce/samsung/All Samsung Smartphones - Price in Kenya (2)/chevron-down.8ee3574.svg|/ecommerce/samsung/All Samsung Smartphones - Price in Kenya (3)/chevron-down.8ee3574.svg|/ecommerce/samsung/All Samsung Smartphones - Price in Kenya (4)/chevron-down.8ee3574.svg|/ecommerce/samsung/All Samsung Smartphones - Price in Kenya (6)/chevron-down.8ee3574.svg|/ecommerce/samsung/All Samsung Smartphones - Price in Kenya (7)/chevron-down.8ee3574.svg|/ecommerce/samsung/All Samsung Smartphones - Price in Kenya (8)/chevron-down.8ee3574.svg|/ecommerce/samsung/All Samsung Smartphones - Price in Kenya/chevron-down.8ee3574.svg|/ecommerce/Tecno-2/All Tecno Smartphones - Price in Kenya/chevron-down.8ee3574.svg|/itel/chevron-down.8ee3574.svg|/Oppo2/chevron-down.8ee3574.svg|/Oppo5/chevron-down.8ee3574.svg|/Oppo6/chevron-down.8ee3574.svg|/tvs/chevron-down.8ee3574.svg,chevron-down.8ee3574.svg|chevron-down.8ee3574.svg|chevron-down.8ee3574.svg|chevron-down.8ee3574.svg|chevron-down.8ee3574.svg|chevron-down.8ee3574.svg|chevron-down.8ee3574.svg|chevron-down.8ee3574.svg|chevron-down.8ee3574.svg|chevron-down.8ee3574.svg|chevron-down.8ee3574.svg|chevron-down.8ee3574.svg|chevron-down.8ee3574.svg|chevron-down.8ee3574.svg|chevron-down.8ee3574.svg|chevron-down.8ee3574.svg|chevron-down.8ee3574.svg|chevron-down.8ee3574.svg|chevron-down.8ee3574.svg|chevron-down.8ee3574.svg|chevron-down.8ee3574.svg|chevron-down.8ee3574.svg|chevron-down.8ee3574.svg,432,20,20
4332|320|320|galaxy-a06c-medium.webp,same name + size + dimensions,3,6a7ba89a5c7cd75eb81885e0|6a7ba86a5c7cd75eb815b8e8|6a7ba8c85c7cd75eb81b1623,/ecommerce/samsung/All Samsung Smartphones - Price in Kenya (1)/Galaxy-A06c-medium.webp|/ecommerce/samsung/All Samsung Smartphones - Price in Kenya (2)/Galaxy-A06c-medium.webp|/ecommerce/samsung/All Samsung Smartphones - Price in Kenya/Galaxy-A06c-medium.webp,Galaxy-A06c-medium.webp|Galaxy-A06c-medium.webp|Galaxy-A06c-medium.webp,4332,320,320
4348|320|160|nokia-logo-original.webp,same name + size + dimensions,6,6a7c25525c7cd75eb84f1cbb|6a7cac9e5c7cd75eb85d3f38|6a7cadd15c7cd75eb87099a9|6a7cae075c7cd75eb8740d2f|6a7caeb85c7cd75eb87f94c5|6a7caeee5c7cd75eb8839185,/itel/nokia-logo-original.webp|/Oppo2/nokia-logo-original.webp|/Oppo3/nokia-logo-original.webp|/Oppo4/nokia-logo-original.webp|/Oppo5/nokia-logo-original.webp|/Oppo6/nokia-logo-original.webp,nokia-logo-original.webp|nokia-logo-original.webp|nokia-logo-original.webp|nokia-logo-original.webp|nokia-logo-original.webp|nokia-logo-original.webp,4348,320,160
435|24|24|default (13).svg,same name + size + dimensions,14,6a7ba9875c7cd75eb8265968|6a7b6cca5c7cd75eb8f3e9e0|6a7b697c5c7cd75eb8e17a08|6a7b63425c7cd75eb8b31dd9|6a7ba8995c7cd75eb8187718|6a7ba8495c7cd75eb813e5b5|6a7ba80c5c7cd75eb81088ae|6a7ba7bc5c7cd75eb80c0ca7|6a7ba7705c7cd75eb8078283|6a7ba71a5c7cd75eb802f9ec|6a7ba6db5c7cd75eb8ff4fc1|6a7ba6a35c7cd75eb8fc19a2|6a7ba8c85c7cd75eb81b1554|6a7b6a835c7cd75eb8e6fc6c,/ecommerce/All iOS Smartphones - Price in Kenya/default (13).svg|/ecommerce/All Tecno Smartphones - Price in Kenya (2)/default (13).svg|/ecommerce/All Tecno Smartphones - Price in Kenya/default (13).svg|/ecommerce/All Xiaomi Smartphones - Price in Kenya (2)/default (13).svg|/ecommerce/samsung/All Samsung Smartphones - Price in Kenya (1)/default (13).svg|/ecommerce/samsung/All Samsung Smartphones - Price in Kenya (2)/default (13).svg|/ecommerce/samsung/All Samsung Smartphones - Price in Kenya (3)/default (13).svg|/ecommerce/samsung/All Samsung Smartphones - Price in Kenya (4)/default (13).svg|/ecommerce/samsung/All Samsung Smartphones - Price in Kenya (5)/default (13).svg|/ecommerce/samsung/All Samsung Smartphones - Price in Kenya (6)/default (13).svg|/ecommerce/samsung/All Samsung Smartphones - Price in Kenya (7)/default (13).svg|/ecommerce/samsung/All Samsung Smartphones - Price in Kenya (8)/default (13).svg|/ecommerce/samsung/All Samsung Smartphones - Price in Kenya/default (13).svg|/ecommerce/Tecno-2/All Tecno Smartphones - Price in Kenya/default (13).svg,default (13).svg|default (13).svg|default (13).svg|default (13).svg|default (13).svg|default (13).svg|default (13).svg|default (13).svg|default (13).svg|default (13).svg|default (13).svg|default (13).svg|default (13).svg|default (13).svg,435,24,24
435|24|24|download (13).svg,same name + size + dimensions,13,6a7ca9d55c7cd75eb83063b5|6a7caadc5c7cd75eb840fd78|6a7cab5e5c7cd75eb84934dd|6a7cabb15c7cd75eb84ea13f|6a7caf675c7cd75eb88bf32a|6a7c25d75c7cd75eb8530187|6a7c24ec5c7cd75eb84c4bd2|6a7cac9d5c7cd75eb85d2849|6a7cadd15c7cd75eb870940a|6a7cae075c7cd75eb8740c14|6a7caeb85c7cd75eb87f9c41|6a7caeec5c7cd75eb883744a|6a7c23535c7cd75eb8406c86,/airbuds/download (13).svg|/airbuds2/download (13).svg|/airbuds3/download (13).svg|/airbuds4/download (13).svg|/airbuds5/download (13).svg|/Bts/download (13).svg|/itel/download (13).svg|/Oppo2/download (13).svg|/Oppo3/download (13).svg|/Oppo4/download (13).svg|/Oppo5/download (13).svg|/Oppo6/download (13).svg|/tvs/download (13).svg,download (13).svg|download (13).svg|download (13).svg|download (13).svg|download (13).svg|download (13).svg|download (13).svg|download (13).svg|download (13).svg|download (13).svg|download (13).svg|download (13).svg|download (13).svg,435,24,24
435|24|24|download (30).svg,same name + size + dimensions,2,6a7c25d85c7cd75eb8531b76|6a7c23535c7cd75eb8406cab,/Bts/download (30).svg|/tvs/download (30).svg,download (30).svg|download (30).svg,435,24,24
435|24|24|download (31).svg,same name + size + dimensions,2,6a7ca9d65c7cd75eb8306ab8|6a7c24ec5c7cd75eb84c4f23,/airbuds/download (31).svg|/itel/download (31).svg,download (31).svg|download (31).svg,435,24,24
4358|320|160|oraimo-original (3).webp,same name + size + dimensions,2,6a7ca9e45c7cd75eb83142a3|6a7c26215c7cd75eb85525c5,/airbuds/oraimo-original (3).webp|/Bts/oraimo-original (3).webp,oraimo-original (3).webp|oraimo-original (3).webp,4358,320,160
4358|320|160|oraimo-original.webp,same name + size + dimensions,6,6a7ca9e45c7cd75eb831434f|6a7caae55c7cd75eb84186ad|6a7cab675c7cd75eb849d4ec|6a7cabba5c7cd75eb84f2016|6a7caf6f5c7cd75eb88c8b62|6a7c26215c7cd75eb85526a2,/airbuds/oraimo-original.webp|/airbuds2/oraimo-original.webp|/airbuds3/oraimo-original.webp|/airbuds4/oraimo-original.webp|/airbuds5/oraimo-original.webp|/Bts/oraimo-original.webp,oraimo-original.webp|oraimo-original.webp|oraimo-original.webp|oraimo-original.webp|oraimo-original.webp|oraimo-original.webp,4358,320,160
4394|320|320|galaxys23ultrab-medium (1).webp,same name + size + dimensions,3,6a7ba89a5c7cd75eb81886e5|6a7ba86c5c7cd75eb815debe|6a7ba83f5c7cd75eb8134b60,/ecommerce/samsung/All Samsung Smartphones - Price in Kenya (1)/galaxys23ultrab-medium (1).webp|/ecommerce/samsung/All Samsung Smartphones - Price in Kenya (2)/galaxys23ultrab-medium (1).webp|/ecommerce/samsung/All Samsung Smartphones - Price in Kenya (3)/galaxys23ultrab-medium (1).webp,galaxys23ultrab-medium (1).webp|galaxys23ultrab-medium (1).webp|galaxys23ultrab-medium (1).webp,4394,320,320
4404|320|320|tecno-camon-50-medium (1).webp,same name + size + dimensions,2,6a7b69805c7cd75eb8e19075|6a7b6a865c7cd75eb8e70b6b,/ecommerce/All Tecno Smartphones - Price in Kenya/Tecno-Camon-50-medium (1).webp|/ecommerce/Tecno-2/All Tecno Smartphones - Price in Kenya/Tecno-Camon-50-medium (1).webp,Tecno-Camon-50-medium (1).webp|Tecno-Camon-50-medium (1).webp,4404,320,320
4420|320|320|samsung-galaxy-buds-2-mqhutvztuu-medium.webp,same name + size + dimensions,2,6a7caae55c7cd75eb84186c4|6a7cab675c7cd75eb849d68f,/airbuds2/samsung-galaxy-buds-2-MqHutVZtUU-medium.webp|/airbuds3/samsung-galaxy-buds-2-MqHutVZtUU-medium.webp,samsung-galaxy-buds-2-MqHutVZtUU-medium.webp|samsung-galaxy-buds-2-MqHutVZtUU-medium.webp,4420,320,320
4436|320|320|tecno-pop-10-pro-medium (1).webp,same name + size + dimensions,2,6a7b69815c7cd75eb8e196c8|6a7b6a865c7cd75eb8e7072c,/ecommerce/All Tecno Smartphones - Price in Kenya/Tecno-Pop-10-Pro-medium (1).webp|/ecommerce/Tecno-2/All Tecno Smartphones - Price in Kenya/Tecno-Pop-10-Pro-medium (1).webp,Tecno-Pop-10-Pro-medium (1).webp|Tecno-Pop-10-Pro-medium (1).webp,4436,320,320
4444|320|320|oneplus-buds-pro-2-e-medium.webp,same name + size + dimensions,2,6a7caae45c7cd75eb84182d7|6a7cab675c7cd75eb849d4b2,/airbuds2/Oneplus-Buds-Pro-2-e-medium.webp|/airbuds3/Oneplus-Buds-Pro-2-e-medium.webp,Oneplus-Buds-Pro-2-e-medium.webp|Oneplus-Buds-Pro-2-e-medium.webp,4444,320,320
4474|320|320|galaxya54d-medium (1).webp,same name + size + dimensions,3,6a7ba7bc5c7cd75eb80c19c4|6a7ba7225c7cd75eb803818d|6a7ba6db5c7cd75eb8ff50af,/ecommerce/samsung/All Samsung Smartphones - Price in Kenya (4)/galaxya54d-medium (1).webp|/ecommerce/samsung/All Samsung Smartphones - Price in Kenya (6)/galaxya54d-medium (1).webp|/ecommerce/samsung/All Samsung Smartphones - Price in Kenya (7)/galaxya54d-medium (1).webp,galaxya54d-medium (1).webp|galaxya54d-medium (1).webp|galaxya54d-medium (1).webp,4474,320,320
4476|294|147|nothing-original (3).webp,same name + size + dimensions,2,6a7ca9de5c7cd75eb8310249|6a7c25535c7cd75eb84f2b58,/airbuds/nothing-original (3).webp|/itel/nothing-original (3).webp,nothing-original (3).webp|nothing-original (3).webp,4476,294,147
4476|294|147|nothing-original.webp,same name + size + dimensions,11,6a7ca9de5c7cd75eb83102bd|6a7caae45c7cd75eb8417f2e|6a7cab675c7cd75eb849cc49|6a7cabba5c7cd75eb84f1f04|6a7caf6b5c7cd75eb88c3c34|6a7c255a5c7cd75eb84f55e0|6a7cac9d5c7cd75eb85d38a1|6a7cadd15c7cd75eb870977f|6a7cae075c7cd75eb8740ebf|6a7caeb85c7cd75eb87f98e2|6a7caeee5c7cd75eb8839363,/airbuds/nothing-original.webp|/airbuds2/nothing-original.webp|/airbuds3/nothing-original.webp|/airbuds4/nothing-original.webp|/airbuds5/nothing-original.webp|/itel/nothing-original.webp|/Oppo2/nothing-original.webp|/Oppo3/nothing-original.webp|/Oppo4/nothing-original.webp|/Oppo5/nothing-original.webp|/Oppo6/nothing-original.webp,nothing-original.webp|nothing-original.webp|nothing-original.webp|nothing-original.webp|nothing-original.webp|nothing-original.webp|nothing-original.webp|nothing-original.webp|nothing-original.webp|nothing-original.webp|nothing-original.webp,4476,294,147
449|24|24|default (12).svg,same name + size + dimensions,14,6a7ba9875c7cd75eb8265199|6a7b6cca5c7cd75eb8f3e9d0|6a7b697f5c7cd75eb8e18831|6a7b63455c7cd75eb8b33481|6a7ba8995c7cd75eb8187703|6a7ba8495c7cd75eb813e5c4|6a7ba80c5c7cd75eb810889e|6a7ba7bc5c7cd75eb80c0c54|6a7ba7705c7cd75eb807824c|6a7ba71a5c7cd75eb802f8ab|6a7ba6db5c7cd75eb8ff4fc8|6a7ba6a35c7cd75eb8fc17fc|6a7ba8c85c7cd75eb81b1531|6a7b6a835c7cd75eb8e6fc98,/ecommerce/All iOS Smartphones - Price in Kenya/default (12).svg|/ecommerce/All Tecno Smartphones - Price in Kenya (2)/default (12).svg|/ecommerce/All Tecno Smartphones - Price in Kenya/default (12).svg|/ecommerce/All Xiaomi Smartphones - Price in Kenya (2)/default (12).svg|/ecommerce/samsung/All Samsung Smartphones - Price in Kenya (1)/default (12).svg|/ecommerce/samsung/All Samsung Smartphones - Price in Kenya (2)/default (12).svg|/ecommerce/samsung/All Samsung Smartphones - Price in Kenya (3)/default (12).svg|/ecommerce/samsung/All Samsung Smartphones - Price in Kenya (4)/default (12).svg|/ecommerce/samsung/All Samsung Smartphones - Price in Kenya (5)/default (12).svg|/ecommerce/samsung/All Samsung Smartphones - Price in Kenya (6)/default (12).svg|/ecommerce/samsung/All Samsung Smartphones - Price in Kenya (7)/default (12).svg|/ecommerce/samsung/All Samsung Smartphones - Price in Kenya (8)/default (12).svg|/ecommerce/samsung/All Samsung Smartphones - Price in Kenya/default (12).svg|/ecommerce/Tecno-2/All Tecno Smartphones - Price in Kenya/default (12).svg,default (12).svg|default (12).svg|default (12).svg|default (12).svg|default (12).svg|default (12).svg|default (12).svg|default (12).svg|default (12).svg|default (12).svg|default (12).svg|default (12).svg|default (12).svg|default (12).svg,449,24,24
449|24|24|download (12).svg,same name + size + dimensions,13,6a7ca9d55c7cd75eb83062b4|6a7caadc5c7cd75eb840f93b|6a7cab5e5c7cd75eb8493447|6a7cabb15c7cd75eb84e9f4b|6a7caf675c7cd75eb88bf324|6a7c25d75c7cd75eb8530e46|6a7c24ec5c7cd75eb84c4cb9|6a7cac9d5c7cd75eb85d2a36|6a7cadd15c7cd75eb8709252|6a7cae085c7cd75eb8740f87|6a7caeb85c7cd75eb87f8f75|6a7caeed5c7cd75eb88383ea|6a7c23535c7cd75eb8406c6d,/airbuds/download (12).svg|/airbuds2/download (12).svg|/airbuds3/download (12).svg|/airbuds4/download (12).svg|/airbuds5/download (12).svg|/Bts/download (12).svg|/itel/download (12).svg|/Oppo2/download (12).svg|/Oppo3/download (12).svg|/Oppo4/download (12).svg|/Oppo5/download (12).svg|/Oppo6/download (12).svg|/tvs/download (12).svg,download (12).svg|download (12).svg|download (12).svg|download (12).svg|download (12).svg|download (12).svg|download (12).svg|download (12).svg|download (12).svg|download (12).svg|download (12).svg|download (12).svg|download (12).svg,449,24,24
449|24|24|download (29).svg,same name + size + dimensions,2,6a7c25d75c7cd75eb8531005|6a7c23535c7cd75eb8406c8b,/Bts/download (29).svg|/tvs/download (29).svg,download (29).svg|download (29).svg,449,24,24
449|24|24|download (30).svg,same name + size + dimensions,2,6a7ca9d55c7cd75eb83058b1|6a7c24ec5c7cd75eb84c4bee,/airbuds/download (30).svg|/itel/download (30).svg,download (30).svg|download (30).svg,449,24,24
4490|320|160|beats-original (1).webp,same name + size + dimensions,5,6a7ca9d55c7cd75eb8306353|6a7caadc5c7cd75eb840f83d|6a7cab5e5c7cd75eb849292f|6a7cabb15c7cd75eb84e9ec7|6a7caf675c7cd75eb88bf2e9,/airbuds/beats-original (1).webp|/airbuds2/beats-original (1).webp|/airbuds3/beats-original (1).webp|/airbuds4/beats-original (1).webp|/airbuds5/beats-original (1).webp,beats-original (1).webp|beats-original (1).webp|beats-original (1).webp|beats-original (1).webp|beats-original (1).webp,4490,320,160
4490|320|320|nothing-cmf-buds-2-plus-d-medium (1).webp,same name + size + dimensions,2,6a7caadd5c7cd75eb8410fb7|6a7cab5e5c7cd75eb84936f4,/airbuds2/Nothing-CMF-Buds-2-Plus-d-medium (1).webp|/airbuds3/Nothing-CMF-Buds-2-Plus-d-medium (1).webp,Nothing-CMF-Buds-2-Plus-d-medium (1).webp|Nothing-CMF-Buds-2-Plus-d-medium (1).webp,4490,320,320
4502|320|320|galaxy-buds-core-c-medium.webp,same name + size + dimensions,3,6a7ca9de5c7cd75eb830f213|6a7caadc5c7cd75eb84104e2|6a7cab5e5c7cd75eb849315e,/airbuds/galaxy-buds-core-c-medium.webp|/airbuds2/galaxy-buds-core-c-medium.webp|/airbuds3/galaxy-buds-core-c-medium.webp,galaxy-buds-core-c-medium.webp|galaxy-buds-core-c-medium.webp|galaxy-buds-core-c-medium.webp,4502,320,320
4518|320|320|huawei-freeclip-2-medium (1).webp,same name + size + dimensions,3,6a7ca9de5c7cd75eb830f21f|6a7caadd5c7cd75eb84107bd|6a7cab5e5c7cd75eb8493227,/airbuds/Huawei-FreeClip-2-medium (1).webp|/airbuds2/Huawei-FreeClip-2-medium (1).webp|/airbuds3/Huawei-FreeClip-2-medium (1).webp,Huawei-FreeClip-2-medium (1).webp|Huawei-FreeClip-2-medium (1).webp|Huawei-FreeClip-2-medium (1).webp,4518,320,320
4518|320|320|samsung-galaxy-a17-4g-b-medium (1).webp,same name + size + dimensions,2,6a7ba89d5c7cd75eb818b64d|6a7ba86c5c7cd75eb815dfda,/ecommerce/samsung/All Samsung Smartphones - Price in Kenya (1)/Samsung-Galaxy-A17-4G-b-medium (1).webp|/ecommerce/samsung/All Samsung Smartphones - Price in Kenya (2)/Samsung-Galaxy-A17-4G-b-medium (1).webp,Samsung-Galaxy-A17-4G-b-medium (1).webp|Samsung-Galaxy-A17-4G-b-medium (1).webp,4518,320,320
4528|320|320|tecno-spark-40c-b-medium (1).webp,same name + size + dimensions,2,6a7b697e5c7cd75eb8e18296|6a7b6a895c7cd75eb8e719c4,/ecommerce/All Tecno Smartphones - Price in Kenya/Tecno-Spark-40C-b-medium (1).webp|/ecommerce/Tecno-2/All Tecno Smartphones - Price in Kenya/Tecno-Spark-40C-b-medium (1).webp,Tecno-Spark-40C-b-medium (1).webp|Tecno-Spark-40C-b-medium (1).webp,4528,320,320
4530|320|320|samsung-galaxy-z-flip-7-fe-medium (2).webp,same name + size + dimensions,2,6a7ba8c85c7cd75eb81b148f|6a7ba8965c7cd75eb8184728,/ecommerce/samsung/All Samsung Smartphones - Price in Kenya (1)/Samsung-Galaxy-Z-Flip-7-FE-medium (2).webp|/ecommerce/samsung/All Samsung Smartphones - Price in Kenya (2)/Samsung-Galaxy-Z-Flip-7-FE-medium (2).webp,Samsung-Galaxy-Z-Flip-7-FE-medium (2).webp|Samsung-Galaxy-Z-Flip-7-FE-medium (2).webp,4530,320,320
4530|320|320|samsung-galaxy-z-flip-7-fe-medium (3).webp,same name + size + dimensions,2,6a7ba8c85c7cd75eb81b14c7|6a7ba8965c7cd75eb8184771,/ecommerce/samsung/All Samsung Smartphones - Price in Kenya (1)/Samsung-Galaxy-Z-Flip-7-FE-medium (3).webp|/ecommerce/samsung/All Samsung Smartphones - Price in Kenya (2)/Samsung-Galaxy-Z-Flip-7-FE-medium (3).webp,Samsung-Galaxy-Z-Flip-7-FE-medium (3).webp|Samsung-Galaxy-Z-Flip-7-FE-medium (3).webp,4530,320,320
4534|320|320|samsung-galaxy-a07-4c-medium (1).webp,same name + size + dimensions,2,6a7ba89a5c7cd75eb81888b4|6a7ba86c5c7cd75eb815df53,/ecommerce/samsung/All Samsung Smartphones - Price in Kenya (1)/Samsung-Galaxy-A07-4c-medium (1).webp|/ecommerce/samsung/All Samsung Smartphones - Price in Kenya (2)/Samsung-Galaxy-A07-4c-medium (1).webp,Samsung-Galaxy-A07-4c-medium (1).webp|Samsung-Galaxy-A07-4c-medium (1).webp,4534,320,320
4534|320|320|samsung-galaxy-a07-4c-medium (2).webp,same name + size + dimensions,2,6a7ba89a5c7cd75eb81888e1|6a7ba86c5c7cd75eb815df4e,/ecommerce/samsung/All Samsung Smartphones - Price in Kenya (1)/Samsung-Galaxy-A07-4c-medium (2).webp|/ecommerce/samsung/All Samsung Smartphones - Price in Kenya (2)/Samsung-Galaxy-A07-4c-medium (2).webp,Samsung-Galaxy-A07-4c-medium (2).webp|Samsung-Galaxy-A07-4c-medium (2).webp,4534,320,320
4534|320|320|samsung-galaxy-a07-4c-medium.webp,same name + size + dimensions,3,6a7ba89d5c7cd75eb818b648|6a7ba86c5c7cd75eb815df6a|6a7ba8c85c7cd75eb81b1a2d,/ecommerce/samsung/All Samsung Smartphones - Price in Kenya (1)/Samsung-Galaxy-A07-4c-medium.webp|/ecommerce/samsung/All Samsung Smartphones - Price in Kenya (2)/Samsung-Galaxy-A07-4c-medium.webp|/ecommerce/samsung/All Samsung Smartphones - Price in Kenya/Samsung-Galaxy-A07-4c-medium.webp,Samsung-Galaxy-A07-4c-medium.webp|Samsung-Galaxy-A07-4c-medium.webp|Samsung-Galaxy-A07-4c-medium.webp,4534,320,320
4540|320|320|galaxy-z-flip-6-d-medium (1).webp,same name + size + dimensions,2,6a7ba89a5c7cd75eb81884c4|6a7ba86a5c7cd75eb815b910,/ecommerce/samsung/All Samsung Smartphones - Price in Kenya (1)/galaxy-z-flip-6-d-medium (1).webp|/ecommerce/samsung/All Samsung Smartphones - Price in Kenya (2)/galaxy-z-flip-6-d-medium (1).webp,galaxy-z-flip-6-d-medium (1).webp|galaxy-z-flip-6-d-medium (1).webp,4540,320,320
4550|320|320|tecno-camon-50-pro-medium (1).webp,same name + size + dimensions,2,6a7b69815c7cd75eb8e1943c|6a7b6a855c7cd75eb8e705a6,/ecommerce/All Tecno Smartphones - Price in Kenya/Tecno-Camon-50-Pro-medium (1).webp|/ecommerce/Tecno-2/All Tecno Smartphones - Price in Kenya/Tecno-Camon-50-Pro-medium (1).webp,Tecno-Camon-50-Pro-medium (1).webp|Tecno-Camon-50-Pro-medium (1).webp,4550,320,320
4556|320|320|samsung-galaxy-buds-3-pro-e-medium.webp,same name + size + dimensions,2,6a7caae55c7cd75eb84186e2|6a7cab675c7cd75eb849d526,/airbuds2/Samsung-Galaxy-Buds-3-Pro-e-medium.webp|/airbuds3/Samsung-Galaxy-Buds-3-Pro-e-medium.webp,Samsung-Galaxy-Buds-3-Pro-e-medium.webp|Samsung-Galaxy-Buds-3-Pro-e-medium.webp,4556,320,320
4582|320|320|tecno-spark-slim-medium (1).webp,same name + size + dimensions,2,6a7b69825c7cd75eb8e19abd|6a7b6a8b5c7cd75eb8e73193,/ecommerce/All Tecno Smartphones - Price in Kenya/Tecno-Spark-Slim-medium (1).webp|/ecommerce/Tecno-2/All Tecno Smartphones - Price in Kenya/Tecno-Spark-Slim-medium (1).webp,Tecno-Spark-Slim-medium (1).webp|Tecno-Spark-Slim-medium (1).webp,4582,320,320
4586|320|320|samsung-galaxy-a57-c-medium (1).webp,same name + size + dimensions,2,6a7ba8085c7cd75eb81035ce|6a7ba8f45c7cd75eb81dd1a8,/ecommerce/samsung/All Samsung Smartphones - Price in Kenya (4)/Samsung-Galaxy-A57-c-medium (1).webp|/ecommerce/samsung/All Samsung Smartphones - Price in Kenya/Samsung-Galaxy-A57-c-medium (1).webp,Samsung-Galaxy-A57-c-medium (1).webp|Samsung-Galaxy-A57-c-medium (1).webp,4586,320,320
4592|320|320|tecno-camon-50-ultra-medium (1).webp,same name + size + dimensions,2,6a7b69805c7cd75eb8e1900b|6a7b6a875c7cd75eb8e70cea,/ecommerce/All Tecno Smartphones - Price in Kenya/Tecno-Camon-50-Ultra-medium (1).webp|/ecommerce/Tecno-2/All Tecno Smartphones - Price in Kenya/Tecno-Camon-50-Ultra-medium (1).webp,Tecno-Camon-50-Ultra-medium (1).webp|Tecno-Camon-50-Ultra-medium (1).webp,4592,320,320
4594|320|320|jbl-endurance-race-2-medium.webp,same name + size + dimensions,2,6a7caadc5c7cd75eb8410420|6a7cab5e5c7cd75eb84931fb,/airbuds2/JBL-Endurance-Race-2-medium.webp|/airbuds3/JBL-Endurance-Race-2-medium.webp,JBL-Endurance-Race-2-medium.webp|JBL-Endurance-Race-2-medium.webp,4594,320,320
4602|320|320|oppo-f31-pro-plus-medium (1).webp,same name + size + dimensions,2,6a7cac755c7cd75eb85ab629|6a7caca65c7cd75eb85dba28,/Oppo/Oppo-F31-Pro-Plus-medium (1).webp|/Oppo2/Oppo-F31-Pro-Plus-medium (1).webp,Oppo-F31-Pro-Plus-medium (1).webp|Oppo-F31-Pro-Plus-medium (1).webp,4602,320,320
4608|320|320|samsung-galaxy-buds-4-pro-c-medium.webp,same name + size + dimensions,3,6a7ca9e75c7cd75eb8317bc5|6a7caae55c7cd75eb8418701|6a7cab675c7cd75eb849d683,/airbuds/Samsung-Galaxy-Buds-4-Pro-c-medium.webp|/airbuds2/Samsung-Galaxy-Buds-4-Pro-c-medium.webp|/airbuds3/Samsung-Galaxy-Buds-4-Pro-c-medium.webp,Samsung-Galaxy-Buds-4-Pro-c-medium.webp|Samsung-Galaxy-Buds-4-Pro-c-medium.webp|Samsung-Galaxy-Buds-4-Pro-c-medium.webp,4608,320,320
4622|320|320|oppo-reno-16f-a-medium (1).webp,same name + size + dimensions,2,6a7cac765c7cd75eb85ac2a1|6a7caca75c7cd75eb85dc8ed,/Oppo/Oppo-Reno-16F-a-medium (1).webp|/Oppo2/Oppo-Reno-16F-a-medium (1).webp,Oppo-Reno-16F-a-medium (1).webp|Oppo-Reno-16F-a-medium (1).webp,4622,320,320
4640|320|320|oppo-a6-4g-medium.webp,same name + size + dimensions,2,6a7cac765c7cd75eb85ac370|6a7cac9e5c7cd75eb85d456e,/Oppo/Oppo-A6-4G-medium.webp|/Oppo2/Oppo-A6-4G-medium.webp,Oppo-A6-4G-medium.webp|Oppo-A6-4G-medium.webp,4640,320,320
4642|320|320|samsung-galaxy-a27-c-medium.webp,same name + size + dimensions,3,6a7ba8c15c7cd75eb81abf2f|6a7ba86c5c7cd75eb815dfca|6a7ba8d35c7cd75eb81bc737,/ecommerce/samsung/All Samsung Smartphones - Price in Kenya (1)/Samsung-Galaxy-A27-c-medium.webp|/ecommerce/samsung/All Samsung Smartphones - Price in Kenya (2)/Samsung-Galaxy-A27-c-medium.webp|/ecommerce/samsung/All Samsung Smartphones - Price in Kenya/Samsung-Galaxy-A27-c-medium.webp,Samsung-Galaxy-A27-c-medium.webp|Samsung-Galaxy-A27-c-medium.webp|Samsung-Galaxy-A27-c-medium.webp,4642,320,320
4648|320|320|oppo-f33-pro-a-medium (1).webp,same name + size + dimensions,2,6a7cac765c7cd75eb85ac393|6a7caca65c7cd75eb85db8d8,/Oppo/Oppo-F33-Pro-a-medium (1).webp|/Oppo2/Oppo-F33-Pro-a-medium (1).webp,Oppo-F33-Pro-a-medium (1).webp|Oppo-F33-Pro-a-medium (1).webp,4648,320,320
4662|320|320|oppo-find-x9s-pro-medium (1).webp,same name + size + dimensions,2,6a7cac765c7cd75eb85ac3af|6a7caca65c7cd75eb85db9ae,/Oppo/Oppo-Find-X9s-Pro-medium (1).webp|/Oppo2/Oppo-Find-X9s-Pro-medium (1).webp,Oppo-Find-X9s-Pro-medium (1).webp|Oppo-Find-X9s-Pro-medium (1).webp,4662,320,320
4672|320|320|oppo-find-n6-medium (1).webp,same name + size + dimensions,2,6a7cac765c7cd75eb85ac37c|6a7caca65c7cd75eb85dba45,/Oppo/Oppo-Find-N6-medium (1).webp|/Oppo2/Oppo-Find-N6-medium (1).webp,Oppo-Find-N6-medium (1).webp|Oppo-Find-N6-medium (1).webp,4672,320,320
4676|320|320|oneplus-buds-3-b-medium.webp,same name + size + dimensions,2,6a7caae45c7cd75eb84181b0|6a7cab675c7cd75eb849cc36,/airbuds2/OnePlus-Buds-3-b-medium.webp|/airbuds3/OnePlus-Buds-3-b-medium.webp,OnePlus-Buds-3-b-medium.webp|OnePlus-Buds-3-b-medium.webp,4676,320,320
4688|145|145|galaxy-z-fold-5-medium (6).webp,same name + size + dimensions,2,6a7ba89a5c7cd75eb818863e|6a7ba86c5c7cd75eb815de7c,/ecommerce/samsung/All Samsung Smartphones - Price in Kenya (1)/galaxy-z-fold-5-medium (6).webp|/ecommerce/samsung/All Samsung Smartphones - Price in Kenya (2)/galaxy-z-fold-5-medium (6).webp,galaxy-z-fold-5-medium (6).webp|galaxy-z-fold-5-medium (6).webp,4688,145,145
4688|145|145|galaxy-z-fold-5-medium (7).webp,same name + size + dimensions,2,6a7ba89a5c7cd75eb81885a6|6a7ba86c5c7cd75eb815deaf,/ecommerce/samsung/All Samsung Smartphones - Price in Kenya (1)/galaxy-z-fold-5-medium (7).webp|/ecommerce/samsung/All Samsung Smartphones - Price in Kenya (2)/galaxy-z-fold-5-medium (7).webp,galaxy-z-fold-5-medium (7).webp|galaxy-z-fold-5-medium (7).webp,4688,145,145
4688|145|145|galaxy-z-fold-5-medium (8).webp,same name + size + dimensions,2,6a7ba89a5c7cd75eb81885be|6a7ba86c5c7cd75eb815dea7,/ecommerce/samsung/All Samsung Smartphones - Price in Kenya (1)/galaxy-z-fold-5-medium (8).webp|/ecommerce/samsung/All Samsung Smartphones - Price in Kenya (2)/galaxy-z-fold-5-medium (8).webp,galaxy-z-fold-5-medium (8).webp|galaxy-z-fold-5-medium (8).webp,4688,145,145
4710|320|320|tecnopop7proa-medium (1).webp,same name + size + dimensions,2,6a7b69825c7cd75eb8e19ce4|6a7b6a8c5c7cd75eb8e73e28,/ecommerce/All Tecno Smartphones - Price in Kenya/tecnopop7proa-medium (1).webp|/ecommerce/Tecno-2/All Tecno Smartphones - Price in Kenya/tecnopop7proa-medium (1).webp,tecnopop7proa-medium (1).webp|tecnopop7proa-medium (1).webp,4710,320,320
4716|320|320|tecno-spark-50-pro-medium (1).webp,same name + size + dimensions,2,6a7b69815c7cd75eb8e19882|6a7b6a8b5c7cd75eb8e727a4,/ecommerce/All Tecno Smartphones - Price in Kenya/Tecno-Spark-50-Pro-medium (1).webp|/ecommerce/Tecno-2/All Tecno Smartphones - Price in Kenya/Tecno-Spark-50-Pro-medium (1).webp,Tecno-Spark-50-Pro-medium (1).webp|Tecno-Spark-50-Pro-medium (1).webp,4716,320,320
4726|145|145|tecno-pop-x-5g-medium (2).webp,same name + size + dimensions,2,6a7b697e5c7cd75eb8e18247|6a7b6a885c7cd75eb8e7103f,/ecommerce/All Tecno Smartphones - Price in Kenya/Tecno-Pop-X-5G-medium (2).webp|/ecommerce/Tecno-2/All Tecno Smartphones - Price in Kenya/Tecno-Pop-X-5G-medium (2).webp,Tecno-Pop-X-5G-medium (2).webp|Tecno-Pop-X-5G-medium (2).webp,4726,145,145
473|100|100|loader.631b9ed (1).svg,same name + size + dimensions,4,6a7ca9de5c7cd75eb830ff21|6a7c261f5c7cd75eb8550ee8|6a7c254f5c7cd75eb84f0e4a|6a7c23ab5c7cd75eb842ed63,/airbuds/loader.631b9ed (1).svg|/Bts/loader.631b9ed (1).svg|/itel/loader.631b9ed (1).svg|/tvs/loader.631b9ed (1).svg,loader.631b9ed (1).svg|loader.631b9ed (1).svg|loader.631b9ed (1).svg|loader.631b9ed (1).svg,473,100,100
473|100|100|loader.631b9ed.svg,same name + size + dimensions,23,6a7ca9de5c7cd75eb830fef5|6a7caadd5c7cd75eb8411077|6a7cab5e5c7cd75eb84937a8|6a7cabb95c7cd75eb84f11cf|6a7caf675c7cd75eb88bf4d9|6a7c26215c7cd75eb8552587|6a7ba9b55c7cd75eb8298755|6a7b697f5c7cd75eb8e18c6c|6a7b63445c7cd75eb8b32980|6a7ba89a5c7cd75eb8188921|6a7ba86c5c7cd75eb815df13|6a7ba83f5c7cd75eb8134fc3|6a7ba7c15c7cd75eb80c60a9|6a7ba76e5c7cd75eb8075a45|6a7ba7165c7cd75eb802b7af|6a7ba6a35c7cd75eb8fc17f2|6a7ba8c85c7cd75eb81b1657|6a7b6a845c7cd75eb8e6ff69|6a7c25505c7cd75eb84f121e|6a7cac9e5c7cd75eb85d3d86|6a7caeb85c7cd75eb87f9ebd|6a7caeee5c7cd75eb8838fb7|6a7c23ab5c7cd75eb842ed0d,/airbuds/loader.631b9ed.svg|/airbuds2/loader.631b9ed.svg|/airbuds3/loader.631b9ed.svg|/airbuds4/loader.631b9ed.svg|/airbuds5/loader.631b9ed.svg|/Bts/loader.631b9ed.svg|/ecommerce/All iOS Smartphones - Price in Kenya/loader.631b9ed.svg|/ecommerce/All Tecno Smartphones - Price in Kenya/loader.631b9ed.svg|/ecommerce/All Xiaomi Smartphones - Price in Kenya (2)/loader.631b9ed.svg|/ecommerce/samsung/All Samsung Smartphones - Price in Kenya (1)/loader.631b9ed.svg|/ecommerce/samsung/All Samsung Smartphones - Price in Kenya (2)/loader.631b9ed.svg|/ecommerce/samsung/All Samsung Smartphones - Price in Kenya (3)/loader.631b9ed.svg|/ecommerce/samsung/All Samsung Smartphones - Price in Kenya (4)/loader.631b9ed.svg|/ecommerce/samsung/All Samsung Smartphones - Price in Kenya (6)/loader.631b9ed.svg|/ecommerce/samsung/All Samsung Smartphones - Price in Kenya (7)/loader.631b9ed.svg|/ecommerce/samsung/All Samsung Smartphones - Price in Kenya (8)/loader.631b9ed.svg|/ecommerce/samsung/All Samsung Smartphones - Price in Kenya/loader.631b9ed.svg|/ecommerce/Tecno-2/All Tecno Smartphones - Price in Kenya/loader.631b9ed.svg|/itel/loader.631b9ed.svg|/Oppo2/loader.631b9ed.svg|/Oppo5/loader.631b9ed.svg|/Oppo6/loader.631b9ed.svg|/tvs/loader.631b9ed.svg,loader.631b9ed.svg|loader.631b9ed.svg|loader.631b9ed.svg|loader.631b9ed.svg|loader.631b9ed.svg|loader.631b9ed.svg|loader.631b9ed.svg|loader.631b9ed.svg|loader.631b9ed.svg|loader.631b9ed.svg|loader.631b9ed.svg|loader.631b9ed.svg|loader.631b9ed.svg|loader.631b9ed.svg|loader.631b9ed.svg|loader.631b9ed.svg|loader.631b9ed.svg|loader.631b9ed.svg|loader.631b9ed.svg|loader.631b9ed.svg|loader.631b9ed.svg|loader.631b9ed.svg|loader.631b9ed.svg,473,100,100
4758|320|320|oppo-f31-medium.webp,same name + size + dimensions,2,6a7cac755c7cd75eb85ab76f|6a7caca65c7cd75eb85db60c,/Oppo/Oppo-F31-medium.webp|/Oppo2/Oppo-F31-medium.webp,Oppo-F31-medium.webp|Oppo-F31-medium.webp,4758,320,320
4760|320|320|tecno-spark-50-medium (1).webp,same name + size + dimensions,2,6a7b69815c7cd75eb8e19433|6a7b6a8a5c7cd75eb8e71ea8,/ecommerce/All Tecno Smartphones - Price in Kenya/Tecno-Spark-50-medium (1).webp|/ecommerce/Tecno-2/All Tecno Smartphones - Price in Kenya/Tecno-Spark-50-medium (1).webp,Tecno-Spark-50-medium (1).webp|Tecno-Spark-50-medium (1).webp,4760,320,320
4768|320|320|samsung-galaxy-z-flip-5-a-medium (2).webp,same name + size + dimensions,2,6a7ba8c75c7cd75eb81b02ff|6a7ba8765c7cd75eb8165f52,/ecommerce/samsung/All Samsung Smartphones - Price in Kenya (1)/Samsung-Galaxy-Z-Flip-5-a-medium (2).webp|/ecommerce/samsung/All Samsung Smartphones - Price in Kenya (2)/Samsung-Galaxy-Z-Flip-5-a-medium (2).webp,Samsung-Galaxy-Z-Flip-5-a-medium (2).webp|Samsung-Galaxy-Z-Flip-5-a-medium (2).webp,4768,320,320
4768|320|320|samsung-galaxy-z-flip-5-a-medium (3).webp,same name + size + dimensions,2,6a7ba8c75c7cd75eb81b0307|6a7ba8765c7cd75eb8166193,/ecommerce/samsung/All Samsung Smartphones - Price in Kenya (1)/Samsung-Galaxy-Z-Flip-5-a-medium (3).webp|/ecommerce/samsung/All Samsung Smartphones - Price in Kenya (2)/Samsung-Galaxy-Z-Flip-5-a-medium (3).webp,Samsung-Galaxy-Z-Flip-5-a-medium (3).webp|Samsung-Galaxy-Z-Flip-5-a-medium (3).webp,4768,320,320
4778|320|320|samsung-galaxy-a15-5g-k-medium (1).webp,same name + size + dimensions,2,6a7ba76e5c7cd75eb807689a|6a7ba7165c7cd75eb802babc,/ecommerce/samsung/All Samsung Smartphones - Price in Kenya (6)/Samsung-Galaxy-A15-5G-k-medium (1).webp|/ecommerce/samsung/All Samsung Smartphones - Price in Kenya (7)/Samsung-Galaxy-A15-5G-k-medium (1).webp,Samsung-Galaxy-A15-5G-k-medium (1).webp|Samsung-Galaxy-A15-5G-k-medium (1).webp,4778,320,320
4886|320|160|nokia-logo-original (1).webp,same name + size + dimensions,5,6a7c25515c7cd75eb84f1a23|6a7cac9e5c7cd75eb85d3bc1|6a7cadd25c7cd75eb8709e62|6a7caeb85c7cd75eb87f9746|6a7caeee5c7cd75eb8838f9b,/itel/nokia-logo-original (1).webp|/Oppo2/nokia-logo-original (1).webp|/Oppo3/nokia-logo-original (1).webp|/Oppo5/nokia-logo-original (1).webp|/Oppo6/nokia-logo-original (1).webp,nokia-logo-original (1).webp|nokia-logo-original (1).webp|nokia-logo-original (1).webp|nokia-logo-original (1).webp|nokia-logo-original (1).webp,4886,320,160
4908|320|160|oneplus-logo-original (1).webp,same name + size + dimensions,10,6a7ca9df5c7cd75eb8310cee|6a7caae55c7cd75eb841861f|6a7cab675c7cd75eb849d4e8|6a7cabba5c7cd75eb84f1f0c|6a7caf6b5c7cd75eb88c3c0f|6a7c25655c7cd75eb84fafa8|6a7cac9e5c7cd75eb85d40e3|6a7cadd15c7cd75eb8709735|6a7caeb85c7cd75eb87f9801|6a7caeee5c7cd75eb88392b5,/airbuds/oneplus-logo-original (1).webp|/airbuds2/oneplus-logo-original (1).webp|/airbuds3/oneplus-logo-original (1).webp|/airbuds4/oneplus-logo-original (1).webp|/airbuds5/oneplus-logo-original (1).webp|/itel/oneplus-logo-original (1).webp|/Oppo2/oneplus-logo-original (1).webp|/Oppo3/oneplus-logo-original (1).webp|/Oppo5/oneplus-logo-original (1).webp|/Oppo6/oneplus-logo-original (1).webp,oneplus-logo-original (1).webp|oneplus-logo-original (1).webp|oneplus-logo-original (1).webp|oneplus-logo-original (1).webp|oneplus-logo-original (1).webp|oneplus-logo-original (1).webp|oneplus-logo-original (1).webp|oneplus-logo-original (1).webp|oneplus-logo-original (1).webp|oneplus-logo-original (1).webp,4908,320,160
4908|320|160|oneplus-logo-original (4).webp,same name + size + dimensions,2,6a7ca9de5c7cd75eb83102d0|6a7c25655c7cd75eb84fafe0,/airbuds/oneplus-logo-original (4).webp|/itel/oneplus-logo-original (4).webp,oneplus-logo-original (4).webp|oneplus-logo-original (4).webp,4908,320,160
4916|320|160|ankerlogo-original (3).webp,same name + size + dimensions,2,6a7ca9d55c7cd75eb830568b|6a7c25d55c7cd75eb852fa08,/airbuds/ankerlogo-original (3).webp|/Bts/ankerlogo-original (3).webp,ankerlogo-original (3).webp|ankerlogo-original (3).webp,4916,320,160
4916|320|160|ankerlogo-original.webp,same name + size + dimensions,6,6a7ca9d55c7cd75eb8305e66|6a7caadc5c7cd75eb840f8f8|6a7cab5e5c7cd75eb849286e|6a7cabb15c7cd75eb84e9ece|6a7caf655c7cd75eb88bd2e2|6a7c25d75c7cd75eb8530ab1,/airbuds/ankerlogo-original.webp|/airbuds2/ankerlogo-original.webp|/airbuds3/ankerlogo-original.webp|/airbuds4/ankerlogo-original.webp|/airbuds5/ankerlogo-original.webp|/Bts/ankerlogo-original.webp,ankerlogo-original.webp|ankerlogo-original.webp|ankerlogo-original.webp|ankerlogo-original.webp|ankerlogo-original.webp|ankerlogo-original.webp,4916,320,160
4920|320|320|anker-soundcore-r50i-e-medium (1).webp,same name + size + dimensions,3,6a7ca9d55c7cd75eb830588c|6a7caadc5c7cd75eb840f52f|6a7cab5e5c7cd75eb8492861,/airbuds/Anker-Soundcore-R50i-e-medium (1).webp|/airbuds2/Anker-Soundcore-R50i-e-medium (1).webp|/airbuds3/Anker-Soundcore-R50i-e-medium (1).webp,Anker-Soundcore-R50i-e-medium (1).webp|Anker-Soundcore-R50i-e-medium (1).webp|Anker-Soundcore-R50i-e-medium (1).webp,4920,320,320
503|24|24|default (2).svg,same name + size + dimensions,14,6a7ba9875c7cd75eb82658ec|6a7b6cca5c7cd75eb8f3eb44|6a7b69815c7cd75eb8e196d0|6a7b63445c7cd75eb8b329f6|6a7ba89a5c7cd75eb8188434|6a7ba8655c7cd75eb8156873|6a7ba80c5c7cd75eb8108a51|6a7ba7bc5c7cd75eb80c0cdb|6a7ba7745c7cd75eb807cde0|6a7ba71a5c7cd75eb802fb17|6a7ba6db5c7cd75eb8ff4fc4|6a7ba6a35c7cd75eb8fc10d3|6a7ba8c85c7cd75eb81b1573|6a7b6a835c7cd75eb8e6fcba,/ecommerce/All iOS Smartphones - Price in Kenya/default (2).svg|/ecommerce/All Tecno Smartphones - Price in Kenya (2)/default (2).svg|/ecommerce/All Tecno Smartphones - Price in Kenya/default (2).svg|/ecommerce/All Xiaomi Smartphones - Price in Kenya (2)/default (2).svg|/ecommerce/samsung/All Samsung Smartphones - Price in Kenya (1)/default (2).svg|/ecommerce/samsung/All Samsung Smartphones - Price in Kenya (2)/default (2).svg|/ecommerce/samsung/All Samsung Smartphones - Price in Kenya (3)/default (2).svg|/ecommerce/samsung/All Samsung Smartphones - Price in Kenya (4)/default (2).svg|/ecommerce/samsung/All Samsung Smartphones - Price in Kenya (5)/default (2).svg|/ecommerce/samsung/All Samsung Smartphones - Price in Kenya (6)/default (2).svg|/ecommerce/samsung/All Samsung Smartphones - Price in Kenya (7)/default (2).svg|/ecommerce/samsung/All Samsung Smartphones - Price in Kenya (8)/default (2).svg|/ecommerce/samsung/All Samsung Smartphones - Price in Kenya/default (2).svg|/ecommerce/Tecno-2/All Tecno Smartphones - Price in Kenya/default (2).svg,default (2).svg|default (2).svg|default (2).svg|default (2).svg|default (2).svg|default (2).svg|default (2).svg|default (2).svg|default (2).svg|default (2).svg|default (2).svg|default (2).svg|default (2).svg|default (2).svg,503,24,24
503|24|24|download (19).svg,same name + size + dimensions,2,6a7c25d75c7cd75eb8530275|6a7c23535c7cd75eb8406c95,/Bts/download (19).svg|/tvs/download (19).svg,download (19).svg|download (19).svg,503,24,24
503|24|24|download (2).svg,same name + size + dimensions,13,6a7ca9d55c7cd75eb8305803|6a7caadc5c7cd75eb840f7c4|6a7cab5e5c7cd75eb8492e7e|6a7cabb15c7cd75eb84e9e30|6a7caf675c7cd75eb88bf335|6a7c25d95c7cd75eb8531bed|6a7c24ec5c7cd75eb84c4c16|6a7cac9d5c7cd75eb85d30b8|6a7cadd25c7cd75eb8709f04|6a7cae075c7cd75eb8740d37|6a7caeb85c7cd75eb87f9107|6a7caeed5c7cd75eb8837f18|6a7c23535c7cd75eb8406c77,/airbuds/download (2).svg|/airbuds2/download (2).svg|/airbuds3/download (2).svg|/airbuds4/download (2).svg|/airbuds5/download (2).svg|/Bts/download (2).svg|/itel/download (2).svg|/Oppo2/download (2).svg|/Oppo3/download (2).svg|/Oppo4/download (2).svg|/Oppo5/download (2).svg|/Oppo6/download (2).svg|/tvs/download (2).svg,download (2).svg|download (2).svg|download (2).svg|download (2).svg|download (2).svg|download (2).svg|download (2).svg|download (2).svg|download (2).svg|download (2).svg|download (2).svg|download (2).svg|download (2).svg,503,24,24
503|24|24|download (20).svg,same name + size + dimensions,2,6a7ca9d55c7cd75eb83059ca|6a7c24ec5c7cd75eb84c4c18,/airbuds/download (20).svg|/itel/download (20).svg,download (20).svg|download (20).svg,503,24,24
5036|320|320|samsung-galaxy-z-fold-6-b-medium.webp,same name + size + dimensions,2,6a7ba7bc5c7cd75eb80c0bda|6a7ba7705c7cd75eb80781a3,/ecommerce/samsung/All Samsung Smartphones - Price in Kenya (5)/Samsung-Galaxy-Z-Fold-6-b-medium.webp|/ecommerce/samsung/All Samsung Smartphones - Price in Kenya (6)/Samsung-Galaxy-Z-Fold-6-b-medium.webp,Samsung-Galaxy-Z-Fold-6-b-medium.webp|Samsung-Galaxy-Z-Fold-6-b-medium.webp,5036,320,320
5054|320|320|oppo-k15-pro-plus-medium (1).webp,same name + size + dimensions,2,6a7cac755c7cd75eb85ab7b2|6a7caca65c7cd75eb85dbe93,/Oppo/Oppo-K15-Pro-Plus-medium (1).webp|/Oppo2/Oppo-K15-Pro-Plus-medium (1).webp,Oppo-K15-Pro-Plus-medium (1).webp|Oppo-K15-Pro-Plus-medium (1).webp,5054,320,320
5064|320|320|anker-soundcore-liberty-5-pro-a-medium (1).webp,same name + size + dimensions,2,6a7caadb5c7cd75eb840e919|6a7cab5e5c7cd75eb8492e39,/airbuds2/Anker-Soundcore-Liberty-5-Pro-a-medium (1).webp|/airbuds3/Anker-Soundcore-Liberty-5-Pro-a-medium (1).webp,Anker-Soundcore-Liberty-5-Pro-a-medium (1).webp|Anker-Soundcore-Liberty-5-Pro-a-medium (1).webp,5064,320,320
5098|320|320|samsung-galaxy-z-flip8-c-medium.webp,same name + size + dimensions,2,6a7ba8c85c7cd75eb81b1505|6a7ba8975c7cd75eb8185058,/ecommerce/samsung/All Samsung Smartphones - Price in Kenya (1)/Samsung-Galaxy-Z-Flip8-c-medium.webp|/ecommerce/samsung/All Samsung Smartphones - Price in Kenya (2)/Samsung-Galaxy-Z-Flip8-c-medium.webp,Samsung-Galaxy-Z-Flip8-c-medium.webp|Samsung-Galaxy-Z-Flip8-c-medium.webp,5098,320,320
5114|320|160|vivo-logo-original.webp,same name + size + dimensions,6,6a7c25675c7cd75eb84fb817|6a7caca75c7cd75eb85dcf16|6a7caddb5c7cd75eb871422c|6a7cae075c7cd75eb8740d1e|6a7caec25c7cd75eb8804062|6a7caef95c7cd75eb88467be,/itel/vivo-logo-original.webp|/Oppo2/vivo-logo-original.webp|/Oppo3/vivo-logo-original.webp|/Oppo4/vivo-logo-original.webp|/Oppo5/vivo-logo-original.webp|/Oppo6/vivo-logo-original.webp,vivo-logo-original.webp|vivo-logo-original.webp|vivo-logo-original.webp|vivo-logo-original.webp|vivo-logo-original.webp|vivo-logo-original.webp,5114,320,160
5158|320|320|tecnocamon21premierkenya-medium.webp,same name + size + dimensions,2,6a7b69825c7cd75eb8e19a9c|6a7b6a8b5c7cd75eb8e72e26,/ecommerce/All Tecno Smartphones - Price in Kenya/tecnocamon21premierkenya-medium.webp|/ecommerce/Tecno-2/All Tecno Smartphones - Price in Kenya/tecnocamon21premierkenya-medium.webp,tecnocamon21premierkenya-medium.webp|tecnocamon21premierkenya-medium.webp,5158,320,320
5184|320|320|samsung-galaxy-a16-4g-b-medium.webp,same name + size + dimensions,2,6a7ba83f5c7cd75eb8135045|6a7ba7c55c7cd75eb80c94f9,/ecommerce/samsung/All Samsung Smartphones - Price in Kenya (3)/Samsung-Galaxy-A16-4G-b-medium.webp|/ecommerce/samsung/All Samsung Smartphones - Price in Kenya (4)/Samsung-Galaxy-A16-4G-b-medium.webp,Samsung-Galaxy-A16-4G-b-medium.webp|Samsung-Galaxy-A16-4G-b-medium.webp,5184,320,320
5216|320|320|samsung-galaxy-a17-5g-medium (1).webp,same name + size + dimensions,2,6a7ba7b95c7cd75eb80be986|6a7ba8c85c7cd75eb81b1a41,/ecommerce/samsung/All Samsung Smartphones - Price in Kenya (5)/Samsung-Galaxy-A17-5G-medium (1).webp|/ecommerce/samsung/All Samsung Smartphones - Price in Kenya/Samsung-Galaxy-A17-5G-medium (1).webp,Samsung-Galaxy-A17-5G-medium (1).webp|Samsung-Galaxy-A17-5G-medium (1).webp,5216,320,320
5216|320|320|samsung-galaxy-a17-5g-medium.webp,same name + size + dimensions,3,6a7ba8a45c7cd75eb819332c|6a7ba86c5c7cd75eb815dfef|6a7ba8ca5c7cd75eb81b3dcc,/ecommerce/samsung/All Samsung Smartphones - Price in Kenya (1)/Samsung-Galaxy-A17-5G-medium.webp|/ecommerce/samsung/All Samsung Smartphones - Price in Kenya (2)/Samsung-Galaxy-A17-5G-medium.webp|/ecommerce/samsung/All Samsung Smartphones - Price in Kenya/Samsung-Galaxy-A17-5G-medium.webp,Samsung-Galaxy-A17-5G-medium.webp|Samsung-Galaxy-A17-5G-medium.webp|Samsung-Galaxy-A17-5G-medium.webp,5216,320,320
5254|320|160|oppo-logo-original (3).webp,same name + size + dimensions,2,6a7ca9df5c7cd75eb8310cf5|6a7c25655c7cd75eb84fafeb,/airbuds/oppo-logo-original (3).webp|/itel/oppo-logo-original (3).webp,oppo-logo-original (3).webp|oppo-logo-original (3).webp,5254,320,160
5254|320|160|oppo-logo-original.webp,same name + size + dimensions,11,6a7ca9df5c7cd75eb8310864|6a7caae55c7cd75eb8418674|6a7cab675c7cd75eb849d63c|6a7cabba5c7cd75eb84f20d9|6a7caf6f5c7cd75eb88c8b5a|6a7c25665c7cd75eb84fb1aa|6a7caca75c7cd75eb85dc2b1|6a7cadda5c7cd75eb8713ad5|6a7cae085c7cd75eb87410fc|6a7caeb85c7cd75eb87fa244|6a7caef85c7cd75eb8844340,/airbuds/oppo-logo-original.webp|/airbuds2/oppo-logo-original.webp|/airbuds3/oppo-logo-original.webp|/airbuds4/oppo-logo-original.webp|/airbuds5/oppo-logo-original.webp|/itel/oppo-logo-original.webp|/Oppo2/oppo-logo-original.webp|/Oppo3/oppo-logo-original.webp|/Oppo4/oppo-logo-original.webp|/Oppo5/oppo-logo-original.webp|/Oppo6/oppo-logo-original.webp,oppo-logo-original.webp|oppo-logo-original.webp|oppo-logo-original.webp|oppo-logo-original.webp|oppo-logo-original.webp|oppo-logo-original.webp|oppo-logo-original.webp|oppo-logo-original.webp|oppo-logo-original.webp|oppo-logo-original.webp|oppo-logo-original.webp,5254,320,160
5270|320|320|galaxy-z-flip-6-d-medium.webp,same name + size + dimensions,2,6a7ba89a5c7cd75eb81885e4|6a7ba86a5c7cd75eb815b907,/ecommerce/samsung/All Samsung Smartphones - Price in Kenya (1)/galaxy-z-flip-6-d-medium.webp|/ecommerce/samsung/All Samsung Smartphones - Price in Kenya (2)/galaxy-z-flip-6-d-medium.webp,galaxy-z-flip-6-d-medium.webp|galaxy-z-flip-6-d-medium.webp,5270,320,320
528|24|24|default (8).svg,same name + size + dimensions,14,6a7ba9875c7cd75eb8265936|6a7b6cca5c7cd75eb8f3eb7d|6a7b697d5c7cd75eb8e17e30|6a7b63455c7cd75eb8b3337b|6a7ba89a5c7cd75eb8188414|6a7ba8695c7cd75eb815b0f5|6a7ba80c5c7cd75eb81088f0|6a7ba7bc5c7cd75eb80c0cc1|6a7ba7755c7cd75eb807d4e1|6a7ba71a5c7cd75eb802fd00|6a7ba6db5c7cd75eb8ff4fd9|6a7ba6a35c7cd75eb8fc177d|6a7ba8c85c7cd75eb81b161b|6a7b6a845c7cd75eb8e6ff39,/ecommerce/All iOS Smartphones - Price in Kenya/default (8).svg|/ecommerce/All Tecno Smartphones - Price in Kenya (2)/default (8).svg|/ecommerce/All Tecno Smartphones - Price in Kenya/default (8).svg|/ecommerce/All Xiaomi Smartphones - Price in Kenya (2)/default (8).svg|/ecommerce/samsung/All Samsung Smartphones - Price in Kenya (1)/default (8).svg|/ecommerce/samsung/All Samsung Smartphones - Price in Kenya (2)/default (8).svg|/ecommerce/samsung/All Samsung Smartphones - Price in Kenya (3)/default (8).svg|/ecommerce/samsung/All Samsung Smartphones - Price in Kenya (4)/default (8).svg|/ecommerce/samsung/All Samsung Smartphones - Price in Kenya (5)/default (8).svg|/ecommerce/samsung/All Samsung Smartphones - Price in Kenya (6)/default (8).svg|/ecommerce/samsung/All Samsung Smartphones - Price in Kenya (7)/default (8).svg|/ecommerce/samsung/All Samsung Smartphones - Price in Kenya (8)/default (8).svg|/ecommerce/samsung/All Samsung Smartphones - Price in Kenya/default (8).svg|/ecommerce/Tecno-2/All Tecno Smartphones - Price in Kenya/default (8).svg,default (8).svg|default (8).svg|default (8).svg|default (8).svg|default (8).svg|default (8).svg|default (8).svg|default (8).svg|default (8).svg|default (8).svg|default (8).svg|default (8).svg|default (8).svg|default (8).svg,528,24,24
528|24|24|download (25).svg,same name + size + dimensions,2,6a7c25d75c7cd75eb8530ccb|6a7c23535c7cd75eb8406c90,/Bts/download (25).svg|/tvs/download (25).svg,download (25).svg|download (25).svg,528,24,24
528|24|24|download (26).svg,same name + size + dimensions,2,6a7ca9d65c7cd75eb8306ab4|6a7c24ec5c7cd75eb84c4c20,/airbuds/download (26).svg|/itel/download (26).svg,download (26).svg|download (26).svg,528,24,24
528|24|24|download (8).svg,same name + size + dimensions,13,6a7ca9d75c7cd75eb83083d0|6a7caadc5c7cd75eb840f687|6a7cab5e5c7cd75eb84929d8|6a7cabb15c7cd75eb84e9e8d|6a7caf675c7cd75eb88bf2e2|6a7c25d95c7cd75eb8531c0e|6a7c24ec5c7cd75eb84c4cba|6a7cac9d5c7cd75eb85d32f8|6a7cadd15c7cd75eb87096c8|6a7cae075c7cd75eb8740bc4|6a7caeb85c7cd75eb87f922f|6a7caeed5c7cd75eb8838273|6a7c236d5c7cd75eb841377a,/airbuds/download (8).svg|/airbuds2/download (8).svg|/airbuds3/download (8).svg|/airbuds4/download (8).svg|/airbuds5/download (8).svg|/Bts/download (8).svg|/itel/download (8).svg|/Oppo2/download (8).svg|/Oppo3/download (8).svg|/Oppo4/download (8).svg|/Oppo5/download (8).svg|/Oppo6/download (8).svg|/tvs/download (8).svg,download (8).svg|download (8).svg|download (8).svg|download (8).svg|download (8).svg|download (8).svg|download (8).svg|download (8).svg|download (8).svg|download (8).svg|download (8).svg|download (8).svg|download (8).svg,528,24,24
5302|320|320|oneplus-nord-buds-3-pro-medium.webp,same name + size + dimensions,2,6a7caae55c7cd75eb841867e|6a7cab675c7cd75eb849d5bd,/airbuds2/Oneplus-Nord-Buds-3-Pro-medium.webp|/airbuds3/Oneplus-Nord-Buds-3-Pro-medium.webp,Oneplus-Nord-Buds-3-Pro-medium.webp|Oneplus-Nord-Buds-3-Pro-medium.webp,5302,320,320
5316|320|320|tecnophantomvflip-medium (1).webp,same name + size + dimensions,2,6a7b69825c7cd75eb8e19b6a|6a7b6a8c5c7cd75eb8e737b6,/ecommerce/All Tecno Smartphones - Price in Kenya/tecnophantomvflip-medium (1).webp|/ecommerce/Tecno-2/All Tecno Smartphones - Price in Kenya/tecnophantomvflip-medium (1).webp,tecnophantomvflip-medium (1).webp|tecnophantomvflip-medium (1).webp,5316,320,320
5318|320|160|sony-logo-original (1).webp,same name + size + dimensions,12,6a7ca9e75c7cd75eb831809d|6a7caae55c7cd75eb84186ee|6a7cab675c7cd75eb849d827|6a7cabbb5c7cd75eb84f2d28|6a7caf715c7cd75eb88cade8|6a7c26215c7cd75eb8552725|6a7c25665c7cd75eb84fb455|6a7caca75c7cd75eb85dceca|6a7caddb5c7cd75eb87140cb|6a7caec25c7cd75eb8803ffb|6a7caef95c7cd75eb88465fe|6a7c23f95c7cd75eb845a6cb,/airbuds/sony-logo-original (1).webp|/airbuds2/sony-logo-original (1).webp|/airbuds3/sony-logo-original (1).webp|/airbuds4/sony-logo-original (1).webp|/airbuds5/sony-logo-original (1).webp|/Bts/sony-logo-original (1).webp|/itel/sony-logo-original (1).webp|/Oppo2/sony-logo-original (1).webp|/Oppo3/sony-logo-original (1).webp|/Oppo5/sony-logo-original (1).webp|/Oppo6/sony-logo-original (1).webp|/tvs/sony-logo-original (1).webp,sony-logo-original (1).webp|sony-logo-original (1).webp|sony-logo-original (1).webp|sony-logo-original (1).webp|sony-logo-original (1).webp|sony-logo-original (1).webp|sony-logo-original (1).webp|sony-logo-original (1).webp|sony-logo-original (1).webp|sony-logo-original (1).webp|sony-logo-original (1).webp|sony-logo-original (1).webp,5318,320,160
5318|320|160|sony-logo-original (4).webp,same name + size + dimensions,4,6a7ca9e75c7cd75eb8317d7b|6a7c26215c7cd75eb85528d1|6a7c25665c7cd75eb84fb471|6a7c23f95c7cd75eb845a85a,/airbuds/sony-logo-original (4).webp|/Bts/sony-logo-original (4).webp|/itel/sony-logo-original (4).webp|/tvs/sony-logo-original (4).webp,sony-logo-original (4).webp|sony-logo-original (4).webp|sony-logo-original (4).webp|sony-logo-original (4).webp,5318,320,160
5326|320|320|tecno-spark-30c-medium (1).webp,same name + size + dimensions,2,6a7b697e5c7cd75eb8e1823f|6a7b6a895c7cd75eb8e71a11,/ecommerce/All Tecno Smartphones - Price in Kenya/Tecno-Spark-30C-medium (1).webp|/ecommerce/Tecno-2/All Tecno Smartphones - Price in Kenya/Tecno-Spark-30C-medium (1).webp,Tecno-Spark-30C-medium (1).webp|Tecno-Spark-30C-medium (1).webp,5326,320,320
5330|320|160|oneplus-logo-original (3).webp,same name + size + dimensions,2,6a7ca9de5c7cd75eb83102cc|6a7c25655c7cd75eb84facf7,/airbuds/oneplus-logo-original (3).webp|/itel/oneplus-logo-original (3).webp,oneplus-logo-original (3).webp|oneplus-logo-original (3).webp,5330,320,160
5330|320|160|oneplus-logo-original.webp,same name + size + dimensions,11,6a7ca9de5c7cd75eb8310358|6a7caae55c7cd75eb841863d|6a7cab675c7cd75eb849d3f0|6a7cabba5c7cd75eb84f1f13|6a7caf6b5c7cd75eb88c3c2c|6a7c25655c7cd75eb84faf0f|6a7cac9e5c7cd75eb85d4015|6a7cadd15c7cd75eb870978f|6a7cae085c7cd75eb8741043|6a7caeb85c7cd75eb87f9ad2|6a7caeee5c7cd75eb8839365,/airbuds/oneplus-logo-original.webp|/airbuds2/oneplus-logo-original.webp|/airbuds3/oneplus-logo-original.webp|/airbuds4/oneplus-logo-original.webp|/airbuds5/oneplus-logo-original.webp|/itel/oneplus-logo-original.webp|/Oppo2/oneplus-logo-original.webp|/Oppo3/oneplus-logo-original.webp|/Oppo4/oneplus-logo-original.webp|/Oppo5/oneplus-logo-original.webp|/Oppo6/oneplus-logo-original.webp,oneplus-logo-original.webp|oneplus-logo-original.webp|oneplus-logo-original.webp|oneplus-logo-original.webp|oneplus-logo-original.webp|oneplus-logo-original.webp|oneplus-logo-original.webp|oneplus-logo-original.webp|oneplus-logo-original.webp|oneplus-logo-original.webp|oneplus-logo-original.webp,5330,320,160
5344|320|320|anker-soundcore-liberty-5-pro-max-medium (1).webp,same name + size + dimensions,2,6a7caadb5c7cd75eb840efc6|6a7cab5e5c7cd75eb8492e2c,/airbuds2/Anker-Soundcore-Liberty-5-Pro-Max-medium (1).webp|/airbuds3/Anker-Soundcore-Liberty-5-Pro-Max-medium (1).webp,Anker-Soundcore-Liberty-5-Pro-Max-medium (1).webp|Anker-Soundcore-Liberty-5-Pro-Max-medium (1).webp,5344,320,320
5346|320|320|oppo-k15-pro-medium (1).webp,same name + size + dimensions,2,6a7cac765c7cd75eb85abe33|6a7caca65c7cd75eb85db9a6,/Oppo/Oppo-K15-Pro-medium (1).webp|/Oppo2/Oppo-K15-Pro-medium (1).webp,Oppo-K15-Pro-medium (1).webp|Oppo-K15-Pro-medium (1).webp,5346,320,320
5356|320|160|motorola-logo-original (1).webp,same name + size + dimensions,5,6a7c25505c7cd75eb84f1200|6a7cac9e5c7cd75eb85d3c6f|6a7cadd15c7cd75eb8709a0c|6a7caeb85c7cd75eb87f94e2|6a7caeee5c7cd75eb88390f4,/itel/motorola-logo-original (1).webp|/Oppo2/motorola-logo-original (1).webp|/Oppo3/motorola-logo-original (1).webp|/Oppo5/motorola-logo-original (1).webp|/Oppo6/motorola-logo-original (1).webp,motorola-logo-original (1).webp|motorola-logo-original (1).webp|motorola-logo-original (1).webp|motorola-logo-original (1).webp|motorola-logo-original (1).webp,5356,320,160
5356|320|320|oppo-a6-pro-5g-k-medium (1).webp,same name + size + dimensions,2,6a7cac755c7cd75eb85ab61b|6a7cac9e5c7cd75eb85d4616,/Oppo/oppo-a6-pro-5g-k-medium (1).webp|/Oppo2/oppo-a6-pro-5g-k-medium (1).webp,oppo-a6-pro-5g-k-medium (1).webp|oppo-a6-pro-5g-k-medium (1).webp,5356,320,320
5364|320|320|galaxya34a-medium.webp,same name + size + dimensions,2,6a7ba7225c7cd75eb803818b|6a7ba6db5c7cd75eb8ff509c,/ecommerce/samsung/All Samsung Smartphones - Price in Kenya (6)/galaxya34a-medium.webp|/ecommerce/samsung/All Samsung Smartphones - Price in Kenya (7)/galaxya34a-medium.webp,galaxya34a-medium.webp|galaxya34a-medium.webp,5364,320,320
5390|320|160|honor-logo-original (1).webp,same name + size + dimensions,5,6a7c24ec5c7cd75eb84c4f81|6a7cac9d5c7cd75eb85d320c|6a7cadd15c7cd75eb870947b|6a7caeb85c7cd75eb87f9301|6a7caeed5c7cd75eb883827e,/itel/honor-logo-original (1).webp|/Oppo2/honor-logo-original (1).webp|/Oppo3/honor-logo-original (1).webp|/Oppo5/honor-logo-original (1).webp|/Oppo6/honor-logo-original (1).webp,honor-logo-original (1).webp|honor-logo-original (1).webp|honor-logo-original (1).webp|honor-logo-original (1).webp|honor-logo-original (1).webp,5390,320,160
5412|320|320|oppo-f33-medium.webp,same name + size + dimensions,2,6a7cac765c7cd75eb85ab93f|6a7caca65c7cd75eb85db90d,/Oppo/Oppo-F33-medium.webp|/Oppo2/Oppo-F33-medium.webp,Oppo-F33-medium.webp|Oppo-F33-medium.webp,5412,320,320
5432|320|320|galaxy-a55-d-medium (1).webp,same name + size + dimensions,2,6a7ba89a5c7cd75eb8188464|6a7ba86a5c7cd75eb815b8d5,/ecommerce/samsung/All Samsung Smartphones - Price in Kenya (1)/Galaxy-A55-d-medium (1).webp|/ecommerce/samsung/All Samsung Smartphones - Price in Kenya (2)/Galaxy-A55-d-medium (1).webp,Galaxy-A55-d-medium (1).webp|Galaxy-A55-d-medium (1).webp,5432,320,320
5448|320|320|galaxys23b-medium.webp,same name + size + dimensions,2,6a7ba76d5c7cd75eb8074c96|6a7ba70e5c7cd75eb8023e12,/ecommerce/samsung/All Samsung Smartphones - Price in Kenya (6)/galaxys23b-medium.webp|/ecommerce/samsung/All Samsung Smartphones - Price in Kenya (7)/galaxys23b-medium.webp,galaxys23b-medium.webp|galaxys23b-medium.webp,5448,320,320
5448|320|320|tecno-spark-50-4g-b-medium (1).webp,same name + size + dimensions,2,6a7b69815c7cd75eb8e19761|6a7b6a8a5c7cd75eb8e725c6,/ecommerce/All Tecno Smartphones - Price in Kenya/Tecno-Spark-50-4G-b-medium (1).webp|/ecommerce/Tecno-2/All Tecno Smartphones - Price in Kenya/Tecno-Spark-50-4G-b-medium (1).webp,Tecno-Spark-50-4G-b-medium (1).webp|Tecno-Spark-50-4G-b-medium (1).webp,5448,320,320
5456|320|160|blackview-original.webp,same name + size + dimensions,6,6a7c24ec5c7cd75eb84c4c7e|6a7cac9d5c7cd75eb85d285e|6a7cadd15c7cd75eb8709764|6a7cae075c7cd75eb87406fc|6a7caeb85c7cd75eb87f8f25|6a7caeed5c7cd75eb88383d0,/itel/Blackview-original.webp|/Oppo2/Blackview-original.webp|/Oppo3/Blackview-original.webp|/Oppo4/Blackview-original.webp|/Oppo5/Blackview-original.webp|/Oppo6/Blackview-original.webp,Blackview-original.webp|Blackview-original.webp|Blackview-original.webp|Blackview-original.webp|Blackview-original.webp|Blackview-original.webp,5456,320,160
5484|320|320|anker-soundcore-space-a40-medium.webp,same name + size + dimensions,2,6a7caadc5c7cd75eb840f394|6a7cab5e5c7cd75eb8492f12,/airbuds2/Anker-Soundcore-Space-A40-medium.webp|/airbuds3/Anker-Soundcore-Space-A40-medium.webp,Anker-Soundcore-Space-A40-medium.webp|Anker-Soundcore-Space-A40-medium.webp,5484,320,320
5544|320|320|galaxy-buds-3-fe-n-medium.webp,same name + size + dimensions,3,6a7ca9dc5c7cd75eb830d46a|6a7caadc5c7cd75eb840fec1|6a7cab5e5c7cd75eb84934e6,/airbuds/galaxy-buds-3-fe-n-medium.webp|/airbuds2/galaxy-buds-3-fe-n-medium.webp|/airbuds3/galaxy-buds-3-fe-n-medium.webp,galaxy-buds-3-fe-n-medium.webp|galaxy-buds-3-fe-n-medium.webp|galaxy-buds-3-fe-n-medium.webp,5544,320,320
5548|320|160|zte-original.webp,same name + size + dimensions,6,6a7c25675c7cd75eb84fb89d|6a7caca85c7cd75eb85dddd0|6a7caddb5c7cd75eb8714104|6a7cae075c7cd75eb8740ea7|6a7caec95c7cd75eb880c853|6a7caefe5c7cd75eb884ba93,/itel/ZTE-original.webp|/Oppo2/ZTE-original.webp|/Oppo3/ZTE-original.webp|/Oppo4/ZTE-original.webp|/Oppo5/ZTE-original.webp|/Oppo6/ZTE-original.webp,ZTE-original.webp|ZTE-original.webp|ZTE-original.webp|ZTE-original.webp|ZTE-original.webp|ZTE-original.webp,5548,320,160
5566|320|320|tecno-pop-10-pro-medium.webp,same name + size + dimensions,2,6a7b69805c7cd75eb8e19091|6a7b6a885c7cd75eb8e71112,/ecommerce/All Tecno Smartphones - Price in Kenya/Tecno-Pop-10-Pro-medium.webp|/ecommerce/Tecno-2/All Tecno Smartphones - Price in Kenya/Tecno-Pop-10-Pro-medium.webp,Tecno-Pop-10-Pro-medium.webp|Tecno-Pop-10-Pro-medium.webp,5566,320,320
5572|320|320|oppo-a5-4g-a-medium (1).webp,same name + size + dimensions,2,6a7cac755c7cd75eb85ab471|6a7cac9e5c7cd75eb85d3e5b,/Oppo/Oppo-A5-4G-a-medium (1).webp|/Oppo2/Oppo-A5-4G-a-medium (1).webp,Oppo-A5-4G-a-medium (1).webp|Oppo-A5-4G-a-medium (1).webp,5572,320,320
5578|320|320|samsung-galaxy-a05s-a-medium.webp,same name + size + dimensions,2,6a7ba7b85c7cd75eb80bda0a|6a7ba76e5c7cd75eb807682e,/ecommerce/samsung/All Samsung Smartphones - Price in Kenya (5)/Samsung-Galaxy-A05s-a-medium.webp|/ecommerce/samsung/All Samsung Smartphones - Price in Kenya (6)/Samsung-Galaxy-A05s-a-medium.webp,Samsung-Galaxy-A05s-a-medium.webp|Samsung-Galaxy-A05s-a-medium.webp,5578,320,320
5582|320|320|samsung-galaxy-a57-c-medium.webp,same name + size + dimensions,3,6a7ba83f5c7cd75eb8134ffb|6a7ba8095c7cd75eb81055ff|6a7ba8f45c7cd75eb81dd1b7,/ecommerce/samsung/All Samsung Smartphones - Price in Kenya (3)/Samsung-Galaxy-A57-c-medium.webp|/ecommerce/samsung/All Samsung Smartphones - Price in Kenya (4)/Samsung-Galaxy-A57-c-medium.webp|/ecommerce/samsung/All Samsung Smartphones - Price in Kenya/Samsung-Galaxy-A57-c-medium.webp,Samsung-Galaxy-A57-c-medium.webp|Samsung-Galaxy-A57-c-medium.webp|Samsung-Galaxy-A57-c-medium.webp,5582,320,320
5592|320|320|tecnopop7proa-medium.webp,same name + size + dimensions,2,6a7b69825c7cd75eb8e19dae|6a7b6a8c5c7cd75eb8e73e53,/ecommerce/All Tecno Smartphones - Price in Kenya/tecnopop7proa-medium.webp|/ecommerce/Tecno-2/All Tecno Smartphones - Price in Kenya/tecnopop7proa-medium.webp,tecnopop7proa-medium.webp|tecnopop7proa-medium.webp,5592,320,320
5610|320|320|galaxys23plusc-medium.webp,same name + size + dimensions,2,6a7ba76d5c7cd75eb8075831|6a7ba7155c7cd75eb802aa6b,/ecommerce/samsung/All Samsung Smartphones - Price in Kenya (6)/galaxys23plusc-medium.webp|/ecommerce/samsung/All Samsung Smartphones - Price in Kenya (7)/galaxys23plusc-medium.webp,galaxys23plusc-medium.webp|galaxys23plusc-medium.webp,5610,320,320
5624|320|160|apple-logo-original (1).webp,same name + size + dimensions,10,6a7ca9d55c7cd75eb8305dd0|6a7caadc5c7cd75eb840f809|6a7cab5e5c7cd75eb84933d8|6a7cabb15c7cd75eb84e9c6e|6a7caf655c7cd75eb88bda95|6a7c24eb5c7cd75eb84c401f|6a7cac9d5c7cd75eb85d2549|6a7cadd15c7cd75eb87098d1|6a7caeb75c7cd75eb87f8af3|6a7caeec5c7cd75eb883729c,/airbuds/apple-logo-original (1).webp|/airbuds2/apple-logo-original (1).webp|/airbuds3/apple-logo-original (1).webp|/airbuds4/apple-logo-original (1).webp|/airbuds5/apple-logo-original (1).webp|/itel/apple-logo-original (1).webp|/Oppo2/apple-logo-original (1).webp|/Oppo3/apple-logo-original (1).webp|/Oppo5/apple-logo-original (1).webp|/Oppo6/apple-logo-original (1).webp,apple-logo-original (1).webp|apple-logo-original (1).webp|apple-logo-original (1).webp|apple-logo-original (1).webp|apple-logo-original (1).webp|apple-logo-original (1).webp|apple-logo-original (1).webp|apple-logo-original (1).webp|apple-logo-original (1).webp|apple-logo-original (1).webp,5624,320,160
5624|320|160|apple-logo-original (4).webp,same name + size + dimensions,2,6a7ca9d55c7cd75eb8305cd1|6a7c24eb5c7cd75eb84c42cd,/airbuds/apple-logo-original (4).webp|/itel/apple-logo-original (4).webp,apple-logo-original (4).webp|apple-logo-original (4).webp,5624,320,160
5638|320|320|oppo-find-x9s-a-medium.webp,same name + size + dimensions,2,6a7cac765c7cd75eb85ac41f|6a7caca65c7cd75eb85dbaac,/Oppo/Oppo-Find-X9s-a-medium.webp|/Oppo2/Oppo-Find-X9s-a-medium.webp,Oppo-Find-X9s-a-medium.webp|Oppo-Find-X9s-a-medium.webp,5638,320,320
5650|320|320|tecno-spark-40c-b-medium.webp,same name + size + dimensions,2,6a7b697f5c7cd75eb8e18d2f|6a7b6a8a5c7cd75eb8e722a4,/ecommerce/All Tecno Smartphones - Price in Kenya/Tecno-Spark-40C-b-medium.webp|/ecommerce/Tecno-2/All Tecno Smartphones - Price in Kenya/Tecno-Spark-40C-b-medium.webp,Tecno-Spark-40C-b-medium.webp|Tecno-Spark-40C-b-medium.webp,5650,320,320
5656|320|320|galaxya54d-medium.webp,same name + size + dimensions,3,6a7ba7bc5c7cd75eb80c19a7|6a7ba7245c7cd75eb8039083|6a7ba6db5c7cd75eb8ff50aa,/ecommerce/samsung/All Samsung Smartphones - Price in Kenya (4)/galaxya54d-medium.webp|/ecommerce/samsung/All Samsung Smartphones - Price in Kenya (6)/galaxya54d-medium.webp|/ecommerce/samsung/All Samsung Smartphones - Price in Kenya (7)/galaxya54d-medium.webp,galaxya54d-medium.webp|galaxya54d-medium.webp|galaxya54d-medium.webp,5656,320,320
5664|320|320|samsung-galaxy-a15-5g-k-medium.webp,same name + size + dimensions,2,6a7ba76e5c7cd75eb80768b3|6a7ba7165c7cd75eb802bad8,/ecommerce/samsung/All Samsung Smartphones - Price in Kenya (6)/Samsung-Galaxy-A15-5G-k-medium.webp|/ecommerce/samsung/All Samsung Smartphones - Price in Kenya (7)/Samsung-Galaxy-A15-5G-k-medium.webp,Samsung-Galaxy-A15-5G-k-medium.webp|Samsung-Galaxy-A15-5G-k-medium.webp,5664,320,320
5664|320|320|samsung-galaxy-s26-b-medium.webp,same name + size + dimensions,2,6a7ba7bc5c7cd75eb80c0bf4|6a7ba8f85c7cd75eb81df3ad,/ecommerce/samsung/All Samsung Smartphones - Price in Kenya (5)/Samsung-Galaxy-S26-b-medium.webp|/ecommerce/samsung/All Samsung Smartphones - Price in Kenya/Samsung-Galaxy-S26-b-medium.webp,Samsung-Galaxy-S26-b-medium.webp|Samsung-Galaxy-S26-b-medium.webp,5664,320,320
5668|320|320|jbl-live-pro-2-medium.webp,same name + size + dimensions,2,6a7caadd5c7cd75eb8410964|6a7cab5e5c7cd75eb84934c2,/airbuds2/JBL-Live-Pro-2-medium.webp|/airbuds3/JBL-Live-Pro-2-medium.webp,JBL-Live-Pro-2-medium.webp|JBL-Live-Pro-2-medium.webp,5668,320,320
5668|320|320|tecno-pova-curve-2-medium (1).webp,same name + size + dimensions,2,6a7b69805c7cd75eb8e1903f|6a7b6a885c7cd75eb8e71540,/ecommerce/All Tecno Smartphones - Price in Kenya/Tecno-Pova-Curve-2-medium (1).webp|/ecommerce/Tecno-2/All Tecno Smartphones - Price in Kenya/Tecno-Pova-Curve-2-medium (1).webp,Tecno-Pova-Curve-2-medium (1).webp|Tecno-Pova-Curve-2-medium (1).webp,5668,320,320
5674|320|320|oppo-reno-16f-a-medium.webp,same name + size + dimensions,2,6a7cac765c7cd75eb85abbe8|6a7caca75c7cd75eb85dc7a1,/Oppo/Oppo-Reno-16F-a-medium.webp|/Oppo2/Oppo-Reno-16F-a-medium.webp,Oppo-Reno-16F-a-medium.webp|Oppo-Reno-16F-a-medium.webp,5674,320,320
5686|320|320|jbl-tune-flex-2-c-medium.webp,same name + size + dimensions,2,6a7caadd5c7cd75eb8410f27|6a7cab5f5c7cd75eb8493884,/airbuds2/JBL-Tune-Flex-2-c-medium.webp|/airbuds3/JBL-Tune-Flex-2-c-medium.webp,JBL-Tune-Flex-2-c-medium.webp|JBL-Tune-Flex-2-c-medium.webp,5686,320,320
5690|320|320|tecno-pop-20-a-medium (1).webp,same name + size + dimensions,2,6a7b697c5c7cd75eb8e17a54|6a7b6a855c7cd75eb8e705f9,/ecommerce/All Tecno Smartphones - Price in Kenya/Tecno-Pop-20-a-medium (1).webp|/ecommerce/Tecno-2/All Tecno Smartphones - Price in Kenya/Tecno-Pop-20-a-medium (1).webp,Tecno-Pop-20-a-medium (1).webp|Tecno-Pop-20-a-medium (1).webp,5690,320,320
5692|320|320|tecno-camon-40a-medium (2).webp,same name + size + dimensions,2,6a7b69815c7cd75eb8e19431|6a7b6a845c7cd75eb8e70153,/ecommerce/All Tecno Smartphones - Price in Kenya/Tecno-Camon-40a-medium (2).webp|/ecommerce/Tecno-2/All Tecno Smartphones - Price in Kenya/Tecno-Camon-40a-medium (2).webp,Tecno-Camon-40a-medium (2).webp|Tecno-Camon-40a-medium (2).webp,5692,320,320
5692|320|320|tecno-camon-40a-medium (3).webp,same name + size + dimensions,2,6a7b69815c7cd75eb8e1939e|6a7b6a845c7cd75eb8e701f1,/ecommerce/All Tecno Smartphones - Price in Kenya/Tecno-Camon-40a-medium (3).webp|/ecommerce/Tecno-2/All Tecno Smartphones - Price in Kenya/Tecno-Camon-40a-medium (3).webp,Tecno-Camon-40a-medium (3).webp|Tecno-Camon-40a-medium (3).webp,5692,320,320
5724|320|320|tecno-pova-8-a-medium (1).webp,same name + size + dimensions,2,6a7b697d5c7cd75eb8e17e73|6a7b6a885c7cd75eb8e714c7,/ecommerce/All Tecno Smartphones - Price in Kenya/Tecno-Pova-8-a-medium (1).webp|/ecommerce/Tecno-2/All Tecno Smartphones - Price in Kenya/Tecno-Pova-8-a-medium (1).webp,Tecno-Pova-8-a-medium (1).webp|Tecno-Pova-8-a-medium (1).webp,5724,320,320
5740|320|320|tecno-spark-30-a-medium (1).webp,same name + size + dimensions,2,6a7b69815c7cd75eb8e19733|6a7b6a885c7cd75eb8e714de,/ecommerce/All Tecno Smartphones - Price in Kenya/Tecno-Spark-30-a-medium (1).webp|/ecommerce/Tecno-2/All Tecno Smartphones - Price in Kenya/Tecno-Spark-30-a-medium (1).webp,Tecno-Spark-30-a-medium (1).webp|Tecno-Spark-30-a-medium (1).webp,5740,320,320
5744|320|320|oppo-reno-15-pro-a-medium.webp,same name + size + dimensions,2,6a7cac765c7cd75eb85abfed|6a7caca75c7cd75eb85dc613,/Oppo/Oppo-Reno-15-Pro-a-medium.webp|/Oppo2/Oppo-Reno-15-Pro-a-medium.webp,Oppo-Reno-15-Pro-a-medium.webp|Oppo-Reno-15-Pro-a-medium.webp,5744,320,320
5756|320|320|tecno-camon-40-proa-medium (1).webp,same name + size + dimensions,2,6a7b697d5c7cd75eb8e18055|6a7b6a855c7cd75eb8e7043a,/ecommerce/All Tecno Smartphones - Price in Kenya/Tecno-Camon-40-Proa-medium (1).webp|/ecommerce/Tecno-2/All Tecno Smartphones - Price in Kenya/Tecno-Camon-40-Proa-medium (1).webp,Tecno-Camon-40-Proa-medium (1).webp|Tecno-Camon-40-Proa-medium (1).webp,5756,320,320
5764|320|320|oppo-a6x-4g-a-medium (1).webp,same name + size + dimensions,2,6a7cac755c7cd75eb85ab5a0|6a7cac9e5c7cd75eb85d4581,/Oppo/Oppo-A6x-4G-a-medium (1).webp|/Oppo2/Oppo-A6x-4G-a-medium (1).webp,Oppo-A6x-4G-a-medium (1).webp|Oppo-A6x-4G-a-medium (1).webp,5764,320,320
5764|320|320|oppo-a6x-4g-a-medium (2).webp,same name + size + dimensions,2,6a7cac755c7cd75eb85ab62c|6a7cac9f5c7cd75eb85d5d44,/Oppo/Oppo-A6x-4G-a-medium (2).webp|/Oppo2/Oppo-A6x-4G-a-medium (2).webp,Oppo-A6x-4G-a-medium (2).webp|Oppo-A6x-4G-a-medium (2).webp,5764,320,320
5764|320|320|oppo-a6x-4g-a-medium.webp,same name + size + dimensions,2,6a7cac755c7cd75eb85ab607|6a7caca35c7cd75eb85d970e,/Oppo/Oppo-A6x-4G-a-medium.webp|/Oppo2/Oppo-A6x-4G-a-medium.webp,Oppo-A6x-4G-a-medium.webp|Oppo-A6x-4G-a-medium.webp,5764,320,320
5770|320|320|samsung-galaxy-a17-4g-b-medium.webp,same name + size + dimensions,2,6a7ba89e5c7cd75eb818c472|6a7ba86c5c7cd75eb815dfbe,/ecommerce/samsung/All Samsung Smartphones - Price in Kenya (1)/Samsung-Galaxy-A17-4G-b-medium.webp|/ecommerce/samsung/All Samsung Smartphones - Price in Kenya (2)/Samsung-Galaxy-A17-4G-b-medium.webp,Samsung-Galaxy-A17-4G-b-medium.webp|Samsung-Galaxy-A17-4G-b-medium.webp,5770,320,320
5782|320|320|samsung-galaxy-z-flip-7-fe-medium (1).webp,same name + size + dimensions,2,6a7ba8c85c7cd75eb81b14ba|6a7ba8965c7cd75eb8184717,/ecommerce/samsung/All Samsung Smartphones - Price in Kenya (1)/Samsung-Galaxy-Z-Flip-7-FE-medium (1).webp|/ecommerce/samsung/All Samsung Smartphones - Price in Kenya (2)/Samsung-Galaxy-Z-Flip-7-FE-medium (1).webp,Samsung-Galaxy-Z-Flip-7-FE-medium (1).webp|Samsung-Galaxy-Z-Flip-7-FE-medium (1).webp,5782,320,320
5782|320|320|samsung-galaxy-z-flip-7-fe-medium.webp,same name + size + dimensions,2,6a7ba8c85c7cd75eb81b1501|6a7ba8975c7cd75eb8185054,/ecommerce/samsung/All Samsung Smartphones - Price in Kenya (1)/Samsung-Galaxy-Z-Flip-7-FE-medium.webp|/ecommerce/samsung/All Samsung Smartphones - Price in Kenya (2)/Samsung-Galaxy-Z-Flip-7-FE-medium.webp,Samsung-Galaxy-Z-Flip-7-FE-medium.webp|Samsung-Galaxy-Z-Flip-7-FE-medium.webp,5782,320,320
5816|320|320|samsung-galaxy-z-fold-7-d-medium (1).webp,same name + size + dimensions,2,6a7ba8405c7cd75eb813569b|6a7ba8f85c7cd75eb81df3ca,/ecommerce/samsung/All Samsung Smartphones - Price in Kenya (3)/Samsung-Galaxy-Z-Fold-7-d-medium (1).webp|/ecommerce/samsung/All Samsung Smartphones - Price in Kenya/Samsung-Galaxy-Z-Fold-7-d-medium (1).webp,Samsung-Galaxy-Z-Fold-7-d-medium (1).webp|Samsung-Galaxy-Z-Fold-7-d-medium (1).webp,5816,320,320
5830|320|320|oppo-reno15-pro-mini-medium.webp,same name + size + dimensions,2,6a7cac765c7cd75eb85abc55|6a7caca75c7cd75eb85dc7bf,/Oppo/Oppo-Reno15-Pro-Mini-medium.webp|/Oppo2/Oppo-Reno15-Pro-Mini-medium.webp,Oppo-Reno15-Pro-Mini-medium.webp|Oppo-Reno15-Pro-Mini-medium.webp,5830,320,320
5838|320|320|samsung-galaxy-z-flip-5-a-medium (1).webp,same name + size + dimensions,2,6a7ba8c75c7cd75eb81b02fd|6a7ba8765c7cd75eb8165f42,/ecommerce/samsung/All Samsung Smartphones - Price in Kenya (1)/Samsung-Galaxy-Z-Flip-5-a-medium (1).webp|/ecommerce/samsung/All Samsung Smartphones - Price in Kenya (2)/Samsung-Galaxy-Z-Flip-5-a-medium (1).webp,Samsung-Galaxy-Z-Flip-5-a-medium (1).webp|Samsung-Galaxy-Z-Flip-5-a-medium (1).webp,5838,320,320
5838|320|320|samsung-galaxy-z-flip-5-a-medium.webp,same name + size + dimensions,2,6a7ba8c75c7cd75eb81b0cda|6a7ba8925c7cd75eb817ee17,/ecommerce/samsung/All Samsung Smartphones - Price in Kenya (1)/Samsung-Galaxy-Z-Flip-5-a-medium.webp|/ecommerce/samsung/All Samsung Smartphones - Price in Kenya (2)/Samsung-Galaxy-Z-Flip-5-a-medium.webp,Samsung-Galaxy-Z-Flip-5-a-medium.webp|Samsung-Galaxy-Z-Flip-5-a-medium.webp,5838,320,320
5854|320|320|oppo-reno-15-c-medium.webp,same name + size + dimensions,2,6a7cac765c7cd75eb85ab9da|6a7caca75c7cd75eb85dc420,/Oppo/Oppo-Reno-15-c-medium.webp|/Oppo2/Oppo-Reno-15-c-medium.webp,Oppo-Reno-15-c-medium.webp|Oppo-Reno-15-c-medium.webp,5854,320,320
5856|320|320|oppo-reno15-fs-medium (1).webp,same name + size + dimensions,2,6a7cac765c7cd75eb85aba65|6a7caca75c7cd75eb85dc741,/Oppo/Oppo-Reno15-FS-medium (1).webp|/Oppo2/Oppo-Reno15-FS-medium (1).webp,Oppo-Reno15-FS-medium (1).webp|Oppo-Reno15-FS-medium (1).webp,5856,320,320
5872|320|320|oppo-find-n6-medium.webp,same name + size + dimensions,2,6a7cac755c7cd75eb85ab78b|6a7caca65c7cd75eb85db960,/Oppo/Oppo-Find-N6-medium.webp|/Oppo2/Oppo-Find-N6-medium.webp,Oppo-Find-N6-medium.webp|Oppo-Find-N6-medium.webp,5872,320,320
5872|320|320|oppo-reno-15f-a-medium (1).webp,same name + size + dimensions,2,6a7cac755c7cd75eb85ab7a7|6a7caca75c7cd75eb85dca34,/Oppo/Oppo-Reno-15F-a-medium (1).webp|/Oppo2/Oppo-Reno-15F-a-medium (1).webp,Oppo-Reno-15F-a-medium (1).webp|Oppo-Reno-15F-a-medium (1).webp,5872,320,320
5892|320|320|samsung-galaxy-s25-ultra-c-medium.webp,same name + size + dimensions,4,6a7ba8c75c7cd75eb81b02fa|6a7ba8745c7cd75eb8164ebe|6a7ba7bc5c7cd75eb80c0cbc|6a7ba8f85c7cd75eb81df3a1,/ecommerce/samsung/All Samsung Smartphones - Price in Kenya (1)/Samsung-Galaxy-S25-Ultra-c-medium.webp|/ecommerce/samsung/All Samsung Smartphones - Price in Kenya (2)/Samsung-Galaxy-S25-Ultra-c-medium.webp|/ecommerce/samsung/All Samsung Smartphones - Price in Kenya (5)/Samsung-Galaxy-S25-Ultra-c-medium.webp|/ecommerce/samsung/All Samsung Smartphones - Price in Kenya/Samsung-Galaxy-S25-Ultra-c-medium.webp,Samsung-Galaxy-S25-Ultra-c-medium.webp|Samsung-Galaxy-S25-Ultra-c-medium.webp|Samsung-Galaxy-S25-Ultra-c-medium.webp|Samsung-Galaxy-S25-Ultra-c-medium.webp,5892,320,320
5904|320|320|oppo-f33-pro-a-medium.webp,same name + size + dimensions,2,6a7cac755c7cd75eb85ab838|6a7caca65c7cd75eb85db8c1,/Oppo/Oppo-F33-Pro-a-medium.webp|/Oppo2/Oppo-F33-Pro-a-medium.webp,Oppo-F33-Pro-a-medium.webp|Oppo-F33-Pro-a-medium.webp,5904,320,320
5930|320|320|nothing-cmf-buds-2-plus-d-medium.webp,same name + size + dimensions,2,6a7caadf5c7cd75eb841347b|6a7cab665c7cd75eb849b49f,/airbuds2/Nothing-CMF-Buds-2-Plus-d-medium.webp|/airbuds3/Nothing-CMF-Buds-2-Plus-d-medium.webp,Nothing-CMF-Buds-2-Plus-d-medium.webp|Nothing-CMF-Buds-2-Plus-d-medium.webp,5930,320,320
5936|320|320|oppo-reno16-pro-medium.webp,same name + size + dimensions,2,6a7cac765c7cd75eb85ac19f|6a7caca75c7cd75eb85dcebd,/Oppo/Oppo-Reno16-Pro-medium.webp|/Oppo2/Oppo-Reno16-Pro-medium.webp,Oppo-Reno16-Pro-medium.webp|Oppo-Reno16-Pro-medium.webp,5936,320,320
5958|320|160|motorola-logo-original.webp,same name + size + dimensions,6,6a7c25525c7cd75eb84f1cc0|6a7cac9e5c7cd75eb85d3f54|6a7cadd25c7cd75eb8709ea0|6a7cae075c7cd75eb8740f01|6a7caeb85c7cd75eb87f96ff|6a7caeee5c7cd75eb8839008,/itel/motorola-logo-original.webp|/Oppo2/motorola-logo-original.webp|/Oppo3/motorola-logo-original.webp|/Oppo4/motorola-logo-original.webp|/Oppo5/motorola-logo-original.webp|/Oppo6/motorola-logo-original.webp,motorola-logo-original.webp|motorola-logo-original.webp|motorola-logo-original.webp|motorola-logo-original.webp|motorola-logo-original.webp|motorola-logo-original.webp,5958,320,160
5992|320|320|galaxys23ultrab-medium.webp,same name + size + dimensions,3,6a7ba89a5c7cd75eb81886f9|6a7ba86c5c7cd75eb815df14|6a7ba83f5c7cd75eb8134b49,/ecommerce/samsung/All Samsung Smartphones - Price in Kenya (1)/galaxys23ultrab-medium.webp|/ecommerce/samsung/All Samsung Smartphones - Price in Kenya (2)/galaxys23ultrab-medium.webp|/ecommerce/samsung/All Samsung Smartphones - Price in Kenya (3)/galaxys23ultrab-medium.webp,galaxys23ultrab-medium.webp|galaxys23ultrab-medium.webp|galaxys23ultrab-medium.webp,5992,320,320
6000|320|320|nothing-cmf-buds-2a-medium.webp,same name + size + dimensions,2,6a7caadf5c7cd75eb841368a|6a7cab675c7cd75eb849ca1f,/airbuds2/Nothing-CMF-Buds-2a-medium.webp|/airbuds3/Nothing-CMF-Buds-2a-medium.webp,Nothing-CMF-Buds-2a-medium.webp|Nothing-CMF-Buds-2a-medium.webp,6000,320,320
6002|320|320|jbl-tune-buds-2-m-medium (1).webp,same name + size + dimensions,3,6a7ca9de5c7cd75eb830fda8|6a7caadd5c7cd75eb8410db1|6a7cab5e5c7cd75eb8493815,/airbuds/JBL-Tune-Buds-2-m-medium (1).webp|/airbuds2/JBL-Tune-Buds-2-m-medium (1).webp|/airbuds3/JBL-Tune-Buds-2-m-medium (1).webp,JBL-Tune-Buds-2-m-medium (1).webp|JBL-Tune-Buds-2-m-medium (1).webp|JBL-Tune-Buds-2-m-medium (1).webp,6002,320,320
6002|320|320|tecno-spark-40-medium.webp,same name + size + dimensions,2,6a7b697f5c7cd75eb8e187cc|6a7b6a895c7cd75eb8e719a2,/ecommerce/All Tecno Smartphones - Price in Kenya/Tecno-Spark-40-medium.webp|/ecommerce/Tecno-2/All Tecno Smartphones - Price in Kenya/Tecno-Spark-40-medium.webp,Tecno-Spark-40-medium.webp|Tecno-Spark-40-medium.webp,6002,320,320
6016|320|320|samsung-galaxy-m56-a-medium (1).webp,same name + size + dimensions,2,6a7ba8c65c7cd75eb81aff80|6a7ba86f5c7cd75eb8160c48,/ecommerce/samsung/All Samsung Smartphones - Price in Kenya (1)/Samsung-Galaxy-M56-a-medium (1).webp|/ecommerce/samsung/All Samsung Smartphones - Price in Kenya (2)/Samsung-Galaxy-M56-a-medium (1).webp,Samsung-Galaxy-M56-a-medium (1).webp|Samsung-Galaxy-M56-a-medium (1).webp,6016,320,320
6026|320|320|oppo-f31-pro-plus-medium.webp,same name + size + dimensions,2,6a7cac755c7cd75eb85ab7bb|6a7caca65c7cd75eb85db8b6,/Oppo/Oppo-F31-Pro-Plus-medium.webp|/Oppo2/Oppo-F31-Pro-Plus-medium.webp,Oppo-F31-Pro-Plus-medium.webp|Oppo-F31-Pro-Plus-medium.webp,6026,320,320
6080|320|320|samsung-galaxy-note-20-ultra-a-medium.webp,same name + size + dimensions,2,6a7ba83f5c7cd75eb813503b|6a7ba80c5c7cd75eb8107ed4,/ecommerce/samsung/All Samsung Smartphones - Price in Kenya (3)/samsung-galaxy-note-20-ultra-a-medium.webp|/ecommerce/samsung/All Samsung Smartphones - Price in Kenya (4)/samsung-galaxy-note-20-ultra-a-medium.webp,samsung-galaxy-note-20-ultra-a-medium.webp|samsung-galaxy-note-20-ultra-a-medium.webp,6080,320,320
6104|320|320|oppo-find-x9s-pro-medium.webp,same name + size + dimensions,2,6a7cac755c7cd75eb85ab797|6a7caca65c7cd75eb85dbb41,/Oppo/Oppo-Find-X9s-Pro-medium.webp|/Oppo2/Oppo-Find-X9s-Pro-medium.webp,Oppo-Find-X9s-Pro-medium.webp|Oppo-Find-X9s-Pro-medium.webp,6104,320,320
6132|320|320|oppo-a6-pro-4g-b-medium.webp,same name + size + dimensions,2,6a7cac765c7cd75eb85ab8fa|6a7cac9e5c7cd75eb85d4731,/Oppo/Oppo-A6-Pro-4G-b-medium.webp|/Oppo2/Oppo-A6-Pro-4G-b-medium.webp,Oppo-A6-Pro-4G-b-medium.webp|Oppo-A6-Pro-4G-b-medium.webp,6132,320,320
6136|320|320|nothing-cmf-buds-pro-2-c-medium.webp,same name + size + dimensions,3,6a7ca9de5c7cd75eb8310194|6a7caae05c7cd75eb8414002|6a7cab675c7cd75eb849cc07,/airbuds/Nothing-CMF-Buds-Pro-2-c-medium.webp|/airbuds2/Nothing-CMF-Buds-Pro-2-c-medium.webp|/airbuds3/Nothing-CMF-Buds-Pro-2-c-medium.webp,Nothing-CMF-Buds-Pro-2-c-medium.webp|Nothing-CMF-Buds-Pro-2-c-medium.webp|Nothing-CMF-Buds-Pro-2-c-medium.webp,6136,320,320
6170|320|320|anker-soundcore-liberty-5-pro-a-medium.webp,same name + size + dimensions,2,6a7caadb5c7cd75eb840e990|6a7cab5e5c7cd75eb8492e83,/airbuds2/Anker-Soundcore-Liberty-5-Pro-a-medium.webp|/airbuds3/Anker-Soundcore-Liberty-5-Pro-a-medium.webp,Anker-Soundcore-Liberty-5-Pro-a-medium.webp|Anker-Soundcore-Liberty-5-Pro-a-medium.webp,6170,320,320
6174|320|160|oppo-logo-original (1).webp,same name + size + dimensions,10,6a7ca9df5c7cd75eb83108b8|6a7caae55c7cd75eb84186a8|6a7cab675c7cd75eb849d608|6a7cabba5c7cd75eb84f1f29|6a7caf6f5c7cd75eb88c8b4e|6a7c25655c7cd75eb84fafdb|6a7caca65c7cd75eb85dc000|6a7cadda5c7cd75eb8713bc3|6a7caeb85c7cd75eb87f9e7f|6a7caef85c7cd75eb8843f13,/airbuds/oppo-logo-original (1).webp|/airbuds2/oppo-logo-original (1).webp|/airbuds3/oppo-logo-original (1).webp|/airbuds4/oppo-logo-original (1).webp|/airbuds5/oppo-logo-original (1).webp|/itel/oppo-logo-original (1).webp|/Oppo2/oppo-logo-original (1).webp|/Oppo3/oppo-logo-original (1).webp|/Oppo5/oppo-logo-original (1).webp|/Oppo6/oppo-logo-original (1).webp,oppo-logo-original (1).webp|oppo-logo-original (1).webp|oppo-logo-original (1).webp|oppo-logo-original (1).webp|oppo-logo-original (1).webp|oppo-logo-original (1).webp|oppo-logo-original (1).webp|oppo-logo-original (1).webp|oppo-logo-original (1).webp|oppo-logo-original (1).webp,6174,320,160
6174|320|160|oppo-logo-original (4).webp,same name + size + dimensions,2,6a7ca9df5c7cd75eb83108ae|6a7c25655c7cd75eb84fafe9,/airbuds/oppo-logo-original (4).webp|/itel/oppo-logo-original (4).webp,oppo-logo-original (4).webp|oppo-logo-original (4).webp,6174,320,160
6176|320|320|anker-soundcore-liberty-5-pro-max-medium.webp,same name + size + dimensions,2,6a7caadb5c7cd75eb840ea09|6a7cab5e5c7cd75eb8492b79,/airbuds2/Anker-Soundcore-Liberty-5-Pro-Max-medium.webp|/airbuds3/Anker-Soundcore-Liberty-5-Pro-Max-medium.webp,Anker-Soundcore-Liberty-5-Pro-Max-medium.webp|Anker-Soundcore-Liberty-5-Pro-Max-medium.webp,6176,320,320
6184|320|160|samsung-logo-original (1).webp,same name + size + dimensions,11,6a7ca9e75c7cd75eb8317a5b|6a7caae55c7cd75eb84186be|6a7cab675c7cd75eb849d7c1|6a7cabba5c7cd75eb84f2023|6a7caf715c7cd75eb88cab45|6a7c25675c7cd75eb84fb96f|6a7caca75c7cd75eb85dcf9b|6a7cadda5c7cd75eb8713f53|6a7caec25c7cd75eb8803eb8|6a7caef95c7cd75eb88463d8|6a7c23de5c7cd75eb844b37b,/airbuds/samsung-logo-original (1).webp|/airbuds2/samsung-logo-original (1).webp|/airbuds3/samsung-logo-original (1).webp|/airbuds4/samsung-logo-original (1).webp|/airbuds5/samsung-logo-original (1).webp|/itel/samsung-logo-original (1).webp|/Oppo2/samsung-logo-original (1).webp|/Oppo3/samsung-logo-original (1).webp|/Oppo5/samsung-logo-original (1).webp|/Oppo6/samsung-logo-original (1).webp|/tvs/samsung-logo-original (1).webp,samsung-logo-original (1).webp|samsung-logo-original (1).webp|samsung-logo-original (1).webp|samsung-logo-original (1).webp|samsung-logo-original (1).webp|samsung-logo-original (1).webp|samsung-logo-original (1).webp|samsung-logo-original (1).webp|samsung-logo-original (1).webp|samsung-logo-original (1).webp|samsung-logo-original (1).webp,6184,320,160
6184|320|160|samsung-logo-original (4).webp,same name + size + dimensions,3,6a7ca9e75c7cd75eb8317aae|6a7c25665c7cd75eb84fb1ec|6a7c23de5c7cd75eb844b406,/airbuds/samsung-logo-original (4).webp|/itel/samsung-logo-original (4).webp|/tvs/samsung-logo-original (4).webp,samsung-logo-original (4).webp|samsung-logo-original (4).webp|samsung-logo-original (4).webp,6184,320,160
6200|320|320|galaxyzflip4q-medium (2).webp,same name + size + dimensions,2,6a7ba89a5c7cd75eb8188727|6a7ba86c5c7cd75eb815defb,/ecommerce/samsung/All Samsung Smartphones - Price in Kenya (1)/galaxyzflip4q-medium (2).webp|/ecommerce/samsung/All Samsung Smartphones - Price in Kenya (2)/galaxyzflip4q-medium (2).webp,galaxyzflip4q-medium (2).webp|galaxyzflip4q-medium (2).webp,6200,320,320
6200|320|320|galaxyzflip4q-medium (3).webp,same name + size + dimensions,2,6a7ba89a5c7cd75eb81886f5|6a7ba86c5c7cd75eb815df1a,/ecommerce/samsung/All Samsung Smartphones - Price in Kenya (1)/galaxyzflip4q-medium (3).webp|/ecommerce/samsung/All Samsung Smartphones - Price in Kenya (2)/galaxyzflip4q-medium (3).webp,galaxyzflip4q-medium (3).webp|galaxyzflip4q-medium (3).webp,6200,320,320
6230|320|160|lg-logo-original (1).webp,same name + size + dimensions,6,6a7c25515c7cd75eb84f1a41|6a7cac9d5c7cd75eb85d397a|6a7cadd15c7cd75eb87097b3|6a7caeb85c7cd75eb87f9ead|6a7caeee5c7cd75eb8838f70|6a7c23ab5c7cd75eb842ec30,/itel/lg-logo-original (1).webp|/Oppo2/lg-logo-original (1).webp|/Oppo3/lg-logo-original (1).webp|/Oppo5/lg-logo-original (1).webp|/Oppo6/lg-logo-original (1).webp|/tvs/lg-logo-original (1).webp,lg-logo-original (1).webp|lg-logo-original (1).webp|lg-logo-original (1).webp|lg-logo-original (1).webp|lg-logo-original (1).webp|lg-logo-original (1).webp,6230,320,160
6230|320|160|lg-logo-original (4).webp,same name + size + dimensions,2,6a7c25515c7cd75eb84f199f|6a7c23ab5c7cd75eb842ecbf,/itel/lg-logo-original (4).webp|/tvs/lg-logo-original (4).webp,lg-logo-original (4).webp|lg-logo-original (4).webp,6230,320,160
625682|||all tecno smartphones - price in kenya.zip,same name + size + dimensions,2,6a7b59585c7cd75eb87ce013|6a7b6a8e5c7cd75eb8e74e4c,/ecommerce/Tecno-1/All Tecno Smartphones - Price in Kenya.zip|/ecommerce/Tecno-2/All Tecno Smartphones - Price in Kenya.zip,All Tecno Smartphones - Price in Kenya.zip|All Tecno Smartphones - Price in Kenya.zip,625682,,
6260|320|160|apple-logo-original (3).webp,same name + size + dimensions,2,6a7ca9d55c7cd75eb8305bac|6a7c24eb5c7cd75eb84c416e,/airbuds/apple-logo-original (3).webp|/itel/apple-logo-original (3).webp,apple-logo-original (3).webp|apple-logo-original (3).webp,6260,320,160
6260|320|160|apple-logo-original.webp,same name + size + dimensions,11,6a7ca9d55c7cd75eb8305ae0|6a7caadc5c7cd75eb840f81a|6a7cab5e5c7cd75eb849342d|6a7cabb15c7cd75eb84e94d7|6a7caf655c7cd75eb88bd382|6a7c24eb5c7cd75eb84c41ed|6a7cac9d5c7cd75eb85d2587|6a7cadd15c7cd75eb8709238|6a7cae075c7cd75eb87405f5|6a7caeb85c7cd75eb87f99c5|6a7caeec5c7cd75eb88371cf,/airbuds/apple-logo-original.webp|/airbuds2/apple-logo-original.webp|/airbuds3/apple-logo-original.webp|/airbuds4/apple-logo-original.webp|/airbuds5/apple-logo-original.webp|/itel/apple-logo-original.webp|/Oppo2/apple-logo-original.webp|/Oppo3/apple-logo-original.webp|/Oppo4/apple-logo-original.webp|/Oppo5/apple-logo-original.webp|/Oppo6/apple-logo-original.webp,apple-logo-original.webp|apple-logo-original.webp|apple-logo-original.webp|apple-logo-original.webp|apple-logo-original.webp|apple-logo-original.webp|apple-logo-original.webp|apple-logo-original.webp|apple-logo-original.webp|apple-logo-original.webp|apple-logo-original.webp,6260,320,160
6270|320|320|tecno-camon-50-medium.webp,same name + size + dimensions,2,6a7b69805c7cd75eb8e19106|6a7b6a855c7cd75eb8e703ad,/ecommerce/All Tecno Smartphones - Price in Kenya/Tecno-Camon-50-medium.webp|/ecommerce/Tecno-2/All Tecno Smartphones - Price in Kenya/Tecno-Camon-50-medium.webp,Tecno-Camon-50-medium.webp|Tecno-Camon-50-medium.webp,6270,320,320
6278|320|320|sony-wf-c710n-c-medium (1).webp,same name + size + dimensions,3,6a7ca9e75c7cd75eb8317ec6|6a7caae55c7cd75eb8418705|6a7cab675c7cd75eb849d7d3,/airbuds/Sony-WF-C710N-c-medium (1).webp|/airbuds2/Sony-WF-C710N-c-medium (1).webp|/airbuds3/Sony-WF-C710N-c-medium (1).webp,Sony-WF-C710N-c-medium (1).webp|Sony-WF-C710N-c-medium (1).webp|Sony-WF-C710N-c-medium (1).webp,6278,320,320
6286|320|320|galaxynote20b-medium.webp,same name + size + dimensions,2,6a7ba7bc5c7cd75eb80c1a17|6a7ba7b85c7cd75eb80bd985,/ecommerce/samsung/All Samsung Smartphones - Price in Kenya (4)/galaxynote20b-medium.webp|/ecommerce/samsung/All Samsung Smartphones - Price in Kenya (5)/galaxynote20b-medium.webp,galaxynote20b-medium.webp|galaxynote20b-medium.webp,6286,320,320
6308|320|320|tecno-camon-30s-medium (1).webp,same name + size + dimensions,2,6a7b697f5c7cd75eb8e18cb8|6a7b6a845c7cd75eb8e6ff73,/ecommerce/All Tecno Smartphones - Price in Kenya/Tecno-Camon-30S-medium (1).webp|/ecommerce/Tecno-2/All Tecno Smartphones - Price in Kenya/Tecno-Camon-30S-medium (1).webp,Tecno-Camon-30S-medium (1).webp|Tecno-Camon-30S-medium (1).webp,6308,320,320
6316|320|320|tecno-spark-slim-medium.webp,same name + size + dimensions,2,6a7b69825c7cd75eb8e19a66|6a7b6a8b5c7cd75eb8e72e8d,/ecommerce/All Tecno Smartphones - Price in Kenya/Tecno-Spark-Slim-medium.webp|/ecommerce/Tecno-2/All Tecno Smartphones - Price in Kenya/Tecno-Spark-Slim-medium.webp,Tecno-Spark-Slim-medium.webp|Tecno-Spark-Slim-medium.webp,6316,320,320
6346|320|320|anker-soundcore-liberty-4-nc-c-medium (1).webp,same name + size + dimensions,3,6a7ca9d55c7cd75eb8305d84|6a7caadb5c7cd75eb840e932|6a7cab5e5c7cd75eb8492cc8,/airbuds/Anker-Soundcore-Liberty-4-NC-c-medium (1).webp|/airbuds2/Anker-Soundcore-Liberty-4-NC-c-medium (1).webp|/airbuds3/Anker-Soundcore-Liberty-4-NC-c-medium (1).webp,Anker-Soundcore-Liberty-4-NC-c-medium (1).webp|Anker-Soundcore-Liberty-4-NC-c-medium (1).webp|Anker-Soundcore-Liberty-4-NC-c-medium (1).webp,6346,320,320
6350|320|160|zte-original (1).webp,same name + size + dimensions,5,6a7c25675c7cd75eb84fb8b6|6a7cacaa5c7cd75eb85e0dfd|6a7caddb5c7cd75eb87141d5|6a7caecb5c7cd75eb880e317|6a7caefa5c7cd75eb8846a60,/itel/ZTE-original (1).webp|/Oppo2/ZTE-original (1).webp|/Oppo3/ZTE-original (1).webp|/Oppo5/ZTE-original (1).webp|/Oppo6/ZTE-original (1).webp,ZTE-original (1).webp|ZTE-original (1).webp|ZTE-original (1).webp|ZTE-original (1).webp|ZTE-original (1).webp,6350,320,160
6352|320|320|oppo-k15-pro-plus-medium.webp,same name + size + dimensions,2,6a7cac765c7cd75eb85abace|6a7caca65c7cd75eb85dbe84,/Oppo/Oppo-K15-Pro-Plus-medium.webp|/Oppo2/Oppo-K15-Pro-Plus-medium.webp,Oppo-K15-Pro-Plus-medium.webp|Oppo-K15-Pro-Plus-medium.webp,6352,320,320
6378|320|320|tecnophantomvflip-medium.webp,same name + size + dimensions,2,6a7b69825c7cd75eb8e19ce1|6a7b6a8c5c7cd75eb8e738a8,/ecommerce/All Tecno Smartphones - Price in Kenya/tecnophantomvflip-medium.webp|/ecommerce/Tecno-2/All Tecno Smartphones - Price in Kenya/tecnophantomvflip-medium.webp,tecnophantomvflip-medium.webp|tecnophantomvflip-medium.webp,6378,320,320
6414|320|320|oppo-a5-4g-a-medium.webp,same name + size + dimensions,2,6a7cac755c7cd75eb85ab511|6a7cac9e5c7cd75eb85d454a,/Oppo/Oppo-A5-4G-a-medium.webp|/Oppo2/Oppo-A5-4G-a-medium.webp,Oppo-A5-4G-a-medium.webp|Oppo-A5-4G-a-medium.webp,6414,320,320
6436|320|160|ankerlogo-original (1).webp,same name + size + dimensions,6,6a7ca9d55c7cd75eb8305663|6a7caadc5c7cd75eb840f4f9|6a7cab5e5c7cd75eb8492ed3|6a7cabb15c7cd75eb84e9b0e|6a7caf655c7cd75eb88bd2da|6a7c25d45c7cd75eb852ee34,/airbuds/ankerlogo-original (1).webp|/airbuds2/ankerlogo-original (1).webp|/airbuds3/ankerlogo-original (1).webp|/airbuds4/ankerlogo-original (1).webp|/airbuds5/ankerlogo-original (1).webp|/Bts/ankerlogo-original (1).webp,ankerlogo-original (1).webp|ankerlogo-original (1).webp|ankerlogo-original (1).webp|ankerlogo-original (1).webp|ankerlogo-original (1).webp|ankerlogo-original (1).webp,6436,320,160
6436|320|160|ankerlogo-original (4).webp,same name + size + dimensions,2,6a7ca9d55c7cd75eb8305c26|6a7c25d55c7cd75eb852f9ec,/airbuds/ankerlogo-original (4).webp|/Bts/ankerlogo-original (4).webp,ankerlogo-original (4).webp|ankerlogo-original (4).webp,6436,320,160
6520|320|320|oppo-a6-pro-5g-k-medium.webp,same name + size + dimensions,2,6a7cac765c7cd75eb85ac334|6a7cac9e5c7cd75eb85d4629,/Oppo/oppo-a6-pro-5g-k-medium.webp|/Oppo2/oppo-a6-pro-5g-k-medium.webp,oppo-a6-pro-5g-k-medium.webp|oppo-a6-pro-5g-k-medium.webp,6520,320,320
6532|320|320|galaxy-a55-d-medium.webp,same name + size + dimensions,3,6a7ba89a5c7cd75eb81884bb|6a7ba86a5c7cd75eb815b8ec|6a7ba7af5c7cd75eb80b4636,/ecommerce/samsung/All Samsung Smartphones - Price in Kenya (1)/Galaxy-A55-d-medium.webp|/ecommerce/samsung/All Samsung Smartphones - Price in Kenya (2)/Galaxy-A55-d-medium.webp|/ecommerce/samsung/All Samsung Smartphones - Price in Kenya (5)/Galaxy-A55-d-medium.webp,Galaxy-A55-d-medium.webp|Galaxy-A55-d-medium.webp|Galaxy-A55-d-medium.webp,6532,320,320
6536|320|320|tecno-camon-40-premier-a-medium (1).webp,same name + size + dimensions,2,6a7b69815c7cd75eb8e19754|6a7b6a845c7cd75eb8e7005e,/ecommerce/All Tecno Smartphones - Price in Kenya/Tecno-Camon-40-Premier-a-medium (1).webp|/ecommerce/Tecno-2/All Tecno Smartphones - Price in Kenya/Tecno-Camon-40-Premier-a-medium (1).webp,Tecno-Camon-40-Premier-a-medium (1).webp|Tecno-Camon-40-Premier-a-medium (1).webp,6536,320,320
6538|320|320|oppo-a3-4g-c-medium.webp,same name + size + dimensions,2,6a7cac755c7cd75eb85aac74|6a7cac9e5c7cd75eb85d40cd,/Oppo/Oppo-A3-4G-c-medium.webp|/Oppo2/Oppo-A3-4G-c-medium.webp,Oppo-A3-4G-c-medium.webp|Oppo-A3-4G-c-medium.webp,6538,320,320
6558|320|320|anker-soundcore-r50i-e-medium.webp,same name + size + dimensions,3,6a7ca9d65c7cd75eb8306aae|6a7caadc5c7cd75eb840f179|6a7cab5e5c7cd75eb8492ed8,/airbuds/Anker-Soundcore-R50i-e-medium.webp|/airbuds2/Anker-Soundcore-R50i-e-medium.webp|/airbuds3/Anker-Soundcore-R50i-e-medium.webp,Anker-Soundcore-R50i-e-medium.webp|Anker-Soundcore-R50i-e-medium.webp|Anker-Soundcore-R50i-e-medium.webp,6558,320,320
6572|320|320|tecno-pop-10-c-medium (1).webp,same name + size + dimensions,2,6a7b69805c7cd75eb8e1905a|6a7b6a855c7cd75eb8e705a2,/ecommerce/All Tecno Smartphones - Price in Kenya/tecno-pop-10-c-medium (1).webp|/ecommerce/Tecno-2/All Tecno Smartphones - Price in Kenya/tecno-pop-10-c-medium (1).webp,tecno-pop-10-c-medium (1).webp|tecno-pop-10-c-medium (1).webp,6572,320,320
6576|320|320|jbl-live-beam-3-medium (1).webp,same name + size + dimensions,3,6a7ca9de5c7cd75eb830fb76|6a7caadc5c7cd75eb841057f|6a7cab5e5c7cd75eb84934b8,/airbuds/JBL-Live-Beam-3-medium (1).webp|/airbuds2/JBL-Live-Beam-3-medium (1).webp|/airbuds3/JBL-Live-Beam-3-medium (1).webp,JBL-Live-Beam-3-medium (1).webp|JBL-Live-Beam-3-medium (1).webp|JBL-Live-Beam-3-medium (1).webp,6576,320,320
6682|320|320|tecno-spark-50-pro-medium.webp,same name + size + dimensions,2,6a7b69815c7cd75eb8e19890|6a7b6a8b5c7cd75eb8e727f8,/ecommerce/All Tecno Smartphones - Price in Kenya/Tecno-Spark-50-Pro-medium.webp|/ecommerce/Tecno-2/All Tecno Smartphones - Price in Kenya/Tecno-Spark-50-Pro-medium.webp,Tecno-Spark-50-Pro-medium.webp|Tecno-Spark-50-Pro-medium.webp,6682,320,320
670|20|20|default (14).svg,same name + size + dimensions,11,6a7ba9875c7cd75eb8264b30|6a7b697f5c7cd75eb8e18806|6a7b63435c7cd75eb8b322c5|6a7ba8995c7cd75eb8187731|6a7ba8495c7cd75eb813e5db|6a7ba80c5c7cd75eb8108a4e|6a7ba7bc5c7cd75eb80c0c75|6a7ba7745c7cd75eb807caa6|6a7ba71a5c7cd75eb802fbf6|6a7ba8c85c7cd75eb81b155e|6a7b6a835c7cd75eb8e6fc94,/ecommerce/All iOS Smartphones - Price in Kenya/default (14).svg|/ecommerce/All Tecno Smartphones - Price in Kenya/default (14).svg|/ecommerce/All Xiaomi Smartphones - Price in Kenya (2)/default (14).svg|/ecommerce/samsung/All Samsung Smartphones - Price in Kenya (1)/default (14).svg|/ecommerce/samsung/All Samsung Smartphones - Price in Kenya (2)/default (14).svg|/ecommerce/samsung/All Samsung Smartphones - Price in Kenya (3)/default (14).svg|/ecommerce/samsung/All Samsung Smartphones - Price in Kenya (4)/default (14).svg|/ecommerce/samsung/All Samsung Smartphones - Price in Kenya (5)/default (14).svg|/ecommerce/samsung/All Samsung Smartphones - Price in Kenya (6)/default (14).svg|/ecommerce/samsung/All Samsung Smartphones - Price in Kenya/default (14).svg|/ecommerce/Tecno-2/All Tecno Smartphones - Price in Kenya/default (14).svg,default (14).svg|default (14).svg|default (14).svg|default (14).svg|default (14).svg|default (14).svg|default (14).svg|default (14).svg|default (14).svg|default (14).svg|default (14).svg,670,20,20
670|20|20|download (14).svg,same name + size + dimensions,9,6a7ca9d55c7cd75eb8305914|6a7caadc5c7cd75eb840f9b0|6a7cab5e5c7cd75eb8493626|6a7cabb15c7cd75eb84e9a11|6a7caf655c7cd75eb88bdb37|6a7c24ec5c7cd75eb84c4cb1|6a7cac9d5c7cd75eb85d30e0|6a7cadd15c7cd75eb870949a|6a7cae075c7cd75eb8740d0d,/airbuds/download (14).svg|/airbuds2/download (14).svg|/airbuds3/download (14).svg|/airbuds4/download (14).svg|/airbuds5/download (14).svg|/itel/download (14).svg|/Oppo2/download (14).svg|/Oppo3/download (14).svg|/Oppo4/download (14).svg,download (14).svg|download (14).svg|download (14).svg|download (14).svg|download (14).svg|download (14).svg|download (14).svg|download (14).svg|download (14).svg,670,20,20
670|20|20|download (32).svg,same name + size + dimensions,2,6a7ca9d55c7cd75eb8305ba2|6a7c24ec5c7cd75eb84c4ef0,/airbuds/download (32).svg|/itel/download (32).svg,download (32).svg|download (32).svg,670,20,20
6706|320|160|lg-logo-original (3).webp,same name + size + dimensions,2,6a7c25515c7cd75eb84f1a09|6a7c23ab5c7cd75eb842ed06,/itel/lg-logo-original (3).webp|/tvs/lg-logo-original (3).webp,lg-logo-original (3).webp|lg-logo-original (3).webp,6706,320,160
6706|320|160|lg-logo-original.webp,same name + size + dimensions,7,6a7c25515c7cd75eb84f1a04|6a7cac9e5c7cd75eb85d3d92|6a7cadd15c7cd75eb87096cb|6a7cae075c7cd75eb8740eab|6a7caeb85c7cd75eb87f95bf|6a7caeee5c7cd75eb88390dd|6a7c23ab5c7cd75eb842ecfd,/itel/lg-logo-original.webp|/Oppo2/lg-logo-original.webp|/Oppo3/lg-logo-original.webp|/Oppo4/lg-logo-original.webp|/Oppo5/lg-logo-original.webp|/Oppo6/lg-logo-original.webp|/tvs/lg-logo-original.webp,lg-logo-original.webp|lg-logo-original.webp|lg-logo-original.webp|lg-logo-original.webp|lg-logo-original.webp|lg-logo-original.webp|lg-logo-original.webp,6706,320,160
6710|320|320|tecno-spark-50-medium.webp,same name + size + dimensions,2,6a7b69815c7cd75eb8e19884|6a7b6a8b5c7cd75eb8e727ee,/ecommerce/All Tecno Smartphones - Price in Kenya/Tecno-Spark-50-medium.webp|/ecommerce/Tecno-2/All Tecno Smartphones - Price in Kenya/Tecno-Spark-50-medium.webp,Tecno-Spark-50-medium.webp|Tecno-Spark-50-medium.webp,6710,320,320
6734|320|320|oppo-reno-16c-medium.webp,same name + size + dimensions,2,6a7cac765c7cd75eb85ac04f|6a7caca75c7cd75eb85dc6f2,/Oppo/Oppo-Reno-16c-medium.webp|/Oppo2/Oppo-Reno-16c-medium.webp,Oppo-Reno-16c-medium.webp|Oppo-Reno-16c-medium.webp,6734,320,320
6742|320|320|oppo-reno-15f-a-medium.webp,same name + size + dimensions,2,6a7cac765c7cd75eb85abf7d|6a7caca75c7cd75eb85dc73f,/Oppo/Oppo-Reno-15F-a-medium.webp|/Oppo2/Oppo-Reno-15F-a-medium.webp,Oppo-Reno-15F-a-medium.webp|Oppo-Reno-15F-a-medium.webp,6742,320,320
6756|320|320|tecno-camon-40a-medium (1).webp,same name + size + dimensions,2,6a7b69815c7cd75eb8e19397|6a7b6a8a5c7cd75eb8e722cc,/ecommerce/All Tecno Smartphones - Price in Kenya/Tecno-Camon-40a-medium (1).webp|/ecommerce/Tecno-2/All Tecno Smartphones - Price in Kenya/Tecno-Camon-40a-medium (1).webp,Tecno-Camon-40a-medium (1).webp|Tecno-Camon-40a-medium (1).webp,6756,320,320
6756|320|320|tecno-camon-40a-medium.webp,same name + size + dimensions,2,6a7b69815c7cd75eb8e1979d|6a7b6a8a5c7cd75eb8e72382,/ecommerce/All Tecno Smartphones - Price in Kenya/Tecno-Camon-40a-medium.webp|/ecommerce/Tecno-2/All Tecno Smartphones - Price in Kenya/Tecno-Camon-40a-medium.webp,Tecno-Camon-40a-medium.webp|Tecno-Camon-40a-medium.webp,6756,320,320
6762|320|160|samsung-logo-original (3).webp,same name + size + dimensions,3,6a7ca9e75c7cd75eb8317cbe|6a7c25665c7cd75eb84fb1e8|6a7c23de5c7cd75eb844b2f7,/airbuds/samsung-logo-original (3).webp|/itel/samsung-logo-original (3).webp|/tvs/samsung-logo-original (3).webp,samsung-logo-original (3).webp|samsung-logo-original (3).webp|samsung-logo-original (3).webp,6762,320,160
6762|320|160|samsung-logo-original.webp,same name + size + dimensions,12,6a7ca9e75c7cd75eb8317f05|6a7caae55c7cd75eb841870a|6a7cab675c7cd75eb849d830|6a7cabbb5c7cd75eb84f2ce3|6a7caf715c7cd75eb88cad63|6a7c25665c7cd75eb84fb1b6|6a7caca95c7cd75eb85df30c|6a7cadda5c7cd75eb8713f50|6a7cae085c7cd75eb8740ff1|6a7caec25c7cd75eb8803eac|6a7caef95c7cd75eb8846649|6a7c23df5c7cd75eb844b6d7,/airbuds/samsung-logo-original.webp|/airbuds2/samsung-logo-original.webp|/airbuds3/samsung-logo-original.webp|/airbuds4/samsung-logo-original.webp|/airbuds5/samsung-logo-original.webp|/itel/samsung-logo-original.webp|/Oppo2/samsung-logo-original.webp|/Oppo3/samsung-logo-original.webp|/Oppo4/samsung-logo-original.webp|/Oppo5/samsung-logo-original.webp|/Oppo6/samsung-logo-original.webp|/tvs/samsung-logo-original.webp,samsung-logo-original.webp|samsung-logo-original.webp|samsung-logo-original.webp|samsung-logo-original.webp|samsung-logo-original.webp|samsung-logo-original.webp|samsung-logo-original.webp|samsung-logo-original.webp|samsung-logo-original.webp|samsung-logo-original.webp|samsung-logo-original.webp|samsung-logo-original.webp,6762,320,160
6778|320|320|jbl-live-buds-3-a-medium (1).webp,same name + size + dimensions,2,6a7caadc5c7cd75eb841053f|6a7cab5e5c7cd75eb8492a48,/airbuds2/JBL-Live-Buds-3-a-medium (1).webp|/airbuds3/JBL-Live-Buds-3-a-medium (1).webp,JBL-Live-Buds-3-a-medium (1).webp|JBL-Live-Buds-3-a-medium (1).webp,6778,320,320
6780|320|320|oppo-reno15-fs-medium.webp,same name + size + dimensions,2,6a7cac765c7cd75eb85ac417|6a7caca75c7cd75eb85dcba3,/Oppo/Oppo-Reno15-FS-medium.webp|/Oppo2/Oppo-Reno15-FS-medium.webp,Oppo-Reno15-FS-medium.webp|Oppo-Reno15-FS-medium.webp,6780,320,320
6782|320|160|lenovo-logo-original (1).webp,same name + size + dimensions,5,6a7c25515c7cd75eb84f19f6|6a7cac9e5c7cd75eb85d3af2|6a7cadd15c7cd75eb8709485|6a7caeb85c7cd75eb87f9fed|6a7caeed5c7cd75eb883853c,/itel/lenovo-logo-original (1).webp|/Oppo2/lenovo-logo-original (1).webp|/Oppo3/lenovo-logo-original (1).webp|/Oppo5/lenovo-logo-original (1).webp|/Oppo6/lenovo-logo-original (1).webp,lenovo-logo-original (1).webp|lenovo-logo-original (1).webp|lenovo-logo-original (1).webp|lenovo-logo-original (1).webp|lenovo-logo-original (1).webp,6782,320,160
6794|320|320|oppo-a3x-4g-b-medium (2).webp,same name + size + dimensions,2,6a7cac755c7cd75eb85ab7c2|6a7cac9e5c7cd75eb85d4004,/Oppo/Oppo-A3x-4G-b-medium (2).webp|/Oppo2/Oppo-A3x-4G-b-medium (2).webp,Oppo-A3x-4G-b-medium (2).webp|Oppo-A3x-4G-b-medium (2).webp,6794,320,320
6794|320|320|oppo-a3x-4g-b-medium (3).webp,same name + size + dimensions,2,6a7cac755c7cd75eb85ab234|6a7cac9e5c7cd75eb85d405b,/Oppo/Oppo-A3x-4G-b-medium (3).webp|/Oppo2/Oppo-A3x-4G-b-medium (3).webp,Oppo-A3x-4G-b-medium (3).webp|Oppo-A3x-4G-b-medium (3).webp,6794,320,320
6820|320|320|tecno-camon-50-pro-medium.webp,same name + size + dimensions,2,6a7b697e5c7cd75eb8e18260|6a7b6a875c7cd75eb8e70ca9,/ecommerce/All Tecno Smartphones - Price in Kenya/Tecno-Camon-50-Pro-medium.webp|/ecommerce/Tecno-2/All Tecno Smartphones - Price in Kenya/Tecno-Camon-50-Pro-medium.webp,Tecno-Camon-50-Pro-medium.webp|Tecno-Camon-50-Pro-medium.webp,6820,320,320
6900|320|320|oppo-k15-pro-medium.webp,same name + size + dimensions,2,6a7cac765c7cd75eb85abdcc|6a7caca65c7cd75eb85dba70,/Oppo/Oppo-K15-Pro-medium.webp|/Oppo2/Oppo-K15-Pro-medium.webp,Oppo-K15-Pro-medium.webp|Oppo-K15-Pro-medium.webp,6900,320,320
6902|320|320|tecno-camon-50-ultra-medium.webp,same name + size + dimensions,2,6a7b697f5c7cd75eb8e188bd|6a7b6a875c7cd75eb8e70e0b,/ecommerce/All Tecno Smartphones - Price in Kenya/Tecno-Camon-50-Ultra-medium.webp|/ecommerce/Tecno-2/All Tecno Smartphones - Price in Kenya/Tecno-Camon-50-Ultra-medium.webp,Tecno-Camon-50-Ultra-medium.webp|Tecno-Camon-50-Ultra-medium.webp,6902,320,320
6910|320|160|vivo-logo-original (1).webp,same name + size + dimensions,5,6a7c25675c7cd75eb84fb68c|6a7caca75c7cd75eb85dce9a|6a7cadda5c7cd75eb8713f6b|6a7caec25c7cd75eb8804199|6a7caef95c7cd75eb8846805,/itel/vivo-logo-original (1).webp|/Oppo2/vivo-logo-original (1).webp|/Oppo3/vivo-logo-original (1).webp|/Oppo5/vivo-logo-original (1).webp|/Oppo6/vivo-logo-original (1).webp,vivo-logo-original (1).webp|vivo-logo-original (1).webp|vivo-logo-original (1).webp|vivo-logo-original (1).webp|vivo-logo-original (1).webp,6910,320,160
6924|320|320|tecno-pop-x-4g-a-medium (1).webp,same name + size + dimensions,2,6a7b697c5c7cd75eb8e17a2f|6a7b6a885c7cd75eb8e71098,/ecommerce/All Tecno Smartphones - Price in Kenya/Tecno-Pop-X-4G-a-medium (1).webp|/ecommerce/Tecno-2/All Tecno Smartphones - Price in Kenya/Tecno-Pop-X-4G-a-medium (1).webp,Tecno-Pop-X-4G-a-medium (1).webp|Tecno-Pop-X-4G-a-medium (1).webp,6924,320,320
6936|320|320|tecnophantomx3-medium (2).webp,same name + size + dimensions,2,6a7b69825c7cd75eb8e19b0a|6a7b6a8c5c7cd75eb8e735c2,/ecommerce/All Tecno Smartphones - Price in Kenya/tecnophantomx3-medium (2).webp|/ecommerce/Tecno-2/All Tecno Smartphones - Price in Kenya/tecnophantomx3-medium (2).webp,tecnophantomx3-medium (2).webp|tecnophantomx3-medium (2).webp,6936,320,320
6936|320|320|tecnophantomx3-medium (3).webp,same name + size + dimensions,2,6a7b69835c7cd75eb8e19f6c|6a7b6a8c5c7cd75eb8e73e48,/ecommerce/All Tecno Smartphones - Price in Kenya/tecnophantomx3-medium (3).webp|/ecommerce/Tecno-2/All Tecno Smartphones - Price in Kenya/tecnophantomx3-medium (3).webp,tecnophantomx3-medium (3).webp|tecnophantomx3-medium (3).webp,6936,320,320
6954|320|320|samsung-f36-medium (1).webp,same name + size + dimensions,2,6a7ba89a5c7cd75eb8188896|6a7ba86c5c7cd75eb815dfd8,/ecommerce/samsung/All Samsung Smartphones - Price in Kenya (1)/Samsung-F36-medium (1).webp|/ecommerce/samsung/All Samsung Smartphones - Price in Kenya (2)/Samsung-F36-medium (1).webp,Samsung-F36-medium (1).webp|Samsung-F36-medium (1).webp,6954,320,320
7004|320|320|oppo-reno-12f-5g-b-medium.webp,same name + size + dimensions,2,6a7cac765c7cd75eb85abdb5|6a7caca75c7cd75eb85dc2e5,/Oppo/Oppo-Reno-12F-5G-b-medium.webp|/Oppo2/Oppo-Reno-12F-5G-b-medium.webp,Oppo-Reno-12F-5G-b-medium.webp|Oppo-Reno-12F-5G-b-medium.webp,7004,320,320
7006|320|320|samsung-galaxy-m36-b-medium (2).webp,same name + size + dimensions,2,6a7ba8c55c7cd75eb81ae591|6a7ba86c5c7cd75eb815e235,/ecommerce/samsung/All Samsung Smartphones - Price in Kenya (1)/Samsung-Galaxy-M36-b-medium (2).webp|/ecommerce/samsung/All Samsung Smartphones - Price in Kenya (2)/Samsung-Galaxy-M36-b-medium (2).webp,Samsung-Galaxy-M36-b-medium (2).webp|Samsung-Galaxy-M36-b-medium (2).webp,7006,320,320
7006|320|320|samsung-galaxy-m36-b-medium (3).webp,same name + size + dimensions,2,6a7ba8c55c7cd75eb81ae5c8|6a7ba86c5c7cd75eb815e26b,/ecommerce/samsung/All Samsung Smartphones - Price in Kenya (1)/Samsung-Galaxy-M36-b-medium (3).webp|/ecommerce/samsung/All Samsung Smartphones - Price in Kenya (2)/Samsung-Galaxy-M36-b-medium (3).webp,Samsung-Galaxy-M36-b-medium (3).webp|Samsung-Galaxy-M36-b-medium (3).webp,7006,320,320
7010|320|320|samsung-galaxy-s24-ultra-d-medium.webp,same name + size + dimensions,2,6a7ba83f5c7cd75eb81350a2|6a7ba7bc5c7cd75eb80c0bd6,/ecommerce/samsung/All Samsung Smartphones - Price in Kenya (3)/Samsung-Galaxy-S24-Ultra-d-medium.webp|/ecommerce/samsung/All Samsung Smartphones - Price in Kenya (5)/Samsung-Galaxy-S24-Ultra-d-medium.webp,Samsung-Galaxy-S24-Ultra-d-medium.webp|Samsung-Galaxy-S24-Ultra-d-medium.webp,7010,320,320
7016|320|320|tecno-camon-40-proa-medium.webp,same name + size + dimensions,2,6a7b69805c7cd75eb8e19064|6a7b6a865c7cd75eb8e70860,/ecommerce/All Tecno Smartphones - Price in Kenya/Tecno-Camon-40-Proa-medium.webp|/ecommerce/Tecno-2/All Tecno Smartphones - Price in Kenya/Tecno-Camon-40-Proa-medium.webp,Tecno-Camon-40-Proa-medium.webp|Tecno-Camon-40-Proa-medium.webp,7016,320,320
7036|320|320|samsung-galaxy-m56-a-medium.webp,same name + size + dimensions,2,6a7ba8c75c7cd75eb81b02f2|6a7ba8705c7cd75eb8160e8e,/ecommerce/samsung/All Samsung Smartphones - Price in Kenya (1)/Samsung-Galaxy-M56-a-medium.webp|/ecommerce/samsung/All Samsung Smartphones - Price in Kenya (2)/Samsung-Galaxy-M56-a-medium.webp,Samsung-Galaxy-M56-a-medium.webp|Samsung-Galaxy-M56-a-medium.webp,7036,320,320
7038|320|320|tecno-pova-curve-2-medium.webp,same name + size + dimensions,2,6a7b697e5c7cd75eb8e18518|6a7b6a895c7cd75eb8e716f5,/ecommerce/All Tecno Smartphones - Price in Kenya/Tecno-Pova-Curve-2-medium.webp|/ecommerce/Tecno-2/All Tecno Smartphones - Price in Kenya/Tecno-Pova-Curve-2-medium.webp,Tecno-Pova-Curve-2-medium.webp|Tecno-Pova-Curve-2-medium.webp,7038,320,320
7090|320|320|tecno-pop-20-a-medium.webp,same name + size + dimensions,2,6a7b697f5c7cd75eb8e18c36|6a7b6a865c7cd75eb8e70851,/ecommerce/All Tecno Smartphones - Price in Kenya/Tecno-Pop-20-a-medium.webp|/ecommerce/Tecno-2/All Tecno Smartphones - Price in Kenya/Tecno-Pop-20-a-medium.webp,Tecno-Pop-20-a-medium.webp|Tecno-Pop-20-a-medium.webp,7090,320,320
7102|320|320|oppo-find-x9-ultra-a-medium.webp,same name + size + dimensions,2,6a7cac765c7cd75eb85abc40|6a7caca65c7cd75eb85dbab1,/Oppo/Oppo-Find-X9-Ultra-a-medium.webp|/Oppo2/Oppo-Find-X9-Ultra-a-medium.webp,Oppo-Find-X9-Ultra-a-medium.webp|Oppo-Find-X9-Ultra-a-medium.webp,7102,320,320
7110|320|320|galaxyzflip4q-medium (1).webp,same name + size + dimensions,2,6a7ba89a5c7cd75eb818872b|6a7ba86c5c7cd75eb815def9,/ecommerce/samsung/All Samsung Smartphones - Price in Kenya (1)/galaxyzflip4q-medium (1).webp|/ecommerce/samsung/All Samsung Smartphones - Price in Kenya (2)/galaxyzflip4q-medium (1).webp,galaxyzflip4q-medium (1).webp|galaxyzflip4q-medium (1).webp,7110,320,320
7110|320|320|galaxyzflip4q-medium.webp,same name + size + dimensions,2,6a7ba89a5c7cd75eb8188864|6a7ba86c5c7cd75eb815e014,/ecommerce/samsung/All Samsung Smartphones - Price in Kenya (1)/galaxyzflip4q-medium.webp|/ecommerce/samsung/All Samsung Smartphones - Price in Kenya (2)/galaxyzflip4q-medium.webp,galaxyzflip4q-medium.webp|galaxyzflip4q-medium.webp,7110,320,320
7126|320|320|tecno-camon-40-premier-a-medium.webp,same name + size + dimensions,2,6a7b69815c7cd75eb8e1976f|6a7b6a845c7cd75eb8e70117,/ecommerce/All Tecno Smartphones - Price in Kenya/Tecno-Camon-40-Premier-a-medium.webp|/ecommerce/Tecno-2/All Tecno Smartphones - Price in Kenya/Tecno-Camon-40-Premier-a-medium.webp,Tecno-Camon-40-Premier-a-medium.webp|Tecno-Camon-40-Premier-a-medium.webp,7126,320,320
7140|320|160|oraimo-original (1).webp,same name + size + dimensions,6,6a7ca9e35c7cd75eb8314245|6a7caae55c7cd75eb8418696|6a7cab675c7cd75eb849d4c9|6a7cabba5c7cd75eb84f20a7|6a7caf6f5c7cd75eb88c8cea|6a7c26215c7cd75eb85525a7,/airbuds/oraimo-original (1).webp|/airbuds2/oraimo-original (1).webp|/airbuds3/oraimo-original (1).webp|/airbuds4/oraimo-original (1).webp|/airbuds5/oraimo-original (1).webp|/Bts/oraimo-original (1).webp,oraimo-original (1).webp|oraimo-original (1).webp|oraimo-original (1).webp|oraimo-original (1).webp|oraimo-original (1).webp|oraimo-original (1).webp,7140,320,160
7140|320|160|oraimo-original (4).webp,same name + size + dimensions,2,6a7ca9e45c7cd75eb831428e|6a7c26215c7cd75eb85525b2,/airbuds/oraimo-original (4).webp|/Bts/oraimo-original (4).webp,oraimo-original (4).webp|oraimo-original (4).webp,7140,320,160
7180|320|160|blackview-original (1).webp,same name + size + dimensions,5,6a7c24ec5c7cd75eb84c4c0a|6a7cac9d5c7cd75eb85d30e5|6a7cadd25c7cd75eb8709f03|6a7caeb85c7cd75eb87f9089|6a7caeed5c7cd75eb8838581,/itel/Blackview-original (1).webp|/Oppo2/Blackview-original (1).webp|/Oppo3/Blackview-original (1).webp|/Oppo5/Blackview-original (1).webp|/Oppo6/Blackview-original (1).webp,Blackview-original (1).webp|Blackview-original (1).webp|Blackview-original (1).webp|Blackview-original (1).webp|Blackview-original (1).webp,7180,320,160
7188|320|320|jbl-live-flex-3-medium (1).webp,same name + size + dimensions,3,6a7ca9de5c7cd75eb830fc51|6a7caadd5c7cd75eb8410932|6a7cab5e5c7cd75eb8493707,/airbuds/JBL-Live-Flex-3-medium (1).webp|/airbuds2/JBL-Live-Flex-3-medium (1).webp|/airbuds3/JBL-Live-Flex-3-medium (1).webp,JBL-Live-Flex-3-medium (1).webp|JBL-Live-Flex-3-medium (1).webp|JBL-Live-Flex-3-medium (1).webp,7188,320,320
7294|320|320|tecno-spark-30c-medium.webp,same name + size + dimensions,2,6a7b697f5c7cd75eb8e187f9|6a7b6a875c7cd75eb8e70cf4,/ecommerce/All Tecno Smartphones - Price in Kenya/Tecno-Spark-30C-medium.webp|/ecommerce/Tecno-2/All Tecno Smartphones - Price in Kenya/Tecno-Spark-30C-medium.webp,Tecno-Spark-30C-medium.webp|Tecno-Spark-30C-medium.webp,7294,320,320
7304|320|320|tecno-spark-go-2025-b-medium (1).webp,same name + size + dimensions,2,6a7b69815c7cd75eb8e198e2|6a7b6a8b5c7cd75eb8e727f9,/ecommerce/All Tecno Smartphones - Price in Kenya/Tecno-Spark-Go-2025-b-medium (1).webp|/ecommerce/Tecno-2/All Tecno Smartphones - Price in Kenya/Tecno-Spark-Go-2025-b-medium (1).webp,Tecno-Spark-Go-2025-b-medium (1).webp|Tecno-Spark-Go-2025-b-medium (1).webp,7304,320,320
7306|320|320|tecno-pova-8-a-medium.webp,same name + size + dimensions,2,6a7b697d5c7cd75eb8e18086|6a7b6a885c7cd75eb8e714d6,/ecommerce/All Tecno Smartphones - Price in Kenya/Tecno-Pova-8-a-medium.webp|/ecommerce/Tecno-2/All Tecno Smartphones - Price in Kenya/Tecno-Pova-8-a-medium.webp,Tecno-Pova-8-a-medium.webp|Tecno-Pova-8-a-medium.webp,7306,320,320
7338|320|320|oppo-a5-5g-medium (1).webp,same name + size + dimensions,2,6a7cac765c7cd75eb85ac25b|6a7cac9e5c7cd75eb85d45b6,/Oppo/Oppo-A5-5G-medium (1).webp|/Oppo2/Oppo-A5-5G-medium (1).webp,Oppo-A5-5G-medium (1).webp|Oppo-A5-5G-medium (1).webp,7338,320,320
7360|320|320|tecno-spark-50-4g-b-medium.webp,same name + size + dimensions,2,6a7b697e5c7cd75eb8e18553|6a7b6a8a5c7cd75eb8e71e46,/ecommerce/All Tecno Smartphones - Price in Kenya/Tecno-Spark-50-4G-b-medium.webp|/ecommerce/Tecno-2/All Tecno Smartphones - Price in Kenya/Tecno-Spark-50-4G-b-medium.webp,Tecno-Spark-50-4G-b-medium.webp|Tecno-Spark-50-4G-b-medium.webp,7360,320,320
7382|320|320|huawei-freeclip-2-medium.webp,same name + size + dimensions,3,6a7ca9de5c7cd75eb830f674|6a7caadd5c7cd75eb84107a5|6a7cab5e5c7cd75eb8493378,/airbuds/Huawei-FreeClip-2-medium.webp|/airbuds2/Huawei-FreeClip-2-medium.webp|/airbuds3/Huawei-FreeClip-2-medium.webp,Huawei-FreeClip-2-medium.webp|Huawei-FreeClip-2-medium.webp|Huawei-FreeClip-2-medium.webp,7382,320,320
7398|320|160|lenovo-logo-original.webp,same name + size + dimensions,6,6a7c25515c7cd75eb84f19fd|6a7cac9e5c7cd75eb85d3aeb|6a7cadd15c7cd75eb87099ce|6a7cae075c7cd75eb8740cc4|6a7caeb85c7cd75eb87f9f04|6a7caeee5c7cd75eb88391d4,/itel/lenovo-logo-original.webp|/Oppo2/lenovo-logo-original.webp|/Oppo3/lenovo-logo-original.webp|/Oppo4/lenovo-logo-original.webp|/Oppo5/lenovo-logo-original.webp|/Oppo6/lenovo-logo-original.webp,lenovo-logo-original.webp|lenovo-logo-original.webp|lenovo-logo-original.webp|lenovo-logo-original.webp|lenovo-logo-original.webp|lenovo-logo-original.webp,7398,320,160
7408|320|320|tecno-spark-30-a-medium.webp,same name + size + dimensions,2,6a7b697e5c7cd75eb8e182d5|6a7b6a885c7cd75eb8e71525,/ecommerce/All Tecno Smartphones - Price in Kenya/Tecno-Spark-30-a-medium.webp|/ecommerce/Tecno-2/All Tecno Smartphones - Price in Kenya/Tecno-Spark-30-a-medium.webp,Tecno-Spark-30-a-medium.webp|Tecno-Spark-30-a-medium.webp,7408,320,320
7482|320|320|sony-wf-c710n-c-medium.webp,same name + size + dimensions,3,6a7ca9e85c7cd75eb8318647|6a7caae55c7cd75eb84186d2|6a7cab675c7cd75eb849d6b1,/airbuds/Sony-WF-C710N-c-medium.webp|/airbuds2/Sony-WF-C710N-c-medium.webp|/airbuds3/Sony-WF-C710N-c-medium.webp,Sony-WF-C710N-c-medium.webp|Sony-WF-C710N-c-medium.webp|Sony-WF-C710N-c-medium.webp,7482,320,320
7564|320|160|google-logo-original (1).webp,same name + size + dimensions,10,6a7ca9de5c7cd75eb830f293|6a7caadc5c7cd75eb8410003|6a7cab5e5c7cd75eb84937bf|6a7cabb15c7cd75eb84e9e41|6a7caf655c7cd75eb88bdca3|6a7c24ec5c7cd75eb84c4f80|6a7cac9d5c7cd75eb85d32eb|6a7cadd15c7cd75eb8709732|6a7caeb85c7cd75eb87f9d01|6a7caeed5c7cd75eb883819f,/airbuds/google-logo-original (1).webp|/airbuds2/google-logo-original (1).webp|/airbuds3/google-logo-original (1).webp|/airbuds4/google-logo-original (1).webp|/airbuds5/google-logo-original (1).webp|/itel/google-logo-original (1).webp|/Oppo2/google-logo-original (1).webp|/Oppo3/google-logo-original (1).webp|/Oppo5/google-logo-original (1).webp|/Oppo6/google-logo-original (1).webp,google-logo-original (1).webp|google-logo-original (1).webp|google-logo-original (1).webp|google-logo-original (1).webp|google-logo-original (1).webp|google-logo-original (1).webp|google-logo-original (1).webp|google-logo-original (1).webp|google-logo-original (1).webp|google-logo-original (1).webp,7564,320,160
7564|320|160|google-logo-original (4).webp,same name + size + dimensions,2,6a7ca9de5c7cd75eb830f298|6a7c24ec5c7cd75eb84c4be9,/airbuds/google-logo-original (4).webp|/itel/google-logo-original (4).webp,google-logo-original (4).webp|google-logo-original (4).webp,7564,320,160
7570|320|320|jbl-tune-buds-2-m-medium.webp,same name + size + dimensions,3,6a7ca9de5c7cd75eb830fde1|6a7caadd5c7cd75eb8410c51|6a7cab5e5c7cd75eb84937ba,/airbuds/JBL-Tune-Buds-2-m-medium.webp|/airbuds2/JBL-Tune-Buds-2-m-medium.webp|/airbuds3/JBL-Tune-Buds-2-m-medium.webp,JBL-Tune-Buds-2-m-medium.webp|JBL-Tune-Buds-2-m-medium.webp|JBL-Tune-Buds-2-m-medium.webp,7570,320,320
7598|320|160|energizer-logo-original.webp,same name + size + dimensions,6,6a7c24ec5c7cd75eb84c4fab|6a7cac9d5c7cd75eb85d31fc|6a7cadd25c7cd75eb8709eb4|6a7cae075c7cd75eb8740baf|6a7caeb85c7cd75eb87f9240|6a7caeed5c7cd75eb8838166,/itel/energizer-logo-original.webp|/Oppo2/energizer-logo-original.webp|/Oppo3/energizer-logo-original.webp|/Oppo4/energizer-logo-original.webp|/Oppo5/energizer-logo-original.webp|/Oppo6/energizer-logo-original.webp,energizer-logo-original.webp|energizer-logo-original.webp|energizer-logo-original.webp|energizer-logo-original.webp|energizer-logo-original.webp|energizer-logo-original.webp,7598,320,160
7620|320|320|tecno-pop-10-c-medium.webp,same name + size + dimensions,2,6a7b69815c7cd75eb8e1942e|6a7b6a885c7cd75eb8e71043,/ecommerce/All Tecno Smartphones - Price in Kenya/tecno-pop-10-c-medium.webp|/ecommerce/Tecno-2/All Tecno Smartphones - Price in Kenya/tecno-pop-10-c-medium.webp,tecno-pop-10-c-medium.webp|tecno-pop-10-c-medium.webp,7620,320,320
7776|320|320|oppo-reno16-fs-medium.webp,same name + size + dimensions,2,6a7cac765c7cd75eb85ac4af|6a7caca75c7cd75eb85dc8b5,/Oppo/Oppo-Reno16-FS-medium.webp|/Oppo2/Oppo-Reno16-FS-medium.webp,Oppo-Reno16-FS-medium.webp|Oppo-Reno16-FS-medium.webp,7776,320,320
7778|320|320|galaxy-z-fold-4-k-medium (2).webp,same name + size + dimensions,2,6a7ba89a5c7cd75eb818857b|6a7ba86b5c7cd75eb815d682,/ecommerce/samsung/All Samsung Smartphones - Price in Kenya (1)/galaxy-z-fold-4-k-medium (2).webp|/ecommerce/samsung/All Samsung Smartphones - Price in Kenya (2)/galaxy-z-fold-4-k-medium (2).webp,galaxy-z-fold-4-k-medium (2).webp|galaxy-z-fold-4-k-medium (2).webp,7778,320,320
7778|320|320|galaxy-z-fold-4-k-medium (3).webp,same name + size + dimensions,2,6a7ba89a5c7cd75eb818856e|6a7ba86b5c7cd75eb815d666,/ecommerce/samsung/All Samsung Smartphones - Price in Kenya (1)/galaxy-z-fold-4-k-medium (3).webp|/ecommerce/samsung/All Samsung Smartphones - Price in Kenya (2)/galaxy-z-fold-4-k-medium (3).webp,galaxy-z-fold-4-k-medium (3).webp|galaxy-z-fold-4-k-medium (3).webp,7778,320,320
7810|320|320|samsung-galaxy-m47-medium (1).webp,same name + size + dimensions,2,6a7ba8c55c7cd75eb81ae5e2|6a7ba86f5c7cd75eb8160a83,/ecommerce/samsung/All Samsung Smartphones - Price in Kenya (1)/Samsung-Galaxy-M47-medium (1).webp|/ecommerce/samsung/All Samsung Smartphones - Price in Kenya (2)/Samsung-Galaxy-M47-medium (1).webp,Samsung-Galaxy-M47-medium (1).webp|Samsung-Galaxy-M47-medium (1).webp,7810,320,320
7832|320|320|tecno-camon-30s-medium.webp,same name + size + dimensions,2,6a7b69815c7cd75eb8e193b2|6a7b6a845c7cd75eb8e70129,/ecommerce/All Tecno Smartphones - Price in Kenya/Tecno-Camon-30S-medium.webp|/ecommerce/Tecno-2/All Tecno Smartphones - Price in Kenya/Tecno-Camon-30S-medium.webp,Tecno-Camon-30S-medium.webp|Tecno-Camon-30S-medium.webp,7832,320,320
785|58|58|whatsapp (1).svg,same name + size + dimensions,4,6a7ca9e85c7cd75eb831876c|6a7c26225c7cd75eb8553525|6a7c25665c7cd75eb84fb617|6a7c23fa5c7cd75eb845ac32,/airbuds/whatsapp (1).svg|/Bts/whatsapp (1).svg|/itel/whatsapp (1).svg|/tvs/whatsapp (1).svg,whatsapp (1).svg|whatsapp (1).svg|whatsapp (1).svg|whatsapp (1).svg,785,58,58
785|58|58|whatsapp.svg,same name + size + dimensions,25,6a7ca9e85c7cd75eb8318770|6a7caae55c7cd75eb8418739|6a7cab675c7cd75eb849d7d4|6a7cabbb5c7cd75eb84f2dad|6a7caf715c7cd75eb88cb069|6a7c26225c7cd75eb8553488|6a7ba9b55c7cd75eb8298750|6a7b6cca5c7cd75eb8f3ee6c|6a7b69825c7cd75eb8e19d53|6a7b63465c7cd75eb8b33bd2|6a7ba8c85c7cd75eb81b14f9|6a7ba8985c7cd75eb8185fe4|6a7ba8425c7cd75eb8137d9c|6a7ba80c5c7cd75eb8108874|6a7ba7705c7cd75eb80781d6|6a7ba7195c7cd75eb802e3a1|6a7ba6db5c7cd75eb8ff4f9f|6a7ba8f85c7cd75eb81df595|6a7b6a8c5c7cd75eb8e73e2b|6a7c25675c7cd75eb84fb858|6a7caca75c7cd75eb85dd053|6a7caddb5c7cd75eb87140eb|6a7caec25c7cd75eb88041dd|6a7caefa5c7cd75eb8846bd8|6a7c23fa5c7cd75eb845b1d8,/airbuds/whatsapp.svg|/airbuds2/whatsapp.svg|/airbuds3/whatsapp.svg|/airbuds4/whatsapp.svg|/airbuds5/whatsapp.svg|/Bts/whatsapp.svg|/ecommerce/All iOS Smartphones - Price in Kenya/whatsapp.svg|/ecommerce/All Tecno Smartphones - Price in Kenya (2)/whatsapp.svg|/ecommerce/All Tecno Smartphones - Price in Kenya/whatsapp.svg|/ecommerce/All Xiaomi Smartphones - Price in Kenya (2)/whatsapp.svg|/ecommerce/samsung/All Samsung Smartphones - Price in Kenya (1)/whatsapp.svg|/ecommerce/samsung/All Samsung Smartphones - Price in Kenya (2)/whatsapp.svg|/ecommerce/samsung/All Samsung Smartphones - Price in Kenya (3)/whatsapp.svg|/ecommerce/samsung/All Samsung Smartphones - Price in Kenya (4)/whatsapp.svg|/ecommerce/samsung/All Samsung Smartphones - Price in Kenya (6)/whatsapp.svg|/ecommerce/samsung/All Samsung Smartphones - Price in Kenya (7)/whatsapp.svg|/ecommerce/samsung/All Samsung Smartphones - Price in Kenya (8)/whatsapp.svg|/ecommerce/samsung/All Samsung Smartphones - Price in Kenya/whatsapp.svg|/ecommerce/Tecno-2/All Tecno Smartphones - Price in Kenya/whatsapp.svg|/itel/whatsapp.svg|/Oppo2/whatsapp.svg|/Oppo3/whatsapp.svg|/Oppo5/whatsapp.svg|/Oppo6/whatsapp.svg|/tvs/whatsapp.svg,whatsapp.svg|whatsapp.svg|whatsapp.svg|whatsapp.svg|whatsapp.svg|whatsapp.svg|whatsapp.svg|whatsapp.svg|whatsapp.svg|whatsapp.svg|whatsapp.svg|whatsapp.svg|whatsapp.svg|whatsapp.svg|whatsapp.svg|whatsapp.svg|whatsapp.svg|whatsapp.svg|whatsapp.svg|whatsapp.svg|whatsapp.svg|whatsapp.svg|whatsapp.svg|whatsapp.svg|whatsapp.svg,785,58,58
7854|320|320|samsung-galaxy-m36-b-medium (1).webp,same name + size + dimensions,2,6a7ba8c55c7cd75eb81ae598|6a7ba86c5c7cd75eb815e21d,/ecommerce/samsung/All Samsung Smartphones - Price in Kenya (1)/Samsung-Galaxy-M36-b-medium (1).webp|/ecommerce/samsung/All Samsung Smartphones - Price in Kenya (2)/Samsung-Galaxy-M36-b-medium (1).webp,Samsung-Galaxy-M36-b-medium (1).webp|Samsung-Galaxy-M36-b-medium (1).webp,7854,320,320
7854|320|320|samsung-galaxy-m36-b-medium.webp,same name + size + dimensions,2,6a7ba8c55c7cd75eb81ae5d8|6a7ba86e5c7cd75eb8160777,/ecommerce/samsung/All Samsung Smartphones - Price in Kenya (1)/Samsung-Galaxy-M36-b-medium.webp|/ecommerce/samsung/All Samsung Smartphones - Price in Kenya (2)/Samsung-Galaxy-M36-b-medium.webp,Samsung-Galaxy-M36-b-medium.webp|Samsung-Galaxy-M36-b-medium.webp,7854,320,320
7876|320|160|energizer-logo-original (1).webp,same name + size + dimensions,5,6a7c24ec5c7cd75eb84c4e88|6a7cac9d5c7cd75eb85d329a|6a7cadd15c7cd75eb87098c9|6a7caeb85c7cd75eb87f9e5c|6a7caeed5c7cd75eb883825b,/itel/energizer-logo-original (1).webp|/Oppo2/energizer-logo-original (1).webp|/Oppo3/energizer-logo-original (1).webp|/Oppo5/energizer-logo-original (1).webp|/Oppo6/energizer-logo-original (1).webp,energizer-logo-original (1).webp|energizer-logo-original (1).webp|energizer-logo-original (1).webp|energizer-logo-original (1).webp|energizer-logo-original (1).webp,7876,320,160
7920|320|160|google-logo-original (3).webp,same name + size + dimensions,2,6a7ca9de5c7cd75eb830f29e|6a7c24ec5c7cd75eb84c4fae,/airbuds/google-logo-original (3).webp|/itel/google-logo-original (3).webp,google-logo-original (3).webp|google-logo-original (3).webp,7920,320,160
7920|320|160|google-logo-original.webp,same name + size + dimensions,11,6a7ca9de5c7cd75eb830f22c|6a7caadc5c7cd75eb84102a6|6a7cab5e5c7cd75eb84937b2|6a7cabb15c7cd75eb84ea0dd|6a7caf655c7cd75eb88bdc79|6a7c24ec5c7cd75eb84c4f99|6a7cac9d5c7cd75eb85d36dc|6a7cadd15c7cd75eb870946e|6a7cae085c7cd75eb87410b5|6a7caeb85c7cd75eb87f923b|6a7caeec5c7cd75eb8837495,/airbuds/google-logo-original.webp|/airbuds2/google-logo-original.webp|/airbuds3/google-logo-original.webp|/airbuds4/google-logo-original.webp|/airbuds5/google-logo-original.webp|/itel/google-logo-original.webp|/Oppo2/google-logo-original.webp|/Oppo3/google-logo-original.webp|/Oppo4/google-logo-original.webp|/Oppo5/google-logo-original.webp|/Oppo6/google-logo-original.webp,google-logo-original.webp|google-logo-original.webp|google-logo-original.webp|google-logo-original.webp|google-logo-original.webp|google-logo-original.webp|google-logo-original.webp|google-logo-original.webp|google-logo-original.webp|google-logo-original.webp|google-logo-original.webp,7920,320,160
7926|320|320|oppo-a3x-4g-b-medium (1).webp,same name + size + dimensions,2,6a7cac755c7cd75eb85aac47|6a7cac9e5c7cd75eb85d41a0,/Oppo/Oppo-A3x-4G-b-medium (1).webp|/Oppo2/Oppo-A3x-4G-b-medium (1).webp,Oppo-A3x-4G-b-medium (1).webp|Oppo-A3x-4G-b-medium (1).webp,7926,320,320
7926|320|320|oppo-a3x-4g-b-medium.webp,same name + size + dimensions,2,6a7cac755c7cd75eb85ab1c0|6a7cac9e5c7cd75eb85d440e,/Oppo/Oppo-A3x-4G-b-medium.webp|/Oppo2/Oppo-A3x-4G-b-medium.webp,Oppo-A3x-4G-b-medium.webp|Oppo-A3x-4G-b-medium.webp,7926,320,320
7966|320|320|jbl-live-beam-3-medium.webp,same name + size + dimensions,3,6a7ca9de5c7cd75eb830fc53|6a7caadd5c7cd75eb84107c7|6a7cab5e5c7cd75eb84933fb,/airbuds/JBL-Live-Beam-3-medium.webp|/airbuds2/JBL-Live-Beam-3-medium.webp|/airbuds3/JBL-Live-Beam-3-medium.webp,JBL-Live-Beam-3-medium.webp|JBL-Live-Beam-3-medium.webp|JBL-Live-Beam-3-medium.webp,7966,320,320
8030|320|320|tecno-pop-x-4g-a-medium.webp,same name + size + dimensions,2,6a7b697d5c7cd75eb8e1809b|6a7b6a885c7cd75eb8e71171,/ecommerce/All Tecno Smartphones - Price in Kenya/Tecno-Pop-X-4G-a-medium.webp|/ecommerce/Tecno-2/All Tecno Smartphones - Price in Kenya/Tecno-Pop-X-4G-a-medium.webp,Tecno-Pop-X-4G-a-medium.webp|Tecno-Pop-X-4G-a-medium.webp,8030,320,320
8030|320|320|tecno-spark-go-2025-b-medium.webp,same name + size + dimensions,2,6a7b69815c7cd75eb8e198a4|6a7b6a8b5c7cd75eb8e72886,/ecommerce/All Tecno Smartphones - Price in Kenya/Tecno-Spark-Go-2025-b-medium.webp|/ecommerce/Tecno-2/All Tecno Smartphones - Price in Kenya/Tecno-Spark-Go-2025-b-medium.webp,Tecno-Spark-Go-2025-b-medium.webp|Tecno-Spark-Go-2025-b-medium.webp,8030,320,320
80968|329|85|logo.svg,same name + size + dimensions,3,6a7bbb955c7cd75eb8498ced|6a7bbb575c7cd75eb8471781|6a7bbb065c7cd75eb84254cd,/laptops1/Laptops _ Nairobi Computer Shop (1)/logo.svg|/laptops1/Laptops _ Nairobi Computer Shop (2)/logo.svg|/laptops1/Laptops _ Nairobi Computer Shop (3)/logo.svg,logo.svg|logo.svg|logo.svg,80968,329,85
8104|320|320|oneplus-buds-4d-medium.webp,same name + size + dimensions,2,6a7caae45c7cd75eb84182e4|6a7cab675c7cd75eb849cda4,/airbuds2/oneplus-buds-4d-medium.webp|/airbuds3/oneplus-buds-4d-medium.webp,oneplus-buds-4d-medium.webp|oneplus-buds-4d-medium.webp,8104,320,320
8224|320|320|tecno-spark-40-pro-a-medium (1).webp,same name + size + dimensions,2,6a7b697d5c7cd75eb8e180ac|6a7b6a8a5c7cd75eb8e71dbd,/ecommerce/All Tecno Smartphones - Price in Kenya/tecno-spark-40-pro-a-medium (1).webp|/ecommerce/Tecno-2/All Tecno Smartphones - Price in Kenya/tecno-spark-40-pro-a-medium (1).webp,tecno-spark-40-pro-a-medium (1).webp|tecno-spark-40-pro-a-medium (1).webp,8224,320,320
8258|320|320|jbl-live-buds-3-a-medium.webp,same name + size + dimensions,2,6a7caadd5c7cd75eb8410917|6a7cab5e5c7cd75eb8493363,/airbuds2/JBL-Live-Buds-3-a-medium.webp|/airbuds3/JBL-Live-Buds-3-a-medium.webp,JBL-Live-Buds-3-a-medium.webp|JBL-Live-Buds-3-a-medium.webp,8258,320,320
8262|320|320|samsung-galaxy-z-fold-7-d-medium.webp,same name + size + dimensions,3,6a7ba83f5c7cd75eb8135667|6a7ba7bc5c7cd75eb80c0bee|6a7ba8f85c7cd75eb81df3cd,/ecommerce/samsung/All Samsung Smartphones - Price in Kenya (3)/Samsung-Galaxy-Z-Fold-7-d-medium.webp|/ecommerce/samsung/All Samsung Smartphones - Price in Kenya (5)/Samsung-Galaxy-Z-Fold-7-d-medium.webp|/ecommerce/samsung/All Samsung Smartphones - Price in Kenya/Samsung-Galaxy-Z-Fold-7-d-medium.webp,Samsung-Galaxy-Z-Fold-7-d-medium.webp|Samsung-Galaxy-Z-Fold-7-d-medium.webp|Samsung-Galaxy-Z-Fold-7-d-medium.webp,8262,320,320
8318|320|320|tecno-spark-40-pro-plus-d-medium (2).webp,same name + size + dimensions,2,6a7b697f5c7cd75eb8e18d27|6a7b6a875c7cd75eb8e70c9e,/ecommerce/All Tecno Smartphones - Price in Kenya/tecno-spark-40-pro-plus-d-medium (2).webp|/ecommerce/Tecno-2/All Tecno Smartphones - Price in Kenya/tecno-spark-40-pro-plus-d-medium (2).webp,tecno-spark-40-pro-plus-d-medium (2).webp|tecno-spark-40-pro-plus-d-medium (2).webp,8318,320,320
8318|320|320|tecno-spark-40-pro-plus-d-medium (3).webp,same name + size + dimensions,2,6a7b697e5c7cd75eb8e184ab|6a7b6a8a5c7cd75eb8e725bb,/ecommerce/All Tecno Smartphones - Price in Kenya/tecno-spark-40-pro-plus-d-medium (3).webp|/ecommerce/Tecno-2/All Tecno Smartphones - Price in Kenya/tecno-spark-40-pro-plus-d-medium (3).webp,tecno-spark-40-pro-plus-d-medium (3).webp|tecno-spark-40-pro-plus-d-medium (3).webp,8318,320,320
8394|320|320|oppo-a5-5g-medium.webp,same name + size + dimensions,2,6a7cac765c7cd75eb85ac4a0|6a7cac9e5c7cd75eb85d4407,/Oppo/Oppo-A5-5G-medium.webp|/Oppo2/Oppo-A5-5G-medium.webp,Oppo-A5-5G-medium.webp|Oppo-A5-5G-medium.webp,8394,320,320
8480|320|160|lava-logo-original.webp,same name + size + dimensions,6,6a7c25505c7cd75eb84f1288|6a7cac9e5c7cd75eb85d3da3|6a7cadd15c7cd75eb87096ca|6a7cae075c7cd75eb8740cb7|6a7caeb85c7cd75eb87f9508|6a7caeed5c7cd75eb8838405,/itel/lava-logo-original.webp|/Oppo2/lava-logo-original.webp|/Oppo3/lava-logo-original.webp|/Oppo4/lava-logo-original.webp|/Oppo5/lava-logo-original.webp|/Oppo6/lava-logo-original.webp,lava-logo-original.webp|lava-logo-original.webp|lava-logo-original.webp|lava-logo-original.webp|lava-logo-original.webp|lava-logo-original.webp,8480,320,160
8586|320|320|tecnophantomx3-medium (1).webp,same name + size + dimensions,2,6a7b69835c7cd75eb8e19fc2|6a7b6a8c5c7cd75eb8e738a5,/ecommerce/All Tecno Smartphones - Price in Kenya/tecnophantomx3-medium (1).webp|/ecommerce/Tecno-2/All Tecno Smartphones - Price in Kenya/tecnophantomx3-medium (1).webp,tecnophantomx3-medium (1).webp|tecnophantomx3-medium (1).webp,8586,320,320
8586|320|320|tecnophantomx3-medium.webp,same name + size + dimensions,2,6a7b69825c7cd75eb8e19cdc|6a7b6a8c5c7cd75eb8e73de9,/ecommerce/All Tecno Smartphones - Price in Kenya/tecnophantomx3-medium.webp|/ecommerce/Tecno-2/All Tecno Smartphones - Price in Kenya/tecnophantomx3-medium.webp,tecnophantomx3-medium.webp|tecnophantomx3-medium.webp,8586,320,320
8624|320|320|anker-soundcore-liberty-4-nc-c-medium.webp,same name + size + dimensions,3,6a7ca9d55c7cd75eb83056c9|6a7caadc5c7cd75eb840f0dd|6a7cab5e5c7cd75eb849300e,/airbuds/Anker-Soundcore-Liberty-4-NC-c-medium.webp|/airbuds2/Anker-Soundcore-Liberty-4-NC-c-medium.webp|/airbuds3/Anker-Soundcore-Liberty-4-NC-c-medium.webp,Anker-Soundcore-Liberty-4-NC-c-medium.webp|Anker-Soundcore-Liberty-4-NC-c-medium.webp|Anker-Soundcore-Liberty-4-NC-c-medium.webp,8624,320,320
8678|320|320|oppo-find-x9-medium (1).webp,same name + size + dimensions,2,6a7cac765c7cd75eb85abc22|6a7caca65c7cd75eb85db90f,/Oppo/Oppo-Find-X9-medium (1).webp|/Oppo2/Oppo-Find-X9-medium (1).webp,Oppo-Find-X9-medium (1).webp|Oppo-Find-X9-medium (1).webp,8678,320,320
8688|320|320|oppo-find-x9-pro-medium (1).webp,same name + size + dimensions,2,6a7cac755c7cd75eb85ab756|6a7caca65c7cd75eb85dbae9,/Oppo/Oppo-Find-X9-Pro-medium (1).webp|/Oppo2/Oppo-Find-X9-Pro-medium (1).webp,Oppo-Find-X9-Pro-medium (1).webp|Oppo-Find-X9-Pro-medium (1).webp,8688,320,320
8726|320|160|huawei-logo-original (1).webp,same name + size + dimensions,10,6a7ca9de5c7cd75eb830f5ea|6a7caadc5c7cd75eb8410401|6a7cab5e5c7cd75eb849344d|6a7cabb15c7cd75eb84e9b60|6a7caf675c7cd75eb88bf256|6a7c24ec5c7cd75eb84c4e7a|6a7cac9d5c7cd75eb85d38c9|6a7cadd15c7cd75eb8709957|6a7caeb85c7cd75eb87f9474|6a7caeed5c7cd75eb88383f0,/airbuds/huawei-logo-original (1).webp|/airbuds2/huawei-logo-original (1).webp|/airbuds3/huawei-logo-original (1).webp|/airbuds4/huawei-logo-original (1).webp|/airbuds5/huawei-logo-original (1).webp|/itel/huawei-logo-original (1).webp|/Oppo2/huawei-logo-original (1).webp|/Oppo3/huawei-logo-original (1).webp|/Oppo5/huawei-logo-original (1).webp|/Oppo6/huawei-logo-original (1).webp,huawei-logo-original (1).webp|huawei-logo-original (1).webp|huawei-logo-original (1).webp|huawei-logo-original (1).webp|huawei-logo-original (1).webp|huawei-logo-original (1).webp|huawei-logo-original (1).webp|huawei-logo-original (1).webp|huawei-logo-original (1).webp|huawei-logo-original (1).webp,8726,320,160
8726|320|160|huawei-logo-original (4).webp,same name + size + dimensions,2,6a7ca9de5c7cd75eb830f744|6a7c24ec5c7cd75eb84c5000,/airbuds/huawei-logo-original (4).webp|/itel/huawei-logo-original (4).webp,huawei-logo-original (4).webp|huawei-logo-original (4).webp,8726,320,160
8730|320|320|galaxym145gb-medium.webp,same name + size + dimensions,2,6a7ba7b85c7cd75eb80bd93e|6a7ba6df5c7cd75eb8ff98ab,/ecommerce/samsung/All Samsung Smartphones - Price in Kenya (5)/galaxym145gb-medium.webp|/ecommerce/samsung/All Samsung Smartphones - Price in Kenya (7)/galaxym145gb-medium.webp,galaxym145gb-medium.webp|galaxym145gb-medium.webp,8730,320,320
8800|320|320|samsung-galaxy-m47-medium.webp,same name + size + dimensions,2,6a7ba8c55c7cd75eb81aee5b|6a7ba86f5c7cd75eb8160c43,/ecommerce/samsung/All Samsung Smartphones - Price in Kenya (1)/Samsung-Galaxy-M47-medium.webp|/ecommerce/samsung/All Samsung Smartphones - Price in Kenya (2)/Samsung-Galaxy-M47-medium.webp,Samsung-Galaxy-M47-medium.webp|Samsung-Galaxy-M47-medium.webp,8800,320,320
8806|320|320|tecno-camon-slim-c-medium (1).webp,same name + size + dimensions,2,6a7b697d5c7cd75eb8e18082|6a7b6a855c7cd75eb8e7059e,/ecommerce/All Tecno Smartphones - Price in Kenya/Tecno-Camon-Slim-c-medium (1).webp|/ecommerce/Tecno-2/All Tecno Smartphones - Price in Kenya/Tecno-Camon-Slim-c-medium (1).webp,Tecno-Camon-Slim-c-medium (1).webp|Tecno-Camon-Slim-c-medium (1).webp,8806,320,320
8834|320|320|jbl-live-flex-3-medium.webp,same name + size + dimensions,3,6a7ca9de5c7cd75eb830fc8c|6a7caade5c7cd75eb84129cb|6a7cab5e5c7cd75eb84934c0,/airbuds/JBL-Live-Flex-3-medium.webp|/airbuds2/JBL-Live-Flex-3-medium.webp|/airbuds3/JBL-Live-Flex-3-medium.webp,JBL-Live-Flex-3-medium.webp|JBL-Live-Flex-3-medium.webp|JBL-Live-Flex-3-medium.webp,8834,320,320
8840|320|320|samsung-galaxy-a37-medium (1).webp,same name + size + dimensions,3,6a7ba8c45c7cd75eb81ae49b|6a7ba86c5c7cd75eb815dfd3|6a7ba8f35c7cd75eb81dc4d5,/ecommerce/samsung/All Samsung Smartphones - Price in Kenya (1)/Samsung-Galaxy-A37-medium (1).webp|/ecommerce/samsung/All Samsung Smartphones - Price in Kenya (2)/Samsung-Galaxy-A37-medium (1).webp|/ecommerce/samsung/All Samsung Smartphones - Price in Kenya/Samsung-Galaxy-A37-medium (1).webp,Samsung-Galaxy-A37-medium (1).webp|Samsung-Galaxy-A37-medium (1).webp|Samsung-Galaxy-A37-medium (1).webp,8840,320,320
8938|320|320|samsung-f36-medium.webp,same name + size + dimensions,2,6a7ba89a5c7cd75eb81888a9|6a7ba86c5c7cd75eb815df38,/ecommerce/samsung/All Samsung Smartphones - Price in Kenya (1)/Samsung-F36-medium.webp|/ecommerce/samsung/All Samsung Smartphones - Price in Kenya (2)/Samsung-F36-medium.webp,Samsung-F36-medium.webp|Samsung-F36-medium.webp,8938,320,320
9146|320|320|tecno-pova-curve-a-medium (1).webp,same name + size + dimensions,2,6a7b697f5c7cd75eb8e18d2b|6a7b6a895c7cd75eb8e7174f,/ecommerce/All Tecno Smartphones - Price in Kenya/Tecno-Pova-Curve-a-medium (1).webp|/ecommerce/Tecno-2/All Tecno Smartphones - Price in Kenya/Tecno-Pova-Curve-a-medium (1).webp,Tecno-Pova-Curve-a-medium (1).webp|Tecno-Pova-Curve-a-medium (1).webp,9146,320,320
9306|320|320|galaxy-z-fold-5-medium (3).webp,same name + size + dimensions,2,6a7ba89a5c7cd75eb81885a1|6a7ba86c5c7cd75eb815de10,/ecommerce/samsung/All Samsung Smartphones - Price in Kenya (1)/galaxy-z-fold-5-medium (3).webp|/ecommerce/samsung/All Samsung Smartphones - Price in Kenya (2)/galaxy-z-fold-5-medium (3).webp,galaxy-z-fold-5-medium (3).webp|galaxy-z-fold-5-medium (3).webp,9306,320,320
9306|320|320|galaxy-z-fold-5-medium (4).webp,same name + size + dimensions,2,6a7ba89a5c7cd75eb8188598|6a7ba86c5c7cd75eb815de62,/ecommerce/samsung/All Samsung Smartphones - Price in Kenya (1)/galaxy-z-fold-5-medium (4).webp|/ecommerce/samsung/All Samsung Smartphones - Price in Kenya (2)/galaxy-z-fold-5-medium (4).webp,galaxy-z-fold-5-medium (4).webp|galaxy-z-fold-5-medium (4).webp,9306,320,320
9306|320|320|galaxy-z-fold-5-medium (5).webp,same name + size + dimensions,2,6a7ba89a5c7cd75eb81885af|6a7ba86c5c7cd75eb815de68,/ecommerce/samsung/All Samsung Smartphones - Price in Kenya (1)/galaxy-z-fold-5-medium (5).webp|/ecommerce/samsung/All Samsung Smartphones - Price in Kenya (2)/galaxy-z-fold-5-medium (5).webp,galaxy-z-fold-5-medium (5).webp|galaxy-z-fold-5-medium (5).webp,9306,320,320
9420|320|320|tecno-spark-40-pro-plus-d-medium (1).webp,same name + size + dimensions,2,6a7b697e5c7cd75eb8e184be|6a7b6a895c7cd75eb8e719f8,/ecommerce/All Tecno Smartphones - Price in Kenya/tecno-spark-40-pro-plus-d-medium (1).webp|/ecommerce/Tecno-2/All Tecno Smartphones - Price in Kenya/tecno-spark-40-pro-plus-d-medium (1).webp,tecno-spark-40-pro-plus-d-medium (1).webp|tecno-spark-40-pro-plus-d-medium (1).webp,9420,320,320
9420|320|320|tecno-spark-40-pro-plus-d-medium.webp,same name + size + dimensions,2,6a7b697e5c7cd75eb8e1851e|6a7b6a8a5c7cd75eb8e71cea,/ecommerce/All Tecno Smartphones - Price in Kenya/tecno-spark-40-pro-plus-d-medium.webp|/ecommerce/Tecno-2/All Tecno Smartphones - Price in Kenya/tecno-spark-40-pro-plus-d-medium.webp,tecno-spark-40-pro-plus-d-medium.webp|tecno-spark-40-pro-plus-d-medium.webp,9420,320,320
9434|320|320|galaxy-z-fold-3-medium (2).webp,same name + size + dimensions,2,6a7ba89a5c7cd75eb8188551|6a7ba86b5c7cd75eb815d60b,/ecommerce/samsung/All Samsung Smartphones - Price in Kenya (1)/galaxy-z-fold-3-medium (2).webp|/ecommerce/samsung/All Samsung Smartphones - Price in Kenya (2)/galaxy-z-fold-3-medium (2).webp,galaxy-z-fold-3-medium (2).webp|galaxy-z-fold-3-medium (2).webp,9434,320,320
9434|320|320|galaxy-z-fold-3-medium (3).webp,same name + size + dimensions,2,6a7ba89a5c7cd75eb8188553|6a7ba86b5c7cd75eb815d618,/ecommerce/samsung/All Samsung Smartphones - Price in Kenya (1)/galaxy-z-fold-3-medium (3).webp|/ecommerce/samsung/All Samsung Smartphones - Price in Kenya (2)/galaxy-z-fold-3-medium (3).webp,galaxy-z-fold-3-medium (3).webp|galaxy-z-fold-3-medium (3).webp,9434,320,320
9538|320|160|huawei-logo-original (3).webp,same name + size + dimensions,2,6a7ca9de5c7cd75eb830f79e|6a7c24ed5c7cd75eb84c50da,/airbuds/huawei-logo-original (3).webp|/itel/huawei-logo-original (3).webp,huawei-logo-original (3).webp|huawei-logo-original (3).webp,9538,320,160
9538|320|160|huawei-logo-original.webp,same name + size + dimensions,11,6a7ca9de5c7cd75eb830fc00|6a7caadd5c7cd75eb84107c6|6a7cab5e5c7cd75eb8493373|6a7cabb15c7cd75eb84ea2d2|6a7caf675c7cd75eb88bf33d|6a7c24ec5c7cd75eb84c504a|6a7cac9d5c7cd75eb85d3796|6a7cadd15c7cd75eb8709762|6a7cae075c7cd75eb8740bdb|6a7caeb85c7cd75eb87f921d|6a7caeed5c7cd75eb8837df9,/airbuds/huawei-logo-original.webp|/airbuds2/huawei-logo-original.webp|/airbuds3/huawei-logo-original.webp|/airbuds4/huawei-logo-original.webp|/airbuds5/huawei-logo-original.webp|/itel/huawei-logo-original.webp|/Oppo2/huawei-logo-original.webp|/Oppo3/huawei-logo-original.webp|/Oppo4/huawei-logo-original.webp|/Oppo5/huawei-logo-original.webp|/Oppo6/huawei-logo-original.webp,huawei-logo-original.webp|huawei-logo-original.webp|huawei-logo-original.webp|huawei-logo-original.webp|huawei-logo-original.webp|huawei-logo-original.webp|huawei-logo-original.webp|huawei-logo-original.webp|huawei-logo-original.webp|huawei-logo-original.webp|huawei-logo-original.webp,9538,320,160
9552|320|320|tecno-spark-40-pro-a-medium.webp,same name + size + dimensions,2,6a7b697e5c7cd75eb8e184e7|6a7b6a8a5c7cd75eb8e724c9,/ecommerce/All Tecno Smartphones - Price in Kenya/tecno-spark-40-pro-a-medium.webp|/ecommerce/Tecno-2/All Tecno Smartphones - Price in Kenya/tecno-spark-40-pro-a-medium.webp,tecno-spark-40-pro-a-medium.webp|tecno-spark-40-pro-a-medium.webp,9552,320,320
9632|320|160|lava-logo-original (1).webp,same name + size + dimensions,5,6a7c25505c7cd75eb84f12cc|6a7cac9d5c7cd75eb85d37af|6a7cadd15c7cd75eb87099af|6a7caeb85c7cd75eb87f9244|6a7caeed5c7cd75eb88381aa,/itel/lava-logo-original (1).webp|/Oppo2/lava-logo-original (1).webp|/Oppo3/lava-logo-original (1).webp|/Oppo5/lava-logo-original (1).webp|/Oppo6/lava-logo-original (1).webp,lava-logo-original (1).webp|lava-logo-original (1).webp|lava-logo-original (1).webp|lava-logo-original (1).webp|lava-logo-original (1).webp,9632,320,160
9654|320|320|galaxy-z-fold-4-k-medium (1).webp,same name + size + dimensions,2,6a7ba89a5c7cd75eb81885ed|6a7ba86b5c7cd75eb815d66d,/ecommerce/samsung/All Samsung Smartphones - Price in Kenya (1)/galaxy-z-fold-4-k-medium (1).webp|/ecommerce/samsung/All Samsung Smartphones - Price in Kenya (2)/galaxy-z-fold-4-k-medium (1).webp,galaxy-z-fold-4-k-medium (1).webp|galaxy-z-fold-4-k-medium (1).webp,9654,320,320
9654|320|320|galaxy-z-fold-4-k-medium.webp,same name + size + dimensions,2,6a7ba89a5c7cd75eb8188544|6a7ba86c5c7cd75eb815dda2,/ecommerce/samsung/All Samsung Smartphones - Price in Kenya (1)/galaxy-z-fold-4-k-medium.webp|/ecommerce/samsung/All Samsung Smartphones - Price in Kenya (2)/galaxy-z-fold-4-k-medium.webp,galaxy-z-fold-4-k-medium.webp|galaxy-z-fold-4-k-medium.webp,9654,320,320
9718|320|320|oppo-reno16-b-medium.webp,same name + size + dimensions,2,6a7cac765c7cd75eb85abfbc|6a7caca75c7cd75eb85dc853,/Oppo/Oppo-Reno16-b-medium.webp|/Oppo2/Oppo-Reno16-b-medium.webp,Oppo-Reno16-b-medium.webp|Oppo-Reno16-b-medium.webp,9718,320,320
9772|320|320|oppo-f31-pro-medium (1).webp,same name + size + dimensions,2,6a7cac765c7cd75eb85ac35a|6a7caca65c7cd75eb85db634,/Oppo/Oppo-F31-Pro-medium (1).webp|/Oppo2/Oppo-F31-Pro-medium (1).webp,Oppo-F31-Pro-medium (1).webp|Oppo-F31-Pro-medium (1).webp,9772,320,320
9872|320|320|tecno-spark-go-3-b-medium (1).webp,same name + size + dimensions,2,6a7b69815c7cd75eb8e198f3|6a7b6a8b5c7cd75eb8e72d63,/ecommerce/All Tecno Smartphones - Price in Kenya/Tecno-Spark-Go-3-b-medium (1).webp|/ecommerce/Tecno-2/All Tecno Smartphones - Price in Kenya/Tecno-Spark-Go-3-b-medium (1).webp,Tecno-Spark-Go-3-b-medium (1).webp|Tecno-Spark-Go-3-b-medium (1).webp,9872,320,320
9932|320|320|samsung-galaxy-a37-medium.webp,same name + size + dimensions,3,6a7ba8c45c7cd75eb81ae4a8|6a7ba86c5c7cd75eb815e215|6a7ba8f35c7cd75eb81dc506,/ecommerce/samsung/All Samsung Smartphones - Price in Kenya (1)/Samsung-Galaxy-A37-medium.webp|/ecommerce/samsung/All Samsung Smartphones - Price in Kenya (2)/Samsung-Galaxy-A37-medium.webp|/ecommerce/samsung/All Samsung Smartphones - Price in Kenya/Samsung-Galaxy-A37-medium.webp,Samsung-Galaxy-A37-medium.webp|Samsung-Galaxy-A37-medium.webp|Samsung-Galaxy-A37-medium.webp,9932,320,320
airpods-4-b-medium (1).webp,same filename in 4 different source folders,4,6a7ca9d55c7cd75eb83056db|6a7caadb5c7cd75eb840e881|6a7cab5e5c7cd75eb8492260|6a7cabb05c7cd75eb84e84f9,/airbuds/AirPods-4-b-medium (1).webp|/airbuds2/AirPods-4-b-medium (1).webp|/airbuds3/AirPods-4-b-medium (1).webp|/airbuds4/AirPods-4-b-medium (1).webp,AirPods-4-b-medium (1).webp|AirPods-4-b-medium (1).webp|AirPods-4-b-medium (1).webp|AirPods-4-b-medium (1).webp,3016,320,320
airpods-4-b-medium (2).webp,same filename in 4 different source folders,4,6a7ca9d45c7cd75eb8304f44|6a7caadc5c7cd75eb840f140|6a7cab5e5c7cd75eb8492a0c|6a7cabb05c7cd75eb84e89f6,/airbuds/AirPods-4-b-medium (2).webp|/airbuds2/AirPods-4-b-medium (2).webp|/airbuds3/AirPods-4-b-medium (2).webp|/airbuds4/AirPods-4-b-medium (2).webp,AirPods-4-b-medium (2).webp|AirPods-4-b-medium (2).webp|AirPods-4-b-medium (2).webp|AirPods-4-b-medium (2).webp,1726,145,145
airpods-4-b-medium.webp,same filename in 4 different source folders,4,6a7ca9d55c7cd75eb8305739|6a7caadb5c7cd75eb840e976|6a7cab5e5c7cd75eb8492a51|6a7cabb15c7cd75eb84e9a80,/airbuds/AirPods-4-b-medium.webp|/airbuds2/AirPods-4-b-medium.webp|/airbuds3/AirPods-4-b-medium.webp|/airbuds4/AirPods-4-b-medium.webp,AirPods-4-b-medium.webp|AirPods-4-b-medium.webp|AirPods-4-b-medium.webp|AirPods-4-b-medium.webp,3940,320,320
airpods-pro-3-a-medium (1).webp,same filename in 3 different source folders,3,6a7ca9d45c7cd75eb8305431|6a7caadb5c7cd75eb840e925|6a7cab5e5c7cd75eb8492b30,/airbuds/airpods-pro-3-a-medium (1).webp|/airbuds2/airpods-pro-3-a-medium (1).webp|/airbuds3/airpods-pro-3-a-medium (1).webp,airpods-pro-3-a-medium (1).webp|airpods-pro-3-a-medium (1).webp|airpods-pro-3-a-medium (1).webp,3018,320,320
airpods-pro-3-a-medium (2).webp,same filename in 3 different source folders,3,6a7ca9d55c7cd75eb83056a6|6a7caadb5c7cd75eb840ee9d|6a7cab5e5c7cd75eb8492fbd,/airbuds/airpods-pro-3-a-medium (2).webp|/airbuds2/airpods-pro-3-a-medium (2).webp|/airbuds3/airpods-pro-3-a-medium (2).webp,airpods-pro-3-a-medium (2).webp|airpods-pro-3-a-medium (2).webp|airpods-pro-3-a-medium (2).webp,1690,145,145
airpods-pro-3-a-medium.webp,same filename in 3 different source folders,3,6a7ca9d55c7cd75eb830573d|6a7caadb5c7cd75eb840e9ac|6a7cab5e5c7cd75eb849304e,/airbuds/airpods-pro-3-a-medium.webp|/airbuds2/airpods-pro-3-a-medium.webp|/airbuds3/airpods-pro-3-a-medium.webp,airpods-pro-3-a-medium.webp|airpods-pro-3-a-medium.webp|airpods-pro-3-a-medium.webp,3766,320,320
anker-soundcore-a30i-medium (1).webp,same filename in 3 different source folders,3,6a7ca9d45c7cd75eb8304fd2|6a7caadc5c7cd75eb840f169|6a7cab5e5c7cd75eb8492e7a,/airbuds/Anker-Soundcore-A30i-medium (1).webp|/airbuds2/Anker-Soundcore-A30i-medium (1).webp|/airbuds3/Anker-Soundcore-A30i-medium (1).webp,Anker-Soundcore-A30i-medium (1).webp|Anker-Soundcore-A30i-medium (1).webp|Anker-Soundcore-A30i-medium (1).webp,2530,320,320
anker-soundcore-a30i-medium (2).webp,same filename in 3 different source folders,3,6a7ca9d45c7cd75eb8304fe4|6a7caadb5c7cd75eb840e916|6a7cab5e5c7cd75eb8493048,/airbuds/Anker-Soundcore-A30i-medium (2).webp|/airbuds2/Anker-Soundcore-A30i-medium (2).webp|/airbuds3/Anker-Soundcore-A30i-medium (2).webp,Anker-Soundcore-A30i-medium (2).webp|Anker-Soundcore-A30i-medium (2).webp|Anker-Soundcore-A30i-medium (2).webp,1524,145,145
anker-soundcore-a30i-medium.webp,same filename in 3 different source folders,3,6a7ca9d55c7cd75eb8305c2b|6a7caadb5c7cd75eb840eb08|6a7cab5e5c7cd75eb8493035,/airbuds/Anker-Soundcore-A30i-medium.webp|/airbuds2/Anker-Soundcore-A30i-medium.webp|/airbuds3/Anker-Soundcore-A30i-medium.webp,Anker-Soundcore-A30i-medium.webp|Anker-Soundcore-A30i-medium.webp|Anker-Soundcore-A30i-medium.webp,3658,320,320
anker-soundcore-liberty-4-nc-c-medium (1).webp,same filename in 3 different source folders,3,6a7ca9d55c7cd75eb8305d84|6a7caadb5c7cd75eb840e932|6a7cab5e5c7cd75eb8492cc8,/airbuds/Anker-Soundcore-Liberty-4-NC-c-medium (1).webp|/airbuds2/Anker-Soundcore-Liberty-4-NC-c-medium (1).webp|/airbuds3/Anker-Soundcore-Liberty-4-NC-c-medium (1).webp,Anker-Soundcore-Liberty-4-NC-c-medium (1).webp|Anker-Soundcore-Liberty-4-NC-c-medium (1).webp|Anker-Soundcore-Liberty-4-NC-c-medium (1).webp,6346,320,320
anker-soundcore-liberty-4-nc-c-medium (2).webp,same filename in 3 different source folders,3,6a7ca9d55c7cd75eb83056f7|6a7caadc5c7cd75eb840f167|6a7cab5e5c7cd75eb8492b94,/airbuds/Anker-Soundcore-Liberty-4-NC-c-medium (2).webp|/airbuds2/Anker-Soundcore-Liberty-4-NC-c-medium (2).webp|/airbuds3/Anker-Soundcore-Liberty-4-NC-c-medium (2).webp,Anker-Soundcore-Liberty-4-NC-c-medium (2).webp|Anker-Soundcore-Liberty-4-NC-c-medium (2).webp|Anker-Soundcore-Liberty-4-NC-c-medium (2).webp,3184,145,145
anker-soundcore-liberty-4-nc-c-medium.webp,same filename in 3 different source folders,3,6a7ca9d55c7cd75eb83056c9|6a7caadc5c7cd75eb840f0dd|6a7cab5e5c7cd75eb849300e,/airbuds/Anker-Soundcore-Liberty-4-NC-c-medium.webp|/airbuds2/Anker-Soundcore-Liberty-4-NC-c-medium.webp|/airbuds3/Anker-Soundcore-Liberty-4-NC-c-medium.webp,Anker-Soundcore-Liberty-4-NC-c-medium.webp|Anker-Soundcore-Liberty-4-NC-c-medium.webp|Anker-Soundcore-Liberty-4-NC-c-medium.webp,8624,320,320
anker-soundcore-liberty-5-pro-a-medium (1).webp,same filename in 2 different source folders,2,6a7caadb5c7cd75eb840e919|6a7cab5e5c7cd75eb8492e39,/airbuds2/Anker-Soundcore-Liberty-5-Pro-a-medium (1).webp|/airbuds3/Anker-Soundcore-Liberty-5-Pro-a-medium (1).webp,Anker-Soundcore-Liberty-5-Pro-a-medium (1).webp|Anker-Soundcore-Liberty-5-Pro-a-medium (1).webp,5064,320,320
anker-soundcore-liberty-5-pro-a-medium (2).webp,same filename in 2 different source folders,2,6a7caadb5c7cd75eb840e982|6a7cab5e5c7cd75eb8492ec4,/airbuds2/Anker-Soundcore-Liberty-5-Pro-a-medium (2).webp|/airbuds3/Anker-Soundcore-Liberty-5-Pro-a-medium (2).webp,Anker-Soundcore-Liberty-5-Pro-a-medium (2).webp|Anker-Soundcore-Liberty-5-Pro-a-medium (2).webp,2558,145,145
anker-soundcore-liberty-5-pro-a-medium.webp,same filename in 2 different source folders,2,6a7caadb5c7cd75eb840e990|6a7cab5e5c7cd75eb8492e83,/airbuds2/Anker-Soundcore-Liberty-5-Pro-a-medium.webp|/airbuds3/Anker-Soundcore-Liberty-5-Pro-a-medium.webp,Anker-Soundcore-Liberty-5-Pro-a-medium.webp|Anker-Soundcore-Liberty-5-Pro-a-medium.webp,6170,320,320
anker-soundcore-liberty-5-pro-max-medium (1).webp,same filename in 2 different source folders,2,6a7caadb5c7cd75eb840efc6|6a7cab5e5c7cd75eb8492e2c,/airbuds2/Anker-Soundcore-Liberty-5-Pro-Max-medium (1).webp|/airbuds3/Anker-Soundcore-Liberty-5-Pro-Max-medium (1).webp,Anker-Soundcore-Liberty-5-Pro-Max-medium (1).webp|Anker-Soundcore-Liberty-5-Pro-Max-medium (1).webp,5344,320,320
anker-soundcore-liberty-5-pro-max-medium (2).webp,same filename in 2 different source folders,2,6a7caadb5c7cd75eb840f031|6a7cab5e5c7cd75eb8492cbf,/airbuds2/Anker-Soundcore-Liberty-5-Pro-Max-medium (2).webp|/airbuds3/Anker-Soundcore-Liberty-5-Pro-Max-medium (2).webp,Anker-Soundcore-Liberty-5-Pro-Max-medium (2).webp|Anker-Soundcore-Liberty-5-Pro-Max-medium (2).webp,2722,145,145
anker-soundcore-liberty-5-pro-max-medium.webp,same filename in 2 different source folders,2,6a7caadb5c7cd75eb840ea09|6a7cab5e5c7cd75eb8492b79,/airbuds2/Anker-Soundcore-Liberty-5-Pro-Max-medium.webp|/airbuds3/Anker-Soundcore-Liberty-5-Pro-Max-medium.webp,Anker-Soundcore-Liberty-5-Pro-Max-medium.webp|Anker-Soundcore-Liberty-5-Pro-Max-medium.webp,6176,320,320
anker-soundcore-p30i-f-medium (1).webp,same filename in 3 different source folders,3,6a7ca9d45c7cd75eb83053b3|6a7caadb5c7cd75eb840eebf|6a7cab5e5c7cd75eb8492e6e,/airbuds/Anker-Soundcore-P30i-f-medium (1).webp|/airbuds2/Anker-Soundcore-P30i-f-medium (1).webp|/airbuds3/Anker-Soundcore-P30i-f-medium (1).webp,Anker-Soundcore-P30i-f-medium (1).webp|Anker-Soundcore-P30i-f-medium (1).webp|Anker-Soundcore-P30i-f-medium (1).webp,2820,320,320
anker-soundcore-p30i-f-medium (2).webp,same filename in 3 different source folders,3,6a7ca9d45c7cd75eb8305377|6a7caadb5c7cd75eb840efa5|6a7cab5e5c7cd75eb8493283,/airbuds/Anker-Soundcore-P30i-f-medium (2).webp|/airbuds2/Anker-Soundcore-P30i-f-medium (2).webp|/airbuds3/Anker-Soundcore-P30i-f-medium (2).webp,Anker-Soundcore-P30i-f-medium (2).webp|Anker-Soundcore-P30i-f-medium (2).webp|Anker-Soundcore-P30i-f-medium (2).webp,1730,145,145
anker-soundcore-p30i-f-medium.webp,same filename in 3 different source folders,3,6a7ca9d55c7cd75eb83065f8|6a7caadc5c7cd75eb840f353|6a7cab5e5c7cd75eb84929ec,/airbuds/Anker-Soundcore-P30i-f-medium.webp|/airbuds2/Anker-Soundcore-P30i-f-medium.webp|/airbuds3/Anker-Soundcore-P30i-f-medium.webp,Anker-Soundcore-P30i-f-medium.webp|Anker-Soundcore-P30i-f-medium.webp|Anker-Soundcore-P30i-f-medium.webp,3330,320,320
anker-soundcore-r50i-e-medium (1).webp,same filename in 3 different source folders,3,6a7ca9d55c7cd75eb830588c|6a7caadc5c7cd75eb840f52f|6a7cab5e5c7cd75eb8492861,/airbuds/Anker-Soundcore-R50i-e-medium (1).webp|/airbuds2/Anker-Soundcore-R50i-e-medium (1).webp|/airbuds3/Anker-Soundcore-R50i-e-medium (1).webp,Anker-Soundcore-R50i-e-medium (1).webp|Anker-Soundcore-R50i-e-medium (1).webp|Anker-Soundcore-R50i-e-medium (1).webp,4920,320,320
anker-soundcore-r50i-e-medium (2).webp,same filename in 3 different source folders,3,6a7ca9d55c7cd75eb83056d8|6a7caadc5c7cd75eb840f540|6a7cab5e5c7cd75eb84929ca,/airbuds/Anker-Soundcore-R50i-e-medium (2).webp|/airbuds2/Anker-Soundcore-R50i-e-medium (2).webp|/airbuds3/Anker-Soundcore-R50i-e-medium (2).webp,Anker-Soundcore-R50i-e-medium (2).webp|Anker-Soundcore-R50i-e-medium (2).webp|Anker-Soundcore-R50i-e-medium (2).webp,2718,145,145
anker-soundcore-r50i-e-medium.webp,same filename in 3 different source folders,3,6a7ca9d65c7cd75eb8306aae|6a7caadc5c7cd75eb840f179|6a7cab5e5c7cd75eb8492ed8,/airbuds/Anker-Soundcore-R50i-e-medium.webp|/airbuds2/Anker-Soundcore-R50i-e-medium.webp|/airbuds3/Anker-Soundcore-R50i-e-medium.webp,Anker-Soundcore-R50i-e-medium.webp|Anker-Soundcore-R50i-e-medium.webp|Anker-Soundcore-R50i-e-medium.webp,6558,320,320
anker-soundcore-space-a40-medium (1).webp,same filename in 2 different source folders,2,6a7caadc5c7cd75eb840f37b|6a7cab5e5c7cd75eb8492939,/airbuds2/Anker-Soundcore-Space-A40-medium (1).webp|/airbuds3/Anker-Soundcore-Space-A40-medium (1).webp,Anker-Soundcore-Space-A40-medium (1).webp|Anker-Soundcore-Space-A40-medium (1).webp,4308,320,320
anker-soundcore-space-a40-medium (2).webp,same filename in 2 different source folders,2,6a7caadc5c7cd75eb840f529|6a7cab5e5c7cd75eb849291d,/airbuds2/Anker-Soundcore-Space-A40-medium (2).webp|/airbuds3/Anker-Soundcore-Space-A40-medium (2).webp,Anker-Soundcore-Space-A40-medium (2).webp|Anker-Soundcore-Space-A40-medium (2).webp,2358,145,145
anker-soundcore-space-a40-medium.webp,same filename in 2 different source folders,2,6a7caadc5c7cd75eb840f394|6a7cab5e5c7cd75eb8492f12,/airbuds2/Anker-Soundcore-Space-A40-medium.webp|/airbuds3/Anker-Soundcore-Space-A40-medium.webp,Anker-Soundcore-Space-A40-medium.webp|Anker-Soundcore-Space-A40-medium.webp,5484,320,320
ankerlogo-original (1).webp,same filename in 6 different source folders,6,6a7ca9d55c7cd75eb8305663|6a7caadc5c7cd75eb840f4f9|6a7cab5e5c7cd75eb8492ed3|6a7cabb15c7cd75eb84e9b0e|6a7caf655c7cd75eb88bd2da|6a7c25d45c7cd75eb852ee34,/airbuds/ankerlogo-original (1).webp|/airbuds2/ankerlogo-original (1).webp|/airbuds3/ankerlogo-original (1).webp|/airbuds4/ankerlogo-original (1).webp|/airbuds5/ankerlogo-original (1).webp|/Bts/ankerlogo-original (1).webp,ankerlogo-original (1).webp|ankerlogo-original (1).webp|ankerlogo-original (1).webp|ankerlogo-original (1).webp|ankerlogo-original (1).webp|ankerlogo-original (1).webp,6436,320,160
ankerlogo-original (2).webp,same filename in 6 different source folders,6,6a7ca9d55c7cd75eb8305c73|6a7caadc5c7cd75eb840f6dc|6a7cab5e5c7cd75eb84934b9|6a7cabb15c7cd75eb84e9e31|6a7caf655c7cd75eb88bd2de|6a7c25d45c7cd75eb852ee29,/airbuds/ankerlogo-original (2).webp|/airbuds2/ankerlogo-original (2).webp|/airbuds3/ankerlogo-original (2).webp|/airbuds4/ankerlogo-original (2).webp|/airbuds5/ankerlogo-original (2).webp|/Bts/ankerlogo-original (2).webp,ankerlogo-original (2).webp|ankerlogo-original (2).webp|ankerlogo-original (2).webp|ankerlogo-original (2).webp|ankerlogo-original (2).webp|ankerlogo-original (2).webp,2494,100,50
ankerlogo-original (3).webp,same filename in 2 different source folders,2,6a7ca9d55c7cd75eb830568b|6a7c25d55c7cd75eb852fa08,/airbuds/ankerlogo-original (3).webp|/Bts/ankerlogo-original (3).webp,ankerlogo-original (3).webp|ankerlogo-original (3).webp,4916,320,160
ankerlogo-original (4).webp,same filename in 2 different source folders,2,6a7ca9d55c7cd75eb8305c26|6a7c25d55c7cd75eb852f9ec,/airbuds/ankerlogo-original (4).webp|/Bts/ankerlogo-original (4).webp,ankerlogo-original (4).webp|ankerlogo-original (4).webp,6436,320,160
ankerlogo-original.webp,same filename in 6 different source folders,6,6a7ca9d55c7cd75eb8305e66|6a7caadc5c7cd75eb840f8f8|6a7cab5e5c7cd75eb849286e|6a7cabb15c7cd75eb84e9ece|6a7caf655c7cd75eb88bd2e2|6a7c25d75c7cd75eb8530ab1,/airbuds/ankerlogo-original.webp|/airbuds2/ankerlogo-original.webp|/airbuds3/ankerlogo-original.webp|/airbuds4/ankerlogo-original.webp|/airbuds5/ankerlogo-original.webp|/Bts/ankerlogo-original.webp,ankerlogo-original.webp|ankerlogo-original.webp|ankerlogo-original.webp|ankerlogo-original.webp|ankerlogo-original.webp|ankerlogo-original.webp,4916,320,160
app-logo-desktop (1).svg,same filename in 3 different source folders,3,6a7c25d75c7cd75eb85302d7|6a7c24eb5c7cd75eb84c4269|6a7c23535c7cd75eb8406c13,/Bts/app-logo-desktop (1).svg|/itel/app-logo-desktop (1).svg|/tvs/app-logo-desktop (1).svg,app-logo-desktop (1).svg|app-logo-desktop (1).svg|app-logo-desktop (1).svg,11796,171,28
app-logo-desktop.svg,same filename in 13 different source folders,25,6a7ca9d55c7cd75eb83056d0|6a7caadc5c7cd75eb840f572|6a7cab5e5c7cd75eb8493499|6a7cabb15c7cd75eb84e941f|6a7caf655c7cd75eb88bd323|6a7c25d75c7cd75eb8530bb6|6a7ba9875c7cd75eb82649f4|6a7b6cca5c7cd75eb8f3e922|6a7b697c5c7cd75eb8e176bf|6a7b63415c7cd75eb8b316eb|6a7ba8985c7cd75eb81868b9|6a7ba8435c7cd75eb8138da3|6a7ba80c5c7cd75eb8108864|6a7ba7bc5c7cd75eb80c0c62|6a7ba71a5c7cd75eb802fbdd|6a7ba6db5c7cd75eb8ff4fb5|6a7ba6a35c7cd75eb8fc173f|6a7ba8c85c7cd75eb81b154d|6a7b6a835c7cd75eb8e6fccb|6a7c24eb5c7cd75eb84c3fc5|6a7cac9d5c7cd75eb85d24a1|6a7cadd05c7cd75eb8708eda|6a7caeb75c7cd75eb87f852c|6a7caeec5c7cd75eb8837278|6a7c23535c7cd75eb8406c5d,/airbuds/app-logo-desktop.svg|/airbuds2/app-logo-desktop.svg|/airbuds3/app-logo-desktop.svg|/airbuds4/app-logo-desktop.svg|/airbuds5/app-logo-desktop.svg|/Bts/app-logo-desktop.svg|/ecommerce/All iOS Smartphones - Price in Kenya/app-logo-desktop.svg|/ecommerce/All Tecno Smartphones - Price in Kenya (2)/app-logo-desktop.svg|/ecommerce/All Tecno Smartphones - Price in Kenya/app-logo-desktop.svg|/ecommerce/All Xiaomi Smartphones - Price in Kenya (2)/app-logo-desktop.svg|/ecommerce/samsung/All Samsung Smartphones - Price in Kenya (1)/app-logo-desktop.svg|/ecommerce/samsung/All Samsung Smartphones - Price in Kenya (2)/app-logo-desktop.svg|/ecommerce/samsung/All Samsung Smartphones - Price in Kenya (3)/app-logo-desktop.svg|/ecommerce/samsung/All Samsung Smartphones - Price in Kenya (4)/app-logo-desktop.svg|/ecommerce/samsung/All Samsung Smartphones - Price in Kenya (6)/app-logo-desktop.svg|/ecommerce/samsung/All Samsung Smartphones - Price in Kenya (7)/app-logo-desktop.svg|/ecommerce/samsung/All Samsung Smartphones - Price in Kenya (8)/app-logo-desktop.svg|/ecommerce/samsung/All Samsung Smartphones - Price in Kenya/app-logo-desktop.svg|/ecommerce/Tecno-2/All Tecno Smartphones - Price in Kenya/app-logo-desktop.svg|/itel/app-logo-desktop.svg|/Oppo2/app-logo-desktop.svg|/Oppo3/app-logo-desktop.svg|/Oppo5/app-logo-desktop.svg|/Oppo6/app-logo-desktop.svg|/tvs/app-logo-desktop.svg,app-logo-desktop.svg|app-logo-desktop.svg|app-logo-desktop.svg|app-logo-desktop.svg|app-logo-desktop.svg|app-logo-desktop.svg|app-logo-desktop.svg|app-logo-desktop.svg|app-logo-desktop.svg|app-logo-desktop.svg|app-logo-desktop.svg|app-logo-desktop.svg|app-logo-desktop.svg|app-logo-desktop.svg|app-logo-desktop.svg|app-logo-desktop.svg|app-logo-desktop.svg|app-logo-desktop.svg|app-logo-desktop.svg|app-logo-desktop.svg|app-logo-desktop.svg|app-logo-desktop.svg|app-logo-desktop.svg|app-logo-desktop.svg|app-logo-desktop.svg,11796,171,28
apple-airpods-2-bk5t8ltfq7-medium (1).webp,same filename in 2 different source folders,2,6a7caadc5c7cd75eb840f58f|6a7cab5e5c7cd75eb84929ed,/airbuds2/apple-airpods-2-BK5t8LTfq7-medium (1).webp|/airbuds3/apple-airpods-2-BK5t8LTfq7-medium (1).webp,apple-airpods-2-BK5t8LTfq7-medium (1).webp|apple-airpods-2-BK5t8LTfq7-medium (1).webp,2830,320,320
apple-airpods-2-bk5t8ltfq7-medium (2).webp,same filename in 2 different source folders,2,6a7caadc5c7cd75eb840f713|6a7cab5e5c7cd75eb84933fa,/airbuds2/apple-airpods-2-BK5t8LTfq7-medium (2).webp|/airbuds3/apple-airpods-2-BK5t8LTfq7-medium (2).webp,apple-airpods-2-BK5t8LTfq7-medium (2).webp|apple-airpods-2-BK5t8LTfq7-medium (2).webp,1542,145,145
apple-airpods-2-bk5t8ltfq7-medium.webp,same filename in 2 different source folders,2,6a7caadb5c7cd75eb840e9d6|6a7cab5e5c7cd75eb84930d9,/airbuds2/apple-airpods-2-BK5t8LTfq7-medium.webp|/airbuds3/apple-airpods-2-BK5t8LTfq7-medium.webp,apple-airpods-2-BK5t8LTfq7-medium.webp|apple-airpods-2-BK5t8LTfq7-medium.webp,3342,320,320
apple-logo-original (1).webp,same filename in 10 different source folders,10,6a7ca9d55c7cd75eb8305dd0|6a7caadc5c7cd75eb840f809|6a7cab5e5c7cd75eb84933d8|6a7cabb15c7cd75eb84e9c6e|6a7caf655c7cd75eb88bda95|6a7c24eb5c7cd75eb84c401f|6a7cac9d5c7cd75eb85d2549|6a7cadd15c7cd75eb87098d1|6a7caeb75c7cd75eb87f8af3|6a7caeec5c7cd75eb883729c,/airbuds/apple-logo-original (1).webp|/airbuds2/apple-logo-original (1).webp|/airbuds3/apple-logo-original (1).webp|/airbuds4/apple-logo-original (1).webp|/airbuds5/apple-logo-original (1).webp|/itel/apple-logo-original (1).webp|/Oppo2/apple-logo-original (1).webp|/Oppo3/apple-logo-original (1).webp|/Oppo5/apple-logo-original (1).webp|/Oppo6/apple-logo-original (1).webp,apple-logo-original (1).webp|apple-logo-original (1).webp|apple-logo-original (1).webp|apple-logo-original (1).webp|apple-logo-original (1).webp|apple-logo-original (1).webp|apple-logo-original (1).webp|apple-logo-original (1).webp|apple-logo-original (1).webp|apple-logo-original (1).webp,5624,320,160
apple-logo-original (2).webp,same filename in 10 different source folders,10,6a7ca9d55c7cd75eb8305706|6a7caadc5c7cd75eb840f60a|6a7cab5e5c7cd75eb8493389|6a7cabb15c7cd75eb84e9620|6a7caf655c7cd75eb88bdbc8|6a7c24eb5c7cd75eb84c3f93|6a7cac9d5c7cd75eb85d2566|6a7cadd05c7cd75eb8709194|6a7caeb85c7cd75eb87f8fc4|6a7caeec5c7cd75eb88373d6,/airbuds/apple-logo-original (2).webp|/airbuds2/apple-logo-original (2).webp|/airbuds3/apple-logo-original (2).webp|/airbuds4/apple-logo-original (2).webp|/airbuds5/apple-logo-original (2).webp|/itel/apple-logo-original (2).webp|/Oppo2/apple-logo-original (2).webp|/Oppo3/apple-logo-original (2).webp|/Oppo5/apple-logo-original (2).webp|/Oppo6/apple-logo-original (2).webp,apple-logo-original (2).webp|apple-logo-original (2).webp|apple-logo-original (2).webp|apple-logo-original (2).webp|apple-logo-original (2).webp|apple-logo-original (2).webp|apple-logo-original (2).webp|apple-logo-original (2).webp|apple-logo-original (2).webp|apple-logo-original (2).webp,2518,100,50
apple-logo-original (3).webp,same filename in 2 different source folders,2,6a7ca9d55c7cd75eb8305bac|6a7c24eb5c7cd75eb84c416e,/airbuds/apple-logo-original (3).webp|/itel/apple-logo-original (3).webp,apple-logo-original (3).webp|apple-logo-original (3).webp,6260,320,160
apple-logo-original (4).webp,same filename in 2 different source folders,2,6a7ca9d55c7cd75eb8305cd1|6a7c24eb5c7cd75eb84c42cd,/airbuds/apple-logo-original (4).webp|/itel/apple-logo-original (4).webp,apple-logo-original (4).webp|apple-logo-original (4).webp,5624,320,160
apple-logo-original.webp,same filename in 11 different source folders,11,6a7ca9d55c7cd75eb8305ae0|6a7caadc5c7cd75eb840f81a|6a7cab5e5c7cd75eb849342d|6a7cabb15c7cd75eb84e94d7|6a7caf655c7cd75eb88bd382|6a7c24eb5c7cd75eb84c41ed|6a7cac9d5c7cd75eb85d2587|6a7cadd15c7cd75eb8709238|6a7cae075c7cd75eb87405f5|6a7caeb85c7cd75eb87f99c5|6a7caeec5c7cd75eb88371cf,/airbuds/apple-logo-original.webp|/airbuds2/apple-logo-original.webp|/airbuds3/apple-logo-original.webp|/airbuds4/apple-logo-original.webp|/airbuds5/apple-logo-original.webp|/itel/apple-logo-original.webp|/Oppo2/apple-logo-original.webp|/Oppo3/apple-logo-original.webp|/Oppo4/apple-logo-original.webp|/Oppo5/apple-logo-original.webp|/Oppo6/apple-logo-original.webp,apple-logo-original.webp|apple-logo-original.webp|apple-logo-original.webp|apple-logo-original.webp|apple-logo-original.webp|apple-logo-original.webp|apple-logo-original.webp|apple-logo-original.webp|apple-logo-original.webp|apple-logo-original.webp|apple-logo-original.webp,6260,320,160
asus-original (1).webp,same filename in 5 different source folders,5,6a7c24eb5c7cd75eb84c42d3|6a7cac9d5c7cd75eb85d2525|6a7cadd05c7cd75eb87090dd|6a7caeb85c7cd75eb87f8deb|6a7caeed5c7cd75eb88383bf,/itel/asus-original (1).webp|/Oppo2/asus-original (1).webp|/Oppo3/asus-original (1).webp|/Oppo5/asus-original (1).webp|/Oppo6/asus-original (1).webp,asus-original (1).webp|asus-original (1).webp|asus-original (1).webp|asus-original (1).webp|asus-original (1).webp,2328,320,160
asus-original (2).webp,same filename in 5 different source folders,5,6a7c24ec5c7cd75eb84c478f|6a7cac9d5c7cd75eb85d2490|6a7cadd25c7cd75eb870a0c7|6a7caeb85c7cd75eb87f9bbe|6a7caeec5c7cd75eb88373e1,/itel/asus-original (2).webp|/Oppo2/asus-original (2).webp|/Oppo3/asus-original (2).webp|/Oppo5/asus-original (2).webp|/Oppo6/asus-original (2).webp,asus-original (2).webp|asus-original (2).webp|asus-original (2).webp|asus-original (2).webp|asus-original (2).webp,1144,100,50
asus-original.webp,same filename in 6 different source folders,6,6a7c24ec5c7cd75eb84c4bfe|6a7cac9d5c7cd75eb85d2577|6a7cadd25c7cd75eb8709f2a|6a7cae075c7cd75eb87406ee|6a7caeb85c7cd75eb87f8de0|6a7caeed5c7cd75eb8838622,/itel/asus-original.webp|/Oppo2/asus-original.webp|/Oppo3/asus-original.webp|/Oppo4/asus-original.webp|/Oppo5/asus-original.webp|/Oppo6/asus-original.webp,asus-original.webp|asus-original.webp|asus-original.webp|asus-original.webp|asus-original.webp|asus-original.webp,1896,320,160
beats-original (1).webp,same filename in 5 different source folders,5,6a7ca9d55c7cd75eb8306353|6a7caadc5c7cd75eb840f83d|6a7cab5e5c7cd75eb849292f|6a7cabb15c7cd75eb84e9ec7|6a7caf675c7cd75eb88bf2e9,/airbuds/beats-original (1).webp|/airbuds2/beats-original (1).webp|/airbuds3/beats-original (1).webp|/airbuds4/beats-original (1).webp|/airbuds5/beats-original (1).webp,beats-original (1).webp|beats-original (1).webp|beats-original (1).webp|beats-original (1).webp|beats-original (1).webp,4490,320,160
beats-original (2).webp,same filename in 5 different source folders,5,6a7ca9d55c7cd75eb83060aa|6a7caadc5c7cd75eb840f5ec|6a7cab5e5c7cd75eb8493517|6a7cabb15c7cd75eb84e9eef|6a7caf655c7cd75eb88bd647,/airbuds/beats-original (2).webp|/airbuds2/beats-original (2).webp|/airbuds3/beats-original (2).webp|/airbuds4/beats-original (2).webp|/airbuds5/beats-original (2).webp,beats-original (2).webp|beats-original (2).webp|beats-original (2).webp|beats-original (2).webp|beats-original (2).webp,1900,100,50
beats-original.webp,same filename in 5 different source folders,5,6a7ca9d55c7cd75eb8305a7f|6a7caadb5c7cd75eb840ee91|6a7cab5e5c7cd75eb8493491|6a7cabb15c7cd75eb84e94d9|6a7caf675c7cd75eb88bf33b,/airbuds/beats-original.webp|/airbuds2/beats-original.webp|/airbuds3/beats-original.webp|/airbuds4/beats-original.webp|/airbuds5/beats-original.webp,beats-original.webp|beats-original.webp|beats-original.webp|beats-original.webp|beats-original.webp,4250,320,160
blackview-original (1).webp,same filename in 5 different source folders,5,6a7c24ec5c7cd75eb84c4c0a|6a7cac9d5c7cd75eb85d30e5|6a7cadd25c7cd75eb8709f03|6a7caeb85c7cd75eb87f9089|6a7caeed5c7cd75eb8838581,/itel/Blackview-original (1).webp|/Oppo2/Blackview-original (1).webp|/Oppo3/Blackview-original (1).webp|/Oppo5/Blackview-original (1).webp|/Oppo6/Blackview-original (1).webp,Blackview-original (1).webp|Blackview-original (1).webp|Blackview-original (1).webp|Blackview-original (1).webp|Blackview-original (1).webp,7180,320,160
blackview-original (2).webp,same filename in 5 different source folders,5,6a7c24ec5c7cd75eb84c4cff|6a7cac9d5c7cd75eb85d268c|6a7cadd15c7cd75eb87093c6|6a7caeb85c7cd75eb87f8f90|6a7caeed5c7cd75eb88383e0,/itel/Blackview-original (2).webp|/Oppo2/Blackview-original (2).webp|/Oppo3/Blackview-original (2).webp|/Oppo5/Blackview-original (2).webp|/Oppo6/Blackview-original (2).webp,Blackview-original (2).webp|Blackview-original (2).webp|Blackview-original (2).webp|Blackview-original (2).webp|Blackview-original (2).webp,2418,100,50
blackview-original.webp,same filename in 6 different source folders,6,6a7c24ec5c7cd75eb84c4c7e|6a7cac9d5c7cd75eb85d285e|6a7cadd15c7cd75eb8709764|6a7cae075c7cd75eb87406fc|6a7caeb85c7cd75eb87f8f25|6a7caeed5c7cd75eb88383d0,/itel/Blackview-original.webp|/Oppo2/Blackview-original.webp|/Oppo3/Blackview-original.webp|/Oppo4/Blackview-original.webp|/Oppo5/Blackview-original.webp|/Oppo6/Blackview-original.webp,Blackview-original.webp|Blackview-original.webp|Blackview-original.webp|Blackview-original.webp|Blackview-original.webp|Blackview-original.webp,5456,320,160
chevron-down.8ee3574 (1).svg,same filename in 4 different source folders,4,6a7ca9d65c7cd75eb8306dd7|6a7c25d75c7cd75eb8530249|6a7c24ec5c7cd75eb84c4c02|6a7c23535c7cd75eb8406cfa,/airbuds/chevron-down.8ee3574 (1).svg|/Bts/chevron-down.8ee3574 (1).svg|/itel/chevron-down.8ee3574 (1).svg|/tvs/chevron-down.8ee3574 (1).svg,chevron-down.8ee3574 (1).svg|chevron-down.8ee3574 (1).svg|chevron-down.8ee3574 (1).svg|chevron-down.8ee3574 (1).svg,432,20,20
chevron-down.8ee3574.svg,same filename in 12 different source folders,23,6a7ca9d65c7cd75eb8306df6|6a7caadc5c7cd75eb840f7b9|6a7cab5e5c7cd75eb8492923|6a7cabb15c7cd75eb84e9ea3|6a7caf655c7cd75eb88bd9a2|6a7c25d75c7cd75eb853017d|6a7ba9875c7cd75eb82651ef|6a7b697f5c7cd75eb8e188d0|6a7b63415c7cd75eb8b31714|6a7ba8995c7cd75eb81876fc|6a7ba8425c7cd75eb8137e6d|6a7ba80c5c7cd75eb810886f|6a7ba7bc5c7cd75eb80c0c42|6a7ba71a5c7cd75eb802f977|6a7ba6db5c7cd75eb8ff4fad|6a7ba6a35c7cd75eb8fc1575|6a7ba8c85c7cd75eb81b1502|6a7b6a865c7cd75eb8e70b8c|6a7c24ec5c7cd75eb84c4c55|6a7cac9d5c7cd75eb85d2865|6a7caeb85c7cd75eb87f907e|6a7caeec5c7cd75eb8837411|6a7c23535c7cd75eb8406cf9,/airbuds/chevron-down.8ee3574.svg|/airbuds2/chevron-down.8ee3574.svg|/airbuds3/chevron-down.8ee3574.svg|/airbuds4/chevron-down.8ee3574.svg|/airbuds5/chevron-down.8ee3574.svg|/Bts/chevron-down.8ee3574.svg|/ecommerce/All iOS Smartphones - Price in Kenya/chevron-down.8ee3574.svg|/ecommerce/All Tecno Smartphones - Price in Kenya/chevron-down.8ee3574.svg|/ecommerce/All Xiaomi Smartphones - Price in Kenya (2)/chevron-down.8ee3574.svg|/ecommerce/samsung/All Samsung Smartphones - Price in Kenya (1)/chevron-down.8ee3574.svg|/ecommerce/samsung/All Samsung Smartphones - Price in Kenya (2)/chevron-down.8ee3574.svg|/ecommerce/samsung/All Samsung Smartphones - Price in Kenya (3)/chevron-down.8ee3574.svg|/ecommerce/samsung/All Samsung Smartphones - Price in Kenya (4)/chevron-down.8ee3574.svg|/ecommerce/samsung/All Samsung Smartphones - Price in Kenya (6)/chevron-down.8ee3574.svg|/ecommerce/samsung/All Samsung Smartphones - Price in Kenya (7)/chevron-down.8ee3574.svg|/ecommerce/samsung/All Samsung Smartphones - Price in Kenya (8)/chevron-down.8ee3574.svg|/ecommerce/samsung/All Samsung Smartphones - Price in Kenya/chevron-down.8ee3574.svg|/ecommerce/Tecno-2/All Tecno Smartphones - Price in Kenya/chevron-down.8ee3574.svg|/itel/chevron-down.8ee3574.svg|/Oppo2/chevron-down.8ee3574.svg|/Oppo5/chevron-down.8ee3574.svg|/Oppo6/chevron-down.8ee3574.svg|/tvs/chevron-down.8ee3574.svg,chevron-down.8ee3574.svg|chevron-down.8ee3574.svg|chevron-down.8ee3574.svg|chevron-down.8ee3574.svg|chevron-down.8ee3574.svg|chevron-down.8ee3574.svg|chevron-down.8ee3574.svg|chevron-down.8ee3574.svg|chevron-down.8ee3574.svg|chevron-down.8ee3574.svg|chevron-down.8ee3574.svg|chevron-down.8ee3574.svg|chevron-down.8ee3574.svg|chevron-down.8ee3574.svg|chevron-down.8ee3574.svg|chevron-down.8ee3574.svg|chevron-down.8ee3574.svg|chevron-down.8ee3574.svg|chevron-down.8ee3574.svg|chevron-down.8ee3574.svg|chevron-down.8ee3574.svg|chevron-down.8ee3574.svg|chevron-down.8ee3574.svg,432,20,20
default (1).svg,same filename in 2 different source folders,17,6a7ba9875c7cd75eb8265947|6a7b6cca5c7cd75eb8f3ec1f|6a7b69805c7cd75eb8e19044|6a7b63455c7cd75eb8b333ce|6a7ba8995c7cd75eb81876ee|6a7ba8425c7cd75eb8137d91|6a7ba80c5c7cd75eb8108886|6a7ba7bc5c7cd75eb80c0c50|6a7ba7705c7cd75eb8078240|6a7ba71a5c7cd75eb802fa43|6a7ba6db5c7cd75eb8ff4fb4|6a7ba6a35c7cd75eb8fc195e|6a7ba8c85c7cd75eb81b154a|6a7b6a875c7cd75eb8e70e38|6a7bbb8b5c7cd75eb84947ad|6a7bbb535c7cd75eb846d9cf|6a7bbb025c7cd75eb8421ca1,/ecommerce/All iOS Smartphones - Price in Kenya/default (1).svg|/ecommerce/All Tecno Smartphones - Price in Kenya (2)/default (1).svg|/ecommerce/All Tecno Smartphones - Price in Kenya/default (1).svg|/ecommerce/All Xiaomi Smartphones - Price in Kenya (2)/default (1).svg|/ecommerce/samsung/All Samsung Smartphones - Price in Kenya (1)/default (1).svg|/ecommerce/samsung/All Samsung Smartphones - Price in Kenya (2)/default (1).svg|/ecommerce/samsung/All Samsung Smartphones - Price in Kenya (3)/default (1).svg|/ecommerce/samsung/All Samsung Smartphones - Price in Kenya (4)/default (1).svg|/ecommerce/samsung/All Samsung Smartphones - Price in Kenya (5)/default (1).svg|/ecommerce/samsung/All Samsung Smartphones - Price in Kenya (6)/default (1).svg|/ecommerce/samsung/All Samsung Smartphones - Price in Kenya (7)/default (1).svg|/ecommerce/samsung/All Samsung Smartphones - Price in Kenya (8)/default (1).svg|/ecommerce/samsung/All Samsung Smartphones - Price in Kenya/default (1).svg|/ecommerce/Tecno-2/All Tecno Smartphones - Price in Kenya/default (1).svg|/laptops1/Laptops _ Nairobi Computer Shop (1)/default (1).svg|/laptops1/Laptops _ Nairobi Computer Shop (2)/default (1).svg|/laptops1/Laptops _ Nairobi Computer Shop (3)/default (1).svg,default (1).svg|default (1).svg|default (1).svg|default (1).svg|default (1).svg|default (1).svg|default (1).svg|default (1).svg|default (1).svg|default (1).svg|default (1).svg|default (1).svg|default (1).svg|default (1).svg|default (1).svg|default (1).svg|default (1).svg,416,24,24
default (2).svg,same filename in 2 different source folders,17,6a7ba9875c7cd75eb82658ec|6a7b6cca5c7cd75eb8f3eb44|6a7b69815c7cd75eb8e196d0|6a7b63445c7cd75eb8b329f6|6a7ba89a5c7cd75eb8188434|6a7ba8655c7cd75eb8156873|6a7ba80c5c7cd75eb8108a51|6a7ba7bc5c7cd75eb80c0cdb|6a7ba7745c7cd75eb807cde0|6a7ba71a5c7cd75eb802fb17|6a7ba6db5c7cd75eb8ff4fc4|6a7ba6a35c7cd75eb8fc10d3|6a7ba8c85c7cd75eb81b1573|6a7b6a835c7cd75eb8e6fcba|6a7bbb8b5c7cd75eb8494791|6a7bbb535c7cd75eb846da57|6a7bbb025c7cd75eb8421287,/ecommerce/All iOS Smartphones - Price in Kenya/default (2).svg|/ecommerce/All Tecno Smartphones - Price in Kenya (2)/default (2).svg|/ecommerce/All Tecno Smartphones - Price in Kenya/default (2).svg|/ecommerce/All Xiaomi Smartphones - Price in Kenya (2)/default (2).svg|/ecommerce/samsung/All Samsung Smartphones - Price in Kenya (1)/default (2).svg|/ecommerce/samsung/All Samsung Smartphones - Price in Kenya (2)/default (2).svg|/ecommerce/samsung/All Samsung Smartphones - Price in Kenya (3)/default (2).svg|/ecommerce/samsung/All Samsung Smartphones - Price in Kenya (4)/default (2).svg|/ecommerce/samsung/All Samsung Smartphones - Price in Kenya (5)/default (2).svg|/ecommerce/samsung/All Samsung Smartphones - Price in Kenya (6)/default (2).svg|/ecommerce/samsung/All Samsung Smartphones - Price in Kenya (7)/default (2).svg|/ecommerce/samsung/All Samsung Smartphones - Price in Kenya (8)/default (2).svg|/ecommerce/samsung/All Samsung Smartphones - Price in Kenya/default (2).svg|/ecommerce/Tecno-2/All Tecno Smartphones - Price in Kenya/default (2).svg|/laptops1/Laptops _ Nairobi Computer Shop (1)/default (2).svg|/laptops1/Laptops _ Nairobi Computer Shop (2)/default (2).svg|/laptops1/Laptops _ Nairobi Computer Shop (3)/default (2).svg,default (2).svg|default (2).svg|default (2).svg|default (2).svg|default (2).svg|default (2).svg|default (2).svg|default (2).svg|default (2).svg|default (2).svg|default (2).svg|default (2).svg|default (2).svg|default (2).svg|default (2).svg|default (2).svg|default (2).svg,503,24,24
default (3).svg,same filename in 2 different source folders,17,6a7ba9875c7cd75eb82651d1|6a7b6cca5c7cd75eb8f3ea9f|6a7b69815c7cd75eb8e197a7|6a7b63435c7cd75eb8b32295|6a7ba89a5c7cd75eb81885e6|6a7ba8665c7cd75eb8157de7|6a7ba80c5c7cd75eb81088a4|6a7ba7bc5c7cd75eb80c0cc4|6a7ba7755c7cd75eb807d2e2|6a7ba71a5c7cd75eb802fc27|6a7ba6db5c7cd75eb8ff4fdc|6a7ba6a35c7cd75eb8fc1acf|6a7ba8c85c7cd75eb81b157b|6a7b6a835c7cd75eb8e6fc83|6a7bbb8b5c7cd75eb84949e6|6a7bbb535c7cd75eb846da21|6a7bbb025c7cd75eb8421ad3,/ecommerce/All iOS Smartphones - Price in Kenya/default (3).svg|/ecommerce/All Tecno Smartphones - Price in Kenya (2)/default (3).svg|/ecommerce/All Tecno Smartphones - Price in Kenya/default (3).svg|/ecommerce/All Xiaomi Smartphones - Price in Kenya (2)/default (3).svg|/ecommerce/samsung/All Samsung Smartphones - Price in Kenya (1)/default (3).svg|/ecommerce/samsung/All Samsung Smartphones - Price in Kenya (2)/default (3).svg|/ecommerce/samsung/All Samsung Smartphones - Price in Kenya (3)/default (3).svg|/ecommerce/samsung/All Samsung Smartphones - Price in Kenya (4)/default (3).svg|/ecommerce/samsung/All Samsung Smartphones - Price in Kenya (5)/default (3).svg|/ecommerce/samsung/All Samsung Smartphones - Price in Kenya (6)/default (3).svg|/ecommerce/samsung/All Samsung Smartphones - Price in Kenya (7)/default (3).svg|/ecommerce/samsung/All Samsung Smartphones - Price in Kenya (8)/default (3).svg|/ecommerce/samsung/All Samsung Smartphones - Price in Kenya/default (3).svg|/ecommerce/Tecno-2/All Tecno Smartphones - Price in Kenya/default (3).svg|/laptops1/Laptops _ Nairobi Computer Shop (1)/default (3).svg|/laptops1/Laptops _ Nairobi Computer Shop (2)/default (3).svg|/laptops1/Laptops _ Nairobi Computer Shop (3)/default (3).svg,default (3).svg|default (3).svg|default (3).svg|default (3).svg|default (3).svg|default (3).svg|default (3).svg|default (3).svg|default (3).svg|default (3).svg|default (3).svg|default (3).svg|default (3).svg|default (3).svg|default (3).svg|default (3).svg|default (3).svg,391,24,24
default (4).svg,same filename in 2 different source folders,17,6a7ba9875c7cd75eb8264b31|6a7b6cca5c7cd75eb8f3eace|6a7b697f5c7cd75eb8e18c9b|6a7b63435c7cd75eb8b322c1|6a7ba89a5c7cd75eb81883f3|6a7ba8675c7cd75eb815993b|6a7ba80c5c7cd75eb81088b2|6a7ba7bc5c7cd75eb80c0ccf|6a7ba7755c7cd75eb807d3ef|6a7ba71a5c7cd75eb802fc35|6a7ba6db5c7cd75eb8ff4fe3|6a7ba6a25c7cd75eb8fc0fe7|6a7ba8c85c7cd75eb81b1578|6a7b6a845c7cd75eb8e6ff33|6a7bbb8b5c7cd75eb8494790|6a7bbb535c7cd75eb846d9fa|6a7bbb025c7cd75eb84212a7,/ecommerce/All iOS Smartphones - Price in Kenya/default (4).svg|/ecommerce/All Tecno Smartphones - Price in Kenya (2)/default (4).svg|/ecommerce/All Tecno Smartphones - Price in Kenya/default (4).svg|/ecommerce/All Xiaomi Smartphones - Price in Kenya (2)/default (4).svg|/ecommerce/samsung/All Samsung Smartphones - Price in Kenya (1)/default (4).svg|/ecommerce/samsung/All Samsung Smartphones - Price in Kenya (2)/default (4).svg|/ecommerce/samsung/All Samsung Smartphones - Price in Kenya (3)/default (4).svg|/ecommerce/samsung/All Samsung Smartphones - Price in Kenya (4)/default (4).svg|/ecommerce/samsung/All Samsung Smartphones - Price in Kenya (5)/default (4).svg|/ecommerce/samsung/All Samsung Smartphones - Price in Kenya (6)/default (4).svg|/ecommerce/samsung/All Samsung Smartphones - Price in Kenya (7)/default (4).svg|/ecommerce/samsung/All Samsung Smartphones - Price in Kenya (8)/default (4).svg|/ecommerce/samsung/All Samsung Smartphones - Price in Kenya/default (4).svg|/ecommerce/Tecno-2/All Tecno Smartphones - Price in Kenya/default (4).svg|/laptops1/Laptops _ Nairobi Computer Shop (1)/default (4).svg|/laptops1/Laptops _ Nairobi Computer Shop (2)/default (4).svg|/laptops1/Laptops _ Nairobi Computer Shop (3)/default (4).svg,default (4).svg|default (4).svg|default (4).svg|default (4).svg|default (4).svg|default (4).svg|default (4).svg|default (4).svg|default (4).svg|default (4).svg|default (4).svg|default (4).svg|default (4).svg|default (4).svg|default (4).svg|default (4).svg|default (4).svg,392,24,24
default.svg,same filename in 2 different source folders,17,6a7ba9875c7cd75eb8265a82|6a7b6cca5c7cd75eb8f3eb66|6a7b69815c7cd75eb8e197b8|6a7b63445c7cd75eb8b329b0|6a7ba89a5c7cd75eb81884e3|6a7ba8695c7cd75eb815b10b|6a7ba80c5c7cd75eb81088e7|6a7ba7bc5c7cd75eb80c1906|6a7ba77f5c7cd75eb80866c6|6a7ba71a5c7cd75eb802fd12|6a7ba6db5c7cd75eb8ff4ff1|6a7ba6a35c7cd75eb8fc193f|6a7ba8c85c7cd75eb81b164c|6a7b6a845c7cd75eb8e6ff21|6a7bbb8b5c7cd75eb8494796|6a7bbb535c7cd75eb846da51|6a7bbb015c7cd75eb842044f,/ecommerce/All iOS Smartphones - Price in Kenya/default.svg|/ecommerce/All Tecno Smartphones - Price in Kenya (2)/default.svg|/ecommerce/All Tecno Smartphones - Price in Kenya/default.svg|/ecommerce/All Xiaomi Smartphones - Price in Kenya (2)/default.svg|/ecommerce/samsung/All Samsung Smartphones - Price in Kenya (1)/default.svg|/ecommerce/samsung/All Samsung Smartphones - Price in Kenya (2)/default.svg|/ecommerce/samsung/All Samsung Smartphones - Price in Kenya (3)/default.svg|/ecommerce/samsung/All Samsung Smartphones - Price in Kenya (4)/default.svg|/ecommerce/samsung/All Samsung Smartphones - Price in Kenya (5)/default.svg|/ecommerce/samsung/All Samsung Smartphones - Price in Kenya (6)/default.svg|/ecommerce/samsung/All Samsung Smartphones - Price in Kenya (7)/default.svg|/ecommerce/samsung/All Samsung Smartphones - Price in Kenya (8)/default.svg|/ecommerce/samsung/All Samsung Smartphones - Price in Kenya/default.svg|/ecommerce/Tecno-2/All Tecno Smartphones - Price in Kenya/default.svg|/laptops1/Laptops _ Nairobi Computer Shop (1)/default.svg|/laptops1/Laptops _ Nairobi Computer Shop (2)/default.svg|/laptops1/Laptops _ Nairobi Computer Shop (3)/default.svg,default.svg|default.svg|default.svg|default.svg|default.svg|default.svg|default.svg|default.svg|default.svg|default.svg|default.svg|default.svg|default.svg|default.svg|default.svg|default.svg|default.svg,185,20,20
download (1).svg,same filename in 15 different source folders,15,6a7ca9d55c7cd75eb8305f2a|6a7caadb5c7cd75eb840ef7c|6a7cab5e5c7cd75eb8493478|6a7cabb15c7cd75eb84e96f5|6a7caf655c7cd75eb88bda6c|6a7c25d75c7cd75eb8530c90|6a7cac065c7cd75eb853ee40|6a7c24ec5c7cd75eb84c4bcf|6a7cac9d5c7cd75eb85d2a6f|6a7cadd05c7cd75eb87090a2|6a7cae075c7cd75eb87405f8|6a7caeb85c7cd75eb87f9093|6a7caeed5c7cd75eb88383e7|6a7c21d55c7cd75eb8364817|6a7c23535c7cd75eb8406c46,/airbuds/download (1).svg|/airbuds2/download (1).svg|/airbuds3/download (1).svg|/airbuds4/download (1).svg|/airbuds5/download (1).svg|/Bts/download (1).svg|/gadgets/download (1).svg|/itel/download (1).svg|/Oppo2/download (1).svg|/Oppo3/download (1).svg|/Oppo4/download (1).svg|/Oppo5/download (1).svg|/Oppo6/download (1).svg|/Sound Bars/download (1).svg|/tvs/download (1).svg,download (1).svg|download (1).svg|download (1).svg|download (1).svg|download (1).svg|download (1).svg|download (1).svg|download (1).svg|download (1).svg|download (1).svg|download (1).svg|download (1).svg|download (1).svg|download (1).svg|download (1).svg,416,24,24
download (10).svg,same filename in 15 different source folders,15,6a7ca9d55c7cd75eb830581c|6a7caadb5c7cd75eb840ef94|6a7cab5e5c7cd75eb8492e2e|6a7cabb15c7cd75eb84e9e14|6a7caf675c7cd75eb88bf31d|6a7c25d75c7cd75eb8530be9|6a7cac065c7cd75eb853ec03|6a7c24ec5c7cd75eb84c4e36|6a7cac9d5c7cd75eb85d30d3|6a7cadd15c7cd75eb8709b29|6a7cae075c7cd75eb8740b95|6a7caeb85c7cd75eb87f8ff5|6a7caeec5c7cd75eb883743f|6a7c21d55c7cd75eb8364b18|6a7c23535c7cd75eb8406d1c,/airbuds/download (10).svg|/airbuds2/download (10).svg|/airbuds3/download (10).svg|/airbuds4/download (10).svg|/airbuds5/download (10).svg|/Bts/download (10).svg|/gadgets/download (10).svg|/itel/download (10).svg|/Oppo2/download (10).svg|/Oppo3/download (10).svg|/Oppo4/download (10).svg|/Oppo5/download (10).svg|/Oppo6/download (10).svg|/Sound Bars/download (10).svg|/tvs/download (10).svg,download (10).svg|download (10).svg|download (10).svg|download (10).svg|download (10).svg|download (10).svg|download (10).svg|download (10).svg|download (10).svg|download (10).svg|download (10).svg|download (10).svg|download (10).svg|download (10).svg|download (10).svg,279,24,24
download (11).svg,same filename in 15 different source folders,15,6a7ca9d65c7cd75eb8306ab5|6a7caadc5c7cd75eb840f829|6a7cab5e5c7cd75eb8492e36|6a7cabb15c7cd75eb84e96ec|6a7caf675c7cd75eb88bf2bc|6a7c25d75c7cd75eb8530226|6a7cac065c7cd75eb853ebc1|6a7c24ec5c7cd75eb84c4cae|6a7cac9d5c7cd75eb85d2850|6a7cadd05c7cd75eb87091aa|6a7cae075c7cd75eb8740d17|6a7caeb85c7cd75eb87f9c1d|6a7caeed5c7cd75eb8838440|6a7c21d55c7cd75eb83643be|6a7c23535c7cd75eb8406c7e,/airbuds/download (11).svg|/airbuds2/download (11).svg|/airbuds3/download (11).svg|/airbuds4/download (11).svg|/airbuds5/download (11).svg|/Bts/download (11).svg|/gadgets/download (11).svg|/itel/download (11).svg|/Oppo2/download (11).svg|/Oppo3/download (11).svg|/Oppo4/download (11).svg|/Oppo5/download (11).svg|/Oppo6/download (11).svg|/Sound Bars/download (11).svg|/tvs/download (11).svg,download (11).svg|download (11).svg|download (11).svg|download (11).svg|download (11).svg|download (11).svg|download (11).svg|download (11).svg|download (11).svg|download (11).svg|download (11).svg|download (11).svg|download (11).svg|download (11).svg|download (11).svg,336,24,24
download (12).svg,same filename in 15 different source folders,15,6a7ca9d55c7cd75eb83062b4|6a7caadc5c7cd75eb840f93b|6a7cab5e5c7cd75eb8493447|6a7cabb15c7cd75eb84e9f4b|6a7caf675c7cd75eb88bf324|6a7c25d75c7cd75eb8530e46|6a7cac065c7cd75eb853ebfc|6a7c24ec5c7cd75eb84c4cb9|6a7cac9d5c7cd75eb85d2a36|6a7cadd15c7cd75eb8709252|6a7cae085c7cd75eb8740f87|6a7caeb85c7cd75eb87f8f75|6a7caeed5c7cd75eb88383ea|6a7c21d55c7cd75eb83642a6|6a7c23535c7cd75eb8406c6d,/airbuds/download (12).svg|/airbuds2/download (12).svg|/airbuds3/download (12).svg|/airbuds4/download (12).svg|/airbuds5/download (12).svg|/Bts/download (12).svg|/gadgets/download (12).svg|/itel/download (12).svg|/Oppo2/download (12).svg|/Oppo3/download (12).svg|/Oppo4/download (12).svg|/Oppo5/download (12).svg|/Oppo6/download (12).svg|/Sound Bars/download (12).svg|/tvs/download (12).svg,download (12).svg|download (12).svg|download (12).svg|download (12).svg|download (12).svg|download (12).svg|download (12).svg|download (12).svg|download (12).svg|download (12).svg|download (12).svg|download (12).svg|download (12).svg|download (12).svg|download (12).svg,449,24,24
download (13).svg,same filename in 15 different source folders,15,6a7ca9d55c7cd75eb83063b5|6a7caadc5c7cd75eb840fd78|6a7cab5e5c7cd75eb84934dd|6a7cabb15c7cd75eb84ea13f|6a7caf675c7cd75eb88bf32a|6a7c25d75c7cd75eb8530187|6a7cac065c7cd75eb853ebe4|6a7c24ec5c7cd75eb84c4bd2|6a7cac9d5c7cd75eb85d2849|6a7cadd15c7cd75eb870940a|6a7cae075c7cd75eb8740c14|6a7caeb85c7cd75eb87f9c41|6a7caeec5c7cd75eb883744a|6a7c21d55c7cd75eb83647fa|6a7c23535c7cd75eb8406c86,/airbuds/download (13).svg|/airbuds2/download (13).svg|/airbuds3/download (13).svg|/airbuds4/download (13).svg|/airbuds5/download (13).svg|/Bts/download (13).svg|/gadgets/download (13).svg|/itel/download (13).svg|/Oppo2/download (13).svg|/Oppo3/download (13).svg|/Oppo4/download (13).svg|/Oppo5/download (13).svg|/Oppo6/download (13).svg|/Sound Bars/download (13).svg|/tvs/download (13).svg,download (13).svg|download (13).svg|download (13).svg|download (13).svg|download (13).svg|download (13).svg|download (13).svg|download (13).svg|download (13).svg|download (13).svg|download (13).svg|download (13).svg|download (13).svg|download (13).svg|download (13).svg,435,24,24
download (14).svg,same filename in 15 different source folders,15,6a7ca9d55c7cd75eb8305914|6a7caadc5c7cd75eb840f9b0|6a7cab5e5c7cd75eb8493626|6a7cabb15c7cd75eb84e9a11|6a7caf655c7cd75eb88bdb37|6a7c25d75c7cd75eb8530253|6a7cac065c7cd75eb853ebf7|6a7c24ec5c7cd75eb84c4cb1|6a7cac9d5c7cd75eb85d30e0|6a7cadd15c7cd75eb870949a|6a7cae075c7cd75eb8740d0d|6a7caeb85c7cd75eb87f9e1d|6a7caeed5c7cd75eb883855a|6a7c21d55c7cd75eb83642bd|6a7c23535c7cd75eb8406c9d,/airbuds/download (14).svg|/airbuds2/download (14).svg|/airbuds3/download (14).svg|/airbuds4/download (14).svg|/airbuds5/download (14).svg|/Bts/download (14).svg|/gadgets/download (14).svg|/itel/download (14).svg|/Oppo2/download (14).svg|/Oppo3/download (14).svg|/Oppo4/download (14).svg|/Oppo5/download (14).svg|/Oppo6/download (14).svg|/Sound Bars/download (14).svg|/tvs/download (14).svg,download (14).svg|download (14).svg|download (14).svg|download (14).svg|download (14).svg|download (14).svg|download (14).svg|download (14).svg|download (14).svg|download (14).svg|download (14).svg|download (14).svg|download (14).svg|download (14).svg|download (14).svg,670,20,20
download (15).svg,same filename in 15 different source folders,15,6a7ca9d55c7cd75eb8306561|6a7caadc5c7cd75eb840f68a|6a7cab5e5c7cd75eb8493385|6a7cabb15c7cd75eb84e9eb1|6a7caf655c7cd75eb88bdc13|6a7c25d75c7cd75eb8530259|6a7cac065c7cd75eb853f02a|6a7c24ec5c7cd75eb84c4d0b|6a7cac9d5c7cd75eb85d2a35|6a7cadd15c7cd75eb87098ac|6a7cae085c7cd75eb8740f82|6a7caeb85c7cd75eb87f9e55|6a7caeed5c7cd75eb883842e|6a7c21d55c7cd75eb8364826|6a7c23535c7cd75eb8406c53,/airbuds/download (15).svg|/airbuds2/download (15).svg|/airbuds3/download (15).svg|/airbuds4/download (15).svg|/airbuds5/download (15).svg|/Bts/download (15).svg|/gadgets/download (15).svg|/itel/download (15).svg|/Oppo2/download (15).svg|/Oppo3/download (15).svg|/Oppo4/download (15).svg|/Oppo5/download (15).svg|/Oppo6/download (15).svg|/Sound Bars/download (15).svg|/tvs/download (15).svg,download (15).svg|download (15).svg|download (15).svg|download (15).svg|download (15).svg|download (15).svg|download (15).svg|download (15).svg|download (15).svg|download (15).svg|download (15).svg|download (15).svg|download (15).svg|download (15).svg|download (15).svg,224,24,24
download (16).svg,same filename in 15 different source folders,15,6a7ca9d55c7cd75eb8305d9d|6a7caadc5c7cd75eb840feb1|6a7cab5e5c7cd75eb8493074|6a7cabb15c7cd75eb84e9b20|6a7caf655c7cd75eb88bd9da|6a7c25d75c7cd75eb8530196|6a7cac075c7cd75eb853f1c6|6a7c24ec5c7cd75eb84c4d36|6a7cac9d5c7cd75eb85d31f0|6a7cadd15c7cd75eb8709796|6a7cae085c7cd75eb874105c|6a7caeb85c7cd75eb87f9076|6a7caeed5c7cd75eb88383ee|6a7c21d55c7cd75eb83641e3|6a7c23535c7cd75eb8406d26,/airbuds/download (16).svg|/airbuds2/download (16).svg|/airbuds3/download (16).svg|/airbuds4/download (16).svg|/airbuds5/download (16).svg|/Bts/download (16).svg|/gadgets/download (16).svg|/itel/download (16).svg|/Oppo2/download (16).svg|/Oppo3/download (16).svg|/Oppo4/download (16).svg|/Oppo5/download (16).svg|/Oppo6/download (16).svg|/Sound Bars/download (16).svg|/tvs/download (16).svg,download (16).svg|download (16).svg|download (16).svg|download (16).svg|download (16).svg|download (16).svg|download (16).svg|download (16).svg|download (16).svg|download (16).svg|download (16).svg|download (16).svg|download (16).svg|download (16).svg|download (16).svg,228,24,24
download (17).svg,same filename in 13 different source folders,13,6a7ca9d65c7cd75eb8306696|6a7caadc5c7cd75eb84103d3|6a7cab5e5c7cd75eb849343d|6a7cabb15c7cd75eb84e9a4b|6a7caf675c7cd75eb88bf21d|6a7c25d75c7cd75eb853022c|6a7cac075c7cd75eb853f1e6|6a7c24ec5c7cd75eb84c4c8e|6a7cac9d5c7cd75eb85d2953|6a7cadd15c7cd75eb8709232|6a7cae075c7cd75eb8740bd6|6a7c21d55c7cd75eb8364801|6a7c23535c7cd75eb8406cfd,/airbuds/download (17).svg|/airbuds2/download (17).svg|/airbuds3/download (17).svg|/airbuds4/download (17).svg|/airbuds5/download (17).svg|/Bts/download (17).svg|/gadgets/download (17).svg|/itel/download (17).svg|/Oppo2/download (17).svg|/Oppo3/download (17).svg|/Oppo4/download (17).svg|/Sound Bars/download (17).svg|/tvs/download (17).svg,download (17).svg|download (17).svg|download (17).svg|download (17).svg|download (17).svg|download (17).svg|download (17).svg|download (17).svg|download (17).svg|download (17).svg|download (17).svg|download (17).svg|download (17).svg,371,24,24
download (18).svg,same filename in 6 different source folders,6,6a7ca9d65c7cd75eb8306f5a|6a7c25d75c7cd75eb8530256|6a7cac075c7cd75eb853f204|6a7c24ec5c7cd75eb84c4be6|6a7c21da5c7cd75eb8366e1c|6a7c23535c7cd75eb8406d52,/airbuds/download (18).svg|/Bts/download (18).svg|/gadgets/download (18).svg|/itel/download (18).svg|/Sound Bars/download (18).svg|/tvs/download (18).svg,download (18).svg|download (18).svg|download (18).svg|download (18).svg|download (18).svg|download (18).svg,185,20,20
download (19).svg,same filename in 6 different source folders,6,6a7ca9d65c7cd75eb8306cab|6a7c25d75c7cd75eb8530275|6a7cac075c7cd75eb853f198|6a7c24ec5c7cd75eb84c4d05|6a7c21d95c7cd75eb8366409|6a7c23535c7cd75eb8406c95,/airbuds/download (19).svg|/Bts/download (19).svg|/gadgets/download (19).svg|/itel/download (19).svg|/Sound Bars/download (19).svg|/tvs/download (19).svg,download (19).svg|download (19).svg|download (19).svg|download (19).svg|download (19).svg|download (19).svg,416,24,24
download (2).svg,same filename in 15 different source folders,15,6a7ca9d55c7cd75eb8305803|6a7caadc5c7cd75eb840f7c4|6a7cab5e5c7cd75eb8492e7e|6a7cabb15c7cd75eb84e9e30|6a7caf675c7cd75eb88bf335|6a7c25d95c7cd75eb8531bed|6a7cac075c7cd75eb853f3fb|6a7c24ec5c7cd75eb84c4c16|6a7cac9d5c7cd75eb85d30b8|6a7cadd25c7cd75eb8709f04|6a7cae075c7cd75eb8740d37|6a7caeb85c7cd75eb87f9107|6a7caeed5c7cd75eb8837f18|6a7c21d55c7cd75eb83647d9|6a7c23535c7cd75eb8406c77,/airbuds/download (2).svg|/airbuds2/download (2).svg|/airbuds3/download (2).svg|/airbuds4/download (2).svg|/airbuds5/download (2).svg|/Bts/download (2).svg|/gadgets/download (2).svg|/itel/download (2).svg|/Oppo2/download (2).svg|/Oppo3/download (2).svg|/Oppo4/download (2).svg|/Oppo5/download (2).svg|/Oppo6/download (2).svg|/Sound Bars/download (2).svg|/tvs/download (2).svg,download (2).svg|download (2).svg|download (2).svg|download (2).svg|download (2).svg|download (2).svg|download (2).svg|download (2).svg|download (2).svg|download (2).svg|download (2).svg|download (2).svg|download (2).svg|download (2).svg|download (2).svg,503,24,24
download (20).svg,same filename in 6 different source folders,6,6a7ca9d55c7cd75eb83059ca|6a7c25d75c7cd75eb8530c82|6a7cac075c7cd75eb853f35a|6a7c24ec5c7cd75eb84c4c18|6a7c21d55c7cd75eb8364776|6a7c23535c7cd75eb8406d11,/airbuds/download (20).svg|/Bts/download (20).svg|/gadgets/download (20).svg|/itel/download (20).svg|/Sound Bars/download (20).svg|/tvs/download (20).svg,download (20).svg|download (20).svg|download (20).svg|download (20).svg|download (20).svg|download (20).svg,503,24,24
download (21).svg,same filename in 6 different source folders,6,6a7ca9d65c7cd75eb8306c2d|6a7c25d75c7cd75eb8530d58|6a7cac075c7cd75eb853f212|6a7c24ec5c7cd75eb84c4cd5|6a7c21d75c7cd75eb83655e5|6a7c23535c7cd75eb8406d25,/airbuds/download (21).svg|/Bts/download (21).svg|/gadgets/download (21).svg|/itel/download (21).svg|/Sound Bars/download (21).svg|/tvs/download (21).svg,download (21).svg|download (21).svg|download (21).svg|download (21).svg|download (21).svg|download (21).svg,391,24,24
download (22).svg,same filename in 5 different source folders,5,6a7ca9d55c7cd75eb83058a0|6a7c25d95c7cd75eb8531b8a|6a7cac075c7cd75eb853f274|6a7c24ec5c7cd75eb84c4cc8|6a7c23535c7cd75eb8406d45,/airbuds/download (22).svg|/Bts/download (22).svg|/gadgets/download (22).svg|/itel/download (22).svg|/tvs/download (22).svg,download (22).svg|download (22).svg|download (22).svg|download (22).svg|download (22).svg,392,24,24
download (23).svg,same filename in 5 different source folders,5,6a7ca9d65c7cd75eb830778c|6a7c25d75c7cd75eb8530cac|6a7cac075c7cd75eb853f161|6a7c24ec5c7cd75eb84c4ce3|6a7c23535c7cd75eb8406c49,/airbuds/download (23).svg|/Bts/download (23).svg|/gadgets/download (23).svg|/itel/download (23).svg|/tvs/download (23).svg,download (23).svg|download (23).svg|download (23).svg|download (23).svg|download (23).svg,418,24,24
download (24).svg,same filename in 5 different source folders,5,6a7ca9d55c7cd75eb8305978|6a7c25d75c7cd75eb8530ba8|6a7cac075c7cd75eb853f1a4|6a7c24ec5c7cd75eb84c4cbb|6a7c23535c7cd75eb8406d32,/airbuds/download (24).svg|/Bts/download (24).svg|/gadgets/download (24).svg|/itel/download (24).svg|/tvs/download (24).svg,download (24).svg|download (24).svg|download (24).svg|download (24).svg|download (24).svg,291,24,24
download (25).svg,same filename in 5 different source folders,5,6a7ca9d65c7cd75eb8306f18|6a7c25d75c7cd75eb8530ccb|6a7cac075c7cd75eb853f261|6a7c24ec5c7cd75eb84c4d74|6a7c23535c7cd75eb8406c90,/airbuds/download (25).svg|/Bts/download (25).svg|/gadgets/download (25).svg|/itel/download (25).svg|/tvs/download (25).svg,download (25).svg|download (25).svg|download (25).svg|download (25).svg|download (25).svg,311,24,24
download (26).svg,same filename in 5 different source folders,5,6a7ca9d65c7cd75eb8306ab4|6a7c25d75c7cd75eb8530c54|6a7cac075c7cd75eb853f1b6|6a7c24ec5c7cd75eb84c4c20|6a7c23535c7cd75eb8406d38,/airbuds/download (26).svg|/Bts/download (26).svg|/gadgets/download (26).svg|/itel/download (26).svg|/tvs/download (26).svg,download (26).svg|download (26).svg|download (26).svg|download (26).svg|download (26).svg,528,24,24
download (27).svg,same filename in 5 different source folders,5,6a7ca9d55c7cd75eb83058c1|6a7c25d75c7cd75eb8530bae|6a7cac075c7cd75eb853f216|6a7c24ec5c7cd75eb84c4bf2|6a7c23535c7cd75eb8406ce5,/airbuds/download (27).svg|/Bts/download (27).svg|/gadgets/download (27).svg|/itel/download (27).svg|/tvs/download (27).svg,download (27).svg|download (27).svg|download (27).svg|download (27).svg|download (27).svg,412,24,24
download (28).svg,same filename in 5 different source folders,5,6a7ca9d65c7cd75eb8306c1b|6a7c25d75c7cd75eb8530e4a|6a7cac075c7cd75eb853f218|6a7c24ec5c7cd75eb84c4c07|6a7c23535c7cd75eb8406d30,/airbuds/download (28).svg|/Bts/download (28).svg|/gadgets/download (28).svg|/itel/download (28).svg|/tvs/download (28).svg,download (28).svg|download (28).svg|download (28).svg|download (28).svg|download (28).svg,279,24,24
download (29).svg,same filename in 5 different source folders,5,6a7ca9d65c7cd75eb8306e1d|6a7c25d75c7cd75eb8531005|6a7cac075c7cd75eb853f1ec|6a7c24ec5c7cd75eb84c4cda|6a7c23535c7cd75eb8406c8b,/airbuds/download (29).svg|/Bts/download (29).svg|/gadgets/download (29).svg|/itel/download (29).svg|/tvs/download (29).svg,download (29).svg|download (29).svg|download (29).svg|download (29).svg|download (29).svg,336,24,24
download (3).svg,same filename in 15 different source folders,15,6a7ca9d65c7cd75eb8306ca6|6a7caadc5c7cd75eb840f83b|6a7cab5e5c7cd75eb8493352|6a7cabb15c7cd75eb84e9a10|6a7caf675c7cd75eb88bf4f7|6a7c25d95c7cd75eb8531ba4|6a7cac075c7cd75eb853f1bb|6a7c24ec5c7cd75eb84c4f16|6a7cac9d5c7cd75eb85d319a|6a7cadd15c7cd75eb8709222|6a7cae075c7cd75eb8740ccc|6a7caeb85c7cd75eb87f8fa4|6a7caeed5c7cd75eb88383e4|6a7c21d75c7cd75eb83656ec|6a7c23535c7cd75eb8406d33,/airbuds/download (3).svg|/airbuds2/download (3).svg|/airbuds3/download (3).svg|/airbuds4/download (3).svg|/airbuds5/download (3).svg|/Bts/download (3).svg|/gadgets/download (3).svg|/itel/download (3).svg|/Oppo2/download (3).svg|/Oppo3/download (3).svg|/Oppo4/download (3).svg|/Oppo5/download (3).svg|/Oppo6/download (3).svg|/Sound Bars/download (3).svg|/tvs/download (3).svg,download (3).svg|download (3).svg|download (3).svg|download (3).svg|download (3).svg|download (3).svg|download (3).svg|download (3).svg|download (3).svg|download (3).svg|download (3).svg|download (3).svg|download (3).svg|download (3).svg|download (3).svg,391,24,24
download (30).svg,same filename in 5 different source folders,5,6a7ca9d55c7cd75eb83058b1|6a7c25d85c7cd75eb8531b76|6a7cac075c7cd75eb853f3bf|6a7c24ec5c7cd75eb84c4bee|6a7c23535c7cd75eb8406cab,/airbuds/download (30).svg|/Bts/download (30).svg|/gadgets/download (30).svg|/itel/download (30).svg|/tvs/download (30).svg,download (30).svg|download (30).svg|download (30).svg|download (30).svg|download (30).svg,449,24,24
download (31).svg,same filename in 5 different source folders,5,6a7ca9d65c7cd75eb8306ab8|6a7c25d95c7cd75eb8531ba8|6a7cac075c7cd75eb853f3f2|6a7c24ec5c7cd75eb84c4f23|6a7c23545c7cd75eb840731c,/airbuds/download (31).svg|/Bts/download (31).svg|/gadgets/download (31).svg|/itel/download (31).svg|/tvs/download (31).svg,download (31).svg|download (31).svg|download (31).svg|download (31).svg|download (31).svg,435,24,24
download (32).svg,same filename in 5 different source folders,5,6a7ca9d55c7cd75eb8305ba2|6a7c25d95c7cd75eb8531b82|6a7cac075c7cd75eb853f1f9|6a7c24ec5c7cd75eb84c4ef0|6a7c23535c7cd75eb8406d1d,/airbuds/download (32).svg|/Bts/download (32).svg|/gadgets/download (32).svg|/itel/download (32).svg|/tvs/download (32).svg,download (32).svg|download (32).svg|download (32).svg|download (32).svg|download (32).svg,670,20,20
download (33).svg,same filename in 5 different source folders,5,6a7ca9d65c7cd75eb8306c59|6a7c25d95c7cd75eb8531b7f|6a7cac075c7cd75eb853f3b4|6a7c24ec5c7cd75eb84c4c1d|6a7c23535c7cd75eb8406c94,/airbuds/download (33).svg|/Bts/download (33).svg|/gadgets/download (33).svg|/itel/download (33).svg|/tvs/download (33).svg,download (33).svg|download (33).svg|download (33).svg|download (33).svg|download (33).svg,224,24,24
download (34).svg,same filename in 4 different source folders,4,6a7ca9d75c7cd75eb8307ad4|6a7cac075c7cd75eb853f227|6a7c24ed5c7cd75eb84c58ab|6a7c23535c7cd75eb8406d07,/airbuds/download (34).svg|/gadgets/download (34).svg|/itel/download (34).svg|/tvs/download (34).svg,download (34).svg|download (34).svg|download (34).svg|download (34).svg,228,24,24
download (35).svg,same filename in 3 different source folders,3,6a7cac075c7cd75eb853f27e|6a7c24ec5c7cd75eb84c4f10|6a7c23535c7cd75eb8406c7b,/gadgets/download (35).svg|/itel/download (35).svg|/tvs/download (35).svg,download (35).svg|download (35).svg|download (35).svg,509,13,13
download (36).svg,same filename in 2 different source folders,2,6a7cac075c7cd75eb853f41e|6a7c23535c7cd75eb8406d6e,/gadgets/download (36).svg|/tvs/download (36).svg,download (36).svg|download (36).svg,393,13,13
download (4).svg,same filename in 15 different source folders,15,6a7ca9d75c7cd75eb8307bd9|6a7caadc5c7cd75eb840f9d9|6a7cab5e5c7cd75eb8493452|6a7cabb15c7cd75eb84e9b68|6a7caf675c7cd75eb88bf34f|6a7c25d95c7cd75eb8531c3f|6a7cac075c7cd75eb853f27c|6a7c24ec5c7cd75eb84c4d44|6a7cac9d5c7cd75eb85d31df|6a7cadd25c7cd75eb8709f17|6a7cae075c7cd75eb8740bc7|6a7caeb85c7cd75eb87f9029|6a7caeed5c7cd75eb8838526|6a7c21d65c7cd75eb8364b79|6a7c23535c7cd75eb8406d4a,/airbuds/download (4).svg|/airbuds2/download (4).svg|/airbuds3/download (4).svg|/airbuds4/download (4).svg|/airbuds5/download (4).svg|/Bts/download (4).svg|/gadgets/download (4).svg|/itel/download (4).svg|/Oppo2/download (4).svg|/Oppo3/download (4).svg|/Oppo4/download (4).svg|/Oppo5/download (4).svg|/Oppo6/download (4).svg|/Sound Bars/download (4).svg|/tvs/download (4).svg,download (4).svg|download (4).svg|download (4).svg|download (4).svg|download (4).svg|download (4).svg|download (4).svg|download (4).svg|download (4).svg|download (4).svg|download (4).svg|download (4).svg|download (4).svg|download (4).svg|download (4).svg,392,24,24
download (5).svg,same filename in 15 different source folders,15,6a7ca9d75c7cd75eb8308363|6a7caadc5c7cd75eb840f9b8|6a7cab5e5c7cd75eb8492f2e|6a7cabb15c7cd75eb84e9aa3|6a7caf655c7cd75eb88bd991|6a7c25d95c7cd75eb8531bf7|6a7cac075c7cd75eb853f6a2|6a7c24ec5c7cd75eb84c4cc0|6a7cac9d5c7cd75eb85d30a5|6a7cadd05c7cd75eb8708ec9|6a7cae085c7cd75eb8740f74|6a7caeb85c7cd75eb87f900d|6a7caeec5c7cd75eb88371e1|6a7c21d75c7cd75eb8365906|6a7c23535c7cd75eb8406d00,/airbuds/download (5).svg|/airbuds2/download (5).svg|/airbuds3/download (5).svg|/airbuds4/download (5).svg|/airbuds5/download (5).svg|/Bts/download (5).svg|/gadgets/download (5).svg|/itel/download (5).svg|/Oppo2/download (5).svg|/Oppo3/download (5).svg|/Oppo4/download (5).svg|/Oppo5/download (5).svg|/Oppo6/download (5).svg|/Sound Bars/download (5).svg|/tvs/download (5).svg,download (5).svg|download (5).svg|download (5).svg|download (5).svg|download (5).svg|download (5).svg|download (5).svg|download (5).svg|download (5).svg|download (5).svg|download (5).svg|download (5).svg|download (5).svg|download (5).svg|download (5).svg,418,24,24
download (6).svg,same filename in 15 different source folders,15,6a7ca9d75c7cd75eb830882f|6a7caadc5c7cd75eb840fd4c|6a7cab5e5c7cd75eb8493316|6a7cabb15c7cd75eb84e9a9f|6a7caf675c7cd75eb88bf244|6a7c25d95c7cd75eb8531b7b|6a7cac075c7cd75eb853f510|6a7c24ec5c7cd75eb84c4f57|6a7cac9d5c7cd75eb85d30d1|6a7cadd15c7cd75eb870921e|6a7cae075c7cd75eb8740d11|6a7caeb85c7cd75eb87f9213|6a7caeed5c7cd75eb8837f33|6a7c21da5c7cd75eb8366c75|6a7c236d5c7cd75eb84130f3,/airbuds/download (6).svg|/airbuds2/download (6).svg|/airbuds3/download (6).svg|/airbuds4/download (6).svg|/airbuds5/download (6).svg|/Bts/download (6).svg|/gadgets/download (6).svg|/itel/download (6).svg|/Oppo2/download (6).svg|/Oppo3/download (6).svg|/Oppo4/download (6).svg|/Oppo5/download (6).svg|/Oppo6/download (6).svg|/Sound Bars/download (6).svg|/tvs/download (6).svg,download (6).svg|download (6).svg|download (6).svg|download (6).svg|download (6).svg|download (6).svg|download (6).svg|download (6).svg|download (6).svg|download (6).svg|download (6).svg|download (6).svg|download (6).svg|download (6).svg|download (6).svg,291,24,24
download (7).svg,same filename in 15 different source folders,15,6a7ca9d85c7cd75eb8309218|6a7caadc5c7cd75eb840fdc3|6a7cab5e5c7cd75eb84929de|6a7cabb15c7cd75eb84ea00f|6a7caf655c7cd75eb88bd9a3|6a7c25d95c7cd75eb8531bfb|6a7cac075c7cd75eb853f279|6a7c24ec5c7cd75eb84c4e8f|6a7cac9d5c7cd75eb85d30c3|6a7cadd05c7cd75eb870919c|6a7cae085c7cd75eb8741027|6a7caeb85c7cd75eb87f90d8|6a7caeed5c7cd75eb88377df|6a7c21d95c7cd75eb836664a|6a7c236d5c7cd75eb84136d4,/airbuds/download (7).svg|/airbuds2/download (7).svg|/airbuds3/download (7).svg|/airbuds4/download (7).svg|/airbuds5/download (7).svg|/Bts/download (7).svg|/gadgets/download (7).svg|/itel/download (7).svg|/Oppo2/download (7).svg|/Oppo3/download (7).svg|/Oppo4/download (7).svg|/Oppo5/download (7).svg|/Oppo6/download (7).svg|/Sound Bars/download (7).svg|/tvs/download (7).svg,download (7).svg|download (7).svg|download (7).svg|download (7).svg|download (7).svg|download (7).svg|download (7).svg|download (7).svg|download (7).svg|download (7).svg|download (7).svg|download (7).svg|download (7).svg|download (7).svg|download (7).svg,311,24,24
download (8).svg,same filename in 15 different source folders,15,6a7ca9d75c7cd75eb83083d0|6a7caadc5c7cd75eb840f687|6a7cab5e5c7cd75eb84929d8|6a7cabb15c7cd75eb84e9e8d|6a7caf675c7cd75eb88bf2e2|6a7c25d95c7cd75eb8531c0e|6a7cac075c7cd75eb853f480|6a7c24ec5c7cd75eb84c4cba|6a7cac9d5c7cd75eb85d32f8|6a7cadd15c7cd75eb87096c8|6a7cae075c7cd75eb8740bc4|6a7caeb85c7cd75eb87f922f|6a7caeed5c7cd75eb8838273|6a7c21d75c7cd75eb8365867|6a7c236d5c7cd75eb841377a,/airbuds/download (8).svg|/airbuds2/download (8).svg|/airbuds3/download (8).svg|/airbuds4/download (8).svg|/airbuds5/download (8).svg|/Bts/download (8).svg|/gadgets/download (8).svg|/itel/download (8).svg|/Oppo2/download (8).svg|/Oppo3/download (8).svg|/Oppo4/download (8).svg|/Oppo5/download (8).svg|/Oppo6/download (8).svg|/Sound Bars/download (8).svg|/tvs/download (8).svg,download (8).svg|download (8).svg|download (8).svg|download (8).svg|download (8).svg|download (8).svg|download (8).svg|download (8).svg|download (8).svg|download (8).svg|download (8).svg|download (8).svg|download (8).svg|download (8).svg|download (8).svg,528,24,24
download (9).svg,same filename in 15 different source folders,15,6a7ca9d85c7cd75eb8308bf7|6a7caadc5c7cd75eb840f6f3|6a7cab5e5c7cd75eb8492eeb|6a7cabb15c7cd75eb84e9a3f|6a7caf655c7cd75eb88bdbb2|6a7c25d95c7cd75eb8531bf8|6a7cac085c7cd75eb85409bb|6a7c24ec5c7cd75eb84c4ef4|6a7cac9d5c7cd75eb85d3211|6a7cadd25c7cd75eb8709dd1|6a7cae075c7cd75eb8740d32|6a7caeb85c7cd75eb87f919f|6a7caeed5c7cd75eb8837ef2|6a7c21d65c7cd75eb8364b97|6a7c236d5c7cd75eb84137eb,/airbuds/download (9).svg|/airbuds2/download (9).svg|/airbuds3/download (9).svg|/airbuds4/download (9).svg|/airbuds5/download (9).svg|/Bts/download (9).svg|/gadgets/download (9).svg|/itel/download (9).svg|/Oppo2/download (9).svg|/Oppo3/download (9).svg|/Oppo4/download (9).svg|/Oppo5/download (9).svg|/Oppo6/download (9).svg|/Sound Bars/download (9).svg|/tvs/download (9).svg,download (9).svg|download (9).svg|download (9).svg|download (9).svg|download (9).svg|download (9).svg|download (9).svg|download (9).svg|download (9).svg|download (9).svg|download (9).svg|download (9).svg|download (9).svg|download (9).svg|download (9).svg,412,24,24
download.svg,same filename in 15 different source folders,15,6a7ca9d85c7cd75eb830921e|6a7caadc5c7cd75eb840f9b5|6a7cab5e5c7cd75eb8492e41|6a7cabb15c7cd75eb84e9a1a|6a7caf675c7cd75eb88bf241|6a7c25d95c7cd75eb8531b85|6a7cac075c7cd75eb853f65a|6a7c24ec5c7cd75eb84c4c0e|6a7cac9d5c7cd75eb85d3183|6a7cadd15c7cd75eb8709420|6a7cae085c7cd75eb8740f99|6a7caeb85c7cd75eb87f92f7|6a7caeed5c7cd75eb8837f0e|6a7c21d65c7cd75eb8364bcf|6a7c236d5c7cd75eb8413751,/airbuds/download.svg|/airbuds2/download.svg|/airbuds3/download.svg|/airbuds4/download.svg|/airbuds5/download.svg|/Bts/download.svg|/gadgets/download.svg|/itel/download.svg|/Oppo2/download.svg|/Oppo3/download.svg|/Oppo4/download.svg|/Oppo5/download.svg|/Oppo6/download.svg|/Sound Bars/download.svg|/tvs/download.svg,download.svg|download.svg|download.svg|download.svg|download.svg|download.svg|download.svg|download.svg|download.svg|download.svg|download.svg|download.svg|download.svg|download.svg|download.svg,185,20,20
energizer-logo-original (1).webp,same filename in 5 different source folders,5,6a7c24ec5c7cd75eb84c4e88|6a7cac9d5c7cd75eb85d329a|6a7cadd15c7cd75eb87098c9|6a7caeb85c7cd75eb87f9e5c|6a7caeed5c7cd75eb883825b,/itel/energizer-logo-original (1).webp|/Oppo2/energizer-logo-original (1).webp|/Oppo3/energizer-logo-original (1).webp|/Oppo5/energizer-logo-original (1).webp|/Oppo6/energizer-logo-original (1).webp,energizer-logo-original (1).webp|energizer-logo-original (1).webp|energizer-logo-original (1).webp|energizer-logo-original (1).webp|energizer-logo-original (1).webp,7876,320,160
energizer-logo-original (2).webp,same filename in 5 different source folders,5,6a7c24ec5c7cd75eb84c4f7e|6a7cac9d5c7cd75eb85d32d5|6a7cadd15c7cd75eb87094bc|6a7caeb85c7cd75eb87f920f|6a7caeec5c7cd75eb8837218,/itel/energizer-logo-original (2).webp|/Oppo2/energizer-logo-original (2).webp|/Oppo3/energizer-logo-original (2).webp|/Oppo5/energizer-logo-original (2).webp|/Oppo6/energizer-logo-original (2).webp,energizer-logo-original (2).webp|energizer-logo-original (2).webp|energizer-logo-original (2).webp|energizer-logo-original (2).webp|energizer-logo-original (2).webp,2648,100,50
energizer-logo-original.webp,same filename in 6 different source folders,6,6a7c24ec5c7cd75eb84c4fab|6a7cac9d5c7cd75eb85d31fc|6a7cadd25c7cd75eb8709eb4|6a7cae075c7cd75eb8740baf|6a7caeb85c7cd75eb87f9240|6a7caeed5c7cd75eb8838166,/itel/energizer-logo-original.webp|/Oppo2/energizer-logo-original.webp|/Oppo3/energizer-logo-original.webp|/Oppo4/energizer-logo-original.webp|/Oppo5/energizer-logo-original.webp|/Oppo6/energizer-logo-original.webp,energizer-logo-original.webp|energizer-logo-original.webp|energizer-logo-original.webp|energizer-logo-original.webp|energizer-logo-original.webp|energizer-logo-original.webp,7598,320,160
galaxy-buds-3-fe-n-medium (1).webp,same filename in 3 different source folders,3,6a7ca9d95c7cd75eb8309ded|6a7caadc5c7cd75eb840fa29|6a7cab5e5c7cd75eb849376e,/airbuds/galaxy-buds-3-fe-n-medium (1).webp|/airbuds2/galaxy-buds-3-fe-n-medium (1).webp|/airbuds3/galaxy-buds-3-fe-n-medium (1).webp,galaxy-buds-3-fe-n-medium (1).webp|galaxy-buds-3-fe-n-medium (1).webp|galaxy-buds-3-fe-n-medium (1).webp,3874,320,320
galaxy-buds-3-fe-n-medium (2).webp,same filename in 3 different source folders,3,6a7ca9dc5c7cd75eb830d348|6a7caadc5c7cd75eb840fa93|6a7cab5e5c7cd75eb84934c3,/airbuds/galaxy-buds-3-fe-n-medium (2).webp|/airbuds2/galaxy-buds-3-fe-n-medium (2).webp|/airbuds3/galaxy-buds-3-fe-n-medium (2).webp,galaxy-buds-3-fe-n-medium (2).webp|galaxy-buds-3-fe-n-medium (2).webp|galaxy-buds-3-fe-n-medium (2).webp,2114,145,145
galaxy-buds-3-fe-n-medium.webp,same filename in 3 different source folders,3,6a7ca9dc5c7cd75eb830d46a|6a7caadc5c7cd75eb840fec1|6a7cab5e5c7cd75eb84934e6,/airbuds/galaxy-buds-3-fe-n-medium.webp|/airbuds2/galaxy-buds-3-fe-n-medium.webp|/airbuds3/galaxy-buds-3-fe-n-medium.webp,galaxy-buds-3-fe-n-medium.webp|galaxy-buds-3-fe-n-medium.webp|galaxy-buds-3-fe-n-medium.webp,5544,320,320
galaxy-buds-core-c-medium (1).webp,same filename in 3 different source folders,3,6a7ca9dc5c7cd75eb830d353|6a7caadc5c7cd75eb840feab|6a7cab5e5c7cd75eb849327a,/airbuds/galaxy-buds-core-c-medium (1).webp|/airbuds2/galaxy-buds-core-c-medium (1).webp|/airbuds3/galaxy-buds-core-c-medium (1).webp,galaxy-buds-core-c-medium (1).webp|galaxy-buds-core-c-medium (1).webp|galaxy-buds-core-c-medium (1).webp,2918,320,320
galaxy-buds-core-c-medium (2).webp,same filename in 3 different source folders,3,6a7ca9dc5c7cd75eb830d45b|6a7caadc5c7cd75eb84103d0|6a7cab5e5c7cd75eb8493538,/airbuds/galaxy-buds-core-c-medium (2).webp|/airbuds2/galaxy-buds-core-c-medium (2).webp|/airbuds3/galaxy-buds-core-c-medium (2).webp,galaxy-buds-core-c-medium (2).webp|galaxy-buds-core-c-medium (2).webp|galaxy-buds-core-c-medium (2).webp,1788,145,145
galaxy-buds-core-c-medium.webp,same filename in 3 different source folders,3,6a7ca9de5c7cd75eb830f213|6a7caadc5c7cd75eb84104e2|6a7cab5e5c7cd75eb849315e,/airbuds/galaxy-buds-core-c-medium.webp|/airbuds2/galaxy-buds-core-c-medium.webp|/airbuds3/galaxy-buds-core-c-medium.webp,galaxy-buds-core-c-medium.webp|galaxy-buds-core-c-medium.webp|galaxy-buds-core-c-medium.webp,4502,320,320
google-logo-original (1).webp,same filename in 10 different source folders,10,6a7ca9de5c7cd75eb830f293|6a7caadc5c7cd75eb8410003|6a7cab5e5c7cd75eb84937bf|6a7cabb15c7cd75eb84e9e41|6a7caf655c7cd75eb88bdca3|6a7c24ec5c7cd75eb84c4f80|6a7cac9d5c7cd75eb85d32eb|6a7cadd15c7cd75eb8709732|6a7caeb85c7cd75eb87f9d01|6a7caeed5c7cd75eb883819f,/airbuds/google-logo-original (1).webp|/airbuds2/google-logo-original (1).webp|/airbuds3/google-logo-original (1).webp|/airbuds4/google-logo-original (1).webp|/airbuds5/google-logo-original (1).webp|/itel/google-logo-original (1).webp|/Oppo2/google-logo-original (1).webp|/Oppo3/google-logo-original (1).webp|/Oppo5/google-logo-original (1).webp|/Oppo6/google-logo-original (1).webp,google-logo-original (1).webp|google-logo-original (1).webp|google-logo-original (1).webp|google-logo-original (1).webp|google-logo-original (1).webp|google-logo-original (1).webp|google-logo-original (1).webp|google-logo-original (1).webp|google-logo-original (1).webp|google-logo-original (1).webp,7564,320,160
google-logo-original (2).webp,same filename in 10 different source folders,10,6a7ca9de5c7cd75eb830f30e|6a7caadc5c7cd75eb840fd62|6a7cab5e5c7cd75eb8493121|6a7cabb15c7cd75eb84e9a37|6a7caf675c7cd75eb88bf24c|6a7c24ec5c7cd75eb84c4ed6|6a7cac9d5c7cd75eb85d32fd|6a7cadd25c7cd75eb8709dff|6a7caeb85c7cd75eb87f91d9|6a7caeed5c7cd75eb8837dd7,/airbuds/google-logo-original (2).webp|/airbuds2/google-logo-original (2).webp|/airbuds3/google-logo-original (2).webp|/airbuds4/google-logo-original (2).webp|/airbuds5/google-logo-original (2).webp|/itel/google-logo-original (2).webp|/Oppo2/google-logo-original (2).webp|/Oppo3/google-logo-original (2).webp|/Oppo5/google-logo-original (2).webp|/Oppo6/google-logo-original (2).webp,google-logo-original (2).webp|google-logo-original (2).webp|google-logo-original (2).webp|google-logo-original (2).webp|google-logo-original (2).webp|google-logo-original (2).webp|google-logo-original (2).webp|google-logo-original (2).webp|google-logo-original (2).webp|google-logo-original (2).webp,3036,100,50
google-logo-original (3).webp,same filename in 2 different source folders,2,6a7ca9de5c7cd75eb830f29e|6a7c24ec5c7cd75eb84c4fae,/airbuds/google-logo-original (3).webp|/itel/google-logo-original (3).webp,google-logo-original (3).webp|google-logo-original (3).webp,7920,320,160
google-logo-original (4).webp,same filename in 2 different source folders,2,6a7ca9de5c7cd75eb830f298|6a7c24ec5c7cd75eb84c4be9,/airbuds/google-logo-original (4).webp|/itel/google-logo-original (4).webp,google-logo-original (4).webp|google-logo-original (4).webp,7564,320,160
google-logo-original (5).webp,same filename in 2 different source folders,2,6a7ca9de5c7cd75eb830f28b|6a7c24ec5c7cd75eb84c4fb6,/airbuds/google-logo-original (5).webp|/itel/google-logo-original (5).webp,google-logo-original (5).webp|google-logo-original (5).webp,3036,100,50
google-logo-original.webp,same filename in 11 different source folders,11,6a7ca9de5c7cd75eb830f22c|6a7caadc5c7cd75eb84102a6|6a7cab5e5c7cd75eb84937b2|6a7cabb15c7cd75eb84ea0dd|6a7caf655c7cd75eb88bdc79|6a7c24ec5c7cd75eb84c4f99|6a7cac9d5c7cd75eb85d36dc|6a7cadd15c7cd75eb870946e|6a7cae085c7cd75eb87410b5|6a7caeb85c7cd75eb87f923b|6a7caeec5c7cd75eb8837495,/airbuds/google-logo-original.webp|/airbuds2/google-logo-original.webp|/airbuds3/google-logo-original.webp|/airbuds4/google-logo-original.webp|/airbuds5/google-logo-original.webp|/itel/google-logo-original.webp|/Oppo2/google-logo-original.webp|/Oppo3/google-logo-original.webp|/Oppo4/google-logo-original.webp|/Oppo5/google-logo-original.webp|/Oppo6/google-logo-original.webp,google-logo-original.webp|google-logo-original.webp|google-logo-original.webp|google-logo-original.webp|google-logo-original.webp|google-logo-original.webp|google-logo-original.webp|google-logo-original.webp|google-logo-original.webp|google-logo-original.webp|google-logo-original.webp,7920,320,160
hmd-original (1).webp,same filename in 5 different source folders,5,6a7c24ec5c7cd75eb84c505a|6a7cac9d5c7cd75eb85d30b9|6a7cadd15c7cd75eb8709494|6a7caeb85c7cd75eb87f9200|6a7caeed5c7cd75eb8837ded,/itel/hmd-original (1).webp|/Oppo2/hmd-original (1).webp|/Oppo3/hmd-original (1).webp|/Oppo5/hmd-original (1).webp|/Oppo6/hmd-original (1).webp,hmd-original (1).webp|hmd-original (1).webp|hmd-original (1).webp|hmd-original (1).webp|hmd-original (1).webp,3680,320,160
hmd-original (2).webp,same filename in 5 different source folders,5,6a7c24ec5c7cd75eb84c4fb7|6a7cac9d5c7cd75eb85d363a|6a7cadd15c7cd75eb8709245|6a7caeb85c7cd75eb87f9215|6a7caeec5c7cd75eb8837477,/itel/hmd-original (2).webp|/Oppo2/hmd-original (2).webp|/Oppo3/hmd-original (2).webp|/Oppo5/hmd-original (2).webp|/Oppo6/hmd-original (2).webp,hmd-original (2).webp|hmd-original (2).webp|hmd-original (2).webp|hmd-original (2).webp|hmd-original (2).webp,2030,100,50
hmd-original.webp,same filename in 6 different source folders,6,6a7c24ec5c7cd75eb84c4eef|6a7cac9d5c7cd75eb85d32e4|6a7cadd25c7cd75eb8709f0f|6a7cae075c7cd75eb8740e87|6a7caeb85c7cd75eb87f9f0a|6a7caeed5c7cd75eb88381a5,/itel/hmd-original.webp|/Oppo2/hmd-original.webp|/Oppo3/hmd-original.webp|/Oppo4/hmd-original.webp|/Oppo5/hmd-original.webp|/Oppo6/hmd-original.webp,hmd-original.webp|hmd-original.webp|hmd-original.webp|hmd-original.webp|hmd-original.webp|hmd-original.webp,4010,320,160
honor-logo-original (1).webp,same filename in 5 different source folders,5,6a7c24ec5c7cd75eb84c4f81|6a7cac9d5c7cd75eb85d320c|6a7cadd15c7cd75eb870947b|6a7caeb85c7cd75eb87f9301|6a7caeed5c7cd75eb883827e,/itel/honor-logo-original (1).webp|/Oppo2/honor-logo-original (1).webp|/Oppo3/honor-logo-original (1).webp|/Oppo5/honor-logo-original (1).webp|/Oppo6/honor-logo-original (1).webp,honor-logo-original (1).webp|honor-logo-original (1).webp|honor-logo-original (1).webp|honor-logo-original (1).webp|honor-logo-original (1).webp,5390,320,160
honor-logo-original (2).webp,same filename in 5 different source folders,5,6a7c24ec5c7cd75eb84c4f62|6a7cac9d5c7cd75eb85d32d7|6a7cadd25c7cd75eb8709fce|6a7caeb85c7cd75eb87f9eea|6a7caeed5c7cd75eb88377d7,/itel/honor-logo-original (2).webp|/Oppo2/honor-logo-original (2).webp|/Oppo3/honor-logo-original (2).webp|/Oppo5/honor-logo-original (2).webp|/Oppo6/honor-logo-original (2).webp,honor-logo-original (2).webp|honor-logo-original (2).webp|honor-logo-original (2).webp|honor-logo-original (2).webp|honor-logo-original (2).webp,1682,100,50
honor-logo-original.webp,same filename in 6 different source folders,6,6a7c24ec5c7cd75eb84c4e74|6a7cac9d5c7cd75eb85d38de|6a7cadd15c7cd75eb87099cf|6a7cae075c7cd75eb8740ba3|6a7caeb85c7cd75eb87f9247|6a7caeed5c7cd75eb88377e9,/itel/honor-logo-original.webp|/Oppo2/honor-logo-original.webp|/Oppo3/honor-logo-original.webp|/Oppo4/honor-logo-original.webp|/Oppo5/honor-logo-original.webp|/Oppo6/honor-logo-original.webp,honor-logo-original.webp|honor-logo-original.webp|honor-logo-original.webp|honor-logo-original.webp|honor-logo-original.webp|honor-logo-original.webp,4078,320,160
htc-logo-original (1).webp,same filename in 5 different source folders,5,6a7c24ec5c7cd75eb84c4f34|6a7cac9d5c7cd75eb85d32dc|6a7cadd15c7cd75eb87094b7|6a7caeb85c7cd75eb87f949b|6a7caeed5c7cd75eb883835d,/itel/htc-logo-original (1).webp|/Oppo2/htc-logo-original (1).webp|/Oppo3/htc-logo-original (1).webp|/Oppo5/htc-logo-original (1).webp|/Oppo6/htc-logo-original (1).webp,htc-logo-original (1).webp|htc-logo-original (1).webp|htc-logo-original (1).webp|htc-logo-original (1).webp|htc-logo-original (1).webp,3578,320,160
htc-logo-original (2).webp,same filename in 5 different source folders,5,6a7c24ec5c7cd75eb84c4ede|6a7cac9d5c7cd75eb85d38d2|6a7cadd15c7cd75eb87093c3|6a7caeb85c7cd75eb87f9fb1|6a7caeed5c7cd75eb883828e,/itel/htc-logo-original (2).webp|/Oppo2/htc-logo-original (2).webp|/Oppo3/htc-logo-original (2).webp|/Oppo5/htc-logo-original (2).webp|/Oppo6/htc-logo-original (2).webp,htc-logo-original (2).webp|htc-logo-original (2).webp|htc-logo-original (2).webp|htc-logo-original (2).webp|htc-logo-original (2).webp,1410,100,50
htc-logo-original.webp,same filename in 6 different source folders,6,6a7c24ec5c7cd75eb84c4f41|6a7cac9d5c7cd75eb85d3305|6a7cadd25c7cd75eb8709e48|6a7cae085c7cd75eb8740f92|6a7caeb85c7cd75eb87f927b|6a7caeed5c7cd75eb88382a3,/itel/htc-logo-original.webp|/Oppo2/htc-logo-original.webp|/Oppo3/htc-logo-original.webp|/Oppo4/htc-logo-original.webp|/Oppo5/htc-logo-original.webp|/Oppo6/htc-logo-original.webp,htc-logo-original.webp|htc-logo-original.webp|htc-logo-original.webp|htc-logo-original.webp|htc-logo-original.webp|htc-logo-original.webp,2380,320,160
huawei-freeclip-2-medium (1).webp,same filename in 3 different source folders,3,6a7ca9de5c7cd75eb830f21f|6a7caadd5c7cd75eb84107bd|6a7cab5e5c7cd75eb8493227,/airbuds/Huawei-FreeClip-2-medium (1).webp|/airbuds2/Huawei-FreeClip-2-medium (1).webp|/airbuds3/Huawei-FreeClip-2-medium (1).webp,Huawei-FreeClip-2-medium (1).webp|Huawei-FreeClip-2-medium (1).webp|Huawei-FreeClip-2-medium (1).webp,4518,320,320
huawei-freeclip-2-medium (2).webp,same filename in 3 different source folders,3,6a7ca9de5c7cd75eb830f22f|6a7caadc5c7cd75eb841024c|6a7cab5e5c7cd75eb8493547,/airbuds/Huawei-FreeClip-2-medium (2).webp|/airbuds2/Huawei-FreeClip-2-medium (2).webp|/airbuds3/Huawei-FreeClip-2-medium (2).webp,Huawei-FreeClip-2-medium (2).webp|Huawei-FreeClip-2-medium (2).webp|Huawei-FreeClip-2-medium (2).webp,2554,145,145
huawei-freeclip-2-medium.webp,same filename in 3 different source folders,3,6a7ca9de5c7cd75eb830f674|6a7caadd5c7cd75eb84107a5|6a7cab5e5c7cd75eb8493378,/airbuds/Huawei-FreeClip-2-medium.webp|/airbuds2/Huawei-FreeClip-2-medium.webp|/airbuds3/Huawei-FreeClip-2-medium.webp,Huawei-FreeClip-2-medium.webp|Huawei-FreeClip-2-medium.webp|Huawei-FreeClip-2-medium.webp,7382,320,320
huawei-logo-original (1).webp,same filename in 10 different source folders,10,6a7ca9de5c7cd75eb830f5ea|6a7caadc5c7cd75eb8410401|6a7cab5e5c7cd75eb849344d|6a7cabb15c7cd75eb84e9b60|6a7caf675c7cd75eb88bf256|6a7c24ec5c7cd75eb84c4e7a|6a7cac9d5c7cd75eb85d38c9|6a7cadd15c7cd75eb8709957|6a7caeb85c7cd75eb87f9474|6a7caeed5c7cd75eb88383f0,/airbuds/huawei-logo-original (1).webp|/airbuds2/huawei-logo-original (1).webp|/airbuds3/huawei-logo-original (1).webp|/airbuds4/huawei-logo-original (1).webp|/airbuds5/huawei-logo-original (1).webp|/itel/huawei-logo-original (1).webp|/Oppo2/huawei-logo-original (1).webp|/Oppo3/huawei-logo-original (1).webp|/Oppo5/huawei-logo-original (1).webp|/Oppo6/huawei-logo-original (1).webp,huawei-logo-original (1).webp|huawei-logo-original (1).webp|huawei-logo-original (1).webp|huawei-logo-original (1).webp|huawei-logo-original (1).webp|huawei-logo-original (1).webp|huawei-logo-original (1).webp|huawei-logo-original (1).webp|huawei-logo-original (1).webp|huawei-logo-original (1).webp,8726,320,160
huawei-logo-original (2).webp,same filename in 10 different source folders,10,6a7ca9de5c7cd75eb830f792|6a7caadc5c7cd75eb84101f9|6a7cab5e5c7cd75eb84929fc|6a7cabb15c7cd75eb84e9f74|6a7caf675c7cd75eb88bf320|6a7c24ec5c7cd75eb84c4fd8|6a7cac9d5c7cd75eb85d3665|6a7cadd25c7cd75eb870a017|6a7caeb85c7cd75eb87f921f|6a7caeed5c7cd75eb8837f19,/airbuds/huawei-logo-original (2).webp|/airbuds2/huawei-logo-original (2).webp|/airbuds3/huawei-logo-original (2).webp|/airbuds4/huawei-logo-original (2).webp|/airbuds5/huawei-logo-original (2).webp|/itel/huawei-logo-original (2).webp|/Oppo2/huawei-logo-original (2).webp|/Oppo3/huawei-logo-original (2).webp|/Oppo5/huawei-logo-original (2).webp|/Oppo6/huawei-logo-original (2).webp,huawei-logo-original (2).webp|huawei-logo-original (2).webp|huawei-logo-original (2).webp|huawei-logo-original (2).webp|huawei-logo-original (2).webp|huawei-logo-original (2).webp|huawei-logo-original (2).webp|huawei-logo-original (2).webp|huawei-logo-original (2).webp|huawei-logo-original (2).webp,2894,100,50
huawei-logo-original (3).webp,same filename in 2 different source folders,2,6a7ca9de5c7cd75eb830f79e|6a7c24ed5c7cd75eb84c50da,/airbuds/huawei-logo-original (3).webp|/itel/huawei-logo-original (3).webp,huawei-logo-original (3).webp|huawei-logo-original (3).webp,9538,320,160
huawei-logo-original (4).webp,same filename in 2 different source folders,2,6a7ca9de5c7cd75eb830f744|6a7c24ec5c7cd75eb84c5000,/airbuds/huawei-logo-original (4).webp|/itel/huawei-logo-original (4).webp,huawei-logo-original (4).webp|huawei-logo-original (4).webp,8726,320,160
huawei-logo-original.webp,same filename in 11 different source folders,11,6a7ca9de5c7cd75eb830fc00|6a7caadd5c7cd75eb84107c6|6a7cab5e5c7cd75eb8493373|6a7cabb15c7cd75eb84ea2d2|6a7caf675c7cd75eb88bf33d|6a7c24ec5c7cd75eb84c504a|6a7cac9d5c7cd75eb85d3796|6a7cadd15c7cd75eb8709762|6a7cae075c7cd75eb8740bdb|6a7caeb85c7cd75eb87f921d|6a7caeed5c7cd75eb8837df9,/airbuds/huawei-logo-original.webp|/airbuds2/huawei-logo-original.webp|/airbuds3/huawei-logo-original.webp|/airbuds4/huawei-logo-original.webp|/airbuds5/huawei-logo-original.webp|/itel/huawei-logo-original.webp|/Oppo2/huawei-logo-original.webp|/Oppo3/huawei-logo-original.webp|/Oppo4/huawei-logo-original.webp|/Oppo5/huawei-logo-original.webp|/Oppo6/huawei-logo-original.webp,huawei-logo-original.webp|huawei-logo-original.webp|huawei-logo-original.webp|huawei-logo-original.webp|huawei-logo-original.webp|huawei-logo-original.webp|huawei-logo-original.webp|huawei-logo-original.webp|huawei-logo-original.webp|huawei-logo-original.webp|huawei-logo-original.webp,9538,320,160
infinix-logo-original (1).webp,same filename in 6 different source folders,6,6a7c24ec5c7cd75eb84c4f78|6a7cac9d5c7cd75eb85d395f|6a7cadd15c7cd75eb8709a9d|6a7caeb85c7cd75eb87f9315|6a7caeed5c7cd75eb8837ef9|6a7c236e5c7cd75eb8414116,/itel/infinix-logo-original (1).webp|/Oppo2/infinix-logo-original (1).webp|/Oppo3/infinix-logo-original (1).webp|/Oppo5/infinix-logo-original (1).webp|/Oppo6/infinix-logo-original (1).webp|/tvs/infinix-logo-original (1).webp,infinix-logo-original (1).webp|infinix-logo-original (1).webp|infinix-logo-original (1).webp|infinix-logo-original (1).webp|infinix-logo-original (1).webp|infinix-logo-original (1).webp,3948,320,160
infinix-logo-original (2).webp,same filename in 6 different source folders,6,6a7c24ec5c7cd75eb84c5087|6a7cac9e5c7cd75eb85d3a07|6a7cadd15c7cd75eb87096f0|6a7caeb85c7cd75eb87f968f|6a7caeed5c7cd75eb8838197|6a7c236e5c7cd75eb841419f,/itel/infinix-logo-original (2).webp|/Oppo2/infinix-logo-original (2).webp|/Oppo3/infinix-logo-original (2).webp|/Oppo5/infinix-logo-original (2).webp|/Oppo6/infinix-logo-original (2).webp|/tvs/infinix-logo-original (2).webp,infinix-logo-original (2).webp|infinix-logo-original (2).webp|infinix-logo-original (2).webp|infinix-logo-original (2).webp|infinix-logo-original (2).webp|infinix-logo-original (2).webp,1954,100,50
infinix-logo-original (3).webp,same filename in 2 different source folders,2,6a7c24ec5c7cd75eb84c4efc|6a7c236e5c7cd75eb8414160,/itel/infinix-logo-original (3).webp|/tvs/infinix-logo-original (3).webp,infinix-logo-original (3).webp|infinix-logo-original (3).webp,4146,320,160
infinix-logo-original (4).webp,same filename in 2 different source folders,2,6a7c24ec5c7cd75eb84c4f87|6a7c236e5c7cd75eb8414349,/itel/infinix-logo-original (4).webp|/tvs/infinix-logo-original (4).webp,infinix-logo-original (4).webp|infinix-logo-original (4).webp,3948,320,160
infinix-logo-original (5).webp,same filename in 2 different source folders,2,6a7c24ec5c7cd75eb84c4f2a|6a7c236e5c7cd75eb84142bb,/itel/infinix-logo-original (5).webp|/tvs/infinix-logo-original (5).webp,infinix-logo-original (5).webp|infinix-logo-original (5).webp,1954,100,50
infinix-logo-original.webp,same filename in 7 different source folders,7,6a7c24ed5c7cd75eb84c5a88|6a7cac9e5c7cd75eb85d3a8a|6a7cadd25c7cd75eb8709dd4|6a7cae085c7cd75eb874102b|6a7caeb85c7cd75eb87f96df|6a7caeed5c7cd75eb8838281|6a7c236e5c7cd75eb8414317,/itel/infinix-logo-original.webp|/Oppo2/infinix-logo-original.webp|/Oppo3/infinix-logo-original.webp|/Oppo4/infinix-logo-original.webp|/Oppo5/infinix-logo-original.webp|/Oppo6/infinix-logo-original.webp|/tvs/infinix-logo-original.webp,infinix-logo-original.webp|infinix-logo-original.webp|infinix-logo-original.webp|infinix-logo-original.webp|infinix-logo-original.webp|infinix-logo-original.webp|infinix-logo-original.webp,4146,320,160
itel-logo-original (1).webp,same filename in 6 different source folders,6,6a7c25435c7cd75eb84ec8d8|6a7cac9e5c7cd75eb85d3ad3|6a7cadd05c7cd75eb870909a|6a7caeb85c7cd75eb87f92fe|6a7caeed5c7cd75eb883861c|6a7c236e5c7cd75eb8414334,/itel/itel-logo-original (1).webp|/Oppo2/itel-logo-original (1).webp|/Oppo3/itel-logo-original (1).webp|/Oppo5/itel-logo-original (1).webp|/Oppo6/itel-logo-original (1).webp|/tvs/itel-logo-original (1).webp,itel-logo-original (1).webp|itel-logo-original (1).webp|itel-logo-original (1).webp|itel-logo-original (1).webp|itel-logo-original (1).webp|itel-logo-original (1).webp,10814,320,160
itel-logo-original (2).webp,same filename in 6 different source folders,6,6a7c25475c7cd75eb84ee791|6a7cac9d5c7cd75eb85d348f|6a7cadd15c7cd75eb87096c9|6a7caeb85c7cd75eb87f950b|6a7caeed5c7cd75eb88382ba|6a7c23755c7cd75eb8418bba,/itel/itel-logo-original (2).webp|/Oppo2/itel-logo-original (2).webp|/Oppo3/itel-logo-original (2).webp|/Oppo5/itel-logo-original (2).webp|/Oppo6/itel-logo-original (2).webp|/tvs/itel-logo-original (2).webp,itel-logo-original (2).webp|itel-logo-original (2).webp|itel-logo-original (2).webp|itel-logo-original (2).webp|itel-logo-original (2).webp|itel-logo-original (2).webp,3642,100,50
itel-logo-original (3).webp,same filename in 2 different source folders,2,6a7c25425c7cd75eb84eb521|6a7c23755c7cd75eb8418b7e,/itel/itel-logo-original (3).webp|/tvs/itel-logo-original (3).webp,itel-logo-original (3).webp|itel-logo-original (3).webp,10850,320,160
itel-logo-original (4).webp,same filename in 2 different source folders,2,6a7c25495c7cd75eb84ef134|6a7c23755c7cd75eb8418b91,/itel/itel-logo-original (4).webp|/tvs/itel-logo-original (4).webp,itel-logo-original (4).webp|itel-logo-original (4).webp,10814,320,160
itel-logo-original (5).webp,same filename in 2 different source folders,2,6a7c25435c7cd75eb84ec86e|6a7c23755c7cd75eb8418ae4,/itel/itel-logo-original (5).webp|/tvs/itel-logo-original (5).webp,itel-logo-original (5).webp|itel-logo-original (5).webp,3642,100,50
itel-logo-original.webp,same filename in 7 different source folders,7,6a7c25495c7cd75eb84ef0fc|6a7cac9d5c7cd75eb85d371d|6a7cadd15c7cd75eb8709444|6a7cae075c7cd75eb8740d3b|6a7caeb85c7cd75eb87f950a|6a7caeed5c7cd75eb88382b9|6a7c238c5c7cd75eb8421adc,/itel/itel-logo-original.webp|/Oppo2/itel-logo-original.webp|/Oppo3/itel-logo-original.webp|/Oppo4/itel-logo-original.webp|/Oppo5/itel-logo-original.webp|/Oppo6/itel-logo-original.webp|/tvs/itel-logo-original.webp,itel-logo-original.webp|itel-logo-original.webp|itel-logo-original.webp|itel-logo-original.webp|itel-logo-original.webp|itel-logo-original.webp|itel-logo-original.webp,10850,320,160
jbl-endurance-race-2-medium (1).webp,same filename in 2 different source folders,2,6a7caadc5c7cd75eb8410267|6a7cab5e5c7cd75eb8492ee5,/airbuds2/JBL-Endurance-Race-2-medium (1).webp|/airbuds3/JBL-Endurance-Race-2-medium (1).webp,JBL-Endurance-Race-2-medium (1).webp|JBL-Endurance-Race-2-medium (1).webp,3652,320,320
jbl-endurance-race-2-medium (2).webp,same filename in 2 different source folders,2,6a7caadc5c7cd75eb84102e0|6a7cab5e5c7cd75eb8493493,/airbuds2/JBL-Endurance-Race-2-medium (2).webp|/airbuds3/JBL-Endurance-Race-2-medium (2).webp,JBL-Endurance-Race-2-medium (2).webp|JBL-Endurance-Race-2-medium (2).webp,2046,145,145
jbl-endurance-race-2-medium.webp,same filename in 2 different source folders,2,6a7caadc5c7cd75eb8410420|6a7cab5e5c7cd75eb84931fb,/airbuds2/JBL-Endurance-Race-2-medium.webp|/airbuds3/JBL-Endurance-Race-2-medium.webp,JBL-Endurance-Race-2-medium.webp|JBL-Endurance-Race-2-medium.webp,4594,320,320
jbl-live-beam-3-medium (1).webp,same filename in 3 different source folders,3,6a7ca9de5c7cd75eb830fb76|6a7caadc5c7cd75eb841057f|6a7cab5e5c7cd75eb84934b8,/airbuds/JBL-Live-Beam-3-medium (1).webp|/airbuds2/JBL-Live-Beam-3-medium (1).webp|/airbuds3/JBL-Live-Beam-3-medium (1).webp,JBL-Live-Beam-3-medium (1).webp|JBL-Live-Beam-3-medium (1).webp|JBL-Live-Beam-3-medium (1).webp,6576,320,320
jbl-live-beam-3-medium (2).webp,same filename in 3 different source folders,3,6a7ca9de5c7cd75eb830fcae|6a7caadc5c7cd75eb84103ca|6a7cab5e5c7cd75eb8493503,/airbuds/JBL-Live-Beam-3-medium (2).webp|/airbuds2/JBL-Live-Beam-3-medium (2).webp|/airbuds3/JBL-Live-Beam-3-medium (2).webp,JBL-Live-Beam-3-medium (2).webp|JBL-Live-Beam-3-medium (2).webp|JBL-Live-Beam-3-medium (2).webp,3470,145,145
jbl-live-beam-3-medium.webp,same filename in 3 different source folders,3,6a7ca9de5c7cd75eb830fc53|6a7caadd5c7cd75eb84107c7|6a7cab5e5c7cd75eb84933fb,/airbuds/JBL-Live-Beam-3-medium.webp|/airbuds2/JBL-Live-Beam-3-medium.webp|/airbuds3/JBL-Live-Beam-3-medium.webp,JBL-Live-Beam-3-medium.webp|JBL-Live-Beam-3-medium.webp|JBL-Live-Beam-3-medium.webp,7966,320,320
jbl-live-buds-3-a-medium (1).webp,same filename in 2 different source folders,2,6a7caadc5c7cd75eb841053f|6a7cab5e5c7cd75eb8492a48,/airbuds2/JBL-Live-Buds-3-a-medium (1).webp|/airbuds3/JBL-Live-Buds-3-a-medium (1).webp,JBL-Live-Buds-3-a-medium (1).webp|JBL-Live-Buds-3-a-medium (1).webp,6778,320,320
jbl-live-buds-3-a-medium (2).webp,same filename in 2 different source folders,2,6a7caadd5c7cd75eb841094a|6a7cab5e5c7cd75eb84937b6,/airbuds2/JBL-Live-Buds-3-a-medium (2).webp|/airbuds3/JBL-Live-Buds-3-a-medium (2).webp,JBL-Live-Buds-3-a-medium (2).webp|JBL-Live-Buds-3-a-medium (2).webp,3538,145,145
jbl-live-buds-3-a-medium.webp,same filename in 2 different source folders,2,6a7caadd5c7cd75eb8410917|6a7cab5e5c7cd75eb8493363,/airbuds2/JBL-Live-Buds-3-a-medium.webp|/airbuds3/JBL-Live-Buds-3-a-medium.webp,JBL-Live-Buds-3-a-medium.webp|JBL-Live-Buds-3-a-medium.webp,8258,320,320
jbl-live-flex-3-medium (1).webp,same filename in 3 different source folders,3,6a7ca9de5c7cd75eb830fc51|6a7caadd5c7cd75eb8410932|6a7cab5e5c7cd75eb8493707,/airbuds/JBL-Live-Flex-3-medium (1).webp|/airbuds2/JBL-Live-Flex-3-medium (1).webp|/airbuds3/JBL-Live-Flex-3-medium (1).webp,JBL-Live-Flex-3-medium (1).webp|JBL-Live-Flex-3-medium (1).webp|JBL-Live-Flex-3-medium (1).webp,7188,320,320
jbl-live-flex-3-medium (2).webp,same filename in 3 different source folders,3,6a7ca9de5c7cd75eb830fc58|6a7caadd5c7cd75eb8410926|6a7cab5e5c7cd75eb84929d2,/airbuds/JBL-Live-Flex-3-medium (2).webp|/airbuds2/JBL-Live-Flex-3-medium (2).webp|/airbuds3/JBL-Live-Flex-3-medium (2).webp,JBL-Live-Flex-3-medium (2).webp|JBL-Live-Flex-3-medium (2).webp|JBL-Live-Flex-3-medium (2).webp,3682,145,145
jbl-live-flex-3-medium.webp,same filename in 3 different source folders,3,6a7ca9de5c7cd75eb830fc8c|6a7caade5c7cd75eb84129cb|6a7cab5e5c7cd75eb84934c0,/airbuds/JBL-Live-Flex-3-medium.webp|/airbuds2/JBL-Live-Flex-3-medium.webp|/airbuds3/JBL-Live-Flex-3-medium.webp,JBL-Live-Flex-3-medium.webp|JBL-Live-Flex-3-medium.webp|JBL-Live-Flex-3-medium.webp,8834,320,320
jbl-live-pro-2-medium (1).webp,same filename in 2 different source folders,2,6a7caadd5c7cd75eb8410d36|6a7cab5e5c7cd75eb8493498,/airbuds2/JBL-Live-Pro-2-medium (1).webp|/airbuds3/JBL-Live-Pro-2-medium (1).webp,JBL-Live-Pro-2-medium (1).webp|JBL-Live-Pro-2-medium (1).webp,4172,320,320
jbl-live-pro-2-medium (2).webp,same filename in 2 different source folders,2,6a7caadd5c7cd75eb841095a|6a7cab5e5c7cd75eb84934d7,/airbuds2/JBL-Live-Pro-2-medium (2).webp|/airbuds3/JBL-Live-Pro-2-medium (2).webp,JBL-Live-Pro-2-medium (2).webp|JBL-Live-Pro-2-medium (2).webp,2318,145,145
jbl-live-pro-2-medium.webp,same filename in 2 different source folders,2,6a7caadd5c7cd75eb8410964|6a7cab5e5c7cd75eb84934c2,/airbuds2/JBL-Live-Pro-2-medium.webp|/airbuds3/JBL-Live-Pro-2-medium.webp,JBL-Live-Pro-2-medium.webp|JBL-Live-Pro-2-medium.webp,5668,320,320
jbl-logo-original (1).webp,same filename in 6 different source folders,6,6a7ca9de5c7cd75eb830fd95|6a7caade5c7cd75eb8412b93|6a7cab5e5c7cd75eb8492a97|6a7cabb15c7cd75eb84e9e29|6a7caf665c7cd75eb88bdf1f|6a7c26015c7cd75eb8542aa4,/airbuds/jbl-logo-original (1).webp|/airbuds2/jbl-logo-original (1).webp|/airbuds3/jbl-logo-original (1).webp|/airbuds4/jbl-logo-original (1).webp|/airbuds5/jbl-logo-original (1).webp|/Bts/jbl-logo-original (1).webp,jbl-logo-original (1).webp|jbl-logo-original (1).webp|jbl-logo-original (1).webp|jbl-logo-original (1).webp|jbl-logo-original (1).webp|jbl-logo-original (1).webp,3178,320,160
jbl-logo-original (2).webp,same filename in 6 different source folders,6,6a7ca9de5c7cd75eb830fd9d|6a7caadd5c7cd75eb84109b7|6a7cab5e5c7cd75eb8493629|6a7cabb15c7cd75eb84e9e34|6a7caf675c7cd75eb88bf467|6a7c26015c7cd75eb8542a11,/airbuds/jbl-logo-original (2).webp|/airbuds2/jbl-logo-original (2).webp|/airbuds3/jbl-logo-original (2).webp|/airbuds4/jbl-logo-original (2).webp|/airbuds5/jbl-logo-original (2).webp|/Bts/jbl-logo-original (2).webp,jbl-logo-original (2).webp|jbl-logo-original (2).webp|jbl-logo-original (2).webp|jbl-logo-original (2).webp|jbl-logo-original (2).webp|jbl-logo-original (2).webp,1774,100,50
jbl-logo-original (3).webp,same filename in 2 different source folders,2,6a7ca9de5c7cd75eb830fd08|6a7c26015c7cd75eb8542a81,/airbuds/jbl-logo-original (3).webp|/Bts/jbl-logo-original (3).webp,jbl-logo-original (3).webp|jbl-logo-original (3).webp,3278,320,160
jbl-logo-original (4).webp,same filename in 2 different source folders,2,6a7ca9de5c7cd75eb830fca7|6a7c26025c7cd75eb8542ede,/airbuds/jbl-logo-original (4).webp|/Bts/jbl-logo-original (4).webp,jbl-logo-original (4).webp|jbl-logo-original (4).webp,3178,320,160
jbl-logo-original.webp,same filename in 6 different source folders,6,6a7ca9de5c7cd75eb830fd28|6a7caadd5c7cd75eb8410da1|6a7cab5e5c7cd75eb84934f3|6a7cabb15c7cd75eb84e9abd|6a7caf675c7cd75eb88bf223|6a7c26015c7cd75eb8542a8f,/airbuds/jbl-logo-original.webp|/airbuds2/jbl-logo-original.webp|/airbuds3/jbl-logo-original.webp|/airbuds4/jbl-logo-original.webp|/airbuds5/jbl-logo-original.webp|/Bts/jbl-logo-original.webp,jbl-logo-original.webp|jbl-logo-original.webp|jbl-logo-original.webp|jbl-logo-original.webp|jbl-logo-original.webp|jbl-logo-original.webp,3278,320,160
jbl-tune-buds-2-m-medium (1).webp,same filename in 3 different source folders,3,6a7ca9de5c7cd75eb830fda8|6a7caadd5c7cd75eb8410db1|6a7cab5e5c7cd75eb8493815,/airbuds/JBL-Tune-Buds-2-m-medium (1).webp|/airbuds2/JBL-Tune-Buds-2-m-medium (1).webp|/airbuds3/JBL-Tune-Buds-2-m-medium (1).webp,JBL-Tune-Buds-2-m-medium (1).webp|JBL-Tune-Buds-2-m-medium (1).webp|JBL-Tune-Buds-2-m-medium (1).webp,6002,320,320
jbl-tune-buds-2-m-medium (2).webp,same filename in 3 different source folders,3,6a7ca9de5c7cd75eb830fdc3|6a7caade5c7cd75eb8412000|6a7cab5e5c7cd75eb84937b0,/airbuds/JBL-Tune-Buds-2-m-medium (2).webp|/airbuds2/JBL-Tune-Buds-2-m-medium (2).webp|/airbuds3/JBL-Tune-Buds-2-m-medium (2).webp,JBL-Tune-Buds-2-m-medium (2).webp|JBL-Tune-Buds-2-m-medium (2).webp|JBL-Tune-Buds-2-m-medium (2).webp,3054,145,145
jbl-tune-buds-2-m-medium.webp,same filename in 3 different source folders,3,6a7ca9de5c7cd75eb830fde1|6a7caadd5c7cd75eb8410c51|6a7cab5e5c7cd75eb84937ba,/airbuds/JBL-Tune-Buds-2-m-medium.webp|/airbuds2/JBL-Tune-Buds-2-m-medium.webp|/airbuds3/JBL-Tune-Buds-2-m-medium.webp,JBL-Tune-Buds-2-m-medium.webp|JBL-Tune-Buds-2-m-medium.webp|JBL-Tune-Buds-2-m-medium.webp,7570,320,320
jbl-tune-flex-2-c-medium (1).webp,same filename in 2 different source folders,2,6a7caadd5c7cd75eb8410fb1|6a7cab5e5c7cd75eb84935cd,/airbuds2/JBL-Tune-Flex-2-c-medium (1).webp|/airbuds3/JBL-Tune-Flex-2-c-medium (1).webp,JBL-Tune-Flex-2-c-medium (1).webp|JBL-Tune-Flex-2-c-medium (1).webp,4026,320,320
jbl-tune-flex-2-c-medium (2).webp,same filename in 2 different source folders,2,6a7caade5c7cd75eb8412144|6a7cab5e5c7cd75eb84935f8,/airbuds2/JBL-Tune-Flex-2-c-medium (2).webp|/airbuds3/JBL-Tune-Flex-2-c-medium (2).webp,JBL-Tune-Flex-2-c-medium (2).webp|JBL-Tune-Flex-2-c-medium (2).webp,2372,145,145
jbl-tune-flex-2-c-medium.webp,same filename in 2 different source folders,2,6a7caadd5c7cd75eb8410f27|6a7cab5f5c7cd75eb8493884,/airbuds2/JBL-Tune-Flex-2-c-medium.webp|/airbuds3/JBL-Tune-Flex-2-c-medium.webp,JBL-Tune-Flex-2-c-medium.webp|JBL-Tune-Flex-2-c-medium.webp,5686,320,320
lava-logo-original (1).webp,same filename in 5 different source folders,5,6a7c25505c7cd75eb84f12cc|6a7cac9d5c7cd75eb85d37af|6a7cadd15c7cd75eb87099af|6a7caeb85c7cd75eb87f9244|6a7caeed5c7cd75eb88381aa,/itel/lava-logo-original (1).webp|/Oppo2/lava-logo-original (1).webp|/Oppo3/lava-logo-original (1).webp|/Oppo5/lava-logo-original (1).webp|/Oppo6/lava-logo-original (1).webp,lava-logo-original (1).webp|lava-logo-original (1).webp|lava-logo-original (1).webp|lava-logo-original (1).webp|lava-logo-original (1).webp,9632,320,160
lava-logo-original (2).webp,same filename in 5 different source folders,5,6a7c25515c7cd75eb84f1a59|6a7cac9e5c7cd75eb85d3f3f|6a7cadd05c7cd75eb87091a6|6a7caeb85c7cd75eb87f947f|6a7caeed5c7cd75eb8838413,/itel/lava-logo-original (2).webp|/Oppo2/lava-logo-original (2).webp|/Oppo3/lava-logo-original (2).webp|/Oppo5/lava-logo-original (2).webp|/Oppo6/lava-logo-original (2).webp,lava-logo-original (2).webp|lava-logo-original (2).webp|lava-logo-original (2).webp|lava-logo-original (2).webp|lava-logo-original (2).webp,2496,100,50
lava-logo-original.webp,same filename in 6 different source folders,6,6a7c25505c7cd75eb84f1288|6a7cac9e5c7cd75eb85d3da3|6a7cadd15c7cd75eb87096ca|6a7cae075c7cd75eb8740cb7|6a7caeb85c7cd75eb87f9508|6a7caeed5c7cd75eb8838405,/itel/lava-logo-original.webp|/Oppo2/lava-logo-original.webp|/Oppo3/lava-logo-original.webp|/Oppo4/lava-logo-original.webp|/Oppo5/lava-logo-original.webp|/Oppo6/lava-logo-original.webp,lava-logo-original.webp|lava-logo-original.webp|lava-logo-original.webp|lava-logo-original.webp|lava-logo-original.webp|lava-logo-original.webp,8480,320,160
lenovo-logo-original (1).webp,same filename in 5 different source folders,5,6a7c25515c7cd75eb84f19f6|6a7cac9e5c7cd75eb85d3af2|6a7cadd15c7cd75eb8709485|6a7caeb85c7cd75eb87f9fed|6a7caeed5c7cd75eb883853c,/itel/lenovo-logo-original (1).webp|/Oppo2/lenovo-logo-original (1).webp|/Oppo3/lenovo-logo-original (1).webp|/Oppo5/lenovo-logo-original (1).webp|/Oppo6/lenovo-logo-original (1).webp,lenovo-logo-original (1).webp|lenovo-logo-original (1).webp|lenovo-logo-original (1).webp|lenovo-logo-original (1).webp|lenovo-logo-original (1).webp,6782,320,160
lenovo-logo-original (2).webp,same filename in 5 different source folders,5,6a7c25515c7cd75eb84f19f0|6a7cac9e5c7cd75eb85d3d59|6a7cadd25c7cd75eb8709ebd|6a7caeb85c7cd75eb87f9fe5|6a7caeed5c7cd75eb88385a3,/itel/lenovo-logo-original (2).webp|/Oppo2/lenovo-logo-original (2).webp|/Oppo3/lenovo-logo-original (2).webp|/Oppo5/lenovo-logo-original (2).webp|/Oppo6/lenovo-logo-original (2).webp,lenovo-logo-original (2).webp|lenovo-logo-original (2).webp|lenovo-logo-original (2).webp|lenovo-logo-original (2).webp|lenovo-logo-original (2).webp,2716,100,50
lenovo-logo-original.webp,same filename in 6 different source folders,6,6a7c25515c7cd75eb84f19fd|6a7cac9e5c7cd75eb85d3aeb|6a7cadd15c7cd75eb87099ce|6a7cae075c7cd75eb8740cc4|6a7caeb85c7cd75eb87f9f04|6a7caeee5c7cd75eb88391d4,/itel/lenovo-logo-original.webp|/Oppo2/lenovo-logo-original.webp|/Oppo3/lenovo-logo-original.webp|/Oppo4/lenovo-logo-original.webp|/Oppo5/lenovo-logo-original.webp|/Oppo6/lenovo-logo-original.webp,lenovo-logo-original.webp|lenovo-logo-original.webp|lenovo-logo-original.webp|lenovo-logo-original.webp|lenovo-logo-original.webp|lenovo-logo-original.webp,7398,320,160
lg-logo-original (1).webp,same filename in 6 different source folders,6,6a7c25515c7cd75eb84f1a41|6a7cac9d5c7cd75eb85d397a|6a7cadd15c7cd75eb87097b3|6a7caeb85c7cd75eb87f9ead|6a7caeee5c7cd75eb8838f70|6a7c23ab5c7cd75eb842ec30,/itel/lg-logo-original (1).webp|/Oppo2/lg-logo-original (1).webp|/Oppo3/lg-logo-original (1).webp|/Oppo5/lg-logo-original (1).webp|/Oppo6/lg-logo-original (1).webp|/tvs/lg-logo-original (1).webp,lg-logo-original (1).webp|lg-logo-original (1).webp|lg-logo-original (1).webp|lg-logo-original (1).webp|lg-logo-original (1).webp|lg-logo-original (1).webp,6230,320,160
lg-logo-original (2).webp,same filename in 6 different source folders,6,6a7c254f5c7cd75eb84f0e3a|6a7cac9e5c7cd75eb85d3ba6|6a7cadd05c7cd75eb870909c|6a7caeb85c7cd75eb87f9752|6a7caeee5c7cd75eb8838d1c|6a7c23ab5c7cd75eb842ece9,/itel/lg-logo-original (2).webp|/Oppo2/lg-logo-original (2).webp|/Oppo3/lg-logo-original (2).webp|/Oppo5/lg-logo-original (2).webp|/Oppo6/lg-logo-original (2).webp|/tvs/lg-logo-original (2).webp,lg-logo-original (2).webp|lg-logo-original (2).webp|lg-logo-original (2).webp|lg-logo-original (2).webp|lg-logo-original (2).webp|lg-logo-original (2).webp,2560,100,50
lg-logo-original (3).webp,same filename in 2 different source folders,2,6a7c25515c7cd75eb84f1a09|6a7c23ab5c7cd75eb842ed06,/itel/lg-logo-original (3).webp|/tvs/lg-logo-original (3).webp,lg-logo-original (3).webp|lg-logo-original (3).webp,6706,320,160
lg-logo-original (4).webp,same filename in 2 different source folders,2,6a7c25515c7cd75eb84f199f|6a7c23ab5c7cd75eb842ecbf,/itel/lg-logo-original (4).webp|/tvs/lg-logo-original (4).webp,lg-logo-original (4).webp|lg-logo-original (4).webp,6230,320,160
lg-logo-original (5).webp,same filename in 2 different source folders,2,6a7c254f5c7cd75eb84f0e43|6a7c23ab5c7cd75eb842ecfe,/itel/lg-logo-original (5).webp|/tvs/lg-logo-original (5).webp,lg-logo-original (5).webp|lg-logo-original (5).webp,2560,100,50
lg-logo-original.webp,same filename in 7 different source folders,7,6a7c25515c7cd75eb84f1a04|6a7cac9e5c7cd75eb85d3d92|6a7cadd15c7cd75eb87096cb|6a7cae075c7cd75eb8740eab|6a7caeb85c7cd75eb87f95bf|6a7caeee5c7cd75eb88390dd|6a7c23ab5c7cd75eb842ecfd,/itel/lg-logo-original.webp|/Oppo2/lg-logo-original.webp|/Oppo3/lg-logo-original.webp|/Oppo4/lg-logo-original.webp|/Oppo5/lg-logo-original.webp|/Oppo6/lg-logo-original.webp|/tvs/lg-logo-original.webp,lg-logo-original.webp|lg-logo-original.webp|lg-logo-original.webp|lg-logo-original.webp|lg-logo-original.webp|lg-logo-original.webp|lg-logo-original.webp,6706,320,160
loader.631b9ed (1).svg,same filename in 4 different source folders,4,6a7ca9de5c7cd75eb830ff21|6a7c261f5c7cd75eb8550ee8|6a7c254f5c7cd75eb84f0e4a|6a7c23ab5c7cd75eb842ed63,/airbuds/loader.631b9ed (1).svg|/Bts/loader.631b9ed (1).svg|/itel/loader.631b9ed (1).svg|/tvs/loader.631b9ed (1).svg,loader.631b9ed (1).svg|loader.631b9ed (1).svg|loader.631b9ed (1).svg|loader.631b9ed (1).svg,473,100,100
loader.631b9ed.svg,same filename in 12 different source folders,23,6a7ca9de5c7cd75eb830fef5|6a7caadd5c7cd75eb8411077|6a7cab5e5c7cd75eb84937a8|6a7cabb95c7cd75eb84f11cf|6a7caf675c7cd75eb88bf4d9|6a7c26215c7cd75eb8552587|6a7ba9b55c7cd75eb8298755|6a7b697f5c7cd75eb8e18c6c|6a7b63445c7cd75eb8b32980|6a7ba89a5c7cd75eb8188921|6a7ba86c5c7cd75eb815df13|6a7ba83f5c7cd75eb8134fc3|6a7ba7c15c7cd75eb80c60a9|6a7ba76e5c7cd75eb8075a45|6a7ba7165c7cd75eb802b7af|6a7ba6a35c7cd75eb8fc17f2|6a7ba8c85c7cd75eb81b1657|6a7b6a845c7cd75eb8e6ff69|6a7c25505c7cd75eb84f121e|6a7cac9e5c7cd75eb85d3d86|6a7caeb85c7cd75eb87f9ebd|6a7caeee5c7cd75eb8838fb7|6a7c23ab5c7cd75eb842ed0d,/airbuds/loader.631b9ed.svg|/airbuds2/loader.631b9ed.svg|/airbuds3/loader.631b9ed.svg|/airbuds4/loader.631b9ed.svg|/airbuds5/loader.631b9ed.svg|/Bts/loader.631b9ed.svg|/ecommerce/All iOS Smartphones - Price in Kenya/loader.631b9ed.svg|/ecommerce/All Tecno Smartphones - Price in Kenya/loader.631b9ed.svg|/ecommerce/All Xiaomi Smartphones - Price in Kenya (2)/loader.631b9ed.svg|/ecommerce/samsung/All Samsung Smartphones - Price in Kenya (1)/loader.631b9ed.svg|/ecommerce/samsung/All Samsung Smartphones - Price in Kenya (2)/loader.631b9ed.svg|/ecommerce/samsung/All Samsung Smartphones - Price in Kenya (3)/loader.631b9ed.svg|/ecommerce/samsung/All Samsung Smartphones - Price in Kenya (4)/loader.631b9ed.svg|/ecommerce/samsung/All Samsung Smartphones - Price in Kenya (6)/loader.631b9ed.svg|/ecommerce/samsung/All Samsung Smartphones - Price in Kenya (7)/loader.631b9ed.svg|/ecommerce/samsung/All Samsung Smartphones - Price in Kenya (8)/loader.631b9ed.svg|/ecommerce/samsung/All Samsung Smartphones - Price in Kenya/loader.631b9ed.svg|/ecommerce/Tecno-2/All Tecno Smartphones - Price in Kenya/loader.631b9ed.svg|/itel/loader.631b9ed.svg|/Oppo2/loader.631b9ed.svg|/Oppo5/loader.631b9ed.svg|/Oppo6/loader.631b9ed.svg|/tvs/loader.631b9ed.svg,loader.631b9ed.svg|loader.631b9ed.svg|loader.631b9ed.svg|loader.631b9ed.svg|loader.631b9ed.svg|loader.631b9ed.svg|loader.631b9ed.svg|loader.631b9ed.svg|loader.631b9ed.svg|loader.631b9ed.svg|loader.631b9ed.svg|loader.631b9ed.svg|loader.631b9ed.svg|loader.631b9ed.svg|loader.631b9ed.svg|loader.631b9ed.svg|loader.631b9ed.svg|loader.631b9ed.svg|loader.631b9ed.svg|loader.631b9ed.svg|loader.631b9ed.svg|loader.631b9ed.svg|loader.631b9ed.svg,473,100,100
motorola-logo-original (1).webp,same filename in 5 different source folders,5,6a7c25505c7cd75eb84f1200|6a7cac9e5c7cd75eb85d3c6f|6a7cadd15c7cd75eb8709a0c|6a7caeb85c7cd75eb87f94e2|6a7caeee5c7cd75eb88390f4,/itel/motorola-logo-original (1).webp|/Oppo2/motorola-logo-original (1).webp|/Oppo3/motorola-logo-original (1).webp|/Oppo5/motorola-logo-original (1).webp|/Oppo6/motorola-logo-original (1).webp,motorola-logo-original (1).webp|motorola-logo-original (1).webp|motorola-logo-original (1).webp|motorola-logo-original (1).webp|motorola-logo-original (1).webp,5356,320,160
motorola-logo-original (2).webp,same filename in 5 different source folders,5,6a7c25505c7cd75eb84f12e0|6a7cac9e5c7cd75eb85d3e67|6a7cadd15c7cd75eb8709426|6a7caeb85c7cd75eb87f96cd|6a7caeee5c7cd75eb8838f78,/itel/motorola-logo-original (2).webp|/Oppo2/motorola-logo-original (2).webp|/Oppo3/motorola-logo-original (2).webp|/Oppo5/motorola-logo-original (2).webp|/Oppo6/motorola-logo-original (2).webp,motorola-logo-original (2).webp|motorola-logo-original (2).webp|motorola-logo-original (2).webp|motorola-logo-original (2).webp|motorola-logo-original (2).webp,2364,100,50
motorola-logo-original.webp,same filename in 6 different source folders,6,6a7c25525c7cd75eb84f1cc0|6a7cac9e5c7cd75eb85d3f54|6a7cadd25c7cd75eb8709ea0|6a7cae075c7cd75eb8740f01|6a7caeb85c7cd75eb87f96ff|6a7caeee5c7cd75eb8839008,/itel/motorola-logo-original.webp|/Oppo2/motorola-logo-original.webp|/Oppo3/motorola-logo-original.webp|/Oppo4/motorola-logo-original.webp|/Oppo5/motorola-logo-original.webp|/Oppo6/motorola-logo-original.webp,motorola-logo-original.webp|motorola-logo-original.webp|motorola-logo-original.webp|motorola-logo-original.webp|motorola-logo-original.webp|motorola-logo-original.webp,5958,320,160
nokia-logo-original (1).webp,same filename in 5 different source folders,5,6a7c25515c7cd75eb84f1a23|6a7cac9e5c7cd75eb85d3bc1|6a7cadd25c7cd75eb8709e62|6a7caeb85c7cd75eb87f9746|6a7caeee5c7cd75eb8838f9b,/itel/nokia-logo-original (1).webp|/Oppo2/nokia-logo-original (1).webp|/Oppo3/nokia-logo-original (1).webp|/Oppo5/nokia-logo-original (1).webp|/Oppo6/nokia-logo-original (1).webp,nokia-logo-original (1).webp|nokia-logo-original (1).webp|nokia-logo-original (1).webp|nokia-logo-original (1).webp|nokia-logo-original (1).webp,4886,320,160
nokia-logo-original (2).webp,same filename in 5 different source folders,5,6a7c25525c7cd75eb84f1d07|6a7cac9e5c7cd75eb85d3d79|6a7cadd15c7cd75eb870976c|6a7caeb85c7cd75eb87f9eb9|6a7caeee5c7cd75eb8839178,/itel/nokia-logo-original (2).webp|/Oppo2/nokia-logo-original (2).webp|/Oppo3/nokia-logo-original (2).webp|/Oppo5/nokia-logo-original (2).webp|/Oppo6/nokia-logo-original (2).webp,nokia-logo-original (2).webp|nokia-logo-original (2).webp|nokia-logo-original (2).webp|nokia-logo-original (2).webp|nokia-logo-original (2).webp,1908,100,50
nokia-logo-original.webp,same filename in 6 different source folders,6,6a7c25525c7cd75eb84f1cbb|6a7cac9e5c7cd75eb85d3f38|6a7cadd15c7cd75eb87099a9|6a7cae075c7cd75eb8740d2f|6a7caeb85c7cd75eb87f94c5|6a7caeee5c7cd75eb8839185,/itel/nokia-logo-original.webp|/Oppo2/nokia-logo-original.webp|/Oppo3/nokia-logo-original.webp|/Oppo4/nokia-logo-original.webp|/Oppo5/nokia-logo-original.webp|/Oppo6/nokia-logo-original.webp,nokia-logo-original.webp|nokia-logo-original.webp|nokia-logo-original.webp|nokia-logo-original.webp|nokia-logo-original.webp|nokia-logo-original.webp,4348,320,160
nothing-cmf-buds-2-plus-d-medium (1).webp,same filename in 2 different source folders,2,6a7caadd5c7cd75eb8410fb7|6a7cab5e5c7cd75eb84936f4,/airbuds2/Nothing-CMF-Buds-2-Plus-d-medium (1).webp|/airbuds3/Nothing-CMF-Buds-2-Plus-d-medium (1).webp,Nothing-CMF-Buds-2-Plus-d-medium (1).webp|Nothing-CMF-Buds-2-Plus-d-medium (1).webp,4490,320,320
nothing-cmf-buds-2-plus-d-medium (2).webp,same filename in 2 different source folders,2,6a7caadf5c7cd75eb8413456|6a7cab605c7cd75eb8495ab4,/airbuds2/Nothing-CMF-Buds-2-Plus-d-medium (2).webp|/airbuds3/Nothing-CMF-Buds-2-Plus-d-medium (2).webp,Nothing-CMF-Buds-2-Plus-d-medium (2).webp|Nothing-CMF-Buds-2-Plus-d-medium (2).webp,2566,145,145
nothing-cmf-buds-2-plus-d-medium.webp,same filename in 2 different source folders,2,6a7caadf5c7cd75eb841347b|6a7cab665c7cd75eb849b49f,/airbuds2/Nothing-CMF-Buds-2-Plus-d-medium.webp|/airbuds3/Nothing-CMF-Buds-2-Plus-d-medium.webp,Nothing-CMF-Buds-2-Plus-d-medium.webp|Nothing-CMF-Buds-2-Plus-d-medium.webp,5930,320,320
nothing-cmf-buds-2a-medium (1).webp,same filename in 2 different source folders,2,6a7caadf5c7cd75eb8413612|6a7cab675c7cd75eb849cab6,/airbuds2/Nothing-CMF-Buds-2a-medium (1).webp|/airbuds3/Nothing-CMF-Buds-2a-medium (1).webp,Nothing-CMF-Buds-2a-medium (1).webp|Nothing-CMF-Buds-2a-medium (1).webp,3524,320,320
nothing-cmf-buds-2a-medium (2).webp,same filename in 2 different source folders,2,6a7caadf5c7cd75eb8413680|6a7cab675c7cd75eb849ca1e,/airbuds2/Nothing-CMF-Buds-2a-medium (2).webp|/airbuds3/Nothing-CMF-Buds-2a-medium (2).webp,Nothing-CMF-Buds-2a-medium (2).webp|Nothing-CMF-Buds-2a-medium (2).webp,2396,145,145
nothing-cmf-buds-2a-medium.webp,same filename in 2 different source folders,2,6a7caadf5c7cd75eb841368a|6a7cab675c7cd75eb849ca1f,/airbuds2/Nothing-CMF-Buds-2a-medium.webp|/airbuds3/Nothing-CMF-Buds-2a-medium.webp,Nothing-CMF-Buds-2a-medium.webp|Nothing-CMF-Buds-2a-medium.webp,6000,320,320
nothing-cmf-buds-pro-2-c-medium (1).webp,same filename in 3 different source folders,3,6a7ca9de5c7cd75eb830fe45|6a7caae45c7cd75eb8417e46|6a7cab675c7cd75eb849cacc,/airbuds/Nothing-CMF-Buds-Pro-2-c-medium (1).webp|/airbuds2/Nothing-CMF-Buds-Pro-2-c-medium (1).webp|/airbuds3/Nothing-CMF-Buds-Pro-2-c-medium (1).webp,Nothing-CMF-Buds-Pro-2-c-medium (1).webp|Nothing-CMF-Buds-Pro-2-c-medium (1).webp|Nothing-CMF-Buds-Pro-2-c-medium (1).webp,4200,320,320
nothing-cmf-buds-pro-2-c-medium (2).webp,same filename in 3 different source folders,3,6a7ca9de5c7cd75eb830fe28|6a7caae45c7cd75eb8417fd2|6a7cab675c7cd75eb849cadc,/airbuds/Nothing-CMF-Buds-Pro-2-c-medium (2).webp|/airbuds2/Nothing-CMF-Buds-Pro-2-c-medium (2).webp|/airbuds3/Nothing-CMF-Buds-Pro-2-c-medium (2).webp,Nothing-CMF-Buds-Pro-2-c-medium (2).webp|Nothing-CMF-Buds-Pro-2-c-medium (2).webp|Nothing-CMF-Buds-Pro-2-c-medium (2).webp,2454,145,145
nothing-cmf-buds-pro-2-c-medium.webp,same filename in 3 different source folders,3,6a7ca9de5c7cd75eb8310194|6a7caae05c7cd75eb8414002|6a7cab675c7cd75eb849cc07,/airbuds/Nothing-CMF-Buds-Pro-2-c-medium.webp|/airbuds2/Nothing-CMF-Buds-Pro-2-c-medium.webp|/airbuds3/Nothing-CMF-Buds-Pro-2-c-medium.webp,Nothing-CMF-Buds-Pro-2-c-medium.webp|Nothing-CMF-Buds-Pro-2-c-medium.webp|Nothing-CMF-Buds-Pro-2-c-medium.webp,6136,320,320
nothing-original (1).webp,same filename in 10 different source folders,10,6a7ca9de5c7cd75eb83101b9|6a7caae25c7cd75eb8415dbb|6a7cab675c7cd75eb849cc18|6a7cabba5c7cd75eb84f1e48|6a7caf675c7cd75eb88bf2e4|6a7c25535c7cd75eb84f2722|6a7cac9d5c7cd75eb85d38bf|6a7cadd15c7cd75eb87099b1|6a7caeb85c7cd75eb87f97df|6a7caeee5c7cd75eb883917d,/airbuds/nothing-original (1).webp|/airbuds2/nothing-original (1).webp|/airbuds3/nothing-original (1).webp|/airbuds4/nothing-original (1).webp|/airbuds5/nothing-original (1).webp|/itel/nothing-original (1).webp|/Oppo2/nothing-original (1).webp|/Oppo3/nothing-original (1).webp|/Oppo5/nothing-original (1).webp|/Oppo6/nothing-original (1).webp,nothing-original (1).webp|nothing-original (1).webp|nothing-original (1).webp|nothing-original (1).webp|nothing-original (1).webp|nothing-original (1).webp|nothing-original (1).webp|nothing-original (1).webp|nothing-original (1).webp|nothing-original (1).webp,4236,294,147
nothing-original (2).webp,same filename in 10 different source folders,10,6a7ca9de5c7cd75eb8310252|6a7caae45c7cd75eb8417e3c|6a7cab675c7cd75eb849cdc7|6a7cabba5c7cd75eb84f1f0e|6a7caf695c7cd75eb88c1c07|6a7c25535c7cd75eb84f2b47|6a7cac9d5c7cd75eb85d39b2|6a7cadd15c7cd75eb870947a|6a7caeb85c7cd75eb87f97fa|6a7caeee5c7cd75eb883933b,/airbuds/nothing-original (2).webp|/airbuds2/nothing-original (2).webp|/airbuds3/nothing-original (2).webp|/airbuds4/nothing-original (2).webp|/airbuds5/nothing-original (2).webp|/itel/nothing-original (2).webp|/Oppo2/nothing-original (2).webp|/Oppo3/nothing-original (2).webp|/Oppo5/nothing-original (2).webp|/Oppo6/nothing-original (2).webp,nothing-original (2).webp|nothing-original (2).webp|nothing-original (2).webp|nothing-original (2).webp|nothing-original (2).webp|nothing-original (2).webp|nothing-original (2).webp|nothing-original (2).webp|nothing-original (2).webp|nothing-original (2).webp,1540,100,50
nothing-original (3).webp,same filename in 2 different source folders,2,6a7ca9de5c7cd75eb8310249|6a7c25535c7cd75eb84f2b58,/airbuds/nothing-original (3).webp|/itel/nothing-original (3).webp,nothing-original (3).webp|nothing-original (3).webp,4476,294,147
nothing-original (4).webp,same filename in 2 different source folders,2,6a7ca9de5c7cd75eb831025a|6a7c25535c7cd75eb84f2a33,/airbuds/nothing-original (4).webp|/itel/nothing-original (4).webp,nothing-original (4).webp|nothing-original (4).webp,4236,294,147
nothing-original.webp,same filename in 11 different source folders,11,6a7ca9de5c7cd75eb83102bd|6a7caae45c7cd75eb8417f2e|6a7cab675c7cd75eb849cc49|6a7cabba5c7cd75eb84f1f04|6a7caf6b5c7cd75eb88c3c34|6a7c255a5c7cd75eb84f55e0|6a7cac9d5c7cd75eb85d38a1|6a7cadd15c7cd75eb870977f|6a7cae075c7cd75eb8740ebf|6a7caeb85c7cd75eb87f98e2|6a7caeee5c7cd75eb8839363,/airbuds/nothing-original.webp|/airbuds2/nothing-original.webp|/airbuds3/nothing-original.webp|/airbuds4/nothing-original.webp|/airbuds5/nothing-original.webp|/itel/nothing-original.webp|/Oppo2/nothing-original.webp|/Oppo3/nothing-original.webp|/Oppo4/nothing-original.webp|/Oppo5/nothing-original.webp|/Oppo6/nothing-original.webp,nothing-original.webp|nothing-original.webp|nothing-original.webp|nothing-original.webp|nothing-original.webp|nothing-original.webp|nothing-original.webp|nothing-original.webp|nothing-original.webp|nothing-original.webp|nothing-original.webp,4476,294,147
oneplus-buds-3-b-medium (1).webp,same filename in 2 different source folders,2,6a7caae45c7cd75eb8417e47|6a7cab675c7cd75eb849cd3b,/airbuds2/OnePlus-Buds-3-b-medium (1).webp|/airbuds3/OnePlus-Buds-3-b-medium (1).webp,OnePlus-Buds-3-b-medium (1).webp|OnePlus-Buds-3-b-medium (1).webp,3990,320,320
oneplus-buds-3-b-medium (2).webp,same filename in 2 different source folders,2,6a7caae45c7cd75eb8417ee2|6a7cab675c7cd75eb849cc27,/airbuds2/OnePlus-Buds-3-b-medium (2).webp|/airbuds3/OnePlus-Buds-3-b-medium (2).webp,OnePlus-Buds-3-b-medium (2).webp|OnePlus-Buds-3-b-medium (2).webp,2174,145,145
oneplus-buds-3-b-medium.webp,same filename in 2 different source folders,2,6a7caae45c7cd75eb84181b0|6a7cab675c7cd75eb849cc36,/airbuds2/OnePlus-Buds-3-b-medium.webp|/airbuds3/OnePlus-Buds-3-b-medium.webp,OnePlus-Buds-3-b-medium.webp|OnePlus-Buds-3-b-medium.webp,4676,320,320
oneplus-buds-4d-medium (1).webp,same filename in 2 different source folders,2,6a7caae45c7cd75eb84181ca|6a7cab675c7cd75eb849cd30,/airbuds2/oneplus-buds-4d-medium (1).webp|/airbuds3/oneplus-buds-4d-medium (1).webp,oneplus-buds-4d-medium (1).webp|oneplus-buds-4d-medium (1).webp,11296,320,320
oneplus-buds-4d-medium (2).webp,same filename in 2 different source folders,2,6a7caae45c7cd75eb841832e|6a7cab675c7cd75eb849cd6e,/airbuds2/oneplus-buds-4d-medium (2).webp|/airbuds3/oneplus-buds-4d-medium (2).webp,oneplus-buds-4d-medium (2).webp|oneplus-buds-4d-medium (2).webp,3452,145,145
oneplus-buds-4d-medium.webp,same filename in 2 different source folders,2,6a7caae45c7cd75eb84182e4|6a7cab675c7cd75eb849cda4,/airbuds2/oneplus-buds-4d-medium.webp|/airbuds3/oneplus-buds-4d-medium.webp,oneplus-buds-4d-medium.webp|oneplus-buds-4d-medium.webp,8104,320,320
oneplus-buds-pro-2-e-medium (1).webp,same filename in 2 different source folders,2,6a7caae45c7cd75eb8418293|6a7cab675c7cd75eb849d474,/airbuds2/Oneplus-Buds-Pro-2-e-medium (1).webp|/airbuds3/Oneplus-Buds-Pro-2-e-medium (1).webp,Oneplus-Buds-Pro-2-e-medium (1).webp|Oneplus-Buds-Pro-2-e-medium (1).webp,3028,320,320
oneplus-buds-pro-2-e-medium (2).webp,same filename in 2 different source folders,2,6a7caae45c7cd75eb84182d3|6a7cab675c7cd75eb849d484,/airbuds2/Oneplus-Buds-Pro-2-e-medium (2).webp|/airbuds3/Oneplus-Buds-Pro-2-e-medium (2).webp,Oneplus-Buds-Pro-2-e-medium (2).webp|Oneplus-Buds-Pro-2-e-medium (2).webp,1778,145,145
oneplus-buds-pro-2-e-medium.webp,same filename in 2 different source folders,2,6a7caae45c7cd75eb84182d7|6a7cab675c7cd75eb849d4b2,/airbuds2/Oneplus-Buds-Pro-2-e-medium.webp|/airbuds3/Oneplus-Buds-Pro-2-e-medium.webp,Oneplus-Buds-Pro-2-e-medium.webp|Oneplus-Buds-Pro-2-e-medium.webp,4444,320,320
oneplus-buds-pro-7bkrjvu59n-medium (1).webp,same filename in 3 different source folders,3,6a7ca9de5c7cd75eb83102c6|6a7caae45c7cd75eb8418314|6a7cab675c7cd75eb849d391,/airbuds/oneplus-buds-pro-7BKRjVu59N-medium (1).webp|/airbuds2/oneplus-buds-pro-7BKRjVu59N-medium (1).webp|/airbuds3/oneplus-buds-pro-7BKRjVu59N-medium (1).webp,oneplus-buds-pro-7BKRjVu59N-medium (1).webp|oneplus-buds-pro-7BKRjVu59N-medium (1).webp|oneplus-buds-pro-7BKRjVu59N-medium (1).webp,2554,320,320
oneplus-buds-pro-7bkrjvu59n-medium (2).webp,same filename in 3 different source folders,3,6a7ca9de5c7cd75eb8310450|6a7caae55c7cd75eb841865d|6a7cab675c7cd75eb849d473,/airbuds/oneplus-buds-pro-7BKRjVu59N-medium (2).webp|/airbuds2/oneplus-buds-pro-7BKRjVu59N-medium (2).webp|/airbuds3/oneplus-buds-pro-7BKRjVu59N-medium (2).webp,oneplus-buds-pro-7BKRjVu59N-medium (2).webp|oneplus-buds-pro-7BKRjVu59N-medium (2).webp|oneplus-buds-pro-7BKRjVu59N-medium (2).webp,1560,145,145
oneplus-buds-pro-7bkrjvu59n-medium.webp,same filename in 3 different source folders,3,6a7ca9df5c7cd75eb8310ce7|6a7caae55c7cd75eb841863b|6a7cab675c7cd75eb849d4c7,/airbuds/oneplus-buds-pro-7BKRjVu59N-medium.webp|/airbuds2/oneplus-buds-pro-7BKRjVu59N-medium.webp|/airbuds3/oneplus-buds-pro-7BKRjVu59N-medium.webp,oneplus-buds-pro-7BKRjVu59N-medium.webp|oneplus-buds-pro-7BKRjVu59N-medium.webp|oneplus-buds-pro-7BKRjVu59N-medium.webp,2942,320,320
oneplus-logo-original (1).webp,same filename in 10 different source folders,10,6a7ca9df5c7cd75eb8310cee|6a7caae55c7cd75eb841861f|6a7cab675c7cd75eb849d4e8|6a7cabba5c7cd75eb84f1f0c|6a7caf6b5c7cd75eb88c3c0f|6a7c25655c7cd75eb84fafa8|6a7cac9e5c7cd75eb85d40e3|6a7cadd15c7cd75eb8709735|6a7caeb85c7cd75eb87f9801|6a7caeee5c7cd75eb88392b5,/airbuds/oneplus-logo-original (1).webp|/airbuds2/oneplus-logo-original (1).webp|/airbuds3/oneplus-logo-original (1).webp|/airbuds4/oneplus-logo-original (1).webp|/airbuds5/oneplus-logo-original (1).webp|/itel/oneplus-logo-original (1).webp|/Oppo2/oneplus-logo-original (1).webp|/Oppo3/oneplus-logo-original (1).webp|/Oppo5/oneplus-logo-original (1).webp|/Oppo6/oneplus-logo-original (1).webp,oneplus-logo-original (1).webp|oneplus-logo-original (1).webp|oneplus-logo-original (1).webp|oneplus-logo-original (1).webp|oneplus-logo-original (1).webp|oneplus-logo-original (1).webp|oneplus-logo-original (1).webp|oneplus-logo-original (1).webp|oneplus-logo-original (1).webp|oneplus-logo-original (1).webp,4908,320,160
oneplus-logo-original (2).webp,same filename in 10 different source folders,10,6a7ca9de5c7cd75eb8310382|6a7caae55c7cd75eb8418638|6a7cab675c7cd75eb849d3d9|6a7cabba5c7cd75eb84f1d77|6a7caf6b5c7cd75eb88c3d94|6a7c25645c7cd75eb84faaf8|6a7cac9e5c7cd75eb85d3f7b|6a7cadd15c7cd75eb870977d|6a7caeb85c7cd75eb87fa0e2|6a7caeee5c7cd75eb883937a,/airbuds/oneplus-logo-original (2).webp|/airbuds2/oneplus-logo-original (2).webp|/airbuds3/oneplus-logo-original (2).webp|/airbuds4/oneplus-logo-original (2).webp|/airbuds5/oneplus-logo-original (2).webp|/itel/oneplus-logo-original (2).webp|/Oppo2/oneplus-logo-original (2).webp|/Oppo3/oneplus-logo-original (2).webp|/Oppo5/oneplus-logo-original (2).webp|/Oppo6/oneplus-logo-original (2).webp,oneplus-logo-original (2).webp|oneplus-logo-original (2).webp|oneplus-logo-original (2).webp|oneplus-logo-original (2).webp|oneplus-logo-original (2).webp|oneplus-logo-original (2).webp|oneplus-logo-original (2).webp|oneplus-logo-original (2).webp|oneplus-logo-original (2).webp|oneplus-logo-original (2).webp,2398,100,50
oneplus-logo-original (3).webp,same filename in 2 different source folders,2,6a7ca9de5c7cd75eb83102cc|6a7c25655c7cd75eb84facf7,/airbuds/oneplus-logo-original (3).webp|/itel/oneplus-logo-original (3).webp,oneplus-logo-original (3).webp|oneplus-logo-original (3).webp,5330,320,160
oneplus-logo-original (4).webp,same filename in 2 different source folders,2,6a7ca9de5c7cd75eb83102d0|6a7c25655c7cd75eb84fafe0,/airbuds/oneplus-logo-original (4).webp|/itel/oneplus-logo-original (4).webp,oneplus-logo-original (4).webp|oneplus-logo-original (4).webp,4908,320,160
oneplus-logo-original.webp,same filename in 11 different source folders,11,6a7ca9de5c7cd75eb8310358|6a7caae55c7cd75eb841863d|6a7cab675c7cd75eb849d3f0|6a7cabba5c7cd75eb84f1f13|6a7caf6b5c7cd75eb88c3c2c|6a7c25655c7cd75eb84faf0f|6a7cac9e5c7cd75eb85d4015|6a7cadd15c7cd75eb870978f|6a7cae085c7cd75eb8741043|6a7caeb85c7cd75eb87f9ad2|6a7caeee5c7cd75eb8839365,/airbuds/oneplus-logo-original.webp|/airbuds2/oneplus-logo-original.webp|/airbuds3/oneplus-logo-original.webp|/airbuds4/oneplus-logo-original.webp|/airbuds5/oneplus-logo-original.webp|/itel/oneplus-logo-original.webp|/Oppo2/oneplus-logo-original.webp|/Oppo3/oneplus-logo-original.webp|/Oppo4/oneplus-logo-original.webp|/Oppo5/oneplus-logo-original.webp|/Oppo6/oneplus-logo-original.webp,oneplus-logo-original.webp|oneplus-logo-original.webp|oneplus-logo-original.webp|oneplus-logo-original.webp|oneplus-logo-original.webp|oneplus-logo-original.webp|oneplus-logo-original.webp|oneplus-logo-original.webp|oneplus-logo-original.webp|oneplus-logo-original.webp|oneplus-logo-original.webp,5330,320,160
oneplus-nord-buds-3-pro-medium (1).webp,same filename in 2 different source folders,2,6a7caae55c7cd75eb841866f|6a7cab675c7cd75eb849d4fd,/airbuds2/Oneplus-Nord-Buds-3-Pro-medium (1).webp|/airbuds3/Oneplus-Nord-Buds-3-Pro-medium (1).webp,Oneplus-Nord-Buds-3-Pro-medium (1).webp|Oneplus-Nord-Buds-3-Pro-medium (1).webp,4054,320,320
oneplus-nord-buds-3-pro-medium (2).webp,same filename in 2 different source folders,2,6a7caae55c7cd75eb8418659|6a7cab675c7cd75eb849d4e1,/airbuds2/Oneplus-Nord-Buds-3-Pro-medium (2).webp|/airbuds3/Oneplus-Nord-Buds-3-Pro-medium (2).webp,Oneplus-Nord-Buds-3-Pro-medium (2).webp|Oneplus-Nord-Buds-3-Pro-medium (2).webp,2216,145,145
oneplus-nord-buds-3-pro-medium.webp,same filename in 2 different source folders,2,6a7caae55c7cd75eb841867e|6a7cab675c7cd75eb849d5bd,/airbuds2/Oneplus-Nord-Buds-3-Pro-medium.webp|/airbuds3/Oneplus-Nord-Buds-3-Pro-medium.webp,Oneplus-Nord-Buds-3-Pro-medium.webp|Oneplus-Nord-Buds-3-Pro-medium.webp,5302,320,320
oneplusnordbudsced-medium (1).webp,same filename in 2 different source folders,2,6a7caae55c7cd75eb841868f|6a7cab675c7cd75eb849d59c,/airbuds2/oneplusnordbudsced-medium (1).webp|/airbuds3/oneplusnordbudsced-medium (1).webp,oneplusnordbudsced-medium (1).webp|oneplusnordbudsced-medium (1).webp,3308,320,320
oneplusnordbudsced-medium (2).webp,same filename in 2 different source folders,2,6a7caae55c7cd75eb841869a|6a7cab675c7cd75eb849d5ee,/airbuds2/oneplusnordbudsced-medium (2).webp|/airbuds3/oneplusnordbudsced-medium (2).webp,oneplusnordbudsced-medium (2).webp|oneplusnordbudsced-medium (2).webp,1816,145,145
oneplusnordbudsced-medium.webp,same filename in 2 different source folders,2,6a7caae55c7cd75eb84186a9|6a7cab675c7cd75eb849d516,/airbuds2/oneplusnordbudsced-medium.webp|/airbuds3/oneplusnordbudsced-medium.webp,oneplusnordbudsced-medium.webp|oneplusnordbudsced-medium.webp,4014,320,320
oppo-a3-4g-c-medium.webp,same filename in 2 different source folders,2,6a7cac755c7cd75eb85aac74|6a7cac9e5c7cd75eb85d40cd,/Oppo/Oppo-A3-4G-c-medium.webp|/Oppo2/Oppo-A3-4G-c-medium.webp,Oppo-A3-4G-c-medium.webp|Oppo-A3-4G-c-medium.webp,6538,320,320
oppo-a3x-4g-b-medium (1).webp,same filename in 2 different source folders,2,6a7cac755c7cd75eb85aac47|6a7cac9e5c7cd75eb85d41a0,/Oppo/Oppo-A3x-4G-b-medium (1).webp|/Oppo2/Oppo-A3x-4G-b-medium (1).webp,Oppo-A3x-4G-b-medium (1).webp|Oppo-A3x-4G-b-medium (1).webp,7926,320,320
oppo-a3x-4g-b-medium (2).webp,same filename in 2 different source folders,2,6a7cac755c7cd75eb85ab7c2|6a7cac9e5c7cd75eb85d4004,/Oppo/Oppo-A3x-4G-b-medium (2).webp|/Oppo2/Oppo-A3x-4G-b-medium (2).webp,Oppo-A3x-4G-b-medium (2).webp|Oppo-A3x-4G-b-medium (2).webp,6794,320,320
oppo-a3x-4g-b-medium (3).webp,same filename in 2 different source folders,2,6a7cac755c7cd75eb85ab234|6a7cac9e5c7cd75eb85d405b,/Oppo/Oppo-A3x-4G-b-medium (3).webp|/Oppo2/Oppo-A3x-4G-b-medium (3).webp,Oppo-A3x-4G-b-medium (3).webp|Oppo-A3x-4G-b-medium (3).webp,6794,320,320
oppo-a3x-4g-b-medium.webp,same filename in 2 different source folders,2,6a7cac755c7cd75eb85ab1c0|6a7cac9e5c7cd75eb85d440e,/Oppo/Oppo-A3x-4G-b-medium.webp|/Oppo2/Oppo-A3x-4G-b-medium.webp,Oppo-A3x-4G-b-medium.webp|Oppo-A3x-4G-b-medium.webp,7926,320,320
oppo-a5-4g-a-medium (1).webp,same filename in 2 different source folders,2,6a7cac755c7cd75eb85ab471|6a7cac9e5c7cd75eb85d3e5b,/Oppo/Oppo-A5-4G-a-medium (1).webp|/Oppo2/Oppo-A5-4G-a-medium (1).webp,Oppo-A5-4G-a-medium (1).webp|Oppo-A5-4G-a-medium (1).webp,5572,320,320
oppo-a5-4g-a-medium.webp,same filename in 2 different source folders,2,6a7cac755c7cd75eb85ab511|6a7cac9e5c7cd75eb85d454a,/Oppo/Oppo-A5-4G-a-medium.webp|/Oppo2/Oppo-A5-4G-a-medium.webp,Oppo-A5-4G-a-medium.webp|Oppo-A5-4G-a-medium.webp,6414,320,320
oppo-a5-5g-medium (1).webp,same filename in 2 different source folders,2,6a7cac765c7cd75eb85ac25b|6a7cac9e5c7cd75eb85d45b6,/Oppo/Oppo-A5-5G-medium (1).webp|/Oppo2/Oppo-A5-5G-medium (1).webp,Oppo-A5-5G-medium (1).webp|Oppo-A5-5G-medium (1).webp,7338,320,320
oppo-a5-5g-medium.webp,same filename in 2 different source folders,2,6a7cac765c7cd75eb85ac4a0|6a7cac9e5c7cd75eb85d4407,/Oppo/Oppo-A5-5G-medium.webp|/Oppo2/Oppo-A5-5G-medium.webp,Oppo-A5-5G-medium.webp|Oppo-A5-5G-medium.webp,8394,320,320
oppo-a6-4g-medium (1).webp,same filename in 2 different source folders,2,6a7cac765c7cd75eb85ac356|6a7cac9e5c7cd75eb85d41f0,/Oppo/Oppo-A6-4G-medium (1).webp|/Oppo2/Oppo-A6-4G-medium (1).webp,Oppo-A6-4G-medium (1).webp|Oppo-A6-4G-medium (1).webp,3670,320,320
oppo-a6-4g-medium.webp,same filename in 2 different source folders,2,6a7cac765c7cd75eb85ac370|6a7cac9e5c7cd75eb85d456e,/Oppo/Oppo-A6-4G-medium.webp|/Oppo2/Oppo-A6-4G-medium.webp,Oppo-A6-4G-medium.webp|Oppo-A6-4G-medium.webp,4640,320,320
oppo-a6-pro-4g-b-medium.webp,same filename in 2 different source folders,2,6a7cac765c7cd75eb85ab8fa|6a7cac9e5c7cd75eb85d4731,/Oppo/Oppo-A6-Pro-4G-b-medium.webp|/Oppo2/Oppo-A6-Pro-4G-b-medium.webp,Oppo-A6-Pro-4G-b-medium.webp|Oppo-A6-Pro-4G-b-medium.webp,6132,320,320
oppo-a6-pro-5g-k-medium (1).webp,same filename in 2 different source folders,2,6a7cac755c7cd75eb85ab61b|6a7cac9e5c7cd75eb85d4616,/Oppo/oppo-a6-pro-5g-k-medium (1).webp|/Oppo2/oppo-a6-pro-5g-k-medium (1).webp,oppo-a6-pro-5g-k-medium (1).webp|oppo-a6-pro-5g-k-medium (1).webp,5356,320,320
oppo-a6-pro-5g-k-medium.webp,same filename in 2 different source folders,2,6a7cac765c7cd75eb85ac334|6a7cac9e5c7cd75eb85d4629,/Oppo/oppo-a6-pro-5g-k-medium.webp|/Oppo2/oppo-a6-pro-5g-k-medium.webp,oppo-a6-pro-5g-k-medium.webp|oppo-a6-pro-5g-k-medium.webp,6520,320,320
oppo-a6x-4g-a-medium (1).webp,same filename in 2 different source folders,2,6a7cac755c7cd75eb85ab5a0|6a7cac9e5c7cd75eb85d4581,/Oppo/Oppo-A6x-4G-a-medium (1).webp|/Oppo2/Oppo-A6x-4G-a-medium (1).webp,Oppo-A6x-4G-a-medium (1).webp|Oppo-A6x-4G-a-medium (1).webp,5764,320,320
oppo-a6x-4g-a-medium (2).webp,same filename in 2 different source folders,2,6a7cac755c7cd75eb85ab62c|6a7cac9f5c7cd75eb85d5d44,/Oppo/Oppo-A6x-4G-a-medium (2).webp|/Oppo2/Oppo-A6x-4G-a-medium (2).webp,Oppo-A6x-4G-a-medium (2).webp|Oppo-A6x-4G-a-medium (2).webp,5764,320,320
oppo-a6x-4g-a-medium.webp,same filename in 2 different source folders,2,6a7cac755c7cd75eb85ab607|6a7caca35c7cd75eb85d970e,/Oppo/Oppo-A6x-4G-a-medium.webp|/Oppo2/Oppo-A6x-4G-a-medium.webp,Oppo-A6x-4G-a-medium.webp|Oppo-A6x-4G-a-medium.webp,5764,320,320
oppo-f31-medium (1).webp,same filename in 2 different source folders,2,6a7cac765c7cd75eb85ac4ac|6a7caca35c7cd75eb85d9670,/Oppo/Oppo-F31-medium (1).webp|/Oppo2/Oppo-F31-medium (1).webp,Oppo-F31-medium (1).webp|Oppo-F31-medium (1).webp,3818,320,320
oppo-f31-medium.webp,same filename in 2 different source folders,2,6a7cac755c7cd75eb85ab76f|6a7caca65c7cd75eb85db60c,/Oppo/Oppo-F31-medium.webp|/Oppo2/Oppo-F31-medium.webp,Oppo-F31-medium.webp|Oppo-F31-medium.webp,4758,320,320
oppo-f31-pro-medium (1).webp,same filename in 2 different source folders,2,6a7cac765c7cd75eb85ac35a|6a7caca65c7cd75eb85db634,/Oppo/Oppo-F31-Pro-medium (1).webp|/Oppo2/Oppo-F31-Pro-medium (1).webp,Oppo-F31-Pro-medium (1).webp|Oppo-F31-Pro-medium (1).webp,9772,320,320
oppo-f31-pro-medium.webp,same filename in 2 different source folders,2,6a7cac765c7cd75eb85ac381|6a7caca65c7cd75eb85db8ea,/Oppo/Oppo-F31-Pro-medium.webp|/Oppo2/Oppo-F31-Pro-medium.webp,Oppo-F31-Pro-medium.webp|Oppo-F31-Pro-medium.webp,12592,320,320
oppo-f31-pro-plus-medium (1).webp,same filename in 2 different source folders,2,6a7cac755c7cd75eb85ab629|6a7caca65c7cd75eb85dba28,/Oppo/Oppo-F31-Pro-Plus-medium (1).webp|/Oppo2/Oppo-F31-Pro-Plus-medium (1).webp,Oppo-F31-Pro-Plus-medium (1).webp|Oppo-F31-Pro-Plus-medium (1).webp,4602,320,320
oppo-f31-pro-plus-medium.webp,same filename in 2 different source folders,2,6a7cac755c7cd75eb85ab7bb|6a7caca65c7cd75eb85db8b6,/Oppo/Oppo-F31-Pro-Plus-medium.webp|/Oppo2/Oppo-F31-Pro-Plus-medium.webp,Oppo-F31-Pro-Plus-medium.webp|Oppo-F31-Pro-Plus-medium.webp,6026,320,320
oppo-f33-medium (1).webp,same filename in 2 different source folders,2,6a7cac765c7cd75eb85ab931|6a7caca65c7cd75eb85dba3b,/Oppo/Oppo-F33-medium (1).webp|/Oppo2/Oppo-F33-medium (1).webp,Oppo-F33-medium (1).webp|Oppo-F33-medium (1).webp,3878,320,320
oppo-f33-medium.webp,same filename in 2 different source folders,2,6a7cac765c7cd75eb85ab93f|6a7caca65c7cd75eb85db90d,/Oppo/Oppo-F33-medium.webp|/Oppo2/Oppo-F33-medium.webp,Oppo-F33-medium.webp|Oppo-F33-medium.webp,5412,320,320
oppo-f33-pro-a-medium (1).webp,same filename in 2 different source folders,2,6a7cac765c7cd75eb85ac393|6a7caca65c7cd75eb85db8d8,/Oppo/Oppo-F33-Pro-a-medium (1).webp|/Oppo2/Oppo-F33-Pro-a-medium (1).webp,Oppo-F33-Pro-a-medium (1).webp|Oppo-F33-Pro-a-medium (1).webp,4648,320,320
oppo-f33-pro-a-medium.webp,same filename in 2 different source folders,2,6a7cac755c7cd75eb85ab838|6a7caca65c7cd75eb85db8c1,/Oppo/Oppo-F33-Pro-a-medium.webp|/Oppo2/Oppo-F33-Pro-a-medium.webp,Oppo-F33-Pro-a-medium.webp|Oppo-F33-Pro-a-medium.webp,5904,320,320
oppo-find-n6-medium (1).webp,same filename in 2 different source folders,2,6a7cac765c7cd75eb85ac37c|6a7caca65c7cd75eb85dba45,/Oppo/Oppo-Find-N6-medium (1).webp|/Oppo2/Oppo-Find-N6-medium (1).webp,Oppo-Find-N6-medium (1).webp|Oppo-Find-N6-medium (1).webp,4672,320,320
oppo-find-n6-medium.webp,same filename in 2 different source folders,2,6a7cac755c7cd75eb85ab78b|6a7caca65c7cd75eb85db960,/Oppo/Oppo-Find-N6-medium.webp|/Oppo2/Oppo-Find-N6-medium.webp,Oppo-Find-N6-medium.webp|Oppo-Find-N6-medium.webp,5872,320,320
oppo-find-x9-medium (1).webp,same filename in 2 different source folders,2,6a7cac765c7cd75eb85abc22|6a7caca65c7cd75eb85db90f,/Oppo/Oppo-Find-X9-medium (1).webp|/Oppo2/Oppo-Find-X9-medium (1).webp,Oppo-Find-X9-medium (1).webp|Oppo-Find-X9-medium (1).webp,8678,320,320
oppo-find-x9-medium.webp,same filename in 2 different source folders,2,6a7cac755c7cd75eb85ab79f|6a7caca65c7cd75eb85db99e,/Oppo/Oppo-Find-X9-medium.webp|/Oppo2/Oppo-Find-X9-medium.webp,Oppo-Find-X9-medium.webp|Oppo-Find-X9-medium.webp,10302,320,320
oppo-find-x9-pro-medium (1).webp,same filename in 2 different source folders,2,6a7cac755c7cd75eb85ab756|6a7caca65c7cd75eb85dbae9,/Oppo/Oppo-Find-X9-Pro-medium (1).webp|/Oppo2/Oppo-Find-X9-Pro-medium (1).webp,Oppo-Find-X9-Pro-medium (1).webp|Oppo-Find-X9-Pro-medium (1).webp,8688,320,320
oppo-find-x9-pro-medium.webp,same filename in 2 different source folders,2,6a7cac755c7cd75eb85ab618|6a7caca65c7cd75eb85db9aa,/Oppo/Oppo-Find-X9-Pro-medium.webp|/Oppo2/Oppo-Find-X9-Pro-medium.webp,Oppo-Find-X9-Pro-medium.webp|Oppo-Find-X9-Pro-medium.webp,10144,320,320
oppo-find-x9-ultra-a-medium.webp,same filename in 2 different source folders,2,6a7cac765c7cd75eb85abc40|6a7caca65c7cd75eb85dbab1,/Oppo/Oppo-Find-X9-Ultra-a-medium.webp|/Oppo2/Oppo-Find-X9-Ultra-a-medium.webp,Oppo-Find-X9-Ultra-a-medium.webp|Oppo-Find-X9-Ultra-a-medium.webp,7102,320,320
oppo-find-x9s-a-medium (1).webp,same filename in 2 different source folders,2,6a7cac755c7cd75eb85ab625|6a7caca65c7cd75eb85db99c,/Oppo/Oppo-Find-X9s-a-medium (1).webp|/Oppo2/Oppo-Find-X9s-a-medium (1).webp,Oppo-Find-X9s-a-medium (1).webp|Oppo-Find-X9s-a-medium (1).webp,4242,320,320
oppo-find-x9s-a-medium.webp,same filename in 2 different source folders,2,6a7cac765c7cd75eb85ac41f|6a7caca65c7cd75eb85dbaac,/Oppo/Oppo-Find-X9s-a-medium.webp|/Oppo2/Oppo-Find-X9s-a-medium.webp,Oppo-Find-X9s-a-medium.webp|Oppo-Find-X9s-a-medium.webp,5638,320,320
oppo-find-x9s-pro-medium (1).webp,same filename in 2 different source folders,2,6a7cac765c7cd75eb85ac3af|6a7caca65c7cd75eb85db9ae,/Oppo/Oppo-Find-X9s-Pro-medium (1).webp|/Oppo2/Oppo-Find-X9s-Pro-medium (1).webp,Oppo-Find-X9s-Pro-medium (1).webp|Oppo-Find-X9s-Pro-medium (1).webp,4662,320,320
oppo-find-x9s-pro-medium.webp,same filename in 2 different source folders,2,6a7cac755c7cd75eb85ab797|6a7caca65c7cd75eb85dbb41,/Oppo/Oppo-Find-X9s-Pro-medium.webp|/Oppo2/Oppo-Find-X9s-Pro-medium.webp,Oppo-Find-X9s-Pro-medium.webp|Oppo-Find-X9s-Pro-medium.webp,6104,320,320
oppo-k15-pro-medium (1).webp,same filename in 2 different source folders,2,6a7cac765c7cd75eb85abe33|6a7caca65c7cd75eb85db9a6,/Oppo/Oppo-K15-Pro-medium (1).webp|/Oppo2/Oppo-K15-Pro-medium (1).webp,Oppo-K15-Pro-medium (1).webp|Oppo-K15-Pro-medium (1).webp,5346,320,320
oppo-k15-pro-medium.webp,same filename in 2 different source folders,2,6a7cac765c7cd75eb85abdcc|6a7caca65c7cd75eb85dba70,/Oppo/Oppo-K15-Pro-medium.webp|/Oppo2/Oppo-K15-Pro-medium.webp,Oppo-K15-Pro-medium.webp|Oppo-K15-Pro-medium.webp,6900,320,320
oppo-k15-pro-plus-medium (1).webp,same filename in 2 different source folders,2,6a7cac755c7cd75eb85ab7b2|6a7caca65c7cd75eb85dbe93,/Oppo/Oppo-K15-Pro-Plus-medium (1).webp|/Oppo2/Oppo-K15-Pro-Plus-medium (1).webp,Oppo-K15-Pro-Plus-medium (1).webp|Oppo-K15-Pro-Plus-medium (1).webp,5054,320,320
oppo-k15-pro-plus-medium.webp,same filename in 2 different source folders,2,6a7cac765c7cd75eb85abace|6a7caca65c7cd75eb85dbe84,/Oppo/Oppo-K15-Pro-Plus-medium.webp|/Oppo2/Oppo-K15-Pro-Plus-medium.webp,Oppo-K15-Pro-Plus-medium.webp|Oppo-K15-Pro-Plus-medium.webp,6352,320,320
oppo-logo-original (1).webp,same filename in 10 different source folders,10,6a7ca9df5c7cd75eb83108b8|6a7caae55c7cd75eb84186a8|6a7cab675c7cd75eb849d608|6a7cabba5c7cd75eb84f1f29|6a7caf6f5c7cd75eb88c8b4e|6a7c25655c7cd75eb84fafdb|6a7caca65c7cd75eb85dc000|6a7cadda5c7cd75eb8713bc3|6a7caeb85c7cd75eb87f9e7f|6a7caef85c7cd75eb8843f13,/airbuds/oppo-logo-original (1).webp|/airbuds2/oppo-logo-original (1).webp|/airbuds3/oppo-logo-original (1).webp|/airbuds4/oppo-logo-original (1).webp|/airbuds5/oppo-logo-original (1).webp|/itel/oppo-logo-original (1).webp|/Oppo2/oppo-logo-original (1).webp|/Oppo3/oppo-logo-original (1).webp|/Oppo5/oppo-logo-original (1).webp|/Oppo6/oppo-logo-original (1).webp,oppo-logo-original (1).webp|oppo-logo-original (1).webp|oppo-logo-original (1).webp|oppo-logo-original (1).webp|oppo-logo-original (1).webp|oppo-logo-original (1).webp|oppo-logo-original (1).webp|oppo-logo-original (1).webp|oppo-logo-original (1).webp|oppo-logo-original (1).webp,6174,320,160
oppo-logo-original (2).webp,same filename in 10 different source folders,10,6a7ca9df5c7cd75eb83105b9|6a7caae55c7cd75eb8418663|6a7cab675c7cd75eb849d4c2|6a7cabba5c7cd75eb84f1d95|6a7caf6f5c7cd75eb88c8b6f|6a7c25665c7cd75eb84fb1f5|6a7caca65c7cd75eb85dbec6|6a7cadda5c7cd75eb8713ac6|6a7caeb85c7cd75eb87f9e71|6a7caef85c7cd75eb8843f20,/airbuds/oppo-logo-original (2).webp|/airbuds2/oppo-logo-original (2).webp|/airbuds3/oppo-logo-original (2).webp|/airbuds4/oppo-logo-original (2).webp|/airbuds5/oppo-logo-original (2).webp|/itel/oppo-logo-original (2).webp|/Oppo2/oppo-logo-original (2).webp|/Oppo3/oppo-logo-original (2).webp|/Oppo5/oppo-logo-original (2).webp|/Oppo6/oppo-logo-original (2).webp,oppo-logo-original (2).webp|oppo-logo-original (2).webp|oppo-logo-original (2).webp|oppo-logo-original (2).webp|oppo-logo-original (2).webp|oppo-logo-original (2).webp|oppo-logo-original (2).webp|oppo-logo-original (2).webp|oppo-logo-original (2).webp|oppo-logo-original (2).webp,2596,100,50
oppo-logo-original (3).webp,same filename in 2 different source folders,2,6a7ca9df5c7cd75eb8310cf5|6a7c25655c7cd75eb84fafeb,/airbuds/oppo-logo-original (3).webp|/itel/oppo-logo-original (3).webp,oppo-logo-original (3).webp|oppo-logo-original (3).webp,5254,320,160
oppo-logo-original (4).webp,same filename in 2 different source folders,2,6a7ca9df5c7cd75eb83108ae|6a7c25655c7cd75eb84fafe9,/airbuds/oppo-logo-original (4).webp|/itel/oppo-logo-original (4).webp,oppo-logo-original (4).webp|oppo-logo-original (4).webp,6174,320,160
oppo-logo-original.webp,same filename in 11 different source folders,11,6a7ca9df5c7cd75eb8310864|6a7caae55c7cd75eb8418674|6a7cab675c7cd75eb849d63c|6a7cabba5c7cd75eb84f20d9|6a7caf6f5c7cd75eb88c8b5a|6a7c25665c7cd75eb84fb1aa|6a7caca75c7cd75eb85dc2b1|6a7cadda5c7cd75eb8713ad5|6a7cae085c7cd75eb87410fc|6a7caeb85c7cd75eb87fa244|6a7caef85c7cd75eb8844340,/airbuds/oppo-logo-original.webp|/airbuds2/oppo-logo-original.webp|/airbuds3/oppo-logo-original.webp|/airbuds4/oppo-logo-original.webp|/airbuds5/oppo-logo-original.webp|/itel/oppo-logo-original.webp|/Oppo2/oppo-logo-original.webp|/Oppo3/oppo-logo-original.webp|/Oppo4/oppo-logo-original.webp|/Oppo5/oppo-logo-original.webp|/Oppo6/oppo-logo-original.webp,oppo-logo-original.webp|oppo-logo-original.webp|oppo-logo-original.webp|oppo-logo-original.webp|oppo-logo-original.webp|oppo-logo-original.webp|oppo-logo-original.webp|oppo-logo-original.webp|oppo-logo-original.webp|oppo-logo-original.webp|oppo-logo-original.webp,5254,320,160
oppo-reno-12f-5g-b-medium.webp,same filename in 2 different source folders,2,6a7cac765c7cd75eb85abdb5|6a7caca75c7cd75eb85dc2e5,/Oppo/Oppo-Reno-12F-5G-b-medium.webp|/Oppo2/Oppo-Reno-12F-5G-b-medium.webp,Oppo-Reno-12F-5G-b-medium.webp|Oppo-Reno-12F-5G-b-medium.webp,7004,320,320
oppo-reno-15-c-medium (1).webp,same filename in 2 different source folders,2,6a7cac765c7cd75eb85ab9cd|6a7caca75c7cd75eb85dc596,/Oppo/Oppo-Reno-15-c-medium (1).webp|/Oppo2/Oppo-Reno-15-c-medium (1).webp,Oppo-Reno-15-c-medium (1).webp|Oppo-Reno-15-c-medium (1).webp,4128,320,320
oppo-reno-15-c-medium.webp,same filename in 2 different source folders,2,6a7cac765c7cd75eb85ab9da|6a7caca75c7cd75eb85dc420,/Oppo/Oppo-Reno-15-c-medium.webp|/Oppo2/Oppo-Reno-15-c-medium.webp,Oppo-Reno-15-c-medium.webp|Oppo-Reno-15-c-medium.webp,5854,320,320
oppo-reno-15-pro-a-medium (1).webp,same filename in 2 different source folders,2,6a7cac765c7cd75eb85abddd|6a7caca75c7cd75eb85dc6d1,/Oppo/Oppo-Reno-15-Pro-a-medium (1).webp|/Oppo2/Oppo-Reno-15-Pro-a-medium (1).webp,Oppo-Reno-15-Pro-a-medium (1).webp|Oppo-Reno-15-Pro-a-medium (1).webp,4208,320,320
oppo-reno-15-pro-a-medium.webp,same filename in 2 different source folders,2,6a7cac765c7cd75eb85abfed|6a7caca75c7cd75eb85dc613,/Oppo/Oppo-Reno-15-Pro-a-medium.webp|/Oppo2/Oppo-Reno-15-Pro-a-medium.webp,Oppo-Reno-15-Pro-a-medium.webp|Oppo-Reno-15-Pro-a-medium.webp,5744,320,320
oppo-reno-15f-a-medium (1).webp,same filename in 2 different source folders,2,6a7cac755c7cd75eb85ab7a7|6a7caca75c7cd75eb85dca34,/Oppo/Oppo-Reno-15F-a-medium (1).webp|/Oppo2/Oppo-Reno-15F-a-medium (1).webp,Oppo-Reno-15F-a-medium (1).webp|Oppo-Reno-15F-a-medium (1).webp,5872,320,320
oppo-reno-15f-a-medium.webp,same filename in 2 different source folders,2,6a7cac765c7cd75eb85abf7d|6a7caca75c7cd75eb85dc73f,/Oppo/Oppo-Reno-15F-a-medium.webp|/Oppo2/Oppo-Reno-15F-a-medium.webp,Oppo-Reno-15F-a-medium.webp|Oppo-Reno-15F-a-medium.webp,6742,320,320
oppo-reno-16c-medium.webp,same filename in 2 different source folders,2,6a7cac765c7cd75eb85ac04f|6a7caca75c7cd75eb85dc6f2,/Oppo/Oppo-Reno-16c-medium.webp|/Oppo2/Oppo-Reno-16c-medium.webp,Oppo-Reno-16c-medium.webp|Oppo-Reno-16c-medium.webp,6734,320,320
oppo-reno-16f-a-medium (1).webp,same filename in 2 different source folders,2,6a7cac765c7cd75eb85ac2a1|6a7caca75c7cd75eb85dc8ed,/Oppo/Oppo-Reno-16F-a-medium (1).webp|/Oppo2/Oppo-Reno-16F-a-medium (1).webp,Oppo-Reno-16F-a-medium (1).webp|Oppo-Reno-16F-a-medium (1).webp,4622,320,320
oppo-reno-16f-a-medium.webp,same filename in 2 different source folders,2,6a7cac765c7cd75eb85abbe8|6a7caca75c7cd75eb85dc7a1,/Oppo/Oppo-Reno-16F-a-medium.webp|/Oppo2/Oppo-Reno-16F-a-medium.webp,Oppo-Reno-16F-a-medium.webp|Oppo-Reno-16F-a-medium.webp,5674,320,320
oppo-reno15-fs-medium (1).webp,same filename in 2 different source folders,2,6a7cac765c7cd75eb85aba65|6a7caca75c7cd75eb85dc741,/Oppo/Oppo-Reno15-FS-medium (1).webp|/Oppo2/Oppo-Reno15-FS-medium (1).webp,Oppo-Reno15-FS-medium (1).webp|Oppo-Reno15-FS-medium (1).webp,5856,320,320
oppo-reno15-fs-medium.webp,same filename in 2 different source folders,2,6a7cac765c7cd75eb85ac417|6a7caca75c7cd75eb85dcba3,/Oppo/Oppo-Reno15-FS-medium.webp|/Oppo2/Oppo-Reno15-FS-medium.webp,Oppo-Reno15-FS-medium.webp|Oppo-Reno15-FS-medium.webp,6780,320,320
oppo-reno15-pro-mini-medium (1).webp,same filename in 2 different source folders,2,6a7cac765c7cd75eb85ac4b4|6a7caca75c7cd75eb85dc7ad,/Oppo/Oppo-Reno15-Pro-Mini-medium (1).webp|/Oppo2/Oppo-Reno15-Pro-Mini-medium (1).webp,Oppo-Reno15-Pro-Mini-medium (1).webp|Oppo-Reno15-Pro-Mini-medium (1).webp,4232,320,320
oppo-reno15-pro-mini-medium.webp,same filename in 2 different source folders,2,6a7cac765c7cd75eb85abc55|6a7caca75c7cd75eb85dc7bf,/Oppo/Oppo-Reno15-Pro-Mini-medium.webp|/Oppo2/Oppo-Reno15-Pro-Mini-medium.webp,Oppo-Reno15-Pro-Mini-medium.webp|Oppo-Reno15-Pro-Mini-medium.webp,5830,320,320
oppo-reno16-b-medium.webp,same filename in 2 different source folders,2,6a7cac765c7cd75eb85abfbc|6a7caca75c7cd75eb85dc853,/Oppo/Oppo-Reno16-b-medium.webp|/Oppo2/Oppo-Reno16-b-medium.webp,Oppo-Reno16-b-medium.webp|Oppo-Reno16-b-medium.webp,9718,320,320
oppo-reno16-fs-medium.webp,same filename in 2 different source folders,2,6a7cac765c7cd75eb85ac4af|6a7caca75c7cd75eb85dc8b5,/Oppo/Oppo-Reno16-FS-medium.webp|/Oppo2/Oppo-Reno16-FS-medium.webp,Oppo-Reno16-FS-medium.webp|Oppo-Reno16-FS-medium.webp,7776,320,320
oppo-reno16-pro-medium.webp,same filename in 2 different source folders,2,6a7cac765c7cd75eb85ac19f|6a7caca75c7cd75eb85dcebd,/Oppo/Oppo-Reno16-Pro-medium.webp|/Oppo2/Oppo-Reno16-Pro-medium.webp,Oppo-Reno16-Pro-medium.webp|Oppo-Reno16-Pro-medium.webp,5936,320,320
oraimo-original (1).webp,same filename in 6 different source folders,6,6a7ca9e35c7cd75eb8314245|6a7caae55c7cd75eb8418696|6a7cab675c7cd75eb849d4c9|6a7cabba5c7cd75eb84f20a7|6a7caf6f5c7cd75eb88c8cea|6a7c26215c7cd75eb85525a7,/airbuds/oraimo-original (1).webp|/airbuds2/oraimo-original (1).webp|/airbuds3/oraimo-original (1).webp|/airbuds4/oraimo-original (1).webp|/airbuds5/oraimo-original (1).webp|/Bts/oraimo-original (1).webp,oraimo-original (1).webp|oraimo-original (1).webp|oraimo-original (1).webp|oraimo-original (1).webp|oraimo-original (1).webp|oraimo-original (1).webp,7140,320,160
oraimo-original (2).webp,same filename in 6 different source folders,6,6a7ca9e45c7cd75eb831425d|6a7caae55c7cd75eb8418666|6a7cab675c7cd75eb849d628|6a7cabba5c7cd75eb84f20fd|6a7caf6f5c7cd75eb88c8b7c|6a7c26215c7cd75eb85525c0,/airbuds/oraimo-original (2).webp|/airbuds2/oraimo-original (2).webp|/airbuds3/oraimo-original (2).webp|/airbuds4/oraimo-original (2).webp|/airbuds5/oraimo-original (2).webp|/Bts/oraimo-original (2).webp,oraimo-original (2).webp|oraimo-original (2).webp|oraimo-original (2).webp|oraimo-original (2).webp|oraimo-original (2).webp|oraimo-original (2).webp,2282,100,50
oraimo-original (3).webp,same filename in 2 different source folders,2,6a7ca9e45c7cd75eb83142a3|6a7c26215c7cd75eb85525c5,/airbuds/oraimo-original (3).webp|/Bts/oraimo-original (3).webp,oraimo-original (3).webp|oraimo-original (3).webp,4358,320,160
oraimo-original (4).webp,same filename in 2 different source folders,2,6a7ca9e45c7cd75eb831428e|6a7c26215c7cd75eb85525b2,/airbuds/oraimo-original (4).webp|/Bts/oraimo-original (4).webp,oraimo-original (4).webp|oraimo-original (4).webp,7140,320,160
oraimo-original.webp,same filename in 6 different source folders,6,6a7ca9e45c7cd75eb831434f|6a7caae55c7cd75eb84186ad|6a7cab675c7cd75eb849d4ec|6a7cabba5c7cd75eb84f2016|6a7caf6f5c7cd75eb88c8b62|6a7c26215c7cd75eb85526a2,/airbuds/oraimo-original.webp|/airbuds2/oraimo-original.webp|/airbuds3/oraimo-original.webp|/airbuds4/oraimo-original.webp|/airbuds5/oraimo-original.webp|/Bts/oraimo-original.webp,oraimo-original.webp|oraimo-original.webp|oraimo-original.webp|oraimo-original.webp|oraimo-original.webp|oraimo-original.webp,4358,320,160
philips-original (1).webp,same filename in 5 different source folders,5,6a7c25665c7cd75eb84fb1e0|6a7caca75c7cd75eb85dcc63|6a7cadda5c7cd75eb8713f2a|6a7caec25c7cd75eb8803f47|6a7caef95c7cd75eb8846798,/itel/Philips-original (1).webp|/Oppo2/Philips-original (1).webp|/Oppo3/Philips-original (1).webp|/Oppo5/Philips-original (1).webp|/Oppo6/Philips-original (1).webp,Philips-original (1).webp|Philips-original (1).webp|Philips-original (1).webp|Philips-original (1).webp|Philips-original (1).webp,4012,320,160
philips-original (2).webp,same filename in 5 different source folders,5,6a7c25665c7cd75eb84fb4d1|6a7caca75c7cd75eb85dccb9|6a7caddb5c7cd75eb8713f79|6a7caec25c7cd75eb8803eca|6a7caef95c7cd75eb88463e6,/itel/Philips-original (2).webp|/Oppo2/Philips-original (2).webp|/Oppo3/Philips-original (2).webp|/Oppo5/Philips-original (2).webp|/Oppo6/Philips-original (2).webp,Philips-original (2).webp|Philips-original (2).webp|Philips-original (2).webp|Philips-original (2).webp|Philips-original (2).webp,1576,100,50
philips-original.webp,same filename in 6 different source folders,6,6a7c25665c7cd75eb84fb4ef|6a7caca75c7cd75eb85dcf05|6a7cadda5c7cd75eb8713f39|6a7cae075c7cd75eb8740e84|6a7caec25c7cd75eb8803fe8|6a7caef95c7cd75eb88463de,/itel/Philips-original.webp|/Oppo2/Philips-original.webp|/Oppo3/Philips-original.webp|/Oppo4/Philips-original.webp|/Oppo5/Philips-original.webp|/Oppo6/Philips-original.webp,Philips-original.webp|Philips-original.webp|Philips-original.webp|Philips-original.webp|Philips-original.webp|Philips-original.webp,4270,320,160
realme-logo-original (1).webp,same filename in 10 different source folders,10,6a7ca9e75c7cd75eb8317231|6a7caae55c7cd75eb841870b|6a7cab675c7cd75eb849d4c0|6a7cabba5c7cd75eb84f20ef|6a7caf6f5c7cd75eb88c9055|6a7c25665c7cd75eb84fb4e8|6a7caca75c7cd75eb85dccab|6a7cadda5c7cd75eb8713f05|6a7caec25c7cd75eb8804071|6a7caef95c7cd75eb8846835,/airbuds/realme-logo-original (1).webp|/airbuds2/realme-logo-original (1).webp|/airbuds3/realme-logo-original (1).webp|/airbuds4/realme-logo-original (1).webp|/airbuds5/realme-logo-original (1).webp|/itel/realme-logo-original (1).webp|/Oppo2/realme-logo-original (1).webp|/Oppo3/realme-logo-original (1).webp|/Oppo5/realme-logo-original (1).webp|/Oppo6/realme-logo-original (1).webp,realme-logo-original (1).webp|realme-logo-original (1).webp|realme-logo-original (1).webp|realme-logo-original (1).webp|realme-logo-original (1).webp|realme-logo-original (1).webp|realme-logo-original (1).webp|realme-logo-original (1).webp|realme-logo-original (1).webp|realme-logo-original (1).webp,2350,320,160
realme-logo-original (2).webp,same filename in 10 different source folders,10,6a7ca9e75c7cd75eb8317256|6a7caae55c7cd75eb8418685|6a7cab675c7cd75eb849d649|6a7cabba5c7cd75eb84f20e4|6a7caf6f5c7cd75eb88c8e96|6a7c25665c7cd75eb84fb4e4|6a7caca75c7cd75eb85dcce5|6a7cadda5c7cd75eb8713ef8|6a7caec25c7cd75eb8804181|6a7caef95c7cd75eb88465e2,/airbuds/realme-logo-original (2).webp|/airbuds2/realme-logo-original (2).webp|/airbuds3/realme-logo-original (2).webp|/airbuds4/realme-logo-original (2).webp|/airbuds5/realme-logo-original (2).webp|/itel/realme-logo-original (2).webp|/Oppo2/realme-logo-original (2).webp|/Oppo3/realme-logo-original (2).webp|/Oppo5/realme-logo-original (2).webp|/Oppo6/realme-logo-original (2).webp,realme-logo-original (2).webp|realme-logo-original (2).webp|realme-logo-original (2).webp|realme-logo-original (2).webp|realme-logo-original (2).webp|realme-logo-original (2).webp|realme-logo-original (2).webp|realme-logo-original (2).webp|realme-logo-original (2).webp|realme-logo-original (2).webp,1256,100,50
realme-logo-original (3).webp,same filename in 2 different source folders,2,6a7ca9e75c7cd75eb831735d|6a7c25665c7cd75eb84fb608,/airbuds/realme-logo-original (3).webp|/itel/realme-logo-original (3).webp,realme-logo-original (3).webp|realme-logo-original (3).webp,2516,320,160
realme-logo-original (4).webp,same filename in 2 different source folders,2,6a7ca9e75c7cd75eb8317572|6a7c25675c7cd75eb84fb64f,/airbuds/realme-logo-original (4).webp|/itel/realme-logo-original (4).webp,realme-logo-original (4).webp|realme-logo-original (4).webp,2350,320,160
realme-logo-original.webp,same filename in 11 different source folders,11,6a7ca9e75c7cd75eb83179b0|6a7caae55c7cd75eb8418677|6a7cab675c7cd75eb849d66f|6a7cabba5c7cd75eb84f20ce|6a7caf6f5c7cd75eb88c8ece|6a7c25675c7cd75eb84fb650|6a7caca75c7cd75eb85dcd59|6a7caddb5c7cd75eb87140ea|6a7cae085c7cd75eb874120d|6a7caec25c7cd75eb88040f9|6a7caef95c7cd75eb88465e4,/airbuds/realme-logo-original.webp|/airbuds2/realme-logo-original.webp|/airbuds3/realme-logo-original.webp|/airbuds4/realme-logo-original.webp|/airbuds5/realme-logo-original.webp|/itel/realme-logo-original.webp|/Oppo2/realme-logo-original.webp|/Oppo3/realme-logo-original.webp|/Oppo4/realme-logo-original.webp|/Oppo5/realme-logo-original.webp|/Oppo6/realme-logo-original.webp,realme-logo-original.webp|realme-logo-original.webp|realme-logo-original.webp|realme-logo-original.webp|realme-logo-original.webp|realme-logo-original.webp|realme-logo-original.webp|realme-logo-original.webp|realme-logo-original.webp|realme-logo-original.webp|realme-logo-original.webp,2516,320,160
samsung-galaxy-buds-2-mqhutvztuu-medium (1).webp,same filename in 2 different source folders,2,6a7caae55c7cd75eb84186aa|6a7cab675c7cd75eb849d529,/airbuds2/samsung-galaxy-buds-2-MqHutVZtUU-medium (1).webp|/airbuds3/samsung-galaxy-buds-2-MqHutVZtUU-medium (1).webp,samsung-galaxy-buds-2-MqHutVZtUU-medium (1).webp|samsung-galaxy-buds-2-MqHutVZtUU-medium (1).webp,3084,320,320
samsung-galaxy-buds-2-mqhutvztuu-medium (2).webp,same filename in 2 different source folders,2,6a7caae55c7cd75eb8418689|6a7cab675c7cd75eb849d51e,/airbuds2/samsung-galaxy-buds-2-MqHutVZtUU-medium (2).webp|/airbuds3/samsung-galaxy-buds-2-MqHutVZtUU-medium (2).webp,samsung-galaxy-buds-2-MqHutVZtUU-medium (2).webp|samsung-galaxy-buds-2-MqHutVZtUU-medium (2).webp,1860,145,145
samsung-galaxy-buds-2-mqhutvztuu-medium.webp,same filename in 2 different source folders,2,6a7caae55c7cd75eb84186c4|6a7cab675c7cd75eb849d68f,/airbuds2/samsung-galaxy-buds-2-MqHutVZtUU-medium.webp|/airbuds3/samsung-galaxy-buds-2-MqHutVZtUU-medium.webp,samsung-galaxy-buds-2-MqHutVZtUU-medium.webp|samsung-galaxy-buds-2-MqHutVZtUU-medium.webp,4420,320,320
samsung-galaxy-buds-3-d-medium (1).webp,same filename in 2 different source folders,2,6a7caae55c7cd75eb841867a|6a7cab675c7cd75eb849d4df,/airbuds2/Samsung-Galaxy-Buds-3-d-medium (1).webp|/airbuds3/Samsung-Galaxy-Buds-3-d-medium (1).webp,Samsung-Galaxy-Buds-3-d-medium (1).webp|Samsung-Galaxy-Buds-3-d-medium (1).webp,3108,320,320
samsung-galaxy-buds-3-d-medium (2).webp,same filename in 2 different source folders,2,6a7caae55c7cd75eb8418669|6a7cab675c7cd75eb849d4ff,/airbuds2/Samsung-Galaxy-Buds-3-d-medium (2).webp|/airbuds3/Samsung-Galaxy-Buds-3-d-medium (2).webp,Samsung-Galaxy-Buds-3-d-medium (2).webp|Samsung-Galaxy-Buds-3-d-medium (2).webp,1610,145,145
samsung-galaxy-buds-3-d-medium.webp,same filename in 2 different source folders,2,6a7caae55c7cd75eb841866c|6a7cab675c7cd75eb849d524,/airbuds2/Samsung-Galaxy-Buds-3-d-medium.webp|/airbuds3/Samsung-Galaxy-Buds-3-d-medium.webp,Samsung-Galaxy-Buds-3-d-medium.webp|Samsung-Galaxy-Buds-3-d-medium.webp,3658,320,320
samsung-galaxy-buds-3-pro-e-medium (1).webp,same filename in 2 different source folders,2,6a7caae55c7cd75eb84186f2|6a7cab675c7cd75eb849d505,/airbuds2/Samsung-Galaxy-Buds-3-Pro-e-medium (1).webp|/airbuds3/Samsung-Galaxy-Buds-3-Pro-e-medium (1).webp,Samsung-Galaxy-Buds-3-Pro-e-medium (1).webp|Samsung-Galaxy-Buds-3-Pro-e-medium (1).webp,3464,320,320
samsung-galaxy-buds-3-pro-e-medium (2).webp,same filename in 2 different source folders,2,6a7caae55c7cd75eb84186b4|6a7cab675c7cd75eb849d67a,/airbuds2/Samsung-Galaxy-Buds-3-Pro-e-medium (2).webp|/airbuds3/Samsung-Galaxy-Buds-3-Pro-e-medium (2).webp,Samsung-Galaxy-Buds-3-Pro-e-medium (2).webp|Samsung-Galaxy-Buds-3-Pro-e-medium (2).webp,2024,145,145
samsung-galaxy-buds-3-pro-e-medium.webp,same filename in 2 different source folders,2,6a7caae55c7cd75eb84186e2|6a7cab675c7cd75eb849d526,/airbuds2/Samsung-Galaxy-Buds-3-Pro-e-medium.webp|/airbuds3/Samsung-Galaxy-Buds-3-Pro-e-medium.webp,Samsung-Galaxy-Buds-3-Pro-e-medium.webp|Samsung-Galaxy-Buds-3-Pro-e-medium.webp,4556,320,320
samsung-galaxy-buds-4-a-medium (1).webp,same filename in 3 different source folders,3,6a7ca9e75c7cd75eb8317c27|6a7caae55c7cd75eb84186c7|6a7cab675c7cd75eb849d62c,/airbuds/Samsung-Galaxy-Buds-4-a-medium (1).webp|/airbuds2/Samsung-Galaxy-Buds-4-a-medium (1).webp|/airbuds3/Samsung-Galaxy-Buds-4-a-medium (1).webp,Samsung-Galaxy-Buds-4-a-medium (1).webp|Samsung-Galaxy-Buds-4-a-medium (1).webp|Samsung-Galaxy-Buds-4-a-medium (1).webp,2662,320,320
samsung-galaxy-buds-4-a-medium (2).webp,same filename in 3 different source folders,3,6a7ca9e75c7cd75eb8317961|6a7caae55c7cd75eb84186dd|6a7cab675c7cd75eb849d6b9,/airbuds/Samsung-Galaxy-Buds-4-a-medium (2).webp|/airbuds2/Samsung-Galaxy-Buds-4-a-medium (2).webp|/airbuds3/Samsung-Galaxy-Buds-4-a-medium (2).webp,Samsung-Galaxy-Buds-4-a-medium (2).webp|Samsung-Galaxy-Buds-4-a-medium (2).webp|Samsung-Galaxy-Buds-4-a-medium (2).webp,1642,145,145
samsung-galaxy-buds-4-a-medium.webp,same filename in 3 different source folders,3,6a7ca9e75c7cd75eb8317b18|6a7caae55c7cd75eb84186f8|6a7cab675c7cd75eb849d6cb,/airbuds/Samsung-Galaxy-Buds-4-a-medium.webp|/airbuds2/Samsung-Galaxy-Buds-4-a-medium.webp|/airbuds3/Samsung-Galaxy-Buds-4-a-medium.webp,Samsung-Galaxy-Buds-4-a-medium.webp|Samsung-Galaxy-Buds-4-a-medium.webp|Samsung-Galaxy-Buds-4-a-medium.webp,3288,320,320
samsung-galaxy-buds-4-pro-c-medium (1).webp,same filename in 3 different source folders,3,6a7ca9e75c7cd75eb8317c78|6a7caae55c7cd75eb84186e0|6a7cab675c7cd75eb849d61c,/airbuds/Samsung-Galaxy-Buds-4-Pro-c-medium (1).webp|/airbuds2/Samsung-Galaxy-Buds-4-Pro-c-medium (1).webp|/airbuds3/Samsung-Galaxy-Buds-4-Pro-c-medium (1).webp,Samsung-Galaxy-Buds-4-Pro-c-medium (1).webp|Samsung-Galaxy-Buds-4-Pro-c-medium (1).webp|Samsung-Galaxy-Buds-4-Pro-c-medium (1).webp,3528,320,320
samsung-galaxy-buds-4-pro-c-medium (2).webp,same filename in 3 different source folders,3,6a7ca9e75c7cd75eb8317bac|6a7caae55c7cd75eb84186b8|6a7cab675c7cd75eb849d610,/airbuds/Samsung-Galaxy-Buds-4-Pro-c-medium (2).webp|/airbuds2/Samsung-Galaxy-Buds-4-Pro-c-medium (2).webp|/airbuds3/Samsung-Galaxy-Buds-4-Pro-c-medium (2).webp,Samsung-Galaxy-Buds-4-Pro-c-medium (2).webp|Samsung-Galaxy-Buds-4-Pro-c-medium (2).webp|Samsung-Galaxy-Buds-4-Pro-c-medium (2).webp,2116,145,145
samsung-galaxy-buds-4-pro-c-medium.webp,same filename in 3 different source folders,3,6a7ca9e75c7cd75eb8317bc5|6a7caae55c7cd75eb8418701|6a7cab675c7cd75eb849d683,/airbuds/Samsung-Galaxy-Buds-4-Pro-c-medium.webp|/airbuds2/Samsung-Galaxy-Buds-4-Pro-c-medium.webp|/airbuds3/Samsung-Galaxy-Buds-4-Pro-c-medium.webp,Samsung-Galaxy-Buds-4-Pro-c-medium.webp|Samsung-Galaxy-Buds-4-Pro-c-medium.webp|Samsung-Galaxy-Buds-4-Pro-c-medium.webp,4608,320,320
samsung-logo-original (1).webp,same filename in 11 different source folders,11,6a7ca9e75c7cd75eb8317a5b|6a7caae55c7cd75eb84186be|6a7cab675c7cd75eb849d7c1|6a7cabba5c7cd75eb84f2023|6a7caf715c7cd75eb88cab45|6a7c25675c7cd75eb84fb96f|6a7caca75c7cd75eb85dcf9b|6a7cadda5c7cd75eb8713f53|6a7caec25c7cd75eb8803eb8|6a7caef95c7cd75eb88463d8|6a7c23de5c7cd75eb844b37b,/airbuds/samsung-logo-original (1).webp|/airbuds2/samsung-logo-original (1).webp|/airbuds3/samsung-logo-original (1).webp|/airbuds4/samsung-logo-original (1).webp|/airbuds5/samsung-logo-original (1).webp|/itel/samsung-logo-original (1).webp|/Oppo2/samsung-logo-original (1).webp|/Oppo3/samsung-logo-original (1).webp|/Oppo5/samsung-logo-original (1).webp|/Oppo6/samsung-logo-original (1).webp|/tvs/samsung-logo-original (1).webp,samsung-logo-original (1).webp|samsung-logo-original (1).webp|samsung-logo-original (1).webp|samsung-logo-original (1).webp|samsung-logo-original (1).webp|samsung-logo-original (1).webp|samsung-logo-original (1).webp|samsung-logo-original (1).webp|samsung-logo-original (1).webp|samsung-logo-original (1).webp|samsung-logo-original (1).webp,6184,320,160
samsung-logo-original (2).webp,same filename in 11 different source folders,11,6a7ca9e75c7cd75eb8317a54|6a7caae55c7cd75eb84186ed|6a7cab675c7cd75eb849d78c|6a7cabba5c7cd75eb84f200f|6a7caf715c7cd75eb88cab50|6a7c25665c7cd75eb84fb1c5|6a7caca95c7cd75eb85df2f1|6a7cadda5c7cd75eb8713f15|6a7caec25c7cd75eb88040c3|6a7caef95c7cd75eb8846840|6a7c23de5c7cd75eb844b2fd,/airbuds/samsung-logo-original (2).webp|/airbuds2/samsung-logo-original (2).webp|/airbuds3/samsung-logo-original (2).webp|/airbuds4/samsung-logo-original (2).webp|/airbuds5/samsung-logo-original (2).webp|/itel/samsung-logo-original (2).webp|/Oppo2/samsung-logo-original (2).webp|/Oppo3/samsung-logo-original (2).webp|/Oppo5/samsung-logo-original (2).webp|/Oppo6/samsung-logo-original (2).webp|/tvs/samsung-logo-original (2).webp,samsung-logo-original (2).webp|samsung-logo-original (2).webp|samsung-logo-original (2).webp|samsung-logo-original (2).webp|samsung-logo-original (2).webp|samsung-logo-original (2).webp|samsung-logo-original (2).webp|samsung-logo-original (2).webp|samsung-logo-original (2).webp|samsung-logo-original (2).webp|samsung-logo-original (2).webp,2492,100,50
samsung-logo-original (3).webp,same filename in 3 different source folders,3,6a7ca9e75c7cd75eb8317cbe|6a7c25665c7cd75eb84fb1e8|6a7c23de5c7cd75eb844b2f7,/airbuds/samsung-logo-original (3).webp|/itel/samsung-logo-original (3).webp|/tvs/samsung-logo-original (3).webp,samsung-logo-original (3).webp|samsung-logo-original (3).webp|samsung-logo-original (3).webp,6762,320,160
samsung-logo-original (4).webp,same filename in 3 different source folders,3,6a7ca9e75c7cd75eb8317aae|6a7c25665c7cd75eb84fb1ec|6a7c23de5c7cd75eb844b406,/airbuds/samsung-logo-original (4).webp|/itel/samsung-logo-original (4).webp|/tvs/samsung-logo-original (4).webp,samsung-logo-original (4).webp|samsung-logo-original (4).webp|samsung-logo-original (4).webp,6184,320,160
samsung-logo-original (5).webp,same filename in 2 different source folders,2,6a7c25665c7cd75eb84fb1dd|6a7c23de5c7cd75eb844b44b,/itel/samsung-logo-original (5).webp|/tvs/samsung-logo-original (5).webp,samsung-logo-original (5).webp|samsung-logo-original (5).webp,2492,100,50
samsung-logo-original.webp,same filename in 12 different source folders,12,6a7ca9e75c7cd75eb8317f05|6a7caae55c7cd75eb841870a|6a7cab675c7cd75eb849d830|6a7cabbb5c7cd75eb84f2ce3|6a7caf715c7cd75eb88cad63|6a7c25665c7cd75eb84fb1b6|6a7caca95c7cd75eb85df30c|6a7cadda5c7cd75eb8713f50|6a7cae085c7cd75eb8740ff1|6a7caec25c7cd75eb8803eac|6a7caef95c7cd75eb8846649|6a7c23df5c7cd75eb844b6d7,/airbuds/samsung-logo-original.webp|/airbuds2/samsung-logo-original.webp|/airbuds3/samsung-logo-original.webp|/airbuds4/samsung-logo-original.webp|/airbuds5/samsung-logo-original.webp|/itel/samsung-logo-original.webp|/Oppo2/samsung-logo-original.webp|/Oppo3/samsung-logo-original.webp|/Oppo4/samsung-logo-original.webp|/Oppo5/samsung-logo-original.webp|/Oppo6/samsung-logo-original.webp|/tvs/samsung-logo-original.webp,samsung-logo-original.webp|samsung-logo-original.webp|samsung-logo-original.webp|samsung-logo-original.webp|samsung-logo-original.webp|samsung-logo-original.webp|samsung-logo-original.webp|samsung-logo-original.webp|samsung-logo-original.webp|samsung-logo-original.webp|samsung-logo-original.webp|samsung-logo-original.webp,6762,320,160
search.7d254c6 (1).svg,same filename in 3 different source folders,3,6a7c26215c7cd75eb85526aa|6a7c25665c7cd75eb84fb3b9|6a7c23df5c7cd75eb844b7ac,/Bts/search.7d254c6 (1).svg|/itel/search.7d254c6 (1).svg|/tvs/search.7d254c6 (1).svg,search.7d254c6 (1).svg|search.7d254c6 (1).svg|search.7d254c6 (1).svg,291,24,24
search.7d254c6.svg,same filename in 12 different source folders,23,6a7ca9e75c7cd75eb8317eb3|6a7caae55c7cd75eb84186d5|6a7cab675c7cd75eb849d666|6a7cabbb5c7cd75eb84f2da6|6a7caf715c7cd75eb88caf7d|6a7c26215c7cd75eb8552665|6a7ba9b55c7cd75eb8298754|6a7b697e5c7cd75eb8e18500|6a7b63455c7cd75eb8b335f4|6a7ba8c85c7cd75eb81b14e5|6a7ba8985c7cd75eb8185f8e|6a7ba8425c7cd75eb8137d9e|6a7ba80c5c7cd75eb8108860|6a7ba7705c7cd75eb80781ab|6a7ba7195c7cd75eb802e3a5|6a7ba6db5c7cd75eb8ff4f96|6a7ba8f85c7cd75eb81df40c|6a7b6a8a5c7cd75eb8e71d9e|6a7c25665c7cd75eb84fb22f|6a7caca95c7cd75eb85df4b0|6a7caec25c7cd75eb8803f52|6a7caef95c7cd75eb88465d8|6a7c23df5c7cd75eb844b851,/airbuds/search.7d254c6.svg|/airbuds2/search.7d254c6.svg|/airbuds3/search.7d254c6.svg|/airbuds4/search.7d254c6.svg|/airbuds5/search.7d254c6.svg|/Bts/search.7d254c6.svg|/ecommerce/All iOS Smartphones - Price in Kenya/search.7d254c6.svg|/ecommerce/All Tecno Smartphones - Price in Kenya/search.7d254c6.svg|/ecommerce/All Xiaomi Smartphones - Price in Kenya (2)/search.7d254c6.svg|/ecommerce/samsung/All Samsung Smartphones - Price in Kenya (1)/search.7d254c6.svg|/ecommerce/samsung/All Samsung Smartphones - Price in Kenya (2)/search.7d254c6.svg|/ecommerce/samsung/All Samsung Smartphones - Price in Kenya (3)/search.7d254c6.svg|/ecommerce/samsung/All Samsung Smartphones - Price in Kenya (4)/search.7d254c6.svg|/ecommerce/samsung/All Samsung Smartphones - Price in Kenya (6)/search.7d254c6.svg|/ecommerce/samsung/All Samsung Smartphones - Price in Kenya (7)/search.7d254c6.svg|/ecommerce/samsung/All Samsung Smartphones - Price in Kenya (8)/search.7d254c6.svg|/ecommerce/samsung/All Samsung Smartphones - Price in Kenya/search.7d254c6.svg|/ecommerce/Tecno-2/All Tecno Smartphones - Price in Kenya/search.7d254c6.svg|/itel/search.7d254c6.svg|/Oppo2/search.7d254c6.svg|/Oppo5/search.7d254c6.svg|/Oppo6/search.7d254c6.svg|/tvs/search.7d254c6.svg,search.7d254c6.svg|search.7d254c6.svg|search.7d254c6.svg|search.7d254c6.svg|search.7d254c6.svg|search.7d254c6.svg|search.7d254c6.svg|search.7d254c6.svg|search.7d254c6.svg|search.7d254c6.svg|search.7d254c6.svg|search.7d254c6.svg|search.7d254c6.svg|search.7d254c6.svg|search.7d254c6.svg|search.7d254c6.svg|search.7d254c6.svg|search.7d254c6.svg|search.7d254c6.svg|search.7d254c6.svg|search.7d254c6.svg|search.7d254c6.svg|search.7d254c6.svg,291,24,24
sony-logo-original (1).webp,same filename in 12 different source folders,12,6a7ca9e75c7cd75eb831809d|6a7caae55c7cd75eb84186ee|6a7cab675c7cd75eb849d827|6a7cabbb5c7cd75eb84f2d28|6a7caf715c7cd75eb88cade8|6a7c26215c7cd75eb8552725|6a7c25665c7cd75eb84fb455|6a7caca75c7cd75eb85dceca|6a7caddb5c7cd75eb87140cb|6a7caec25c7cd75eb8803ffb|6a7caef95c7cd75eb88465fe|6a7c23f95c7cd75eb845a6cb,/airbuds/sony-logo-original (1).webp|/airbuds2/sony-logo-original (1).webp|/airbuds3/sony-logo-original (1).webp|/airbuds4/sony-logo-original (1).webp|/airbuds5/sony-logo-original (1).webp|/Bts/sony-logo-original (1).webp|/itel/sony-logo-original (1).webp|/Oppo2/sony-logo-original (1).webp|/Oppo3/sony-logo-original (1).webp|/Oppo5/sony-logo-original (1).webp|/Oppo6/sony-logo-original (1).webp|/tvs/sony-logo-original (1).webp,sony-logo-original (1).webp|sony-logo-original (1).webp|sony-logo-original (1).webp|sony-logo-original (1).webp|sony-logo-original (1).webp|sony-logo-original (1).webp|sony-logo-original (1).webp|sony-logo-original (1).webp|sony-logo-original (1).webp|sony-logo-original (1).webp|sony-logo-original (1).webp|sony-logo-original (1).webp,5318,320,160
sony-logo-original (2).webp,same filename in 12 different source folders,12,6a7ca9e75c7cd75eb8318164|6a7caae55c7cd75eb841871a|6a7cab675c7cd75eb849d7e1|6a7cabbb5c7cd75eb84f2dff|6a7caf715c7cd75eb88cadda|6a7c26215c7cd75eb85527b7|6a7c25665c7cd75eb84fb442|6a7caca75c7cd75eb85dce9e|6a7caddb5c7cd75eb87140df|6a7caec25c7cd75eb880417e|6a7caefa5c7cd75eb8846b50|6a7c23f95c7cd75eb845a854,/airbuds/sony-logo-original (2).webp|/airbuds2/sony-logo-original (2).webp|/airbuds3/sony-logo-original (2).webp|/airbuds4/sony-logo-original (2).webp|/airbuds5/sony-logo-original (2).webp|/Bts/sony-logo-original (2).webp|/itel/sony-logo-original (2).webp|/Oppo2/sony-logo-original (2).webp|/Oppo3/sony-logo-original (2).webp|/Oppo5/sony-logo-original (2).webp|/Oppo6/sony-logo-original (2).webp|/tvs/sony-logo-original (2).webp,sony-logo-original (2).webp|sony-logo-original (2).webp|sony-logo-original (2).webp|sony-logo-original (2).webp|sony-logo-original (2).webp|sony-logo-original (2).webp|sony-logo-original (2).webp|sony-logo-original (2).webp|sony-logo-original (2).webp|sony-logo-original (2).webp|sony-logo-original (2).webp|sony-logo-original (2).webp,2252,100,50
sony-logo-original (3).webp,same filename in 4 different source folders,4,6a7ca9e75c7cd75eb8317d81|6a7c26215c7cd75eb85527bb|6a7c25665c7cd75eb84fb24b|6a7c23f95c7cd75eb845a893,/airbuds/sony-logo-original (3).webp|/Bts/sony-logo-original (3).webp|/itel/sony-logo-original (3).webp|/tvs/sony-logo-original (3).webp,sony-logo-original (3).webp|sony-logo-original (3).webp|sony-logo-original (3).webp|sony-logo-original (3).webp,3764,320,160
sony-logo-original (4).webp,same filename in 4 different source folders,4,6a7ca9e75c7cd75eb8317d7b|6a7c26215c7cd75eb85528d1|6a7c25665c7cd75eb84fb471|6a7c23f95c7cd75eb845a85a,/airbuds/sony-logo-original (4).webp|/Bts/sony-logo-original (4).webp|/itel/sony-logo-original (4).webp|/tvs/sony-logo-original (4).webp,sony-logo-original (4).webp|sony-logo-original (4).webp|sony-logo-original (4).webp|sony-logo-original (4).webp,5318,320,160
sony-logo-original (5).webp,same filename in 3 different source folders,3,6a7c26215c7cd75eb8552933|6a7c25665c7cd75eb84fb450|6a7c23f95c7cd75eb845a79c,/Bts/sony-logo-original (5).webp|/itel/sony-logo-original (5).webp|/tvs/sony-logo-original (5).webp,sony-logo-original (5).webp|sony-logo-original (5).webp|sony-logo-original (5).webp,2252,100,50
sony-logo-original.webp,same filename in 13 different source folders,13,6a7ca9e75c7cd75eb8317e43|6a7caae55c7cd75eb84186e9|6a7cab675c7cd75eb849d6a0|6a7cabbb5c7cd75eb84f2df2|6a7caf715c7cd75eb88caddd|6a7c26225c7cd75eb8552d21|6a7c25665c7cd75eb84fb43d|6a7caca95c7cd75eb85df2d7|6a7cadda5c7cd75eb8713f60|6a7cae075c7cd75eb8740eea|6a7caec25c7cd75eb8804106|6a7caef95c7cd75eb88465b0|6a7c23f95c7cd75eb845a85f,/airbuds/sony-logo-original.webp|/airbuds2/sony-logo-original.webp|/airbuds3/sony-logo-original.webp|/airbuds4/sony-logo-original.webp|/airbuds5/sony-logo-original.webp|/Bts/sony-logo-original.webp|/itel/sony-logo-original.webp|/Oppo2/sony-logo-original.webp|/Oppo3/sony-logo-original.webp|/Oppo4/sony-logo-original.webp|/Oppo5/sony-logo-original.webp|/Oppo6/sony-logo-original.webp|/tvs/sony-logo-original.webp,sony-logo-original.webp|sony-logo-original.webp|sony-logo-original.webp|sony-logo-original.webp|sony-logo-original.webp|sony-logo-original.webp|sony-logo-original.webp|sony-logo-original.webp|sony-logo-original.webp|sony-logo-original.webp|sony-logo-original.webp|sony-logo-original.webp|sony-logo-original.webp,3764,320,160
sony-wf-c710n-c-medium (1).webp,same filename in 3 different source folders,3,6a7ca9e75c7cd75eb8317ec6|6a7caae55c7cd75eb8418705|6a7cab675c7cd75eb849d7d3,/airbuds/Sony-WF-C710N-c-medium (1).webp|/airbuds2/Sony-WF-C710N-c-medium (1).webp|/airbuds3/Sony-WF-C710N-c-medium (1).webp,Sony-WF-C710N-c-medium (1).webp|Sony-WF-C710N-c-medium (1).webp|Sony-WF-C710N-c-medium (1).webp,6278,320,320
sony-wf-c710n-c-medium (2).webp,same filename in 3 different source folders,3,6a7ca9e75c7cd75eb8317ede|6a7caae55c7cd75eb8418712|6a7cab675c7cd75eb849d7a5,/airbuds/Sony-WF-C710N-c-medium (2).webp|/airbuds2/Sony-WF-C710N-c-medium (2).webp|/airbuds3/Sony-WF-C710N-c-medium (2).webp,Sony-WF-C710N-c-medium (2).webp|Sony-WF-C710N-c-medium (2).webp|Sony-WF-C710N-c-medium (2).webp,2948,145,145
sony-wf-c710n-c-medium.webp,same filename in 3 different source folders,3,6a7ca9e85c7cd75eb8318647|6a7caae55c7cd75eb84186d2|6a7cab675c7cd75eb849d6b1,/airbuds/Sony-WF-C710N-c-medium.webp|/airbuds2/Sony-WF-C710N-c-medium.webp|/airbuds3/Sony-WF-C710N-c-medium.webp,Sony-WF-C710N-c-medium.webp|Sony-WF-C710N-c-medium.webp|Sony-WF-C710N-c-medium.webp,7482,320,320
tecno-logo-original (1).webp,same filename in 5 different source folders,5,6a7c25665c7cd75eb84fb3cc|6a7caca75c7cd75eb85dcd63|6a7cadda5c7cd75eb8713f6c|6a7caec25c7cd75eb88041d6|6a7caefa5c7cd75eb8848188,/itel/tecno-logo-original (1).webp|/Oppo2/tecno-logo-original (1).webp|/Oppo3/tecno-logo-original (1).webp|/Oppo5/tecno-logo-original (1).webp|/Oppo6/tecno-logo-original (1).webp,tecno-logo-original (1).webp|tecno-logo-original (1).webp|tecno-logo-original (1).webp|tecno-logo-original (1).webp|tecno-logo-original (1).webp,3824,320,160
tecno-logo-original (2).webp,same filename in 5 different source folders,5,6a7c25665c7cd75eb84fb3da|6a7caca75c7cd75eb85dcf8d|6a7cadda5c7cd75eb8713f64|6a7caec25c7cd75eb8804050|6a7caef95c7cd75eb88466de,/itel/tecno-logo-original (2).webp|/Oppo2/tecno-logo-original (2).webp|/Oppo3/tecno-logo-original (2).webp|/Oppo5/tecno-logo-original (2).webp|/Oppo6/tecno-logo-original (2).webp,tecno-logo-original (2).webp|tecno-logo-original (2).webp|tecno-logo-original (2).webp|tecno-logo-original (2).webp|tecno-logo-original (2).webp,2052,100,50
tecno-logo-original.webp,same filename in 6 different source folders,6,6a7c25675c7cd75eb84fb655|6a7caca75c7cd75eb85dcecf|6a7cadda5c7cd75eb8713f5b|6a7cae075c7cd75eb8740ee0|6a7caec25c7cd75eb88040ae|6a7caef95c7cd75eb8846851,/itel/tecno-logo-original.webp|/Oppo2/tecno-logo-original.webp|/Oppo3/tecno-logo-original.webp|/Oppo4/tecno-logo-original.webp|/Oppo5/tecno-logo-original.webp|/Oppo6/tecno-logo-original.webp,tecno-logo-original.webp|tecno-logo-original.webp|tecno-logo-original.webp|tecno-logo-original.webp|tecno-logo-original.webp|tecno-logo-original.webp,3798,320,160
vivo-logo-original (1).webp,same filename in 5 different source folders,5,6a7c25675c7cd75eb84fb68c|6a7caca75c7cd75eb85dce9a|6a7cadda5c7cd75eb8713f6b|6a7caec25c7cd75eb8804199|6a7caef95c7cd75eb8846805,/itel/vivo-logo-original (1).webp|/Oppo2/vivo-logo-original (1).webp|/Oppo3/vivo-logo-original (1).webp|/Oppo5/vivo-logo-original (1).webp|/Oppo6/vivo-logo-original (1).webp,vivo-logo-original (1).webp|vivo-logo-original (1).webp|vivo-logo-original (1).webp|vivo-logo-original (1).webp|vivo-logo-original (1).webp,6910,320,160
vivo-logo-original (2).webp,same filename in 5 different source folders,5,6a7c25675c7cd75eb84fb66e|6a7caca75c7cd75eb85dcd32|6a7cadda5c7cd75eb8713f5f|6a7caec25c7cd75eb8804191|6a7caef95c7cd75eb8846849,/itel/vivo-logo-original (2).webp|/Oppo2/vivo-logo-original (2).webp|/Oppo3/vivo-logo-original (2).webp|/Oppo5/vivo-logo-original (2).webp|/Oppo6/vivo-logo-original (2).webp,vivo-logo-original (2).webp|vivo-logo-original (2).webp|vivo-logo-original (2).webp|vivo-logo-original (2).webp|vivo-logo-original (2).webp,2474,100,50
vivo-logo-original.webp,same filename in 6 different source folders,6,6a7c25675c7cd75eb84fb817|6a7caca75c7cd75eb85dcf16|6a7caddb5c7cd75eb871422c|6a7cae075c7cd75eb8740d1e|6a7caec25c7cd75eb8804062|6a7caef95c7cd75eb88467be,/itel/vivo-logo-original.webp|/Oppo2/vivo-logo-original.webp|/Oppo3/vivo-logo-original.webp|/Oppo4/vivo-logo-original.webp|/Oppo5/vivo-logo-original.webp|/Oppo6/vivo-logo-original.webp,vivo-logo-original.webp|vivo-logo-original.webp|vivo-logo-original.webp|vivo-logo-original.webp|vivo-logo-original.webp|vivo-logo-original.webp,5114,320,160
whatsapp (1).svg,same filename in 4 different source folders,4,6a7ca9e85c7cd75eb831876c|6a7c26225c7cd75eb8553525|6a7c25665c7cd75eb84fb617|6a7c23fa5c7cd75eb845ac32,/airbuds/whatsapp (1).svg|/Bts/whatsapp (1).svg|/itel/whatsapp (1).svg|/tvs/whatsapp (1).svg,whatsapp (1).svg|whatsapp (1).svg|whatsapp (1).svg|whatsapp (1).svg,785,58,58
whatsapp.svg,same filename in 13 different source folders,25,6a7ca9e85c7cd75eb8318770|6a7caae55c7cd75eb8418739|6a7cab675c7cd75eb849d7d4|6a7cabbb5c7cd75eb84f2dad|6a7caf715c7cd75eb88cb069|6a7c26225c7cd75eb8553488|6a7ba9b55c7cd75eb8298750|6a7b6cca5c7cd75eb8f3ee6c|6a7b69825c7cd75eb8e19d53|6a7b63465c7cd75eb8b33bd2|6a7ba8c85c7cd75eb81b14f9|6a7ba8985c7cd75eb8185fe4|6a7ba8425c7cd75eb8137d9c|6a7ba80c5c7cd75eb8108874|6a7ba7705c7cd75eb80781d6|6a7ba7195c7cd75eb802e3a1|6a7ba6db5c7cd75eb8ff4f9f|6a7ba8f85c7cd75eb81df595|6a7b6a8c5c7cd75eb8e73e2b|6a7c25675c7cd75eb84fb858|6a7caca75c7cd75eb85dd053|6a7caddb5c7cd75eb87140eb|6a7caec25c7cd75eb88041dd|6a7caefa5c7cd75eb8846bd8|6a7c23fa5c7cd75eb845b1d8,/airbuds/whatsapp.svg|/airbuds2/whatsapp.svg|/airbuds3/whatsapp.svg|/airbuds4/whatsapp.svg|/airbuds5/whatsapp.svg|/Bts/whatsapp.svg|/ecommerce/All iOS Smartphones - Price in Kenya/whatsapp.svg|/ecommerce/All Tecno Smartphones - Price in Kenya (2)/whatsapp.svg|/ecommerce/All Tecno Smartphones - Price in Kenya/whatsapp.svg|/ecommerce/All Xiaomi Smartphones - Price in Kenya (2)/whatsapp.svg|/ecommerce/samsung/All Samsung Smartphones - Price in Kenya (1)/whatsapp.svg|/ecommerce/samsung/All Samsung Smartphones - Price in Kenya (2)/whatsapp.svg|/ecommerce/samsung/All Samsung Smartphones - Price in Kenya (3)/whatsapp.svg|/ecommerce/samsung/All Samsung Smartphones - Price in Kenya (4)/whatsapp.svg|/ecommerce/samsung/All Samsung Smartphones - Price in Kenya (6)/whatsapp.svg|/ecommerce/samsung/All Samsung Smartphones - Price in Kenya (7)/whatsapp.svg|/ecommerce/samsung/All Samsung Smartphones - Price in Kenya (8)/whatsapp.svg|/ecommerce/samsung/All Samsung Smartphones - Price in Kenya/whatsapp.svg|/ecommerce/Tecno-2/All Tecno Smartphones - Price in Kenya/whatsapp.svg|/itel/whatsapp.svg|/Oppo2/whatsapp.svg|/Oppo3/whatsapp.svg|/Oppo5/whatsapp.svg|/Oppo6/whatsapp.svg|/tvs/whatsapp.svg,whatsapp.svg|whatsapp.svg|whatsapp.svg|whatsapp.svg|whatsapp.svg|whatsapp.svg|whatsapp.svg|whatsapp.svg|whatsapp.svg|whatsapp.svg|whatsapp.svg|whatsapp.svg|whatsapp.svg|whatsapp.svg|whatsapp.svg|whatsapp.svg|whatsapp.svg|whatsapp.svg|whatsapp.svg|whatsapp.svg|whatsapp.svg|whatsapp.svg|whatsapp.svg|whatsapp.svg|whatsapp.svg,785,58,58
xiaomi-logo-original (1).webp,same filename in 6 different source folders,6,6a7c25675c7cd75eb84fb883|6a7caca75c7cd75eb85dcd4e|6a7caddb5c7cd75eb8714225|6a7caec25c7cd75eb88049bb|6a7caefa5c7cd75eb8846bfd|6a7c23fa5c7cd75eb845b418,/itel/xiaomi-logo-original (1).webp|/Oppo2/xiaomi-logo-original (1).webp|/Oppo3/xiaomi-logo-original (1).webp|/Oppo5/xiaomi-logo-original (1).webp|/Oppo6/xiaomi-logo-original (1).webp|/tvs/xiaomi-logo-original (1).webp,xiaomi-logo-original (1).webp|xiaomi-logo-original (1).webp|xiaomi-logo-original (1).webp|xiaomi-logo-original (1).webp|xiaomi-logo-original (1).webp|xiaomi-logo-original (1).webp,3674,320,160
xiaomi-logo-original (2).webp,same filename in 6 different source folders,6,6a7c25675c7cd75eb84fb839|6a7caca75c7cd75eb85dd66c|6a7caddb5c7cd75eb8714110|6a7caec65c7cd75eb8808647|6a7caefa5c7cd75eb8846c21|6a7c24065c7cd75eb845f8b7,/itel/xiaomi-logo-original (2).webp|/Oppo2/xiaomi-logo-original (2).webp|/Oppo3/xiaomi-logo-original (2).webp|/Oppo5/xiaomi-logo-original (2).webp|/Oppo6/xiaomi-logo-original (2).webp|/tvs/xiaomi-logo-original (2).webp,xiaomi-logo-original (2).webp|xiaomi-logo-original (2).webp|xiaomi-logo-original (2).webp|xiaomi-logo-original (2).webp|xiaomi-logo-original (2).webp|xiaomi-logo-original (2).webp,1624,100,50
xiaomi-logo-original (3).webp,same filename in 2 different source folders,2,6a7c25675c7cd75eb84fb872|6a7c24055c7cd75eb845f65e,/itel/xiaomi-logo-original (3).webp|/tvs/xiaomi-logo-original (3).webp,xiaomi-logo-original (3).webp|xiaomi-logo-original (3).webp,3140,320,160
xiaomi-logo-original (4).webp,same filename in 2 different source folders,2,6a7c25675c7cd75eb84fb821|6a7c240a5c7cd75eb846129d,/itel/xiaomi-logo-original (4).webp|/tvs/xiaomi-logo-original (4).webp,xiaomi-logo-original (4).webp|xiaomi-logo-original (4).webp,3674,320,160
xiaomi-logo-original (5).webp,same filename in 2 different source folders,2,6a7c25675c7cd75eb84fb83d|6a7c240a5c7cd75eb84613a6,/itel/xiaomi-logo-original (5).webp|/tvs/xiaomi-logo-original (5).webp,xiaomi-logo-original (5).webp|xiaomi-logo-original (5).webp,1624,100,50
xiaomi-logo-original.webp,same filename in 7 different source folders,7,6a7c25675c7cd75eb84fb8c3|6a7caca75c7cd75eb85dd99a|6a7caddb5c7cd75eb8714108|6a7cae075c7cd75eb8740eee|6a7caec75c7cd75eb88097e6|6a7caefa5c7cd75eb8846aed|6a7c240c5c7cd75eb84623c8,/itel/xiaomi-logo-original.webp|/Oppo2/xiaomi-logo-original.webp|/Oppo3/xiaomi-logo-original.webp|/Oppo4/xiaomi-logo-original.webp|/Oppo5/xiaomi-logo-original.webp|/Oppo6/xiaomi-logo-original.webp|/tvs/xiaomi-logo-original.webp,xiaomi-logo-original.webp|xiaomi-logo-original.webp|xiaomi-logo-original.webp|xiaomi-logo-original.webp|xiaomi-logo-original.webp|xiaomi-logo-original.webp|xiaomi-logo-original.webp,3140,320,160
zte-original (1).webp,same filename in 5 different source folders,5,6a7c25675c7cd75eb84fb8b6|6a7cacaa5c7cd75eb85e0dfd|6a7caddb5c7cd75eb87141d5|6a7caecb5c7cd75eb880e317|6a7caefa5c7cd75eb8846a60,/itel/ZTE-original (1).webp|/Oppo2/ZTE-original (1).webp|/Oppo3/ZTE-original (1).webp|/Oppo5/ZTE-original (1).webp|/Oppo6/ZTE-original (1).webp,ZTE-original (1).webp|ZTE-original (1).webp|ZTE-original (1).webp|ZTE-original (1).webp|ZTE-original (1).webp,6350,320,160
zte-original (2).webp,same filename in 5 different source folders,5,6a7c25675c7cd75eb84fb899|6a7caca75c7cd75eb85ddcb0|6a7caddb5c7cd75eb87141c7|6a7caecb5c7cd75eb880e1d0|6a7caefa5c7cd75eb8846aa1,/itel/ZTE-original (2).webp|/Oppo2/ZTE-original (2).webp|/Oppo3/ZTE-original (2).webp|/Oppo5/ZTE-original (2).webp|/Oppo6/ZTE-original (2).webp,ZTE-original (2).webp|ZTE-original (2).webp|ZTE-original (2).webp|ZTE-original (2).webp|ZTE-original (2).webp,2478,100,50
zte-original.webp,same filename in 6 different source folders,6,6a7c25675c7cd75eb84fb89d|6a7caca85c7cd75eb85dddd0|6a7caddb5c7cd75eb8714104|6a7cae075c7cd75eb8740ea7|6a7caec95c7cd75eb880c853|6a7caefe5c7cd75eb884ba93,/itel/ZTE-original.webp|/Oppo2/ZTE-original.webp|/Oppo3/ZTE-original.webp|/Oppo4/ZTE-original.webp|/Oppo5/ZTE-original.webp|/Oppo6/ZTE-original.webp,ZTE-original.webp|ZTE-original.webp|ZTE-original.webp|ZTE-original.webp|ZTE-original.webp|ZTE-original.webp,5548,320,160