ID,SOURCE_FOLDER,FILENAME,NAME,ASSET_TYPE,URL
6a7ca9d55c7cd75eb8305663,airbuds,ankerlogo-original (1).webp,ankerlogo original (1),BRAND_LOGO,https://ik.imagekit.io/0iaahkrcv/airbuds/ankerlogo-original%20(1).webp?updatedAt=1786554837866
6a7ca9d55c7cd75eb8305c73,airbuds,ankerlogo-original (2).webp,ankerlogo original (2),BRAND_LOGO,https://ik.imagekit.io/0iaahkrcv/airbuds/ankerlogo-original%20(2).webp?updatedAt=1786554838267
6a7ca9d55c7cd75eb830568b,airbuds,ankerlogo-original (3).webp,ankerlogo original (3),BRAND_LOGO,https://ik.imagekit.io/0iaahkrcv/airbuds/ankerlogo-original%20(3).webp?updatedAt=1786554837764
6a7ca9d55c7cd75eb8305c26,airbuds,ankerlogo-original (4).webp,ankerlogo original (4),BRAND_LOGO,https://ik.imagekit.io/0iaahkrcv/airbuds/ankerlogo-original%20(4).webp?updatedAt=1786554838273
6a7ca9d55c7cd75eb8305e66,airbuds,ankerlogo-original.webp,ankerlogo original,BRAND_LOGO,https://ik.imagekit.io/0iaahkrcv/airbuds/ankerlogo-original.webp?updatedAt=1786554838359
6a7ca9d55c7cd75eb83056d0,airbuds,app-logo-desktop.svg,app logo desktop,BRAND_LOGO,https://ik.imagekit.io/0iaahkrcv/airbuds/app-logo-desktop.svg?updatedAt=1786554837878
6a7ca9d55c7cd75eb8305dd0,airbuds,apple-logo-original (1).webp,apple logo original (1),BRAND_LOGO,https://ik.imagekit.io/0iaahkrcv/airbuds/apple-logo-original%20(1).webp?updatedAt=1786554838358
6a7ca9d55c7cd75eb8305706,airbuds,apple-logo-original (2).webp,apple logo original (2),BRAND_LOGO,https://ik.imagekit.io/0iaahkrcv/airbuds/apple-logo-original%20(2).webp?updatedAt=1786554837950
6a7ca9d55c7cd75eb8305bac,airbuds,apple-logo-original (3).webp,apple logo original (3),BRAND_LOGO,https://ik.imagekit.io/0iaahkrcv/airbuds/apple-logo-original%20(3).webp?updatedAt=1786554838222
6a7ca9d55c7cd75eb8305cd1,airbuds,apple-logo-original (4).webp,apple logo original (4),BRAND_LOGO,https://ik.imagekit.io/0iaahkrcv/airbuds/apple-logo-original%20(4).webp?updatedAt=1786554838291
6a7ca9d55c7cd75eb8305ae0,airbuds,apple-logo-original.webp,apple logo original,BRAND_LOGO,https://ik.imagekit.io/0iaahkrcv/airbuds/apple-logo-original.webp?updatedAt=1786554838221
6a7ca9d55c7cd75eb8306353,airbuds,beats-original (1).webp,beats original (1),BRAND_LOGO,https://ik.imagekit.io/0iaahkrcv/airbuds/beats-original%20(1).webp?updatedAt=1786554838508
6a7ca9d55c7cd75eb83060aa,airbuds,beats-original (2).webp,beats original (2),BRAND_LOGO,https://ik.imagekit.io/0iaahkrcv/airbuds/beats-original%20(2).webp?updatedAt=1786554838315
6a7ca9d55c7cd75eb830609e,airbuds,beats-original (3).webp,beats original (3),BRAND_LOGO,https://ik.imagekit.io/0iaahkrcv/airbuds/beats-original%20(3).webp?updatedAt=1786554838284
6a7ca9d55c7cd75eb8305c1e,airbuds,beats-original (4).webp,beats original (4),BRAND_LOGO,https://ik.imagekit.io/0iaahkrcv/airbuds/beats-original%20(4).webp?updatedAt=1786554838284
6a7ca9d55c7cd75eb83065de,airbuds,beats-original (5).webp,beats original (5),BRAND_LOGO,https://ik.imagekit.io/0iaahkrcv/airbuds/beats-original%20(5).webp?updatedAt=1786554838645
6a7ca9d55c7cd75eb8305a7f,airbuds,beats-original.webp,beats original,BRAND_LOGO,https://ik.imagekit.io/0iaahkrcv/airbuds/beats-original.webp?updatedAt=1786554838255
6a7ca9d65c7cd75eb8306dd7,airbuds,chevron-down.8ee3574 (1).svg,chevron down.8ee3574 (1),GLOBAL_ICON,https://ik.imagekit.io/0iaahkrcv/airbuds/chevron-down.8ee3574%20(1).svg?updatedAt=1786554838962
6a7ca9d65c7cd75eb8306df6,airbuds,chevron-down.8ee3574.svg,chevron down.8ee3574,GLOBAL_ICON,https://ik.imagekit.io/0iaahkrcv/airbuds/chevron-down.8ee3574.svg?updatedAt=1786554838997
6a7ca9d55c7cd75eb8305f2a,airbuds,download (1).svg,download (1),GLOBAL_ICON,https://ik.imagekit.io/0iaahkrcv/airbuds/download%20(1).svg?updatedAt=1786554838346
6a7ca9d55c7cd75eb830581c,airbuds,download (10).svg,download (10),GLOBAL_ICON,https://ik.imagekit.io/0iaahkrcv/airbuds/download%20(10).svg?updatedAt=1786554837985
6a7ca9d65c7cd75eb8306ab5,airbuds,download (11).svg,download (11),GLOBAL_ICON,https://ik.imagekit.io/0iaahkrcv/airbuds/download%20(11).svg?updatedAt=1786554838908
6a7ca9d55c7cd75eb83062b4,airbuds,download (12).svg,download (12),GLOBAL_ICON,https://ik.imagekit.io/0iaahkrcv/airbuds/download%20(12).svg?updatedAt=1786554838426
6a7ca9d55c7cd75eb83063b5,airbuds,download (13).svg,download (13),GLOBAL_ICON,https://ik.imagekit.io/0iaahkrcv/airbuds/download%20(13).svg?updatedAt=1786554838630
6a7ca9d55c7cd75eb8305914,airbuds,download (14).svg,download (14),GLOBAL_ICON,https://ik.imagekit.io/0iaahkrcv/airbuds/download%20(14).svg?updatedAt=1786554838238
6a7ca9d55c7cd75eb8306561,airbuds,download (15).svg,download (15),GLOBAL_ICON,https://ik.imagekit.io/0iaahkrcv/airbuds/download%20(15).svg?updatedAt=1786554838549
6a7ca9d55c7cd75eb8305d9d,airbuds,download (16).svg,download (16),GLOBAL_ICON,https://ik.imagekit.io/0iaahkrcv/airbuds/download%20(16).svg?updatedAt=1786554838269
6a7ca9d65c7cd75eb8306696,airbuds,download (17).svg,download (17),GLOBAL_ICON,https://ik.imagekit.io/0iaahkrcv/airbuds/download%20(17).svg?updatedAt=1786554838689
6a7ca9d65c7cd75eb8306f5a,airbuds,download (18).svg,download (18),GLOBAL_ICON,https://ik.imagekit.io/0iaahkrcv/airbuds/download%20(18).svg?updatedAt=1786554839090
6a7ca9d65c7cd75eb8306cab,airbuds,download (19).svg,download (19),GLOBAL_ICON,https://ik.imagekit.io/0iaahkrcv/airbuds/download%20(19).svg?updatedAt=1786554838922
6a7ca9d55c7cd75eb8305803,airbuds,download (2).svg,download (2),GLOBAL_ICON,https://ik.imagekit.io/0iaahkrcv/airbuds/download%20(2).svg?updatedAt=1786554837939
6a7ca9d55c7cd75eb83059ca,airbuds,download (20).svg,download (20),GLOBAL_ICON,https://ik.imagekit.io/0iaahkrcv/airbuds/download%20(20).svg?updatedAt=1786554838251
6a7ca9d65c7cd75eb8306c2d,airbuds,download (21).svg,download (21),GLOBAL_ICON,https://ik.imagekit.io/0iaahkrcv/airbuds/download%20(21).svg?updatedAt=1786554838965
6a7ca9d55c7cd75eb83058a0,airbuds,download (22).svg,download (22),GLOBAL_ICON,https://ik.imagekit.io/0iaahkrcv/airbuds/download%20(22).svg?updatedAt=1786554838142
6a7ca9d65c7cd75eb830778c,airbuds,download (23).svg,download (23),GLOBAL_ICON,https://ik.imagekit.io/0iaahkrcv/airbuds/download%20(23).svg?updatedAt=1786554839631
6a7ca9d55c7cd75eb8305978,airbuds,download (24).svg,download (24),GLOBAL_ICON,https://ik.imagekit.io/0iaahkrcv/airbuds/download%20(24).svg?updatedAt=1786554838181
6a7ca9d65c7cd75eb8306f18,airbuds,download (25).svg,download (25),GLOBAL_ICON,https://ik.imagekit.io/0iaahkrcv/airbuds/download%20(25).svg?updatedAt=1786554839044
6a7ca9d65c7cd75eb8306ab4,airbuds,download (26).svg,download (26),GLOBAL_ICON,https://ik.imagekit.io/0iaahkrcv/airbuds/download%20(26).svg?updatedAt=1786554838897
6a7ca9d55c7cd75eb83058c1,airbuds,download (27).svg,download (27),GLOBAL_ICON,https://ik.imagekit.io/0iaahkrcv/airbuds/download%20(27).svg?updatedAt=1786554838224
6a7ca9d65c7cd75eb8306c1b,airbuds,download (28).svg,download (28),GLOBAL_ICON,https://ik.imagekit.io/0iaahkrcv/airbuds/download%20(28).svg?updatedAt=1786554838923
6a7ca9d65c7cd75eb8306e1d,airbuds,download (29).svg,download (29),GLOBAL_ICON,https://ik.imagekit.io/0iaahkrcv/airbuds/download%20(29).svg?updatedAt=1786554839007
6a7ca9d65c7cd75eb8306ca6,airbuds,download (3).svg,download (3),GLOBAL_ICON,https://ik.imagekit.io/0iaahkrcv/airbuds/download%20(3).svg?updatedAt=1786554838980
6a7ca9d55c7cd75eb83058b1,airbuds,download (30).svg,download (30),GLOBAL_ICON,https://ik.imagekit.io/0iaahkrcv/airbuds/download%20(30).svg?updatedAt=1786554838177
6a7ca9d65c7cd75eb8306ab8,airbuds,download (31).svg,download (31),GLOBAL_ICON,https://ik.imagekit.io/0iaahkrcv/airbuds/download%20(31).svg?updatedAt=1786554838939
6a7ca9d55c7cd75eb8305ba2,airbuds,download (32).svg,download (32),GLOBAL_ICON,https://ik.imagekit.io/0iaahkrcv/airbuds/download%20(32).svg?updatedAt=1786554838193
6a7ca9d65c7cd75eb8306c59,airbuds,download (33).svg,download (33),GLOBAL_ICON,https://ik.imagekit.io/0iaahkrcv/airbuds/download%20(33).svg?updatedAt=1786554838945
6a7ca9d75c7cd75eb8307ad4,airbuds,download (34).svg,download (34),GLOBAL_ICON,https://ik.imagekit.io/0iaahkrcv/airbuds/download%20(34).svg?updatedAt=1786554839732
6a7ca9d75c7cd75eb8307bd9,airbuds,download (4).svg,download (4),GLOBAL_ICON,https://ik.imagekit.io/0iaahkrcv/airbuds/download%20(4).svg?updatedAt=1786554839795
6a7ca9d75c7cd75eb8308363,airbuds,download (5).svg,download (5),GLOBAL_ICON,https://ik.imagekit.io/0iaahkrcv/airbuds/download%20(5).svg?updatedAt=1786554840221
6a7ca9d75c7cd75eb830882f,airbuds,download (6).svg,download (6),GLOBAL_ICON,https://ik.imagekit.io/0iaahkrcv/airbuds/download%20(6).svg?updatedAt=1786554840532
6a7ca9d85c7cd75eb8309218,airbuds,download (7).svg,download (7),GLOBAL_ICON,https://ik.imagekit.io/0iaahkrcv/airbuds/download%20(7).svg?updatedAt=1786554841187
6a7ca9d75c7cd75eb83083d0,airbuds,download (8).svg,download (8),GLOBAL_ICON,https://ik.imagekit.io/0iaahkrcv/airbuds/download%20(8).svg?updatedAt=1786554840311
6a7ca9d85c7cd75eb8308bf7,airbuds,download (9).svg,download (9),GLOBAL_ICON,https://ik.imagekit.io/0iaahkrcv/airbuds/download%20(9).svg?updatedAt=1786554840706
6a7ca9d85c7cd75eb830921e,airbuds,download.svg,download,GLOBAL_ICON,https://ik.imagekit.io/0iaahkrcv/airbuds/download.svg?updatedAt=1786554841217
6a7ca9de5c7cd75eb830f293,airbuds,google-logo-original (1).webp,google logo original (1),BRAND_LOGO,https://ik.imagekit.io/0iaahkrcv/airbuds/google-logo-original%20(1).webp?updatedAt=1786554846716
6a7ca9de5c7cd75eb830f30e,airbuds,google-logo-original (2).webp,google logo original (2),BRAND_LOGO,https://ik.imagekit.io/0iaahkrcv/airbuds/google-logo-original%20(2).webp?updatedAt=1786554846753
6a7ca9de5c7cd75eb830f29e,airbuds,google-logo-original (3).webp,google logo original (3),BRAND_LOGO,https://ik.imagekit.io/0iaahkrcv/airbuds/google-logo-original%20(3).webp?updatedAt=1786554846711
6a7ca9de5c7cd75eb830f298,airbuds,google-logo-original (4).webp,google logo original (4),BRAND_LOGO,https://ik.imagekit.io/0iaahkrcv/airbuds/google-logo-original%20(4).webp?updatedAt=1786554846720
6a7ca9de5c7cd75eb830f28b,airbuds,google-logo-original (5).webp,google logo original (5),BRAND_LOGO,https://ik.imagekit.io/0iaahkrcv/airbuds/google-logo-original%20(5).webp?updatedAt=1786554846708
6a7ca9de5c7cd75eb830f22c,airbuds,google-logo-original.webp,google logo original,BRAND_LOGO,https://ik.imagekit.io/0iaahkrcv/airbuds/google-logo-original.webp?updatedAt=1786554846624
6a7ca9de5c7cd75eb830f5ea,airbuds,huawei-logo-original (1).webp,huawei logo original (1),BRAND_LOGO,https://ik.imagekit.io/0iaahkrcv/airbuds/huawei-logo-original%20(1).webp?updatedAt=1786554846782
6a7ca9de5c7cd75eb830f792,airbuds,huawei-logo-original (2).webp,huawei logo original (2),BRAND_LOGO,https://ik.imagekit.io/0iaahkrcv/airbuds/huawei-logo-original%20(2).webp?updatedAt=1786554846886
6a7ca9de5c7cd75eb830f79e,airbuds,huawei-logo-original (3).webp,huawei logo original (3),BRAND_LOGO,https://ik.imagekit.io/0iaahkrcv/airbuds/huawei-logo-original%20(3).webp?updatedAt=1786554846858
6a7ca9de5c7cd75eb830f744,airbuds,huawei-logo-original (4).webp,huawei logo original (4),BRAND_LOGO,https://ik.imagekit.io/0iaahkrcv/airbuds/huawei-logo-original%20(4).webp?updatedAt=1786554846847
6a7ca9de5c7cd75eb830fc00,airbuds,huawei-logo-original.webp,huawei logo original,BRAND_LOGO,https://ik.imagekit.io/0iaahkrcv/airbuds/huawei-logo-original.webp?updatedAt=1786554847257
6a7ca9de5c7cd75eb830fd95,airbuds,jbl-logo-original (1).webp,jbl logo original (1),BRAND_LOGO,https://ik.imagekit.io/0iaahkrcv/airbuds/jbl-logo-original%20(1).webp?updatedAt=1786554847282
6a7ca9de5c7cd75eb830fd9d,airbuds,jbl-logo-original (2).webp,jbl logo original (2),BRAND_LOGO,https://ik.imagekit.io/0iaahkrcv/airbuds/jbl-logo-original%20(2).webp?updatedAt=1786554847152
6a7ca9de5c7cd75eb830fd08,airbuds,jbl-logo-original (3).webp,jbl logo original (3),BRAND_LOGO,https://ik.imagekit.io/0iaahkrcv/airbuds/jbl-logo-original%20(3).webp?updatedAt=1786554847197
6a7ca9de5c7cd75eb830fca7,airbuds,jbl-logo-original (4).webp,jbl logo original (4),BRAND_LOGO,https://ik.imagekit.io/0iaahkrcv/airbuds/jbl-logo-original%20(4).webp?updatedAt=1786554847239
6a7ca9de5c7cd75eb830fd28,airbuds,jbl-logo-original.webp,jbl logo original,BRAND_LOGO,https://ik.imagekit.io/0iaahkrcv/airbuds/jbl-logo-original.webp?updatedAt=1786554847132
6a7ca9de5c7cd75eb830ff21,airbuds,loader.631b9ed (1).svg,loader.631b9ed (1),GLOBAL_ICON,https://ik.imagekit.io/0iaahkrcv/airbuds/loader.631b9ed%20(1).svg?updatedAt=1786554847227
6a7ca9de5c7cd75eb830fef5,airbuds,loader.631b9ed.svg,loader.631b9ed,GLOBAL_ICON,https://ik.imagekit.io/0iaahkrcv/airbuds/loader.631b9ed.svg?updatedAt=1786554847236
6a7ca9df5c7cd75eb8310cee,airbuds,oneplus-logo-original (1).webp,oneplus logo original (1),BRAND_LOGO,https://ik.imagekit.io/0iaahkrcv/airbuds/oneplus-logo-original%20(1).webp?updatedAt=1786554847931
6a7ca9de5c7cd75eb8310382,airbuds,oneplus-logo-original (2).webp,oneplus logo original (2),BRAND_LOGO,https://ik.imagekit.io/0iaahkrcv/airbuds/oneplus-logo-original%20(2).webp?updatedAt=1786554847684
6a7ca9de5c7cd75eb83102cc,airbuds,oneplus-logo-original (3).webp,oneplus logo original (3),BRAND_LOGO,https://ik.imagekit.io/0iaahkrcv/airbuds/oneplus-logo-original%20(3).webp?updatedAt=1786554847644
6a7ca9de5c7cd75eb83102d0,airbuds,oneplus-logo-original (4).webp,oneplus logo original (4),BRAND_LOGO,https://ik.imagekit.io/0iaahkrcv/airbuds/oneplus-logo-original%20(4).webp?updatedAt=1786554847659
6a7ca9de5c7cd75eb8310358,airbuds,oneplus-logo-original.webp,oneplus logo original,BRAND_LOGO,https://ik.imagekit.io/0iaahkrcv/airbuds/oneplus-logo-original.webp?updatedAt=1786554847669
6a7ca9df5c7cd75eb83108b8,airbuds,oppo-logo-original (1).webp,oppo logo original (1),BRAND_LOGO,https://ik.imagekit.io/0iaahkrcv/airbuds/oppo-logo-original%20(1).webp?updatedAt=1786554847973
6a7ca9df5c7cd75eb83105b9,airbuds,oppo-logo-original (2).webp,oppo logo original (2),BRAND_LOGO,https://ik.imagekit.io/0iaahkrcv/airbuds/oppo-logo-original%20(2).webp?updatedAt=1786554847757
6a7ca9df5c7cd75eb8310cf5,airbuds,oppo-logo-original (3).webp,oppo logo original (3),BRAND_LOGO,https://ik.imagekit.io/0iaahkrcv/airbuds/oppo-logo-original%20(3).webp?updatedAt=1786554847978
6a7ca9df5c7cd75eb83108ae,airbuds,oppo-logo-original (4).webp,oppo logo original (4),BRAND_LOGO,https://ik.imagekit.io/0iaahkrcv/airbuds/oppo-logo-original%20(4).webp?updatedAt=1786554847926
6a7ca9df5c7cd75eb8310864,airbuds,oppo-logo-original.webp,oppo logo original,BRAND_LOGO,https://ik.imagekit.io/0iaahkrcv/airbuds/oppo-logo-original.webp?updatedAt=1786554847834
6a7ca9e75c7cd75eb8317231,airbuds,realme-logo-original (1).webp,realme logo original (1),BRAND_LOGO,https://ik.imagekit.io/0iaahkrcv/airbuds/realme-logo-original%20(1).webp?updatedAt=1786554855949
6a7ca9e75c7cd75eb8317256,airbuds,realme-logo-original (2).webp,realme logo original (2),BRAND_LOGO,https://ik.imagekit.io/0iaahkrcv/airbuds/realme-logo-original%20(2).webp?updatedAt=1786554855878
6a7ca9e75c7cd75eb831735d,airbuds,realme-logo-original (3).webp,realme logo original (3),BRAND_LOGO,https://ik.imagekit.io/0iaahkrcv/airbuds/realme-logo-original%20(3).webp?updatedAt=1786554855963
6a7ca9e75c7cd75eb8317572,airbuds,realme-logo-original (4).webp,realme logo original (4),BRAND_LOGO,https://ik.imagekit.io/0iaahkrcv/airbuds/realme-logo-original%20(4).webp?updatedAt=1786554856111
6a7ca9e75c7cd75eb83179b0,airbuds,realme-logo-original.webp,realme logo original,BRAND_LOGO,https://ik.imagekit.io/0iaahkrcv/airbuds/realme-logo-original.webp?updatedAt=1786554856254
6a7ca9e75c7cd75eb8317a5b,airbuds,samsung-logo-original (1).webp,samsung logo original (1),BRAND_LOGO,https://ik.imagekit.io/0iaahkrcv/airbuds/samsung-logo-original%20(1).webp?updatedAt=1786554856279
6a7ca9e75c7cd75eb8317a54,airbuds,samsung-logo-original (2).webp,samsung logo original (2),BRAND_LOGO,https://ik.imagekit.io/0iaahkrcv/airbuds/samsung-logo-original%20(2).webp?updatedAt=1786554856261
6a7ca9e75c7cd75eb8317cbe,airbuds,samsung-logo-original (3).webp,samsung logo original (3),BRAND_LOGO,https://ik.imagekit.io/0iaahkrcv/airbuds/samsung-logo-original%20(3).webp?updatedAt=1786554856327
6a7ca9e75c7cd75eb8317aae,airbuds,samsung-logo-original (4).webp,samsung logo original (4),BRAND_LOGO,https://ik.imagekit.io/0iaahkrcv/airbuds/samsung-logo-original%20(4).webp?updatedAt=1786554856234
6a7ca9e75c7cd75eb8317f05,airbuds,samsung-logo-original.webp,samsung logo original,BRAND_LOGO,https://ik.imagekit.io/0iaahkrcv/airbuds/samsung-logo-original.webp?updatedAt=1786554856408
6a7ca9e75c7cd75eb8317eb3,airbuds,search.7d254c6.svg,search.7d254c6,GLOBAL_ICON,https://ik.imagekit.io/0iaahkrcv/airbuds/search.7d254c6.svg?updatedAt=1786554856493
6a7ca9e75c7cd75eb831809d,airbuds,sony-logo-original (1).webp,sony logo original (1),BRAND_LOGO,https://ik.imagekit.io/0iaahkrcv/airbuds/sony-logo-original%20(1).webp?updatedAt=1786554856447
6a7ca9e75c7cd75eb8318164,airbuds,sony-logo-original (2).webp,sony logo original (2),BRAND_LOGO,https://ik.imagekit.io/0iaahkrcv/airbuds/sony-logo-original%20(2).webp?updatedAt=1786554856524
6a7ca9e75c7cd75eb8317d81,airbuds,sony-logo-original (3).webp,sony logo original (3),BRAND_LOGO,https://ik.imagekit.io/0iaahkrcv/airbuds/sony-logo-original%20(3).webp?updatedAt=1786554856460
6a7ca9e75c7cd75eb8317d7b,airbuds,sony-logo-original (4).webp,sony logo original (4),BRAND_LOGO,https://ik.imagekit.io/0iaahkrcv/airbuds/sony-logo-original%20(4).webp?updatedAt=1786554856392
6a7ca9e75c7cd75eb8317e43,airbuds,sony-logo-original.webp,sony logo original,BRAND_LOGO,https://ik.imagekit.io/0iaahkrcv/airbuds/sony-logo-original.webp?updatedAt=1786554856361
6a7ca9e85c7cd75eb831876c,airbuds,whatsapp (1).svg,whatsapp (1),GLOBAL_ICON,https://ik.imagekit.io/0iaahkrcv/airbuds/whatsapp%20(1).svg?updatedAt=1786554856975
6a7ca9e85c7cd75eb8318770,airbuds,whatsapp.svg,whatsapp,GLOBAL_ICON,https://ik.imagekit.io/0iaahkrcv/airbuds/whatsapp.svg?updatedAt=1786554856902
6a7caadc5c7cd75eb840f4f9,airbuds2,ankerlogo-original (1).webp,ankerlogo original (1),BRAND_LOGO,https://ik.imagekit.io/0iaahkrcv/airbuds2/ankerlogo-original%20(1).webp?updatedAt=1786555100763
6a7caadc5c7cd75eb840f6dc,airbuds2,ankerlogo-original (2).webp,ankerlogo original (2),BRAND_LOGO,https://ik.imagekit.io/0iaahkrcv/airbuds2/ankerlogo-original%20(2).webp?updatedAt=1786555100908
6a7caadc5c7cd75eb840f8f8,airbuds2,ankerlogo-original.webp,ankerlogo original,BRAND_LOGO,https://ik.imagekit.io/0iaahkrcv/airbuds2/ankerlogo-original.webp?updatedAt=1786555101047
6a7caadc5c7cd75eb840f572,airbuds2,app-logo-desktop.svg,app logo desktop,BRAND_LOGO,https://ik.imagekit.io/0iaahkrcv/airbuds2/app-logo-desktop.svg?updatedAt=1786555100844
6a7caadc5c7cd75eb840f809,airbuds2,apple-logo-original (1).webp,apple logo original (1),BRAND_LOGO,https://ik.imagekit.io/0iaahkrcv/airbuds2/apple-logo-original%20(1).webp?updatedAt=1786555100978
6a7caadc5c7cd75eb840f60a,airbuds2,apple-logo-original (2).webp,apple logo original (2),BRAND_LOGO,https://ik.imagekit.io/0iaahkrcv/airbuds2/apple-logo-original%20(2).webp?updatedAt=1786555100900
6a7caadc5c7cd75eb840f81a,airbuds2,apple-logo-original.webp,apple logo original,BRAND_LOGO,https://ik.imagekit.io/0iaahkrcv/airbuds2/apple-logo-original.webp?updatedAt=1786555100950
6a7caadc5c7cd75eb840f83d,airbuds2,beats-original (1).webp,beats original (1),BRAND_LOGO,https://ik.imagekit.io/0iaahkrcv/airbuds2/beats-original%20(1).webp?updatedAt=1786555100974
6a7caadc5c7cd75eb840f5ec,airbuds2,beats-original (2).webp,beats original (2),BRAND_LOGO,https://ik.imagekit.io/0iaahkrcv/airbuds2/beats-original%20(2).webp?updatedAt=1786555100834
6a7caadb5c7cd75eb840ee91,airbuds2,beats-original.webp,beats original,BRAND_LOGO,https://ik.imagekit.io/0iaahkrcv/airbuds2/beats-original.webp?updatedAt=1786555100521
6a7caadc5c7cd75eb840f7b9,airbuds2,chevron-down.8ee3574.svg,chevron down.8ee3574,GLOBAL_ICON,https://ik.imagekit.io/0iaahkrcv/airbuds2/chevron-down.8ee3574.svg?updatedAt=1786555100894
6a7caadb5c7cd75eb840ef7c,airbuds2,download (1).svg,download (1),GLOBAL_ICON,https://ik.imagekit.io/0iaahkrcv/airbuds2/download%20(1).svg?updatedAt=1786555100559
6a7caadb5c7cd75eb840ef94,airbuds2,download (10).svg,download (10),GLOBAL_ICON,https://ik.imagekit.io/0iaahkrcv/airbuds2/download%20(10).svg?updatedAt=1786555100574
6a7caadc5c7cd75eb840f829,airbuds2,download (11).svg,download (11),GLOBAL_ICON,https://ik.imagekit.io/0iaahkrcv/airbuds2/download%20(11).svg?updatedAt=1786555100956
6a7caadc5c7cd75eb840f93b,airbuds2,download (12).svg,download (12),GLOBAL_ICON,https://ik.imagekit.io/0iaahkrcv/airbuds2/download%20(12).svg?updatedAt=1786555100995
6a7caadc5c7cd75eb840fd78,airbuds2,download (13).svg,download (13),GLOBAL_ICON,https://ik.imagekit.io/0iaahkrcv/airbuds2/download%20(13).svg?updatedAt=1786555101308
6a7caadc5c7cd75eb840f9b0,airbuds2,download (14).svg,download (14),GLOBAL_ICON,https://ik.imagekit.io/0iaahkrcv/airbuds2/download%20(14).svg?updatedAt=1786555101042
6a7caadc5c7cd75eb840f68a,airbuds2,download (15).svg,download (15),GLOBAL_ICON,https://ik.imagekit.io/0iaahkrcv/airbuds2/download%20(15).svg?updatedAt=1786555100815
6a7caadc5c7cd75eb840feb1,airbuds2,download (16).svg,download (16),GLOBAL_ICON,https://ik.imagekit.io/0iaahkrcv/airbuds2/download%20(16).svg?updatedAt=1786555101406
6a7caadc5c7cd75eb84103d3,airbuds2,download (17).svg,download (17),GLOBAL_ICON,https://ik.imagekit.io/0iaahkrcv/airbuds2/download%20(17).svg?updatedAt=1786555101568
6a7caadc5c7cd75eb840f7c4,airbuds2,download (2).svg,download (2),GLOBAL_ICON,https://ik.imagekit.io/0iaahkrcv/airbuds2/download%20(2).svg?updatedAt=1786555100960
6a7caadc5c7cd75eb840f83b,airbuds2,download (3).svg,download (3),GLOBAL_ICON,https://ik.imagekit.io/0iaahkrcv/airbuds2/download%20(3).svg?updatedAt=1786555100902
6a7caadc5c7cd75eb840f9d9,airbuds2,download (4).svg,download (4),GLOBAL_ICON,https://ik.imagekit.io/0iaahkrcv/airbuds2/download%20(4).svg?updatedAt=1786555101052
6a7caadc5c7cd75eb840f9b8,airbuds2,download (5).svg,download (5),GLOBAL_ICON,https://ik.imagekit.io/0iaahkrcv/airbuds2/download%20(5).svg?updatedAt=1786555101017
6a7caadc5c7cd75eb840fd4c,airbuds2,download (6).svg,download (6),GLOBAL_ICON,https://ik.imagekit.io/0iaahkrcv/airbuds2/download%20(6).svg?updatedAt=1786555101311
6a7caadc5c7cd75eb840fdc3,airbuds2,download (7).svg,download (7),GLOBAL_ICON,https://ik.imagekit.io/0iaahkrcv/airbuds2/download%20(7).svg?updatedAt=1786555101335
6a7caadc5c7cd75eb840f687,airbuds2,download (8).svg,download (8),GLOBAL_ICON,https://ik.imagekit.io/0iaahkrcv/airbuds2/download%20(8).svg?updatedAt=1786555100834
6a7caadc5c7cd75eb840f6f3,airbuds2,download (9).svg,download (9),GLOBAL_ICON,https://ik.imagekit.io/0iaahkrcv/airbuds2/download%20(9).svg?updatedAt=1786555100834
6a7caadc5c7cd75eb840f9b5,airbuds2,download.svg,download,GLOBAL_ICON,https://ik.imagekit.io/0iaahkrcv/airbuds2/download.svg?updatedAt=1786555101075
6a7caadc5c7cd75eb8410003,airbuds2,google-logo-original (1).webp,google logo original (1),BRAND_LOGO,https://ik.imagekit.io/0iaahkrcv/airbuds2/google-logo-original%20(1).webp?updatedAt=1786555101351
6a7caadc5c7cd75eb840fd62,airbuds2,google-logo-original (2).webp,google logo original (2),BRAND_LOGO,https://ik.imagekit.io/0iaahkrcv/airbuds2/google-logo-original%20(2).webp?updatedAt=1786555101295
6a7caadc5c7cd75eb84102a6,airbuds2,google-logo-original.webp,google logo original,BRAND_LOGO,https://ik.imagekit.io/0iaahkrcv/airbuds2/google-logo-original.webp?updatedAt=1786555101506
6a7caadc5c7cd75eb8410401,airbuds2,huawei-logo-original (1).webp,huawei logo original (1),BRAND_LOGO,https://ik.imagekit.io/0iaahkrcv/airbuds2/huawei-logo-original%20(1).webp?updatedAt=1786555101614
6a7caadc5c7cd75eb84101f9,airbuds2,huawei-logo-original (2).webp,huawei logo original (2),BRAND_LOGO,https://ik.imagekit.io/0iaahkrcv/airbuds2/huawei-logo-original%20(2).webp?updatedAt=1786555101447
6a7caadd5c7cd75eb84107c6,airbuds2,huawei-logo-original.webp,huawei logo original,BRAND_LOGO,https://ik.imagekit.io/0iaahkrcv/airbuds2/huawei-logo-original.webp?updatedAt=1786555101691
6a7caade5c7cd75eb8412b93,airbuds2,jbl-logo-original (1).webp,jbl logo original (1),BRAND_LOGO,https://ik.imagekit.io/0iaahkrcv/airbuds2/jbl-logo-original%20(1).webp?updatedAt=1786555103594
6a7caadd5c7cd75eb84109b7,airbuds2,jbl-logo-original (2).webp,jbl logo original (2),BRAND_LOGO,https://ik.imagekit.io/0iaahkrcv/airbuds2/jbl-logo-original%20(2).webp?updatedAt=1786555101974
6a7caadd5c7cd75eb8410da1,airbuds2,jbl-logo-original.webp,jbl logo original,BRAND_LOGO,https://ik.imagekit.io/0iaahkrcv/airbuds2/jbl-logo-original.webp?updatedAt=1786555102163
6a7caadd5c7cd75eb8411077,airbuds2,loader.631b9ed.svg,loader.631b9ed,GLOBAL_ICON,https://ik.imagekit.io/0iaahkrcv/airbuds2/loader.631b9ed.svg?updatedAt=1786555102187
6a7caadd5c7cd75eb8410fb7,airbuds2,Nothing-CMF-Buds-2-Plus-d-medium (1).webp,Nothing CMF Buds 2 Plus d medium (1),GLOBAL_ICON,https://ik.imagekit.io/0iaahkrcv/airbuds2/Nothing-CMF-Buds-2-Plus-d-medium%20(1).webp?updatedAt=1786555102193
6a7caadf5c7cd75eb8413456,airbuds2,Nothing-CMF-Buds-2-Plus-d-medium (2).webp,Nothing CMF Buds 2 Plus d medium (2),GLOBAL_ICON,https://ik.imagekit.io/0iaahkrcv/airbuds2/Nothing-CMF-Buds-2-Plus-d-medium%20(2).webp?updatedAt=1786555104197
6a7caadf5c7cd75eb841347b,airbuds2,Nothing-CMF-Buds-2-Plus-d-medium.webp,Nothing CMF Buds 2 Plus d medium,GLOBAL_ICON,https://ik.imagekit.io/0iaahkrcv/airbuds2/Nothing-CMF-Buds-2-Plus-d-medium.webp?updatedAt=1786555104204
6a7caae55c7cd75eb841861f,airbuds2,oneplus-logo-original (1).webp,oneplus logo original (1),BRAND_LOGO,https://ik.imagekit.io/0iaahkrcv/airbuds2/oneplus-logo-original%20(1).webp?updatedAt=1786555110217
6a7caae55c7cd75eb8418638,airbuds2,oneplus-logo-original (2).webp,oneplus logo original (2),BRAND_LOGO,https://ik.imagekit.io/0iaahkrcv/airbuds2/oneplus-logo-original%20(2).webp?updatedAt=1786555110241
6a7caae55c7cd75eb841863d,airbuds2,oneplus-logo-original.webp,oneplus logo original,BRAND_LOGO,https://ik.imagekit.io/0iaahkrcv/airbuds2/oneplus-logo-original.webp?updatedAt=1786555110209
6a7caae55c7cd75eb84186a8,airbuds2,oppo-logo-original (1).webp,oppo logo original (1),BRAND_LOGO,https://ik.imagekit.io/0iaahkrcv/airbuds2/oppo-logo-original%20(1).webp?updatedAt=1786555110355
6a7caae55c7cd75eb8418663,airbuds2,oppo-logo-original (2).webp,oppo logo original (2),BRAND_LOGO,https://ik.imagekit.io/0iaahkrcv/airbuds2/oppo-logo-original%20(2).webp?updatedAt=1786555110252
6a7caae55c7cd75eb8418674,airbuds2,oppo-logo-original.webp,oppo logo original,BRAND_LOGO,https://ik.imagekit.io/0iaahkrcv/airbuds2/oppo-logo-original.webp?updatedAt=1786555110253
6a7caae55c7cd75eb841870b,airbuds2,realme-logo-original (1).webp,realme logo original (1),BRAND_LOGO,https://ik.imagekit.io/0iaahkrcv/airbuds2/realme-logo-original%20(1).webp?updatedAt=1786555110437
6a7caae55c7cd75eb8418685,airbuds2,realme-logo-original (2).webp,realme logo original (2),BRAND_LOGO,https://ik.imagekit.io/0iaahkrcv/airbuds2/realme-logo-original%20(2).webp?updatedAt=1786555110291
6a7caae55c7cd75eb8418677,airbuds2,realme-logo-original.webp,realme logo original,BRAND_LOGO,https://ik.imagekit.io/0iaahkrcv/airbuds2/realme-logo-original.webp?updatedAt=1786555110275
6a7caae55c7cd75eb84186be,airbuds2,samsung-logo-original (1).webp,samsung logo original (1),BRAND_LOGO,https://ik.imagekit.io/0iaahkrcv/airbuds2/samsung-logo-original%20(1).webp?updatedAt=1786555110401
6a7caae55c7cd75eb84186ed,airbuds2,samsung-logo-original (2).webp,samsung logo original (2),BRAND_LOGO,https://ik.imagekit.io/0iaahkrcv/airbuds2/samsung-logo-original%20(2).webp?updatedAt=1786555110430
6a7caae55c7cd75eb841870a,airbuds2,samsung-logo-original.webp,samsung logo original,BRAND_LOGO,https://ik.imagekit.io/0iaahkrcv/airbuds2/samsung-logo-original.webp?updatedAt=1786555110488
6a7caae55c7cd75eb84186d5,airbuds2,search.7d254c6.svg,search.7d254c6,GLOBAL_ICON,https://ik.imagekit.io/0iaahkrcv/airbuds2/search.7d254c6.svg?updatedAt=1786555110415
6a7caae55c7cd75eb84186ee,airbuds2,sony-logo-original (1).webp,sony logo original (1),BRAND_LOGO,https://ik.imagekit.io/0iaahkrcv/airbuds2/sony-logo-original%20(1).webp?updatedAt=1786555110419
6a7caae55c7cd75eb841871a,airbuds2,sony-logo-original (2).webp,sony logo original (2),BRAND_LOGO,https://ik.imagekit.io/0iaahkrcv/airbuds2/sony-logo-original%20(2).webp?updatedAt=1786555110509
6a7caae55c7cd75eb84186e9,airbuds2,sony-logo-original.webp,sony logo original,BRAND_LOGO,https://ik.imagekit.io/0iaahkrcv/airbuds2/sony-logo-original.webp?updatedAt=1786555110440
6a7caae55c7cd75eb8418739,airbuds2,whatsapp.svg,whatsapp,GLOBAL_ICON,https://ik.imagekit.io/0iaahkrcv/airbuds2/whatsapp.svg?updatedAt=1786555110505
6a7cab5e5c7cd75eb8492ed3,airbuds3,ankerlogo-original (1).webp,ankerlogo original (1),BRAND_LOGO,https://ik.imagekit.io/0iaahkrcv/airbuds3/ankerlogo-original%20(1).webp?updatedAt=1786555231440
6a7cab5e5c7cd75eb84934b9,airbuds3,ankerlogo-original (2).webp,ankerlogo original (2),BRAND_LOGO,https://ik.imagekit.io/0iaahkrcv/airbuds3/ankerlogo-original%20(2).webp?updatedAt=1786555231548
6a7cab5e5c7cd75eb849286e,airbuds3,ankerlogo-original.webp,ankerlogo original,BRAND_LOGO,https://ik.imagekit.io/0iaahkrcv/airbuds3/ankerlogo-original.webp?updatedAt=1786555230979
6a7cab5e5c7cd75eb8493499,airbuds3,app-logo-desktop.svg,app logo desktop,BRAND_LOGO,https://ik.imagekit.io/0iaahkrcv/airbuds3/app-logo-desktop.svg?updatedAt=1786555231504
6a7cab5e5c7cd75eb84933d8,airbuds3,apple-logo-original (1).webp,apple logo original (1),BRAND_LOGO,https://ik.imagekit.io/0iaahkrcv/airbuds3/apple-logo-original%20(1).webp?updatedAt=1786555231408
6a7cab5e5c7cd75eb8493389,airbuds3,apple-logo-original (2).webp,apple logo original (2),BRAND_LOGO,https://ik.imagekit.io/0iaahkrcv/airbuds3/apple-logo-original%20(2).webp?updatedAt=1786555231471
6a7cab5e5c7cd75eb849342d,airbuds3,apple-logo-original.webp,apple logo original,BRAND_LOGO,https://ik.imagekit.io/0iaahkrcv/airbuds3/apple-logo-original.webp?updatedAt=1786555231487
6a7cab5e5c7cd75eb849292f,airbuds3,beats-original (1).webp,beats original (1),BRAND_LOGO,https://ik.imagekit.io/0iaahkrcv/airbuds3/beats-original%20(1).webp?updatedAt=1786555230978
6a7cab5e5c7cd75eb8493517,airbuds3,beats-original (2).webp,beats original (2),BRAND_LOGO,https://ik.imagekit.io/0iaahkrcv/airbuds3/beats-original%20(2).webp?updatedAt=1786555231629
6a7cab5e5c7cd75eb8493491,airbuds3,beats-original.webp,beats original,BRAND_LOGO,https://ik.imagekit.io/0iaahkrcv/airbuds3/beats-original.webp?updatedAt=1786555231561
6a7cab5e5c7cd75eb8492923,airbuds3,chevron-down.8ee3574.svg,chevron down.8ee3574,GLOBAL_ICON,https://ik.imagekit.io/0iaahkrcv/airbuds3/chevron-down.8ee3574.svg?updatedAt=1786555230977
6a7cab5e5c7cd75eb8493478,airbuds3,download (1).svg,download (1),GLOBAL_ICON,https://ik.imagekit.io/0iaahkrcv/airbuds3/download%20(1).svg?updatedAt=1786555231519
6a7cab5e5c7cd75eb8492e2e,airbuds3,download (10).svg,download (10),GLOBAL_ICON,https://ik.imagekit.io/0iaahkrcv/airbuds3/download%20(10).svg?updatedAt=1786555231384
6a7cab5e5c7cd75eb8492e36,airbuds3,download (11).svg,download (11),GLOBAL_ICON,https://ik.imagekit.io/0iaahkrcv/airbuds3/download%20(11).svg?updatedAt=1786555231218
6a7cab5e5c7cd75eb8493447,airbuds3,download (12).svg,download (12),GLOBAL_ICON,https://ik.imagekit.io/0iaahkrcv/airbuds3/download%20(12).svg?updatedAt=1786555231473
6a7cab5e5c7cd75eb84934dd,airbuds3,download (13).svg,download (13),GLOBAL_ICON,https://ik.imagekit.io/0iaahkrcv/airbuds3/download%20(13).svg?updatedAt=1786555231886
6a7cab5e5c7cd75eb8493626,airbuds3,download (14).svg,download (14),GLOBAL_ICON,https://ik.imagekit.io/0iaahkrcv/airbuds3/download%20(14).svg?updatedAt=1786555231595
6a7cab5e5c7cd75eb8493385,airbuds3,download (15).svg,download (15),GLOBAL_ICON,https://ik.imagekit.io/0iaahkrcv/airbuds3/download%20(15).svg?updatedAt=1786555231499
6a7cab5e5c7cd75eb8493074,airbuds3,download (16).svg,download (16),GLOBAL_ICON,https://ik.imagekit.io/0iaahkrcv/airbuds3/download%20(16).svg?updatedAt=1786555231347
6a7cab5e5c7cd75eb849343d,airbuds3,download (17).svg,download (17),GLOBAL_ICON,https://ik.imagekit.io/0iaahkrcv/airbuds3/download%20(17).svg?updatedAt=1786555231500
6a7cab5e5c7cd75eb8492e7e,airbuds3,download (2).svg,download (2),GLOBAL_ICON,https://ik.imagekit.io/0iaahkrcv/airbuds3/download%20(2).svg?updatedAt=1786555231286
6a7cab5e5c7cd75eb8493352,airbuds3,download (3).svg,download (3),GLOBAL_ICON,https://ik.imagekit.io/0iaahkrcv/airbuds3/download%20(3).svg?updatedAt=1786555231459
6a7cab5e5c7cd75eb8493452,airbuds3,download (4).svg,download (4),GLOBAL_ICON,https://ik.imagekit.io/0iaahkrcv/airbuds3/download%20(4).svg?updatedAt=1786555231411
6a7cab5e5c7cd75eb8492f2e,airbuds3,download (5).svg,download (5),GLOBAL_ICON,https://ik.imagekit.io/0iaahkrcv/airbuds3/download%20(5).svg?updatedAt=1786555231347
6a7cab5e5c7cd75eb8493316,airbuds3,download (6).svg,download (6),GLOBAL_ICON,https://ik.imagekit.io/0iaahkrcv/airbuds3/download%20(6).svg?updatedAt=1786555231464
6a7cab5e5c7cd75eb84929de,airbuds3,download (7).svg,download (7),GLOBAL_ICON,https://ik.imagekit.io/0iaahkrcv/airbuds3/download%20(7).svg?updatedAt=1786555231059
6a7cab5e5c7cd75eb84929d8,airbuds3,download (8).svg,download (8),GLOBAL_ICON,https://ik.imagekit.io/0iaahkrcv/airbuds3/download%20(8).svg?updatedAt=1786555231121
6a7cab5e5c7cd75eb8492eeb,airbuds3,download (9).svg,download (9),GLOBAL_ICON,https://ik.imagekit.io/0iaahkrcv/airbuds3/download%20(9).svg?updatedAt=1786555231241
6a7cab5e5c7cd75eb8492e41,airbuds3,download.svg,download,GLOBAL_ICON,https://ik.imagekit.io/0iaahkrcv/airbuds3/download.svg?updatedAt=1786555231281
6a7cab5e5c7cd75eb84937bf,airbuds3,google-logo-original (1).webp,google logo original (1),BRAND_LOGO,https://ik.imagekit.io/0iaahkrcv/airbuds3/google-logo-original%20(1).webp?updatedAt=1786555231784
6a7cab5e5c7cd75eb8493121,airbuds3,google-logo-original (2).webp,google logo original (2),BRAND_LOGO,https://ik.imagekit.io/0iaahkrcv/airbuds3/google-logo-original%20(2).webp?updatedAt=1786555231473
6a7cab5e5c7cd75eb84937b2,airbuds3,google-logo-original.webp,google logo original,BRAND_LOGO,https://ik.imagekit.io/0iaahkrcv/airbuds3/google-logo-original.webp?updatedAt=1786555231718
6a7cab5e5c7cd75eb849344d,airbuds3,huawei-logo-original (1).webp,huawei logo original (1),BRAND_LOGO,https://ik.imagekit.io/0iaahkrcv/airbuds3/huawei-logo-original%20(1).webp?updatedAt=1786555231524
6a7cab5e5c7cd75eb84929fc,airbuds3,huawei-logo-original (2).webp,huawei logo original (2),BRAND_LOGO,https://ik.imagekit.io/0iaahkrcv/airbuds3/huawei-logo-original%20(2).webp?updatedAt=1786555231020
6a7cab5e5c7cd75eb8493373,airbuds3,huawei-logo-original.webp,huawei logo original,BRAND_LOGO,https://ik.imagekit.io/0iaahkrcv/airbuds3/huawei-logo-original.webp?updatedAt=1786555231450
6a7cab5e5c7cd75eb8492a97,airbuds3,jbl-logo-original (1).webp,jbl logo original (1),BRAND_LOGO,https://ik.imagekit.io/0iaahkrcv/airbuds3/jbl-logo-original%20(1).webp?updatedAt=1786555231207
6a7cab5e5c7cd75eb8493629,airbuds3,jbl-logo-original (2).webp,jbl logo original (2),BRAND_LOGO,https://ik.imagekit.io/0iaahkrcv/airbuds3/jbl-logo-original%20(2).webp?updatedAt=1786555231575
6a7cab5e5c7cd75eb84934f3,airbuds3,jbl-logo-original.webp,jbl logo original,BRAND_LOGO,https://ik.imagekit.io/0iaahkrcv/airbuds3/jbl-logo-original.webp?updatedAt=1786555231496
6a7cab5e5c7cd75eb84937a8,airbuds3,loader.631b9ed.svg,loader.631b9ed,GLOBAL_ICON,https://ik.imagekit.io/0iaahkrcv/airbuds3/loader.631b9ed.svg?updatedAt=1786555231659
6a7cab5e5c7cd75eb84936f4,airbuds3,Nothing-CMF-Buds-2-Plus-d-medium (1).webp,Nothing CMF Buds 2 Plus d medium (1),GLOBAL_ICON,https://ik.imagekit.io/0iaahkrcv/airbuds3/Nothing-CMF-Buds-2-Plus-d-medium%20(1).webp?updatedAt=1786555231593
6a7cab605c7cd75eb8495ab4,airbuds3,Nothing-CMF-Buds-2-Plus-d-medium (2).webp,Nothing CMF Buds 2 Plus d medium (2),GLOBAL_ICON,https://ik.imagekit.io/0iaahkrcv/airbuds3/Nothing-CMF-Buds-2-Plus-d-medium%20(2).webp?updatedAt=1786555233482
6a7cab665c7cd75eb849b49f,airbuds3,Nothing-CMF-Buds-2-Plus-d-medium.webp,Nothing CMF Buds 2 Plus d medium,GLOBAL_ICON,https://ik.imagekit.io/0iaahkrcv/airbuds3/Nothing-CMF-Buds-2-Plus-d-medium.webp?updatedAt=1786555238730
6a7cab675c7cd75eb849d4e8,airbuds3,oneplus-logo-original (1).webp,oneplus logo original (1),BRAND_LOGO,https://ik.imagekit.io/0iaahkrcv/airbuds3/oneplus-logo-original%20(1).webp?updatedAt=1786555240509
6a7cab675c7cd75eb849d3d9,airbuds3,oneplus-logo-original (2).webp,oneplus logo original (2),BRAND_LOGO,https://ik.imagekit.io/0iaahkrcv/airbuds3/oneplus-logo-original%20(2).webp?updatedAt=1786555240366
6a7cab675c7cd75eb849d3f0,airbuds3,oneplus-logo-original.webp,oneplus logo original,BRAND_LOGO,https://ik.imagekit.io/0iaahkrcv/airbuds3/oneplus-logo-original.webp?updatedAt=1786555240362
6a7cab675c7cd75eb849d608,airbuds3,oppo-logo-original (1).webp,oppo logo original (1),BRAND_LOGO,https://ik.imagekit.io/0iaahkrcv/airbuds3/oppo-logo-original%20(1).webp?updatedAt=1786555240513
6a7cab675c7cd75eb849d4c2,airbuds3,oppo-logo-original (2).webp,oppo logo original (2),BRAND_LOGO,https://ik.imagekit.io/0iaahkrcv/airbuds3/oppo-logo-original%20(2).webp?updatedAt=1786555240451
6a7cab675c7cd75eb849d63c,airbuds3,oppo-logo-original.webp,oppo logo original,BRAND_LOGO,https://ik.imagekit.io/0iaahkrcv/airbuds3/oppo-logo-original.webp?updatedAt=1786555240516
6a7cab675c7cd75eb849d4c0,airbuds3,realme-logo-original (1).webp,realme logo original (1),BRAND_LOGO,https://ik.imagekit.io/0iaahkrcv/airbuds3/realme-logo-original%20(1).webp?updatedAt=1786555240408
6a7cab675c7cd75eb849d649,airbuds3,realme-logo-original (2).webp,realme logo original (2),BRAND_LOGO,https://ik.imagekit.io/0iaahkrcv/airbuds3/realme-logo-original%20(2).webp?updatedAt=1786555240506
6a7cab675c7cd75eb849d66f,airbuds3,realme-logo-original.webp,realme logo original,BRAND_LOGO,https://ik.imagekit.io/0iaahkrcv/airbuds3/realme-logo-original.webp?updatedAt=1786555240440
6a7cab675c7cd75eb849d7c1,airbuds3,samsung-logo-original (1).webp,samsung logo original (1),BRAND_LOGO,https://ik.imagekit.io/0iaahkrcv/airbuds3/samsung-logo-original%20(1).webp?updatedAt=1786555240548
6a7cab675c7cd75eb849d78c,airbuds3,samsung-logo-original (2).webp,samsung logo original (2),BRAND_LOGO,https://ik.imagekit.io/0iaahkrcv/airbuds3/samsung-logo-original%20(2).webp?updatedAt=1786555240538
6a7cab675c7cd75eb849d830,airbuds3,samsung-logo-original.webp,samsung logo original,BRAND_LOGO,https://ik.imagekit.io/0iaahkrcv/airbuds3/samsung-logo-original.webp?updatedAt=1786555240586
6a7cab675c7cd75eb849d666,airbuds3,search.7d254c6.svg,search.7d254c6,GLOBAL_ICON,https://ik.imagekit.io/0iaahkrcv/airbuds3/search.7d254c6.svg?updatedAt=1786555240456
6a7cab675c7cd75eb849d827,airbuds3,sony-logo-original (1).webp,sony logo original (1),BRAND_LOGO,https://ik.imagekit.io/0iaahkrcv/airbuds3/sony-logo-original%20(1).webp?updatedAt=1786555240592
6a7cab675c7cd75eb849d7e1,airbuds3,sony-logo-original (2).webp,sony logo original (2),BRAND_LOGO,https://ik.imagekit.io/0iaahkrcv/airbuds3/sony-logo-original%20(2).webp?updatedAt=1786555240545
6a7cab675c7cd75eb849d6a0,airbuds3,sony-logo-original.webp,sony logo original,BRAND_LOGO,https://ik.imagekit.io/0iaahkrcv/airbuds3/sony-logo-original.webp?updatedAt=1786555240503
6a7cab675c7cd75eb849d7d4,airbuds3,whatsapp.svg,whatsapp,GLOBAL_ICON,https://ik.imagekit.io/0iaahkrcv/airbuds3/whatsapp.svg?updatedAt=1786555240534
6a7cabb15c7cd75eb84e9b0e,airbuds4,ankerlogo-original (1).webp,ankerlogo original (1),BRAND_LOGO,https://ik.imagekit.io/0iaahkrcv/airbuds4/ankerlogo-original%20(1).webp?updatedAt=1786555314102
6a7cabb15c7cd75eb84e9e31,airbuds4,ankerlogo-original (2).webp,ankerlogo original (2),BRAND_LOGO,https://ik.imagekit.io/0iaahkrcv/airbuds4/ankerlogo-original%20(2).webp?updatedAt=1786555314425
6a7cabb15c7cd75eb84e9ece,airbuds4,ankerlogo-original.webp,ankerlogo original,BRAND_LOGO,https://ik.imagekit.io/0iaahkrcv/airbuds4/ankerlogo-original.webp?updatedAt=1786555314610
6a7cabb15c7cd75eb84e941f,airbuds4,app-logo-desktop.svg,app logo desktop,BRAND_LOGO,https://ik.imagekit.io/0iaahkrcv/airbuds4/app-logo-desktop.svg?updatedAt=1786555313824
6a7cabb15c7cd75eb84e9c6e,airbuds4,apple-logo-original (1).webp,apple logo original (1),BRAND_LOGO,https://ik.imagekit.io/0iaahkrcv/airbuds4/apple-logo-original%20(1).webp?updatedAt=1786555314248
6a7cabb15c7cd75eb84e9620,airbuds4,apple-logo-original (2).webp,apple logo original (2),BRAND_LOGO,https://ik.imagekit.io/0iaahkrcv/airbuds4/apple-logo-original%20(2).webp?updatedAt=1786555313874
6a7cabb15c7cd75eb84e94d7,airbuds4,apple-logo-original.webp,apple logo original,BRAND_LOGO,https://ik.imagekit.io/0iaahkrcv/airbuds4/apple-logo-original.webp?updatedAt=1786555313818
6a7cabb15c7cd75eb84e9ec7,airbuds4,beats-original (1).webp,beats original (1),BRAND_LOGO,https://ik.imagekit.io/0iaahkrcv/airbuds4/beats-original%20(1).webp?updatedAt=1786555314321
6a7cabb15c7cd75eb84e9eef,airbuds4,beats-original (2).webp,beats original (2),BRAND_LOGO,https://ik.imagekit.io/0iaahkrcv/airbuds4/beats-original%20(2).webp?updatedAt=1786555314354
6a7cabb15c7cd75eb84e94d9,airbuds4,beats-original.webp,beats original,BRAND_LOGO,https://ik.imagekit.io/0iaahkrcv/airbuds4/beats-original.webp?updatedAt=1786555313783
6a7cabb15c7cd75eb84e9ed9,airbuds4,Beats-Studio-Buds-Plus-medium (1).webp,Beats Studio Buds Plus medium (1),GLOBAL_ICON,https://ik.imagekit.io/0iaahkrcv/airbuds4/Beats-Studio-Buds-Plus-medium%20(1).webp?updatedAt=1786555314419
6a7cabb15c7cd75eb84e9bb3,airbuds4,Beats-Studio-Buds-Plus-medium (2).webp,Beats Studio Buds Plus medium (2),GLOBAL_ICON,https://ik.imagekit.io/0iaahkrcv/airbuds4/Beats-Studio-Buds-Plus-medium%20(2).webp?updatedAt=1786555314150
6a7cabb15c7cd75eb84e9c51,airbuds4,Beats-Studio-Buds-Plus-medium.webp,Beats Studio Buds Plus medium,GLOBAL_ICON,https://ik.imagekit.io/0iaahkrcv/airbuds4/Beats-Studio-Buds-Plus-medium.webp?updatedAt=1786555314215
6a7cabb15c7cd75eb84e9ea3,airbuds4,chevron-down.8ee3574.svg,chevron down.8ee3574,GLOBAL_ICON,https://ik.imagekit.io/0iaahkrcv/airbuds4/chevron-down.8ee3574.svg?updatedAt=1786555314269
6a7cabb15c7cd75eb84e96f5,airbuds4,download (1).svg,download (1),GLOBAL_ICON,https://ik.imagekit.io/0iaahkrcv/airbuds4/download%20(1).svg?updatedAt=1786555313937
6a7cabb15c7cd75eb84e9e14,airbuds4,download (10).svg,download (10),GLOBAL_ICON,https://ik.imagekit.io/0iaahkrcv/airbuds4/download%20(10).svg?updatedAt=1786555314276
6a7cabb15c7cd75eb84e96ec,airbuds4,download (11).svg,download (11),GLOBAL_ICON,https://ik.imagekit.io/0iaahkrcv/airbuds4/download%20(11).svg?updatedAt=1786555313849
6a7cabb15c7cd75eb84e9f4b,airbuds4,download (12).svg,download (12),GLOBAL_ICON,https://ik.imagekit.io/0iaahkrcv/airbuds4/download%20(12).svg?updatedAt=1786555314410
6a7cabb15c7cd75eb84ea13f,airbuds4,download (13).svg,download (13),GLOBAL_ICON,https://ik.imagekit.io/0iaahkrcv/airbuds4/download%20(13).svg?updatedAt=1786555314696
6a7cabb15c7cd75eb84e9a11,airbuds4,download (14).svg,download (14),GLOBAL_ICON,https://ik.imagekit.io/0iaahkrcv/airbuds4/download%20(14).svg?updatedAt=1786555314010
6a7cabb15c7cd75eb84e9eb1,airbuds4,download (15).svg,download (15),GLOBAL_ICON,https://ik.imagekit.io/0iaahkrcv/airbuds4/download%20(15).svg?updatedAt=1786555314507
6a7cabb15c7cd75eb84e9b20,airbuds4,download (16).svg,download (16),GLOBAL_ICON,https://ik.imagekit.io/0iaahkrcv/airbuds4/download%20(16).svg?updatedAt=1786555314124
6a7cabb15c7cd75eb84e9a4b,airbuds4,download (17).svg,download (17),GLOBAL_ICON,https://ik.imagekit.io/0iaahkrcv/airbuds4/download%20(17).svg?updatedAt=1786555314247
6a7cabb15c7cd75eb84e9e30,airbuds4,download (2).svg,download (2),GLOBAL_ICON,https://ik.imagekit.io/0iaahkrcv/airbuds4/download%20(2).svg?updatedAt=1786555314313
6a7cabb15c7cd75eb84e9a10,airbuds4,download (3).svg,download (3),GLOBAL_ICON,https://ik.imagekit.io/0iaahkrcv/airbuds4/download%20(3).svg?updatedAt=1786555313992
6a7cabb15c7cd75eb84e9b68,airbuds4,download (4).svg,download (4),GLOBAL_ICON,https://ik.imagekit.io/0iaahkrcv/airbuds4/download%20(4).svg?updatedAt=1786555314251
6a7cabb15c7cd75eb84e9aa3,airbuds4,download (5).svg,download (5),GLOBAL_ICON,https://ik.imagekit.io/0iaahkrcv/airbuds4/download%20(5).svg?updatedAt=1786555314399
6a7cabb15c7cd75eb84e9a9f,airbuds4,download (6).svg,download (6),GLOBAL_ICON,https://ik.imagekit.io/0iaahkrcv/airbuds4/download%20(6).svg?updatedAt=1786555314092
6a7cabb15c7cd75eb84ea00f,airbuds4,download (7).svg,download (7),GLOBAL_ICON,https://ik.imagekit.io/0iaahkrcv/airbuds4/download%20(7).svg?updatedAt=1786555314573
6a7cabb15c7cd75eb84e9e8d,airbuds4,download (8).svg,download (8),GLOBAL_ICON,https://ik.imagekit.io/0iaahkrcv/airbuds4/download%20(8).svg?updatedAt=1786555314281
6a7cabb15c7cd75eb84e9a3f,airbuds4,download (9).svg,download (9),GLOBAL_ICON,https://ik.imagekit.io/0iaahkrcv/airbuds4/download%20(9).svg?updatedAt=1786555314054
6a7cabb15c7cd75eb84e9a1a,airbuds4,download.svg,download,GLOBAL_ICON,https://ik.imagekit.io/0iaahkrcv/airbuds4/download.svg?updatedAt=1786555314044
6a7cabb15c7cd75eb84e9e41,airbuds4,google-logo-original (1).webp,google logo original (1),BRAND_LOGO,https://ik.imagekit.io/0iaahkrcv/airbuds4/google-logo-original%20(1).webp?updatedAt=1786555314453
6a7cabb15c7cd75eb84e9a37,airbuds4,google-logo-original (2).webp,google logo original (2),BRAND_LOGO,https://ik.imagekit.io/0iaahkrcv/airbuds4/google-logo-original%20(2).webp?updatedAt=1786555314049
6a7cabb15c7cd75eb84ea0dd,airbuds4,google-logo-original.webp,google logo original,BRAND_LOGO,https://ik.imagekit.io/0iaahkrcv/airbuds4/google-logo-original.webp?updatedAt=1786555314518
6a7cabb15c7cd75eb84e9b60,airbuds4,huawei-logo-original (1).webp,huawei logo original (1),BRAND_LOGO,https://ik.imagekit.io/0iaahkrcv/airbuds4/huawei-logo-original%20(1).webp?updatedAt=1786555314154
6a7cabb15c7cd75eb84e9f74,airbuds4,huawei-logo-original (2).webp,huawei logo original (2),BRAND_LOGO,https://ik.imagekit.io/0iaahkrcv/airbuds4/huawei-logo-original%20(2).webp?updatedAt=1786555314432
6a7cabb15c7cd75eb84ea2d2,airbuds4,huawei-logo-original.webp,huawei logo original,BRAND_LOGO,https://ik.imagekit.io/0iaahkrcv/airbuds4/huawei-logo-original.webp?updatedAt=1786555314612
6a7cabb15c7cd75eb84e9e29,airbuds4,jbl-logo-original (1).webp,jbl logo original (1),BRAND_LOGO,https://ik.imagekit.io/0iaahkrcv/airbuds4/jbl-logo-original%20(1).webp?updatedAt=1786555314297
6a7cabb15c7cd75eb84e9e34,airbuds4,jbl-logo-original (2).webp,jbl logo original (2),BRAND_LOGO,https://ik.imagekit.io/0iaahkrcv/airbuds4/jbl-logo-original%20(2).webp?updatedAt=1786555314324
6a7cabb15c7cd75eb84e9abd,airbuds4,jbl-logo-original.webp,jbl logo original,BRAND_LOGO,https://ik.imagekit.io/0iaahkrcv/airbuds4/jbl-logo-original.webp?updatedAt=1786555314097
6a7cabb95c7cd75eb84f11cf,airbuds4,loader.631b9ed.svg,loader.631b9ed,GLOBAL_ICON,https://ik.imagekit.io/0iaahkrcv/airbuds4/loader.631b9ed.svg?updatedAt=1786555322501
6a7cabba5c7cd75eb84f1f0c,airbuds4,oneplus-logo-original (1).webp,oneplus logo original (1),BRAND_LOGO,https://ik.imagekit.io/0iaahkrcv/airbuds4/oneplus-logo-original%20(1).webp?updatedAt=1786555323104
6a7cabba5c7cd75eb84f1d77,airbuds4,oneplus-logo-original (2).webp,oneplus logo original (2),BRAND_LOGO,https://ik.imagekit.io/0iaahkrcv/airbuds4/oneplus-logo-original%20(2).webp?updatedAt=1786555322996
6a7cabba5c7cd75eb84f1f13,airbuds4,oneplus-logo-original.webp,oneplus logo original,BRAND_LOGO,https://ik.imagekit.io/0iaahkrcv/airbuds4/oneplus-logo-original.webp?updatedAt=1786555323243
6a7cabba5c7cd75eb84f1f29,airbuds4,oppo-logo-original (1).webp,oppo logo original (1),BRAND_LOGO,https://ik.imagekit.io/0iaahkrcv/airbuds4/oppo-logo-original%20(1).webp?updatedAt=1786555323115
6a7cabba5c7cd75eb84f1d95,airbuds4,oppo-logo-original (2).webp,oppo logo original (2),BRAND_LOGO,https://ik.imagekit.io/0iaahkrcv/airbuds4/oppo-logo-original%20(2).webp?updatedAt=1786555323005
6a7cabba5c7cd75eb84f20d9,airbuds4,oppo-logo-original.webp,oppo logo original,BRAND_LOGO,https://ik.imagekit.io/0iaahkrcv/airbuds4/oppo-logo-original.webp?updatedAt=1786555323196
6a7cabba5c7cd75eb84f20ef,airbuds4,realme-logo-original (1).webp,realme logo original (1),BRAND_LOGO,https://ik.imagekit.io/0iaahkrcv/airbuds4/realme-logo-original%20(1).webp?updatedAt=1786555323218
6a7cabba5c7cd75eb84f20e4,airbuds4,realme-logo-original (2).webp,realme logo original (2),BRAND_LOGO,https://ik.imagekit.io/0iaahkrcv/airbuds4/realme-logo-original%20(2).webp?updatedAt=1786555323246
6a7cabba5c7cd75eb84f20ce,airbuds4,realme-logo-original.webp,realme logo original,BRAND_LOGO,https://ik.imagekit.io/0iaahkrcv/airbuds4/realme-logo-original.webp?updatedAt=1786555323246
6a7cabba5c7cd75eb84f2023,airbuds4,samsung-logo-original (1).webp,samsung logo original (1),BRAND_LOGO,https://ik.imagekit.io/0iaahkrcv/airbuds4/samsung-logo-original%20(1).webp?updatedAt=1786555323161
6a7cabba5c7cd75eb84f200f,airbuds4,samsung-logo-original (2).webp,samsung logo original (2),BRAND_LOGO,https://ik.imagekit.io/0iaahkrcv/airbuds4/samsung-logo-original%20(2).webp?updatedAt=1786555323142
6a7cabbb5c7cd75eb84f2ce3,airbuds4,samsung-logo-original.webp,samsung logo original,BRAND_LOGO,https://ik.imagekit.io/0iaahkrcv/airbuds4/samsung-logo-original.webp?updatedAt=1786555323776
6a7cabbb5c7cd75eb84f2da6,airbuds4,search.7d254c6.svg,search.7d254c6,GLOBAL_ICON,https://ik.imagekit.io/0iaahkrcv/airbuds4/search.7d254c6.svg?updatedAt=1786555323831
6a7cabbb5c7cd75eb84f2d28,airbuds4,sony-logo-original (1).webp,sony logo original (1),BRAND_LOGO,https://ik.imagekit.io/0iaahkrcv/airbuds4/sony-logo-original%20(1).webp?updatedAt=1786555323775
6a7cabbb5c7cd75eb84f2dff,airbuds4,sony-logo-original (2).webp,sony logo original (2),BRAND_LOGO,https://ik.imagekit.io/0iaahkrcv/airbuds4/sony-logo-original%20(2).webp?updatedAt=1786555323832
6a7cabbb5c7cd75eb84f2df2,airbuds4,sony-logo-original.webp,sony logo original,BRAND_LOGO,https://ik.imagekit.io/0iaahkrcv/airbuds4/sony-logo-original.webp?updatedAt=1786555323858
6a7cabbb5c7cd75eb84f2dad,airbuds4,whatsapp.svg,whatsapp,GLOBAL_ICON,https://ik.imagekit.io/0iaahkrcv/airbuds4/whatsapp.svg?updatedAt=1786555323788
6a7caf655c7cd75eb88bd2da,airbuds5,ankerlogo-original (1).webp,ankerlogo original (1),BRAND_LOGO,https://ik.imagekit.io/0iaahkrcv/airbuds5/ankerlogo-original%20(1).webp?updatedAt=1786556262021
6a7caf655c7cd75eb88bd2de,airbuds5,ankerlogo-original (2).webp,ankerlogo original (2),BRAND_LOGO,https://ik.imagekit.io/0iaahkrcv/airbuds5/ankerlogo-original%20(2).webp?updatedAt=1786556262047
6a7caf655c7cd75eb88bd2e2,airbuds5,ankerlogo-original.webp,ankerlogo original,BRAND_LOGO,https://ik.imagekit.io/0iaahkrcv/airbuds5/ankerlogo-original.webp?updatedAt=1786556262008
6a7caf655c7cd75eb88bd323,airbuds5,app-logo-desktop.svg,app logo desktop,BRAND_LOGO,https://ik.imagekit.io/0iaahkrcv/airbuds5/app-logo-desktop.svg?updatedAt=1786556262148
6a7caf655c7cd75eb88bda95,airbuds5,apple-logo-original (1).webp,apple logo original (1),BRAND_LOGO,https://ik.imagekit.io/0iaahkrcv/airbuds5/apple-logo-original%20(1).webp?updatedAt=1786556262401
6a7caf655c7cd75eb88bdbc8,airbuds5,apple-logo-original (2).webp,apple logo original (2),BRAND_LOGO,https://ik.imagekit.io/0iaahkrcv/airbuds5/apple-logo-original%20(2).webp?updatedAt=1786556262481
6a7caf655c7cd75eb88bd382,airbuds5,apple-logo-original.webp,apple logo original,BRAND_LOGO,https://ik.imagekit.io/0iaahkrcv/airbuds5/apple-logo-original.webp?updatedAt=1786556262210
6a7caf675c7cd75eb88bf2e9,airbuds5,beats-original (1).webp,beats original (1),BRAND_LOGO,https://ik.imagekit.io/0iaahkrcv/airbuds5/beats-original%20(1).webp?updatedAt=1786556263828
6a7caf655c7cd75eb88bd647,airbuds5,beats-original (2).webp,beats original (2),BRAND_LOGO,https://ik.imagekit.io/0iaahkrcv/airbuds5/beats-original%20(2).webp?updatedAt=1786556262296
6a7caf675c7cd75eb88bf33b,airbuds5,beats-original.webp,beats original,BRAND_LOGO,https://ik.imagekit.io/0iaahkrcv/airbuds5/beats-original.webp?updatedAt=1786556263948
6a7caf655c7cd75eb88bd9a2,airbuds5,chevron-down.8ee3574.svg,chevron down.8ee3574,GLOBAL_ICON,https://ik.imagekit.io/0iaahkrcv/airbuds5/chevron-down.8ee3574.svg?updatedAt=1786556262456
6a7caf655c7cd75eb88bda6c,airbuds5,download (1).svg,download (1),GLOBAL_ICON,https://ik.imagekit.io/0iaahkrcv/airbuds5/download%20(1).svg?updatedAt=1786556262472
6a7caf675c7cd75eb88bf31d,airbuds5,download (10).svg,download (10),GLOBAL_ICON,https://ik.imagekit.io/0iaahkrcv/airbuds5/download%20(10).svg?updatedAt=1786556263880
6a7caf675c7cd75eb88bf2bc,airbuds5,download (11).svg,download (11),GLOBAL_ICON,https://ik.imagekit.io/0iaahkrcv/airbuds5/download%20(11).svg?updatedAt=1786556264029
6a7caf675c7cd75eb88bf324,airbuds5,download (12).svg,download (12),GLOBAL_ICON,https://ik.imagekit.io/0iaahkrcv/airbuds5/download%20(12).svg?updatedAt=1786556263845
6a7caf675c7cd75eb88bf32a,airbuds5,download (13).svg,download (13),GLOBAL_ICON,https://ik.imagekit.io/0iaahkrcv/airbuds5/download%20(13).svg?updatedAt=1786556263776
6a7caf655c7cd75eb88bdb37,airbuds5,download (14).svg,download (14),GLOBAL_ICON,https://ik.imagekit.io/0iaahkrcv/airbuds5/download%20(14).svg?updatedAt=1786556262480
6a7caf655c7cd75eb88bdc13,airbuds5,download (15).svg,download (15),GLOBAL_ICON,https://ik.imagekit.io/0iaahkrcv/airbuds5/download%20(15).svg?updatedAt=1786556262472
6a7caf655c7cd75eb88bd9da,airbuds5,download (16).svg,download (16),GLOBAL_ICON,https://ik.imagekit.io/0iaahkrcv/airbuds5/download%20(16).svg?updatedAt=1786556262438
6a7caf675c7cd75eb88bf21d,airbuds5,download (17).svg,download (17),GLOBAL_ICON,https://ik.imagekit.io/0iaahkrcv/airbuds5/download%20(17).svg?updatedAt=1786556263722
6a7caf675c7cd75eb88bf335,airbuds5,download (2).svg,download (2),GLOBAL_ICON,https://ik.imagekit.io/0iaahkrcv/airbuds5/download%20(2).svg?updatedAt=1786556263890
6a7caf675c7cd75eb88bf4f7,airbuds5,download (3).svg,download (3),GLOBAL_ICON,https://ik.imagekit.io/0iaahkrcv/airbuds5/download%20(3).svg?updatedAt=1786556263954
6a7caf675c7cd75eb88bf34f,airbuds5,download (4).svg,download (4),GLOBAL_ICON,https://ik.imagekit.io/0iaahkrcv/airbuds5/download%20(4).svg?updatedAt=1786556263985
6a7caf655c7cd75eb88bd991,airbuds5,download (5).svg,download (5),GLOBAL_ICON,https://ik.imagekit.io/0iaahkrcv/airbuds5/download%20(5).svg?updatedAt=1786556262389
6a7caf675c7cd75eb88bf244,airbuds5,download (6).svg,download (6),GLOBAL_ICON,https://ik.imagekit.io/0iaahkrcv/airbuds5/download%20(6).svg?updatedAt=1786556263761
6a7caf655c7cd75eb88bd9a3,airbuds5,download (7).svg,download (7),GLOBAL_ICON,https://ik.imagekit.io/0iaahkrcv/airbuds5/download%20(7).svg?updatedAt=1786556262409
6a7caf675c7cd75eb88bf2e2,airbuds5,download (8).svg,download (8),GLOBAL_ICON,https://ik.imagekit.io/0iaahkrcv/airbuds5/download%20(8).svg?updatedAt=1786556263815
6a7caf655c7cd75eb88bdbb2,airbuds5,download (9).svg,download (9),GLOBAL_ICON,https://ik.imagekit.io/0iaahkrcv/airbuds5/download%20(9).svg?updatedAt=1786556262484
6a7caf675c7cd75eb88bf241,airbuds5,download.svg,download,GLOBAL_ICON,https://ik.imagekit.io/0iaahkrcv/airbuds5/download.svg?updatedAt=1786556263750
6a7caf655c7cd75eb88bdca3,airbuds5,google-logo-original (1).webp,google logo original (1),BRAND_LOGO,https://ik.imagekit.io/0iaahkrcv/airbuds5/google-logo-original%20(1).webp?updatedAt=1786556262556
6a7caf675c7cd75eb88bf24c,airbuds5,google-logo-original (2).webp,google logo original (2),BRAND_LOGO,https://ik.imagekit.io/0iaahkrcv/airbuds5/google-logo-original%20(2).webp?updatedAt=1786556263922
6a7caf655c7cd75eb88bdc79,airbuds5,google-logo-original.webp,google logo original,BRAND_LOGO,https://ik.imagekit.io/0iaahkrcv/airbuds5/google-logo-original.webp?updatedAt=1786556262536
6a7caf675c7cd75eb88bf256,airbuds5,huawei-logo-original (1).webp,huawei logo original (1),BRAND_LOGO,https://ik.imagekit.io/0iaahkrcv/airbuds5/huawei-logo-original%20(1).webp?updatedAt=1786556263929
6a7caf675c7cd75eb88bf320,airbuds5,huawei-logo-original (2).webp,huawei logo original (2),BRAND_LOGO,https://ik.imagekit.io/0iaahkrcv/airbuds5/huawei-logo-original%20(2).webp?updatedAt=1786556263818
6a7caf675c7cd75eb88bf33d,airbuds5,huawei-logo-original.webp,huawei logo original,BRAND_LOGO,https://ik.imagekit.io/0iaahkrcv/airbuds5/huawei-logo-original.webp?updatedAt=1786556263943
6a7caf665c7cd75eb88bdf1f,airbuds5,jbl-logo-original (1).webp,jbl logo original (1),BRAND_LOGO,https://ik.imagekit.io/0iaahkrcv/airbuds5/jbl-logo-original%20(1).webp?updatedAt=1786556262592
6a7caf675c7cd75eb88bf467,airbuds5,jbl-logo-original (2).webp,jbl logo original (2),BRAND_LOGO,https://ik.imagekit.io/0iaahkrcv/airbuds5/jbl-logo-original%20(2).webp?updatedAt=1786556263935
6a7caf675c7cd75eb88bf223,airbuds5,jbl-logo-original.webp,jbl logo original,BRAND_LOGO,https://ik.imagekit.io/0iaahkrcv/airbuds5/jbl-logo-original.webp?updatedAt=1786556263742
6a7caf675c7cd75eb88bf4d9,airbuds5,loader.631b9ed.svg,loader.631b9ed,GLOBAL_ICON,https://ik.imagekit.io/0iaahkrcv/airbuds5/loader.631b9ed.svg?updatedAt=1786556263913
6a7caf6b5c7cd75eb88c3c0f,airbuds5,oneplus-logo-original (1).webp,oneplus logo original (1),BRAND_LOGO,https://ik.imagekit.io/0iaahkrcv/airbuds5/oneplus-logo-original%20(1).webp?updatedAt=1786556267668
6a7caf6b5c7cd75eb88c3d94,airbuds5,oneplus-logo-original (2).webp,oneplus logo original (2),BRAND_LOGO,https://ik.imagekit.io/0iaahkrcv/airbuds5/oneplus-logo-original%20(2).webp?updatedAt=1786556267776
6a7caf6b5c7cd75eb88c3c2c,airbuds5,oneplus-logo-original.webp,oneplus logo original,BRAND_LOGO,https://ik.imagekit.io/0iaahkrcv/airbuds5/oneplus-logo-original.webp?updatedAt=1786556267645
6a7caf6f5c7cd75eb88c8b4e,airbuds5,oppo-logo-original (1).webp,oppo logo original (1),BRAND_LOGO,https://ik.imagekit.io/0iaahkrcv/airbuds5/oppo-logo-original%20(1).webp?updatedAt=1786556272147
6a7caf6f5c7cd75eb88c8b6f,airbuds5,oppo-logo-original (2).webp,oppo logo original (2),BRAND_LOGO,https://ik.imagekit.io/0iaahkrcv/airbuds5/oppo-logo-original%20(2).webp?updatedAt=1786556272138
6a7caf6f5c7cd75eb88c8b5a,airbuds5,oppo-logo-original.webp,oppo logo original,BRAND_LOGO,https://ik.imagekit.io/0iaahkrcv/airbuds5/oppo-logo-original.webp?updatedAt=1786556272171
6a7caf6f5c7cd75eb88c9055,airbuds5,realme-logo-original (1).webp,realme logo original (1),BRAND_LOGO,https://ik.imagekit.io/0iaahkrcv/airbuds5/realme-logo-original%20(1).webp?updatedAt=1786556272370
6a7caf6f5c7cd75eb88c8e96,airbuds5,realme-logo-original (2).webp,realme logo original (2),BRAND_LOGO,https://ik.imagekit.io/0iaahkrcv/airbuds5/realme-logo-original%20(2).webp?updatedAt=1786556272268
6a7caf6f5c7cd75eb88c8ece,airbuds5,realme-logo-original.webp,realme logo original,BRAND_LOGO,https://ik.imagekit.io/0iaahkrcv/airbuds5/realme-logo-original.webp?updatedAt=1786556272283
6a7caf715c7cd75eb88cab45,airbuds5,samsung-logo-original (1).webp,samsung logo original (1),BRAND_LOGO,https://ik.imagekit.io/0iaahkrcv/airbuds5/samsung-logo-original%20(1).webp?updatedAt=1786556273753
6a7caf715c7cd75eb88cab50,airbuds5,samsung-logo-original (2).webp,samsung logo original (2),BRAND_LOGO,https://ik.imagekit.io/0iaahkrcv/airbuds5/samsung-logo-original%20(2).webp?updatedAt=1786556273780
6a7caf715c7cd75eb88cad63,airbuds5,samsung-logo-original.webp,samsung logo original,BRAND_LOGO,https://ik.imagekit.io/0iaahkrcv/airbuds5/samsung-logo-original.webp?updatedAt=1786556273835
6a7caf715c7cd75eb88caf7d,airbuds5,search.7d254c6.svg,search.7d254c6,GLOBAL_ICON,https://ik.imagekit.io/0iaahkrcv/airbuds5/search.7d254c6.svg?updatedAt=1786556273944
6a7caf715c7cd75eb88cade8,airbuds5,sony-logo-original (1).webp,sony logo original (1),BRAND_LOGO,https://ik.imagekit.io/0iaahkrcv/airbuds5/sony-logo-original%20(1).webp?updatedAt=1786556273879
6a7caf715c7cd75eb88cadda,airbuds5,sony-logo-original (2).webp,sony logo original (2),BRAND_LOGO,https://ik.imagekit.io/0iaahkrcv/airbuds5/sony-logo-original%20(2).webp?updatedAt=1786556273881
6a7caf715c7cd75eb88caddd,airbuds5,sony-logo-original.webp,sony logo original,BRAND_LOGO,https://ik.imagekit.io/0iaahkrcv/airbuds5/sony-logo-original.webp?updatedAt=1786556273829
6a7caf715c7cd75eb88cb069,airbuds5,whatsapp.svg,whatsapp,GLOBAL_ICON,https://ik.imagekit.io/0iaahkrcv/airbuds5/whatsapp.svg?updatedAt=1786556273960
6a7c25d75c7cd75eb8530f18,Bts,Anker-Soundcore-Boom-2-Plus-a-medium (1).webp,Anker Soundcore Boom 2 Plus a medium (1),GLOBAL_ICON,https://ik.imagekit.io/0iaahkrcv/Bts/Anker-Soundcore-Boom-2-Plus-a-medium%20(1).webp?updatedAt=1786521048549
6a7c25d75c7cd75eb8530e54,Bts,Anker-Soundcore-Boom-2-Plus-a-medium (2).webp,Anker Soundcore Boom 2 Plus a medium (2),GLOBAL_ICON,https://ik.imagekit.io/0iaahkrcv/Bts/Anker-Soundcore-Boom-2-Plus-a-medium%20(2).webp?updatedAt=1786521048489
6a7c25d75c7cd75eb8530e18,Bts,Anker-Soundcore-Boom-2-Plus-a-medium (3).webp,Anker Soundcore Boom 2 Plus a medium (3),GLOBAL_ICON,https://ik.imagekit.io/0iaahkrcv/Bts/Anker-Soundcore-Boom-2-Plus-a-medium%20(3).webp?updatedAt=1786521048469
6a7c25d35c7cd75eb852e4aa,Bts,Anker-Soundcore-Boom-2-Plus-a-medium (4).webp,Anker Soundcore Boom 2 Plus a medium (4),GLOBAL_ICON,https://ik.imagekit.io/0iaahkrcv/Bts/Anker-Soundcore-Boom-2-Plus-a-medium%20(4).webp?updatedAt=1786521043877
6a7c25d75c7cd75eb853100b,Bts,Anker-Soundcore-Boom-2-Plus-a-medium.webp,Anker Soundcore Boom 2 Plus a medium,GLOBAL_ICON,https://ik.imagekit.io/0iaahkrcv/Bts/Anker-Soundcore-Boom-2-Plus-a-medium.webp?updatedAt=1786521048628
6a7c25d45c7cd75eb852eea2,Bts,Anker-Soundcore-Pyro-Mini-a-medium (1).webp,Anker Soundcore Pyro Mini a medium (1),PRODUCT_IMAGE,https://ik.imagekit.io/0iaahkrcv/Bts/Anker-Soundcore-Pyro-Mini-a-medium%20(1).webp?updatedAt=1786521045140
6a7c25d35c7cd75eb852ea35,Bts,Anker-Soundcore-Pyro-Mini-a-medium (2).webp,Anker Soundcore Pyro Mini a medium (2),PRODUCT_IMAGE,https://ik.imagekit.io/0iaahkrcv/Bts/Anker-Soundcore-Pyro-Mini-a-medium%20(2).webp?updatedAt=1786521044664
6a7c25d65c7cd75eb8530100,Bts,Anker-Soundcore-Pyro-Mini-a-medium (3).webp,Anker Soundcore Pyro Mini a medium (3),PRODUCT_IMAGE,https://ik.imagekit.io/0iaahkrcv/Bts/Anker-Soundcore-Pyro-Mini-a-medium%20(3).webp?updatedAt=1786521047584
6a7c25d75c7cd75eb8530224,Bts,Anker-Soundcore-Pyro-Mini-a-medium (4).webp,Anker Soundcore Pyro Mini a medium (4),PRODUCT_IMAGE,https://ik.imagekit.io/0iaahkrcv/Bts/Anker-Soundcore-Pyro-Mini-a-medium%20(4).webp?updatedAt=1786521047767
6a7c25d35c7cd75eb852e985,Bts,Anker-Soundcore-Pyro-Mini-a-medium.webp,Anker Soundcore Pyro Mini a medium,PRODUCT_IMAGE,https://ik.imagekit.io/0iaahkrcv/Bts/Anker-Soundcore-Pyro-Mini-a-medium.webp?updatedAt=1786521044553
6a7c25d45c7cd75eb852ee34,Bts,ankerlogo-original (1).webp,ankerlogo original (1),BRAND_LOGO,https://ik.imagekit.io/0iaahkrcv/Bts/ankerlogo-original%20(1).webp?updatedAt=1786521045047
6a7c25d45c7cd75eb852ee29,Bts,ankerlogo-original (2).webp,ankerlogo original (2),BRAND_LOGO,https://ik.imagekit.io/0iaahkrcv/Bts/ankerlogo-original%20(2).webp?updatedAt=1786521045067
6a7c25d55c7cd75eb852fa08,Bts,ankerlogo-original (3).webp,ankerlogo original (3),BRAND_LOGO,https://ik.imagekit.io/0iaahkrcv/Bts/ankerlogo-original%20(3).webp?updatedAt=1786521046644
6a7c25d55c7cd75eb852f9ec,Bts,ankerlogo-original (4).webp,ankerlogo original (4),BRAND_LOGO,https://ik.imagekit.io/0iaahkrcv/Bts/ankerlogo-original%20(4).webp?updatedAt=1786521046596
6a7c25d45c7cd75eb852eeb6,Bts,ankerlogo-original (5).webp,ankerlogo original (5),BRAND_LOGO,https://ik.imagekit.io/0iaahkrcv/Bts/ankerlogo-original%20(5).webp?updatedAt=1786521045154
6a7c25d75c7cd75eb8530ab1,Bts,ankerlogo-original.webp,ankerlogo original,BRAND_LOGO,https://ik.imagekit.io/0iaahkrcv/Bts/ankerlogo-original.webp?updatedAt=1786521048233
6a7c25d75c7cd75eb85302d7,Bts,app-logo-desktop (1).svg,app logo desktop (1),BRAND_LOGO,https://ik.imagekit.io/0iaahkrcv/Bts/app-logo-desktop%20(1).svg?updatedAt=1786521047804
6a7c25d75c7cd75eb8530bb6,Bts,app-logo-desktop.svg,app logo desktop,BRAND_LOGO,https://ik.imagekit.io/0iaahkrcv/Bts/app-logo-desktop.svg?updatedAt=1786521048326
6a7c25d75c7cd75eb85301c2,Bts,boselogo-original (1).webp,boselogo original (1),BRAND_LOGO,https://ik.imagekit.io/0iaahkrcv/Bts/boselogo-original%20(1).webp?updatedAt=1786521047767
6a7c25d75c7cd75eb8530ca2,Bts,boselogo-original (2).webp,boselogo original (2),BRAND_LOGO,https://ik.imagekit.io/0iaahkrcv/Bts/boselogo-original%20(2).webp?updatedAt=1786521048362
6a7c25d75c7cd75eb85301c9,Bts,boselogo-original (3).webp,boselogo original (3),BRAND_LOGO,https://ik.imagekit.io/0iaahkrcv/Bts/boselogo-original%20(3).webp?updatedAt=1786521047732
6a7c25d75c7cd75eb85301e0,Bts,boselogo-original (4).webp,boselogo original (4),BRAND_LOGO,https://ik.imagekit.io/0iaahkrcv/Bts/boselogo-original%20(4).webp?updatedAt=1786521047771
6a7c25d75c7cd75eb85301cc,Bts,boselogo-original (5).webp,boselogo original (5),BRAND_LOGO,https://ik.imagekit.io/0iaahkrcv/Bts/boselogo-original%20(5).webp?updatedAt=1786521047753
6a7c25d75c7cd75eb85301ed,Bts,boselogo-original.webp,boselogo original,BRAND_LOGO,https://ik.imagekit.io/0iaahkrcv/Bts/boselogo-original.webp?updatedAt=1786521047717
6a7c25d75c7cd75eb8530249,Bts,chevron-down.8ee3574 (1).svg,chevron down.8ee3574 (1),GLOBAL_ICON,https://ik.imagekit.io/0iaahkrcv/Bts/chevron-down.8ee3574%20(1).svg?updatedAt=1786521047781
6a7c25d75c7cd75eb853017d,Bts,chevron-down.8ee3574.svg,chevron down.8ee3574,GLOBAL_ICON,https://ik.imagekit.io/0iaahkrcv/Bts/chevron-down.8ee3574.svg?updatedAt=1786521047686
6a7c25d75c7cd75eb8530c90,Bts,download (1).svg,download (1),GLOBAL_ICON,https://ik.imagekit.io/0iaahkrcv/Bts/download%20(1).svg?updatedAt=1786521048466
6a7c25d75c7cd75eb8530be9,Bts,download (10).svg,download (10),GLOBAL_ICON,https://ik.imagekit.io/0iaahkrcv/Bts/download%20(10).svg?updatedAt=1786521048346
6a7c25d75c7cd75eb8530226,Bts,download (11).svg,download (11),GLOBAL_ICON,https://ik.imagekit.io/0iaahkrcv/Bts/download%20(11).svg?updatedAt=1786521047792
6a7c25d75c7cd75eb8530e46,Bts,download (12).svg,download (12),GLOBAL_ICON,https://ik.imagekit.io/0iaahkrcv/Bts/download%20(12).svg?updatedAt=1786521048471
6a7c25d75c7cd75eb8530187,Bts,download (13).svg,download (13),GLOBAL_ICON,https://ik.imagekit.io/0iaahkrcv/Bts/download%20(13).svg?updatedAt=1786521047680
6a7c25d75c7cd75eb8530253,Bts,download (14).svg,download (14),GLOBAL_ICON,https://ik.imagekit.io/0iaahkrcv/Bts/download%20(14).svg?updatedAt=1786521047758
6a7c25d75c7cd75eb8530259,Bts,download (15).svg,download (15),GLOBAL_ICON,https://ik.imagekit.io/0iaahkrcv/Bts/download%20(15).svg?updatedAt=1786521047771
6a7c25d75c7cd75eb8530196,Bts,download (16).svg,download (16),GLOBAL_ICON,https://ik.imagekit.io/0iaahkrcv/Bts/download%20(16).svg?updatedAt=1786521047698
6a7c25d75c7cd75eb853022c,Bts,download (17).svg,download (17),GLOBAL_ICON,https://ik.imagekit.io/0iaahkrcv/Bts/download%20(17).svg?updatedAt=1786521047774
6a7c25d75c7cd75eb8530256,Bts,download (18).svg,download (18),GLOBAL_ICON,https://ik.imagekit.io/0iaahkrcv/Bts/download%20(18).svg?updatedAt=1786521047749
6a7c25d75c7cd75eb8530275,Bts,download (19).svg,download (19),GLOBAL_ICON,https://ik.imagekit.io/0iaahkrcv/Bts/download%20(19).svg?updatedAt=1786521047776
6a7c25d95c7cd75eb8531bed,Bts,download (2).svg,download (2),GLOBAL_ICON,https://ik.imagekit.io/0iaahkrcv/Bts/download%20(2).svg?updatedAt=1786521049728
6a7c25d75c7cd75eb8530c82,Bts,download (20).svg,download (20),GLOBAL_ICON,https://ik.imagekit.io/0iaahkrcv/Bts/download%20(20).svg?updatedAt=1786521048418
6a7c25d75c7cd75eb8530d58,Bts,download (21).svg,download (21),GLOBAL_ICON,https://ik.imagekit.io/0iaahkrcv/Bts/download%20(21).svg?updatedAt=1786521048474
6a7c25d95c7cd75eb8531b8a,Bts,download (22).svg,download (22),GLOBAL_ICON,https://ik.imagekit.io/0iaahkrcv/Bts/download%20(22).svg?updatedAt=1786521049580
6a7c25d75c7cd75eb8530cac,Bts,download (23).svg,download (23),GLOBAL_ICON,https://ik.imagekit.io/0iaahkrcv/Bts/download%20(23).svg?updatedAt=1786521048379
6a7c25d75c7cd75eb8530ba8,Bts,download (24).svg,download (24),GLOBAL_ICON,https://ik.imagekit.io/0iaahkrcv/Bts/download%20(24).svg?updatedAt=1786521048350
6a7c25d75c7cd75eb8530ccb,Bts,download (25).svg,download (25),GLOBAL_ICON,https://ik.imagekit.io/0iaahkrcv/Bts/download%20(25).svg?updatedAt=1786521048394
6a7c25d75c7cd75eb8530c54,Bts,download (26).svg,download (26),GLOBAL_ICON,https://ik.imagekit.io/0iaahkrcv/Bts/download%20(26).svg?updatedAt=1786521048384
6a7c25d75c7cd75eb8530bae,Bts,download (27).svg,download (27),GLOBAL_ICON,https://ik.imagekit.io/0iaahkrcv/Bts/download%20(27).svg?updatedAt=1786521048304
6a7c25d75c7cd75eb8530e4a,Bts,download (28).svg,download (28),GLOBAL_ICON,https://ik.imagekit.io/0iaahkrcv/Bts/download%20(28).svg?updatedAt=1786521048484
6a7c25d75c7cd75eb8531005,Bts,download (29).svg,download (29),GLOBAL_ICON,https://ik.imagekit.io/0iaahkrcv/Bts/download%20(29).svg?updatedAt=1786521048632
6a7c25d95c7cd75eb8531ba4,Bts,download (3).svg,download (3),GLOBAL_ICON,https://ik.imagekit.io/0iaahkrcv/Bts/download%20(3).svg?updatedAt=1786521049687
6a7c25d85c7cd75eb8531b76,Bts,download (30).svg,download (30),GLOBAL_ICON,https://ik.imagekit.io/0iaahkrcv/Bts/download%20(30).svg?updatedAt=1786521049633
6a7c25d95c7cd75eb8531ba8,Bts,download (31).svg,download (31),GLOBAL_ICON,https://ik.imagekit.io/0iaahkrcv/Bts/download%20(31).svg?updatedAt=1786521049690
6a7c25d95c7cd75eb8531b82,Bts,download (32).svg,download (32),GLOBAL_ICON,https://ik.imagekit.io/0iaahkrcv/Bts/download%20(32).svg?updatedAt=1786521049645
6a7c25d95c7cd75eb8531b7f,Bts,download (33).svg,download (33),GLOBAL_ICON,https://ik.imagekit.io/0iaahkrcv/Bts/download%20(33).svg?updatedAt=1786521049676
6a7c25d95c7cd75eb8531c3f,Bts,download (4).svg,download (4),GLOBAL_ICON,https://ik.imagekit.io/0iaahkrcv/Bts/download%20(4).svg?updatedAt=1786521049741
6a7c25d95c7cd75eb8531bf7,Bts,download (5).svg,download (5),GLOBAL_ICON,https://ik.imagekit.io/0iaahkrcv/Bts/download%20(5).svg?updatedAt=1786521049735
6a7c25d95c7cd75eb8531b7b,Bts,download (6).svg,download (6),GLOBAL_ICON,https://ik.imagekit.io/0iaahkrcv/Bts/download%20(6).svg?updatedAt=1786521049611
6a7c25d95c7cd75eb8531bfb,Bts,download (7).svg,download (7),GLOBAL_ICON,https://ik.imagekit.io/0iaahkrcv/Bts/download%20(7).svg?updatedAt=1786521049736
6a7c25d95c7cd75eb8531c0e,Bts,download (8).svg,download (8),GLOBAL_ICON,https://ik.imagekit.io/0iaahkrcv/Bts/download%20(8).svg?updatedAt=1786521049735
6a7c25d95c7cd75eb8531bf8,Bts,download (9).svg,download (9),GLOBAL_ICON,https://ik.imagekit.io/0iaahkrcv/Bts/download%20(9).svg?updatedAt=1786521049744
6a7c25d95c7cd75eb8531b85,Bts,download.svg,download,GLOBAL_ICON,https://ik.imagekit.io/0iaahkrcv/Bts/download.svg?updatedAt=1786521049664
6a7c25fb5c7cd75eb854079e,Bts,harman-kardon-logo-original (1).webp,harman kardon logo original (1),BRAND_LOGO,https://ik.imagekit.io/0iaahkrcv/Bts/harman-kardon-logo-original%20(1).webp?updatedAt=1786521083856
6a7c25fe5c7cd75eb854152f,Bts,harman-kardon-logo-original (2).webp,harman kardon logo original (2),BRAND_LOGO,https://ik.imagekit.io/0iaahkrcv/Bts/harman-kardon-logo-original%20(2).webp?updatedAt=1786521086862
6a7c25fe5c7cd75eb8541902,Bts,harman-kardon-logo-original (3).webp,harman kardon logo original (3),BRAND_LOGO,https://ik.imagekit.io/0iaahkrcv/Bts/harman-kardon-logo-original%20(3).webp?updatedAt=1786521087559
6a7c25fe5c7cd75eb8541526,Bts,harman-kardon-logo-original (4).webp,harman kardon logo original (4),BRAND_LOGO,https://ik.imagekit.io/0iaahkrcv/Bts/harman-kardon-logo-original%20(4).webp?updatedAt=1786521086896
6a7c26005c7cd75eb8541fe1,Bts,harman-kardon-logo-original (5).webp,harman kardon logo original (5),BRAND_LOGO,https://ik.imagekit.io/0iaahkrcv/Bts/harman-kardon-logo-original%20(5).webp?updatedAt=1786521088712
6a7c26005c7cd75eb8541fe5,Bts,harman-kardon-logo-original.webp,harman kardon logo original,BRAND_LOGO,https://ik.imagekit.io/0iaahkrcv/Bts/harman-kardon-logo-original.webp?updatedAt=1786521088718
6a7c26015c7cd75eb8542aa4,Bts,jbl-logo-original (1).webp,jbl logo original (1),BRAND_LOGO,https://ik.imagekit.io/0iaahkrcv/Bts/jbl-logo-original%20(1).webp?updatedAt=1786521090428
6a7c26015c7cd75eb8542a11,Bts,jbl-logo-original (2).webp,jbl logo original (2),BRAND_LOGO,https://ik.imagekit.io/0iaahkrcv/Bts/jbl-logo-original%20(2).webp?updatedAt=1786521090371
6a7c26015c7cd75eb8542a81,Bts,jbl-logo-original (3).webp,jbl logo original (3),BRAND_LOGO,https://ik.imagekit.io/0iaahkrcv/Bts/jbl-logo-original%20(3).webp?updatedAt=1786521090460
6a7c26025c7cd75eb8542ede,Bts,jbl-logo-original (4).webp,jbl logo original (4),BRAND_LOGO,https://ik.imagekit.io/0iaahkrcv/Bts/jbl-logo-original%20(4).webp?updatedAt=1786521091137
6a7c26015c7cd75eb85429d1,Bts,jbl-logo-original (5).webp,jbl logo original (5),BRAND_LOGO,https://ik.imagekit.io/0iaahkrcv/Bts/jbl-logo-original%20(5).webp?updatedAt=1786521090358
6a7c26015c7cd75eb8542a8f,Bts,jbl-logo-original.webp,jbl logo original,BRAND_LOGO,https://ik.imagekit.io/0iaahkrcv/Bts/jbl-logo-original.webp?updatedAt=1786521090585
6a7c261f5c7cd75eb8550ee8,Bts,loader.631b9ed (1).svg,loader.631b9ed (1),GLOBAL_ICON,https://ik.imagekit.io/0iaahkrcv/Bts/loader.631b9ed%20(1).svg?updatedAt=1786521120051
6a7c26215c7cd75eb8552587,Bts,loader.631b9ed.svg,loader.631b9ed,GLOBAL_ICON,https://ik.imagekit.io/0iaahkrcv/Bts/loader.631b9ed.svg?updatedAt=1786521122197
6a7c26215c7cd75eb85526aa,Bts,search.7d254c6 (1).svg,search.7d254c6 (1),GLOBAL_ICON,https://ik.imagekit.io/0iaahkrcv/Bts/search.7d254c6%20(1).svg?updatedAt=1786521122420
6a7c26215c7cd75eb8552665,Bts,search.7d254c6.svg,search.7d254c6,GLOBAL_ICON,https://ik.imagekit.io/0iaahkrcv/Bts/search.7d254c6.svg?updatedAt=1786521122279
6a7c26215c7cd75eb8552725,Bts,sony-logo-original (1).webp,sony logo original (1),BRAND_LOGO,https://ik.imagekit.io/0iaahkrcv/Bts/sony-logo-original%20(1).webp?updatedAt=1786521122366
6a7c26215c7cd75eb85527b7,Bts,sony-logo-original (2).webp,sony logo original (2),BRAND_LOGO,https://ik.imagekit.io/0iaahkrcv/Bts/sony-logo-original%20(2).webp?updatedAt=1786521122405
6a7c26215c7cd75eb85527bb,Bts,sony-logo-original (3).webp,sony logo original (3),BRAND_LOGO,https://ik.imagekit.io/0iaahkrcv/Bts/sony-logo-original%20(3).webp?updatedAt=1786521122338
6a7c26215c7cd75eb85528d1,Bts,sony-logo-original (4).webp,sony logo original (4),BRAND_LOGO,https://ik.imagekit.io/0iaahkrcv/Bts/sony-logo-original%20(4).webp?updatedAt=1786521122506
6a7c26215c7cd75eb8552933,Bts,sony-logo-original (5).webp,sony logo original (5),BRAND_LOGO,https://ik.imagekit.io/0iaahkrcv/Bts/sony-logo-original%20(5).webp?updatedAt=1786521122515
6a7c26225c7cd75eb8552d21,Bts,sony-logo-original.webp,sony logo original,BRAND_LOGO,https://ik.imagekit.io/0iaahkrcv/Bts/sony-logo-original.webp?updatedAt=1786521122943
6a7c26225c7cd75eb8553525,Bts,whatsapp (1).svg,whatsapp (1),GLOBAL_ICON,https://ik.imagekit.io/0iaahkrcv/Bts/whatsapp%20(1).svg?updatedAt=1786521123489
6a7c26225c7cd75eb8553488,Bts,whatsapp.svg,whatsapp,GLOBAL_ICON,https://ik.imagekit.io/0iaahkrcv/Bts/whatsapp.svg?updatedAt=1786521123386
6a7ba9875c7cd75eb82649f4,ecommerce,app-logo-desktop.svg,app logo desktop,BRAND_LOGO,https://ik.imagekit.io/0iaahkrcv/ecommerce/All%20iOS%20Smartphones%20-%20Price%20in%20Kenya/app-logo-desktop.svg?updatedAt=1786489223899
6a7ba9875c7cd75eb826502f,ecommerce,Apple-iPhone-16-Plus-b-medium (1).webp,Apple iPhone 16 Plus b medium (1),GLOBAL_ICON,https://ik.imagekit.io/0iaahkrcv/ecommerce/All%20iOS%20Smartphones%20-%20Price%20in%20Kenya/Apple-iPhone-16-Plus-b-medium%20(1).webp?updatedAt=1786489224137
6a7ba9875c7cd75eb826583b,ecommerce,Apple-iPhone-16-Plus-b-medium (2).webp,Apple iPhone 16 Plus b medium (2),GLOBAL_ICON,https://ik.imagekit.io/0iaahkrcv/ecommerce/All%20iOS%20Smartphones%20-%20Price%20in%20Kenya/Apple-iPhone-16-Plus-b-medium%20(2).webp?updatedAt=1786489224529
6a7ba9875c7cd75eb8265033,ecommerce,Apple-iPhone-16-Plus-b-medium.webp,Apple iPhone 16 Plus b medium,GLOBAL_ICON,https://ik.imagekit.io/0iaahkrcv/ecommerce/All%20iOS%20Smartphones%20-%20Price%20in%20Kenya/Apple-iPhone-16-Plus-b-medium.webp?updatedAt=1786489224211
6a7ba9875c7cd75eb82651ef,ecommerce,chevron-down.8ee3574.svg,chevron down.8ee3574,GLOBAL_ICON,https://ik.imagekit.io/0iaahkrcv/ecommerce/All%20iOS%20Smartphones%20-%20Price%20in%20Kenya/chevron-down.8ee3574.svg?updatedAt=1786489224260
6a7ba9875c7cd75eb8265947,ecommerce,default (1).svg,default (1),GLOBAL_ICON,https://ik.imagekit.io/0iaahkrcv/ecommerce/All%20iOS%20Smartphones%20-%20Price%20in%20Kenya/default%20(1).svg?updatedAt=1786489224560
6a7ba9875c7cd75eb826522a,ecommerce,default (10).svg,default (10),GLOBAL_ICON,https://ik.imagekit.io/0iaahkrcv/ecommerce/All%20iOS%20Smartphones%20-%20Price%20in%20Kenya/default%20(10).svg?updatedAt=1786489224237
6a7ba9875c7cd75eb82651c7,ecommerce,default (11).svg,default (11),GLOBAL_ICON,https://ik.imagekit.io/0iaahkrcv/ecommerce/All%20iOS%20Smartphones%20-%20Price%20in%20Kenya/default%20(11).svg?updatedAt=1786489224181
6a7ba9875c7cd75eb8265199,ecommerce,default (12).svg,default (12),GLOBAL_ICON,https://ik.imagekit.io/0iaahkrcv/ecommerce/All%20iOS%20Smartphones%20-%20Price%20in%20Kenya/default%20(12).svg?updatedAt=1786489224240
6a7ba9875c7cd75eb8265968,ecommerce,default (13).svg,default (13),GLOBAL_ICON,https://ik.imagekit.io/0iaahkrcv/ecommerce/All%20iOS%20Smartphones%20-%20Price%20in%20Kenya/default%20(13).svg?updatedAt=1786489224575
6a7ba9875c7cd75eb8264b30,ecommerce,default (14).svg,default (14),GLOBAL_ICON,https://ik.imagekit.io/0iaahkrcv/ecommerce/All%20iOS%20Smartphones%20-%20Price%20in%20Kenya/default%20(14).svg?updatedAt=1786489223971
6a7ba9875c7cd75eb82658df,ecommerce,default (15).svg,default (15),GLOBAL_ICON,https://ik.imagekit.io/0iaahkrcv/ecommerce/All%20iOS%20Smartphones%20-%20Price%20in%20Kenya/default%20(15).svg?updatedAt=1786489224509
6a7ba9875c7cd75eb8265940,ecommerce,default (16).svg,default (16),GLOBAL_ICON,https://ik.imagekit.io/0iaahkrcv/ecommerce/All%20iOS%20Smartphones%20-%20Price%20in%20Kenya/default%20(16).svg?updatedAt=1786489224538
6a7ba9875c7cd75eb8264b2b,ecommerce,default (17).svg,default (17),GLOBAL_ICON,https://ik.imagekit.io/0iaahkrcv/ecommerce/All%20iOS%20Smartphones%20-%20Price%20in%20Kenya/default%20(17).svg?updatedAt=1786489223953
6a7ba9875c7cd75eb82658e2,ecommerce,default (18).svg,default (18),GLOBAL_ICON,https://ik.imagekit.io/0iaahkrcv/ecommerce/All%20iOS%20Smartphones%20-%20Price%20in%20Kenya/default%20(18).svg?updatedAt=1786489224538
6a7ba9875c7cd75eb82658ec,ecommerce,default (2).svg,default (2),GLOBAL_ICON,https://ik.imagekit.io/0iaahkrcv/ecommerce/All%20iOS%20Smartphones%20-%20Price%20in%20Kenya/default%20(2).svg?updatedAt=1786489224460
6a7ba9875c7cd75eb82651d1,ecommerce,default (3).svg,default (3),GLOBAL_ICON,https://ik.imagekit.io/0iaahkrcv/ecommerce/All%20iOS%20Smartphones%20-%20Price%20in%20Kenya/default%20(3).svg?updatedAt=1786489224246
6a7ba9875c7cd75eb8264b31,ecommerce,default (4).svg,default (4),GLOBAL_ICON,https://ik.imagekit.io/0iaahkrcv/ecommerce/All%20iOS%20Smartphones%20-%20Price%20in%20Kenya/default%20(4).svg?updatedAt=1786489223949
6a7ba9875c7cd75eb8265adb,ecommerce,default (5).svg,default (5),GLOBAL_ICON,https://ik.imagekit.io/0iaahkrcv/ecommerce/All%20iOS%20Smartphones%20-%20Price%20in%20Kenya/default%20(5).svg?updatedAt=1786489224606
6a7ba9875c7cd75eb8264b3e,ecommerce,default (6).svg,default (6),GLOBAL_ICON,https://ik.imagekit.io/0iaahkrcv/ecommerce/All%20iOS%20Smartphones%20-%20Price%20in%20Kenya/default%20(6).svg?updatedAt=1786489223950
6a7ba9875c7cd75eb8265233,ecommerce,default (7).svg,default (7),GLOBAL_ICON,https://ik.imagekit.io/0iaahkrcv/ecommerce/All%20iOS%20Smartphones%20-%20Price%20in%20Kenya/default%20(7).svg?updatedAt=1786489224240
6a7ba9875c7cd75eb8265936,ecommerce,default (8).svg,default (8),GLOBAL_ICON,https://ik.imagekit.io/0iaahkrcv/ecommerce/All%20iOS%20Smartphones%20-%20Price%20in%20Kenya/default%20(8).svg?updatedAt=1786489224548
6a7ba9875c7cd75eb8265abc,ecommerce,default (9).svg,default (9),GLOBAL_ICON,https://ik.imagekit.io/0iaahkrcv/ecommerce/All%20iOS%20Smartphones%20-%20Price%20in%20Kenya/default%20(9).svg?updatedAt=1786489224506
6a7ba9875c7cd75eb8265a82,ecommerce,default.svg,default,GLOBAL_ICON,https://ik.imagekit.io/0iaahkrcv/ecommerce/All%20iOS%20Smartphones%20-%20Price%20in%20Kenya/default.svg?updatedAt=1786489224481
6a7ba9b55c7cd75eb8298755,ecommerce,loader.631b9ed.svg,loader.631b9ed,GLOBAL_ICON,https://ik.imagekit.io/0iaahkrcv/ecommerce/All%20iOS%20Smartphones%20-%20Price%20in%20Kenya/loader.631b9ed.svg?updatedAt=1786489269770
6a7ba9b55c7cd75eb8298754,ecommerce,search.7d254c6.svg,search.7d254c6,GLOBAL_ICON,https://ik.imagekit.io/0iaahkrcv/ecommerce/All%20iOS%20Smartphones%20-%20Price%20in%20Kenya/search.7d254c6.svg?updatedAt=1786489269826
6a7ba9b55c7cd75eb8298750,ecommerce,whatsapp.svg,whatsapp,GLOBAL_ICON,https://ik.imagekit.io/0iaahkrcv/ecommerce/All%20iOS%20Smartphones%20-%20Price%20in%20Kenya/whatsapp.svg?updatedAt=1786489269719
6a7b6cca5c7cd75eb8f3e922,ecommerce,app-logo-desktop.svg,app logo desktop,BRAND_LOGO,https://ik.imagekit.io/0iaahkrcv/ecommerce/All%20Tecno%20Smartphones%20-%20Price%20in%20Kenya%20(2)/app-logo-desktop.svg?updatedAt=1786473674756
6a7b6cca5c7cd75eb8f3ec1f,ecommerce,default (1).svg,default (1),GLOBAL_ICON,https://ik.imagekit.io/0iaahkrcv/ecommerce/All%20Tecno%20Smartphones%20-%20Price%20in%20Kenya%20(2)/default%20(1).svg?updatedAt=1786473675234
6a7b6cca5c7cd75eb8f3e9ba,ecommerce,default (10).svg,default (10),GLOBAL_ICON,https://ik.imagekit.io/0iaahkrcv/ecommerce/All%20Tecno%20Smartphones%20-%20Price%20in%20Kenya%20(2)/default%20(10).svg?updatedAt=1786473674875
6a7b6cca5c7cd75eb8f3e9b2,ecommerce,default (11).svg,default (11),GLOBAL_ICON,https://ik.imagekit.io/0iaahkrcv/ecommerce/All%20Tecno%20Smartphones%20-%20Price%20in%20Kenya%20(2)/default%20(11).svg?updatedAt=1786473674848
6a7b6cca5c7cd75eb8f3e9d0,ecommerce,default (12).svg,default (12),GLOBAL_ICON,https://ik.imagekit.io/0iaahkrcv/ecommerce/All%20Tecno%20Smartphones%20-%20Price%20in%20Kenya%20(2)/default%20(12).svg?updatedAt=1786473674901
6a7b6cca5c7cd75eb8f3e9e0,ecommerce,default (13).svg,default (13),GLOBAL_ICON,https://ik.imagekit.io/0iaahkrcv/ecommerce/All%20Tecno%20Smartphones%20-%20Price%20in%20Kenya%20(2)/default%20(13).svg?updatedAt=1786473674869
6a7b6cca5c7cd75eb8f3e9d5,ecommerce,default (14).svg,default (14),GLOBAL_ICON,https://ik.imagekit.io/0iaahkrcv/ecommerce/All%20Tecno%20Smartphones%20-%20Price%20in%20Kenya%20(2)/default%20(14).svg?updatedAt=1786473674878
6a7b6cca5c7cd75eb8f3e9d9,ecommerce,default (15).svg,default (15),GLOBAL_ICON,https://ik.imagekit.io/0iaahkrcv/ecommerce/All%20Tecno%20Smartphones%20-%20Price%20in%20Kenya%20(2)/default%20(15).svg?updatedAt=1786473674837
6a7b6cca5c7cd75eb8f3e9e6,ecommerce,default (16).svg,default (16),GLOBAL_ICON,https://ik.imagekit.io/0iaahkrcv/ecommerce/All%20Tecno%20Smartphones%20-%20Price%20in%20Kenya%20(2)/default%20(16).svg?updatedAt=1786473674841
6a7b6cca5c7cd75eb8f3eb44,ecommerce,default (2).svg,default (2),GLOBAL_ICON,https://ik.imagekit.io/0iaahkrcv/ecommerce/All%20Tecno%20Smartphones%20-%20Price%20in%20Kenya%20(2)/default%20(2).svg?updatedAt=1786473675092
6a7b6cca5c7cd75eb8f3ea9f,ecommerce,default (3).svg,default (3),GLOBAL_ICON,https://ik.imagekit.io/0iaahkrcv/ecommerce/All%20Tecno%20Smartphones%20-%20Price%20in%20Kenya%20(2)/default%20(3).svg?updatedAt=1786473675000
6a7b6cca5c7cd75eb8f3eace,ecommerce,default (4).svg,default (4),GLOBAL_ICON,https://ik.imagekit.io/0iaahkrcv/ecommerce/All%20Tecno%20Smartphones%20-%20Price%20in%20Kenya%20(2)/default%20(4).svg?updatedAt=1786473675044
6a7b6cca5c7cd75eb8f3eab2,ecommerce,default (5).svg,default (5),GLOBAL_ICON,https://ik.imagekit.io/0iaahkrcv/ecommerce/All%20Tecno%20Smartphones%20-%20Price%20in%20Kenya%20(2)/default%20(5).svg?updatedAt=1786473675068
6a7b6cca5c7cd75eb8f3ea55,ecommerce,default (6).svg,default (6),GLOBAL_ICON,https://ik.imagekit.io/0iaahkrcv/ecommerce/All%20Tecno%20Smartphones%20-%20Price%20in%20Kenya%20(2)/default%20(6).svg?updatedAt=1786473674917
6a7b6cca5c7cd75eb8f3eaaf,ecommerce,default (7).svg,default (7),GLOBAL_ICON,https://ik.imagekit.io/0iaahkrcv/ecommerce/All%20Tecno%20Smartphones%20-%20Price%20in%20Kenya%20(2)/default%20(7).svg?updatedAt=1786473674990
6a7b6cca5c7cd75eb8f3eb7d,ecommerce,default (8).svg,default (8),GLOBAL_ICON,https://ik.imagekit.io/0iaahkrcv/ecommerce/All%20Tecno%20Smartphones%20-%20Price%20in%20Kenya%20(2)/default%20(8).svg?updatedAt=1786473675132
6a7b6cca5c7cd75eb8f3eb18,ecommerce,default (9).svg,default (9),GLOBAL_ICON,https://ik.imagekit.io/0iaahkrcv/ecommerce/All%20Tecno%20Smartphones%20-%20Price%20in%20Kenya%20(2)/default%20(9).svg?updatedAt=1786473675093
6a7b6cca5c7cd75eb8f3eb66,ecommerce,default.svg,default,GLOBAL_ICON,https://ik.imagekit.io/0iaahkrcv/ecommerce/All%20Tecno%20Smartphones%20-%20Price%20in%20Kenya%20(2)/default.svg?updatedAt=1786473675115
6a7b6cca5c7cd75eb8f3ee6c,ecommerce,whatsapp.svg,whatsapp,GLOBAL_ICON,https://ik.imagekit.io/0iaahkrcv/ecommerce/All%20Tecno%20Smartphones%20-%20Price%20in%20Kenya%20(2)/whatsapp.svg?updatedAt=1786473675553
6a7b6b375c7cd75eb8eaa5ea,ecommerce,app-logo-desktop_2XlPE4ZV_.svg,app logo desktop 2XlPE4ZV,BRAND_LOGO,https://ik.imagekit.io/0iaahkrcv/ecommerce/All%20Tecno%20Smartphones%20-%20Price%20in%20Kenya/app-logo-desktop_2XlPE4ZV_.svg?updatedAt=1786473272022
6a7b697c5c7cd75eb8e176bf,ecommerce,app-logo-desktop.svg,app logo desktop,BRAND_LOGO,https://ik.imagekit.io/0iaahkrcv/ecommerce/All%20Tecno%20Smartphones%20-%20Price%20in%20Kenya/app-logo-desktop.svg?updatedAt=1786472828696
6a7b6b375c7cd75eb8eaa7a6,ecommerce,chevron-down.8ee3574_L5GY9r5vk.svg,chevron down.8ee3574 L5GY9r5vk,GLOBAL_ICON,https://ik.imagekit.io/0iaahkrcv/ecommerce/All%20Tecno%20Smartphones%20-%20Price%20in%20Kenya/chevron-down.8ee3574_L5GY9r5vk.svg?updatedAt=1786473272331
6a7b697f5c7cd75eb8e188d0,ecommerce,chevron-down.8ee3574.svg,chevron down.8ee3574,GLOBAL_ICON,https://ik.imagekit.io/0iaahkrcv/ecommerce/All%20Tecno%20Smartphones%20-%20Price%20in%20Kenya/chevron-down.8ee3574.svg?updatedAt=1786472831970
6a7b6b375c7cd75eb8eaa736,ecommerce,default (1)_gpjLSlm5X.svg,default (1) gpjLSlm5X,GLOBAL_ICON,https://ik.imagekit.io/0iaahkrcv/ecommerce/All%20Tecno%20Smartphones%20-%20Price%20in%20Kenya/default%20(1)_gpjLSlm5X.svg?updatedAt=1786473272242
6a7b69805c7cd75eb8e19044,ecommerce,default (1).svg,default (1),GLOBAL_ICON,https://ik.imagekit.io/0iaahkrcv/ecommerce/All%20Tecno%20Smartphones%20-%20Price%20in%20Kenya/default%20(1).svg?updatedAt=1786472833156
6a7b6b375c7cd75eb8eaa7c0,ecommerce,default (10)_2kBrgUTsm_.svg,default (10) 2kBrgUTsm,GLOBAL_ICON,https://ik.imagekit.io/0iaahkrcv/ecommerce/All%20Tecno%20Smartphones%20-%20Price%20in%20Kenya/default%20(10)_2kBrgUTsm_.svg?updatedAt=1786473272289
6a7b697f5c7cd75eb8e187d2,ecommerce,default (10).svg,default (10),GLOBAL_ICON,https://ik.imagekit.io/0iaahkrcv/ecommerce/All%20Tecno%20Smartphones%20-%20Price%20in%20Kenya/default%20(10).svg?updatedAt=1786472831767
6a7b6b375c7cd75eb8eaa8cb,ecommerce,default (11)_ZNSyVo8o1R.svg,default (11) ZNSyVo8o1R,GLOBAL_ICON,https://ik.imagekit.io/0iaahkrcv/ecommerce/All%20Tecno%20Smartphones%20-%20Price%20in%20Kenya/default%20(11)_ZNSyVo8o1R.svg?updatedAt=1786473272483
6a7b69805c7cd75eb8e1900e,ecommerce,default (11).svg,default (11),GLOBAL_ICON,https://ik.imagekit.io/0iaahkrcv/ecommerce/All%20Tecno%20Smartphones%20-%20Price%20in%20Kenya/default%20(11).svg?updatedAt=1786472833113
6a7b6b375c7cd75eb8eaa8bc,ecommerce,default (12)_WlhK03Vj_E.svg,default (12) WlhK03Vj E,GLOBAL_ICON,https://ik.imagekit.io/0iaahkrcv/ecommerce/All%20Tecno%20Smartphones%20-%20Price%20in%20Kenya/default%20(12)_WlhK03Vj_E.svg?updatedAt=1786473272441
6a7b697f5c7cd75eb8e18831,ecommerce,default (12).svg,default (12),GLOBAL_ICON,https://ik.imagekit.io/0iaahkrcv/ecommerce/All%20Tecno%20Smartphones%20-%20Price%20in%20Kenya/default%20(12).svg?updatedAt=1786472831853
6a7b6b515c7cd75eb8eb312d,ecommerce,default (13)_GhgX_OLqj.svg,default (13) GhgX OLqj,GLOBAL_ICON,https://ik.imagekit.io/0iaahkrcv/ecommerce/All%20Tecno%20Smartphones%20-%20Price%20in%20Kenya/default%20(13)_GhgX_OLqj.svg?updatedAt=1786473298078
6a7b697c5c7cd75eb8e17a08,ecommerce,default (13).svg,default (13),GLOBAL_ICON,https://ik.imagekit.io/0iaahkrcv/ecommerce/All%20Tecno%20Smartphones%20-%20Price%20in%20Kenya/default%20(13).svg?updatedAt=1786472829316
6a7b6b375c7cd75eb8eaa8a2,ecommerce,default (14)_r0N-UK4FS.svg,default (14) r0N UK4FS,GLOBAL_ICON,https://ik.imagekit.io/0iaahkrcv/ecommerce/All%20Tecno%20Smartphones%20-%20Price%20in%20Kenya/default%20(14)_r0N-UK4FS.svg?updatedAt=1786473272516
6a7b697f5c7cd75eb8e18806,ecommerce,default (14).svg,default (14),GLOBAL_ICON,https://ik.imagekit.io/0iaahkrcv/ecommerce/All%20Tecno%20Smartphones%20-%20Price%20in%20Kenya/default%20(14).svg?updatedAt=1786472831745
6a7b6b375c7cd75eb8eaa86f,ecommerce,default (15)__v6liR0qX.svg,default (15) v6liR0qX,GLOBAL_ICON,https://ik.imagekit.io/0iaahkrcv/ecommerce/All%20Tecno%20Smartphones%20-%20Price%20in%20Kenya/default%20(15)__v6liR0qX.svg?updatedAt=1786473272436
6a7b697f5c7cd75eb8e18ca6,ecommerce,default (15).svg,default (15),GLOBAL_ICON,https://ik.imagekit.io/0iaahkrcv/ecommerce/All%20Tecno%20Smartphones%20-%20Price%20in%20Kenya/default%20(15).svg?updatedAt=1786472832523
6a7b6b375c7cd75eb8eaa88d,ecommerce,default (16)_3euzL0J11.svg,default (16) 3euzL0J11,GLOBAL_ICON,https://ik.imagekit.io/0iaahkrcv/ecommerce/All%20Tecno%20Smartphones%20-%20Price%20in%20Kenya/default%20(16)_3euzL0J11.svg?updatedAt=1786473272400
6a7b69815c7cd75eb8e19437,ecommerce,default (16).svg,default (16),GLOBAL_ICON,https://ik.imagekit.io/0iaahkrcv/ecommerce/All%20Tecno%20Smartphones%20-%20Price%20in%20Kenya/default%20(16).svg?updatedAt=1786472833910
6a7b69815c7cd75eb8e19512,ecommerce,default (17).svg,default (17),GLOBAL_ICON,https://ik.imagekit.io/0iaahkrcv/ecommerce/All%20Tecno%20Smartphones%20-%20Price%20in%20Kenya/default%20(17).svg?updatedAt=1786472833979
6a7b6b375c7cd75eb8eaa847,ecommerce,default (2)_4closTNRK.svg,default (2) 4closTNRK,GLOBAL_ICON,https://ik.imagekit.io/0iaahkrcv/ecommerce/All%20Tecno%20Smartphones%20-%20Price%20in%20Kenya/default%20(2)_4closTNRK.svg?updatedAt=1786473272410
6a7b69815c7cd75eb8e196d0,ecommerce,default (2).svg,default (2),GLOBAL_ICON,https://ik.imagekit.io/0iaahkrcv/ecommerce/All%20Tecno%20Smartphones%20-%20Price%20in%20Kenya/default%20(2).svg?updatedAt=1786472834269
6a7b6b375c7cd75eb8eaa855,ecommerce,default (3)_1hMb8SEzgt.svg,default (3) 1hMb8SEzgt,GLOBAL_ICON,https://ik.imagekit.io/0iaahkrcv/ecommerce/All%20Tecno%20Smartphones%20-%20Price%20in%20Kenya/default%20(3)_1hMb8SEzgt.svg?updatedAt=1786473272396
6a7b69815c7cd75eb8e197a7,ecommerce,default (3).svg,default (3),GLOBAL_ICON,https://ik.imagekit.io/0iaahkrcv/ecommerce/All%20Tecno%20Smartphones%20-%20Price%20in%20Kenya/default%20(3).svg?updatedAt=1786472834409
6a7b6b375c7cd75eb8eaa834,ecommerce,default (4)_ZzjUXv-50k.svg,default (4) ZzjUXv 50k,GLOBAL_ICON,https://ik.imagekit.io/0iaahkrcv/ecommerce/All%20Tecno%20Smartphones%20-%20Price%20in%20Kenya/default%20(4)_ZzjUXv-50k.svg?updatedAt=1786473272414
6a7b697f5c7cd75eb8e18c9b,ecommerce,default (4).svg,default (4),GLOBAL_ICON,https://ik.imagekit.io/0iaahkrcv/ecommerce/All%20Tecno%20Smartphones%20-%20Price%20in%20Kenya/default%20(4).svg?updatedAt=1786472832534
6a7b6b375c7cd75eb8eaa8ec,ecommerce,default (5)_thJv3eRFNF.svg,default (5) thJv3eRFNF,GLOBAL_ICON,https://ik.imagekit.io/0iaahkrcv/ecommerce/All%20Tecno%20Smartphones%20-%20Price%20in%20Kenya/default%20(5)_thJv3eRFNF.svg?updatedAt=1786473272473
6a7b69815c7cd75eb8e193d3,ecommerce,default (5).svg,default (5),GLOBAL_ICON,https://ik.imagekit.io/0iaahkrcv/ecommerce/All%20Tecno%20Smartphones%20-%20Price%20in%20Kenya/default%20(5).svg?updatedAt=1786472833855
6a7b6b375c7cd75eb8eaa85d,ecommerce,default (6)_F7Cs2-AElA.svg,default (6) F7Cs2 AElA,GLOBAL_ICON,https://ik.imagekit.io/0iaahkrcv/ecommerce/All%20Tecno%20Smartphones%20-%20Price%20in%20Kenya/default%20(6)_F7Cs2-AElA.svg?updatedAt=1786473272418
6a7b69805c7cd75eb8e1903b,ecommerce,default (6).svg,default (6),GLOBAL_ICON,https://ik.imagekit.io/0iaahkrcv/ecommerce/All%20Tecno%20Smartphones%20-%20Price%20in%20Kenya/default%20(6).svg?updatedAt=1786472833201
6a7b6b375c7cd75eb8eaa948,ecommerce,default (7)_zlfUim-AY.svg,default (7) zlfUim AY,GLOBAL_ICON,https://ik.imagekit.io/0iaahkrcv/ecommerce/All%20Tecno%20Smartphones%20-%20Price%20in%20Kenya/default%20(7)_zlfUim-AY.svg?updatedAt=1786473272489
6a7b697d5c7cd75eb8e1805e,ecommerce,default (7).svg,default (7),GLOBAL_ICON,https://ik.imagekit.io/0iaahkrcv/ecommerce/All%20Tecno%20Smartphones%20-%20Price%20in%20Kenya/default%20(7).svg?updatedAt=1786472830479
6a7b6b375c7cd75eb8eaa874,ecommerce,default (8)_8Ppf-SyrY_.svg,default (8) 8Ppf SyrY,GLOBAL_ICON,https://ik.imagekit.io/0iaahkrcv/ecommerce/All%20Tecno%20Smartphones%20-%20Price%20in%20Kenya/default%20(8)_8Ppf-SyrY_.svg?updatedAt=1786473272346
6a7b697d5c7cd75eb8e17e30,ecommerce,default (8).svg,default (8),GLOBAL_ICON,https://ik.imagekit.io/0iaahkrcv/ecommerce/All%20Tecno%20Smartphones%20-%20Price%20in%20Kenya/default%20(8).svg?updatedAt=1786472830006
6a7b6b375c7cd75eb8eaa916,ecommerce,default (9)_9DhlbnOUNi.svg,default (9) 9DhlbnOUNi,GLOBAL_ICON,https://ik.imagekit.io/0iaahkrcv/ecommerce/All%20Tecno%20Smartphones%20-%20Price%20in%20Kenya/default%20(9)_9DhlbnOUNi.svg?updatedAt=1786473272519
6a7b697e5c7cd75eb8e18302,ecommerce,default (9).svg,default (9),GLOBAL_ICON,https://ik.imagekit.io/0iaahkrcv/ecommerce/All%20Tecno%20Smartphones%20-%20Price%20in%20Kenya/default%20(9).svg?updatedAt=1786472830998
6a7b6b375c7cd75eb8eaa88b,ecommerce,default_IoWnxeJnYV.svg,default IoWnxeJnYV,GLOBAL_ICON,https://ik.imagekit.io/0iaahkrcv/ecommerce/All%20Tecno%20Smartphones%20-%20Price%20in%20Kenya/default_IoWnxeJnYV.svg?updatedAt=1786473272390
6a7b69815c7cd75eb8e197b8,ecommerce,default.svg,default,GLOBAL_ICON,https://ik.imagekit.io/0iaahkrcv/ecommerce/All%20Tecno%20Smartphones%20-%20Price%20in%20Kenya/default.svg?updatedAt=1786472834454
6a7b6b375c7cd75eb8eaa866,ecommerce,loader.631b9ed_9bwalmRRSY.svg,loader.631b9ed 9bwalmRRSY,GLOBAL_ICON,https://ik.imagekit.io/0iaahkrcv/ecommerce/All%20Tecno%20Smartphones%20-%20Price%20in%20Kenya/loader.631b9ed_9bwalmRRSY.svg?updatedAt=1786473272374
6a7b697f5c7cd75eb8e18c6c,ecommerce,loader.631b9ed.svg,loader.631b9ed,GLOBAL_ICON,https://ik.imagekit.io/0iaahkrcv/ecommerce/All%20Tecno%20Smartphones%20-%20Price%20in%20Kenya/loader.631b9ed.svg?updatedAt=1786472832473
6a7b6b375c7cd75eb8eaaa2f,ecommerce,search.7d254c6_7aPybrulHR.svg,search.7d254c6 7aPybrulHR,GLOBAL_ICON,https://ik.imagekit.io/0iaahkrcv/ecommerce/All%20Tecno%20Smartphones%20-%20Price%20in%20Kenya/search.7d254c6_7aPybrulHR.svg?updatedAt=1786473272573
6a7b697e5c7cd75eb8e18500,ecommerce,search.7d254c6.svg,search.7d254c6,GLOBAL_ICON,https://ik.imagekit.io/0iaahkrcv/ecommerce/All%20Tecno%20Smartphones%20-%20Price%20in%20Kenya/search.7d254c6.svg?updatedAt=1786472831268
6a7b6b385c7cd75eb8eaab3b,ecommerce,tecno-pop-2-plus-ymoFkhl1Zt-medium (1).webp,tecno pop 2 plus ymoFkhl1Zt medium (1),GLOBAL_ICON,https://ik.imagekit.io/0iaahkrcv/ecommerce/All%20Tecno%20Smartphones%20-%20Price%20in%20Kenya/tecno-pop-2-plus-ymoFkhl1Zt-medium%20(1).webp?updatedAt=1786473272712
6a7b6b525c7cd75eb8eb333b,ecommerce,tecno-pop-2-plus-ymoFkhl1Zt-medium (2).webp,tecno pop 2 plus ymoFkhl1Zt medium (2),GLOBAL_ICON,https://ik.imagekit.io/0iaahkrcv/ecommerce/All%20Tecno%20Smartphones%20-%20Price%20in%20Kenya/tecno-pop-2-plus-ymoFkhl1Zt-medium%20(2).webp?updatedAt=1786473298843
6a7b6b385c7cd75eb8eaacaa,ecommerce,tecno-pop-2-plus-ymoFkhl1Zt-medium.webp,tecno pop 2 plus ymoFkhl1Zt medium,GLOBAL_ICON,https://ik.imagekit.io/0iaahkrcv/ecommerce/All%20Tecno%20Smartphones%20-%20Price%20in%20Kenya/tecno-pop-2-plus-ymoFkhl1Zt-medium.webp?updatedAt=1786473272795
6a7b6b385c7cd75eb8eab126,ecommerce,tecno-pouvoir-4-3gb32gb-wsMWH7hCig-medium (1).webp,tecno pouvoir 4 3gb32gb wsMWH7hCig medium (1),PRODUCT_IMAGE,https://ik.imagekit.io/0iaahkrcv/ecommerce/All%20Tecno%20Smartphones%20-%20Price%20in%20Kenya/tecno-pouvoir-4-3gb32gb-wsMWH7hCig-medium%20(1).webp?updatedAt=1786473273175
6a7b6b385c7cd75eb8eaad6b,ecommerce,tecno-pouvoir-4-3gb32gb-wsMWH7hCig-medium (2).webp,tecno pouvoir 4 3gb32gb wsMWH7hCig medium (2),PRODUCT_IMAGE,https://ik.imagekit.io/0iaahkrcv/ecommerce/All%20Tecno%20Smartphones%20-%20Price%20in%20Kenya/tecno-pouvoir-4-3gb32gb-wsMWH7hCig-medium%20(2).webp?updatedAt=1786473272856
6a7b6b385c7cd75eb8eab453,ecommerce,tecno-pouvoir-4-3gb32gb-wsMWH7hCig-medium.webp,tecno pouvoir 4 3gb32gb wsMWH7hCig medium,PRODUCT_IMAGE,https://ik.imagekit.io/0iaahkrcv/ecommerce/All%20Tecno%20Smartphones%20-%20Price%20in%20Kenya/tecno-pouvoir-4-3gb32gb-wsMWH7hCig-medium.webp?updatedAt=1786473273455
6a7b697e5c7cd75eb8e184be,ecommerce,tecno-spark-40-pro-plus-d-medium (1).webp,tecno spark 40 pro plus d medium (1),GLOBAL_ICON,https://ik.imagekit.io/0iaahkrcv/ecommerce/All%20Tecno%20Smartphones%20-%20Price%20in%20Kenya/tecno-spark-40-pro-plus-d-medium%20(1).webp?updatedAt=1786472831266
6a7b697f5c7cd75eb8e18d27,ecommerce,tecno-spark-40-pro-plus-d-medium (2).webp,tecno spark 40 pro plus d medium (2),GLOBAL_ICON,https://ik.imagekit.io/0iaahkrcv/ecommerce/All%20Tecno%20Smartphones%20-%20Price%20in%20Kenya/tecno-spark-40-pro-plus-d-medium%20(2).webp?updatedAt=1786472832706
6a7b697e5c7cd75eb8e184ab,ecommerce,tecno-spark-40-pro-plus-d-medium (3).webp,tecno spark 40 pro plus d medium (3),GLOBAL_ICON,https://ik.imagekit.io/0iaahkrcv/ecommerce/All%20Tecno%20Smartphones%20-%20Price%20in%20Kenya/tecno-spark-40-pro-plus-d-medium%20(3).webp?updatedAt=1786472831253
6a7b69815c7cd75eb8e1973e,ecommerce,tecno-spark-40-pro-plus-d-medium (4).webp,tecno spark 40 pro plus d medium (4),GLOBAL_ICON,https://ik.imagekit.io/0iaahkrcv/ecommerce/All%20Tecno%20Smartphones%20-%20Price%20in%20Kenya/tecno-spark-40-pro-plus-d-medium%20(4).webp?updatedAt=1786472834361
6a7b697e5c7cd75eb8e184a7,ecommerce,tecno-spark-40-pro-plus-d-medium (5).webp,tecno spark 40 pro plus d medium (5),GLOBAL_ICON,https://ik.imagekit.io/0iaahkrcv/ecommerce/All%20Tecno%20Smartphones%20-%20Price%20in%20Kenya/tecno-spark-40-pro-plus-d-medium%20(5).webp?updatedAt=1786472831263
6a7b697e5c7cd75eb8e1851e,ecommerce,tecno-spark-40-pro-plus-d-medium.webp,tecno spark 40 pro plus d medium,GLOBAL_ICON,https://ik.imagekit.io/0iaahkrcv/ecommerce/All%20Tecno%20Smartphones%20-%20Price%20in%20Kenya/tecno-spark-40-pro-plus-d-medium.webp?updatedAt=1786472831277
6a7b6b375c7cd75eb8eaa875,ecommerce,whatsapp_m64MKH5Z0.svg,whatsapp m64MKH5Z0,GLOBAL_ICON,https://ik.imagekit.io/0iaahkrcv/ecommerce/All%20Tecno%20Smartphones%20-%20Price%20in%20Kenya/whatsapp_m64MKH5Z0.svg?updatedAt=1786473272340
6a7b69825c7cd75eb8e19d53,ecommerce,whatsapp.svg,whatsapp,GLOBAL_ICON,https://ik.imagekit.io/0iaahkrcv/ecommerce/All%20Tecno%20Smartphones%20-%20Price%20in%20Kenya/whatsapp.svg?updatedAt=1786472835353
6a7b63415c7cd75eb8b316eb,ecommerce,app-logo-desktop.svg,app logo desktop,BRAND_LOGO,https://ik.imagekit.io/0iaahkrcv/ecommerce/All%20Xiaomi%20Smartphones%20-%20Price%20in%20Kenya%20(2)/app-logo-desktop.svg?updatedAt=1786471233971
6a7b63415c7cd75eb8b31714,ecommerce,chevron-down.8ee3574.svg,chevron down.8ee3574,GLOBAL_ICON,https://ik.imagekit.io/0iaahkrcv/ecommerce/All%20Xiaomi%20Smartphones%20-%20Price%20in%20Kenya%20(2)/chevron-down.8ee3574.svg?updatedAt=1786471234022
6a7b63455c7cd75eb8b333ce,ecommerce,default (1).svg,default (1),GLOBAL_ICON,https://ik.imagekit.io/0iaahkrcv/ecommerce/All%20Xiaomi%20Smartphones%20-%20Price%20in%20Kenya%20(2)/default%20(1).svg?updatedAt=1786471238103
6a7b63425c7cd75eb8b31e77,ecommerce,default (10).svg,default (10),GLOBAL_ICON,https://ik.imagekit.io/0iaahkrcv/ecommerce/All%20Xiaomi%20Smartphones%20-%20Price%20in%20Kenya%20(2)/default%20(10).svg?updatedAt=1786471234994
6a7b63455c7cd75eb8b33371,ecommerce,default (11).svg,default (11),GLOBAL_ICON,https://ik.imagekit.io/0iaahkrcv/ecommerce/All%20Xiaomi%20Smartphones%20-%20Price%20in%20Kenya%20(2)/default%20(11).svg?updatedAt=1786471238018
6a7b63455c7cd75eb8b33481,ecommerce,default (12).svg,default (12),GLOBAL_ICON,https://ik.imagekit.io/0iaahkrcv/ecommerce/All%20Xiaomi%20Smartphones%20-%20Price%20in%20Kenya%20(2)/default%20(12).svg?updatedAt=1786471238186
6a7b63425c7cd75eb8b31dd9,ecommerce,default (13).svg,default (13),GLOBAL_ICON,https://ik.imagekit.io/0iaahkrcv/ecommerce/All%20Xiaomi%20Smartphones%20-%20Price%20in%20Kenya%20(2)/default%20(13).svg?updatedAt=1786471234920
6a7b63435c7cd75eb8b322c5,ecommerce,default (14).svg,default (14),GLOBAL_ICON,https://ik.imagekit.io/0iaahkrcv/ecommerce/All%20Xiaomi%20Smartphones%20-%20Price%20in%20Kenya%20(2)/default%20(14).svg?updatedAt=1786471236079
6a7b63425c7cd75eb8b31e4e,ecommerce,default (15).svg,default (15),GLOBAL_ICON,https://ik.imagekit.io/0iaahkrcv/ecommerce/All%20Xiaomi%20Smartphones%20-%20Price%20in%20Kenya%20(2)/default%20(15).svg?updatedAt=1786471235006
6a7b63425c7cd75eb8b31def,ecommerce,default (16).svg,default (16),GLOBAL_ICON,https://ik.imagekit.io/0iaahkrcv/ecommerce/All%20Xiaomi%20Smartphones%20-%20Price%20in%20Kenya%20(2)/default%20(16).svg?updatedAt=1786471234954
6a7b63435c7cd75eb8b32311,ecommerce,default (17).svg,default (17),GLOBAL_ICON,https://ik.imagekit.io/0iaahkrcv/ecommerce/All%20Xiaomi%20Smartphones%20-%20Price%20in%20Kenya%20(2)/default%20(17).svg?updatedAt=1786471236080
6a7b63445c7cd75eb8b329f6,ecommerce,default (2).svg,default (2),GLOBAL_ICON,https://ik.imagekit.io/0iaahkrcv/ecommerce/All%20Xiaomi%20Smartphones%20-%20Price%20in%20Kenya%20(2)/default%20(2).svg?updatedAt=1786471237052
6a7b63435c7cd75eb8b32295,ecommerce,default (3).svg,default (3),GLOBAL_ICON,https://ik.imagekit.io/0iaahkrcv/ecommerce/All%20Xiaomi%20Smartphones%20-%20Price%20in%20Kenya%20(2)/default%20(3).svg?updatedAt=1786471235946
6a7b63435c7cd75eb8b322c1,ecommerce,default (4).svg,default (4),GLOBAL_ICON,https://ik.imagekit.io/0iaahkrcv/ecommerce/All%20Xiaomi%20Smartphones%20-%20Price%20in%20Kenya%20(2)/default%20(4).svg?updatedAt=1786471236046
6a7b63435c7cd75eb8b322a4,ecommerce,default (5).svg,default (5),GLOBAL_ICON,https://ik.imagekit.io/0iaahkrcv/ecommerce/All%20Xiaomi%20Smartphones%20-%20Price%20in%20Kenya%20(2)/default%20(5).svg?updatedAt=1786471235988
6a7b63445c7cd75eb8b329cd,ecommerce,default (6).svg,default (6),GLOBAL_ICON,https://ik.imagekit.io/0iaahkrcv/ecommerce/All%20Xiaomi%20Smartphones%20-%20Price%20in%20Kenya%20(2)/default%20(6).svg?updatedAt=1786471237008
6a7b63445c7cd75eb8b32a51,ecommerce,default (7).svg,default (7),GLOBAL_ICON,https://ik.imagekit.io/0iaahkrcv/ecommerce/All%20Xiaomi%20Smartphones%20-%20Price%20in%20Kenya%20(2)/default%20(7).svg?updatedAt=1786471237139
6a7b63455c7cd75eb8b3337b,ecommerce,default (8).svg,default (8),GLOBAL_ICON,https://ik.imagekit.io/0iaahkrcv/ecommerce/All%20Xiaomi%20Smartphones%20-%20Price%20in%20Kenya%20(2)/default%20(8).svg?updatedAt=1786471237979
6a7b63455c7cd75eb8b33478,ecommerce,default (9).svg,default (9),GLOBAL_ICON,https://ik.imagekit.io/0iaahkrcv/ecommerce/All%20Xiaomi%20Smartphones%20-%20Price%20in%20Kenya%20(2)/default%20(9).svg?updatedAt=1786471238136
6a7b63445c7cd75eb8b329b0,ecommerce,default.svg,default,GLOBAL_ICON,https://ik.imagekit.io/0iaahkrcv/ecommerce/All%20Xiaomi%20Smartphones%20-%20Price%20in%20Kenya%20(2)/default.svg?updatedAt=1786471237038
6a7b63445c7cd75eb8b32980,ecommerce,loader.631b9ed.svg,loader.631b9ed,GLOBAL_ICON,https://ik.imagekit.io/0iaahkrcv/ecommerce/All%20Xiaomi%20Smartphones%20-%20Price%20in%20Kenya%20(2)/loader.631b9ed.svg?updatedAt=1786471236937
6a7b63455c7cd75eb8b335f4,ecommerce,search.7d254c6.svg,search.7d254c6,GLOBAL_ICON,https://ik.imagekit.io/0iaahkrcv/ecommerce/All%20Xiaomi%20Smartphones%20-%20Price%20in%20Kenya%20(2)/search.7d254c6.svg?updatedAt=1786471238420
6a7b63465c7cd75eb8b33bd2,ecommerce,whatsapp.svg,whatsapp,GLOBAL_ICON,https://ik.imagekit.io/0iaahkrcv/ecommerce/All%20Xiaomi%20Smartphones%20-%20Price%20in%20Kenya%20(2)/whatsapp.svg?updatedAt=1786471239184
6a7ba8985c7cd75eb81868b9,ecommerce,app-logo-desktop.svg,app logo desktop,BRAND_LOGO,https://ik.imagekit.io/0iaahkrcv/ecommerce/samsung/All%20Samsung%20Smartphones%20-%20Price%20in%20Kenya%20(1)/app-logo-desktop.svg?updatedAt=1786488985381
6a7ba8995c7cd75eb81876fc,ecommerce,chevron-down.8ee3574.svg,chevron down.8ee3574,GLOBAL_ICON,https://ik.imagekit.io/0iaahkrcv/ecommerce/samsung/All%20Samsung%20Smartphones%20-%20Price%20in%20Kenya%20(1)/chevron-down.8ee3574.svg?updatedAt=1786488986201
6a7ba8995c7cd75eb81876ee,ecommerce,default (1).svg,default (1),GLOBAL_ICON,https://ik.imagekit.io/0iaahkrcv/ecommerce/samsung/All%20Samsung%20Smartphones%20-%20Price%20in%20Kenya%20(1)/default%20(1).svg?updatedAt=1786488986198
6a7ba8995c7cd75eb81876f1,ecommerce,default (10).svg,default (10),GLOBAL_ICON,https://ik.imagekit.io/0iaahkrcv/ecommerce/samsung/All%20Samsung%20Smartphones%20-%20Price%20in%20Kenya%20(1)/default%20(10).svg?updatedAt=1786488986220
6a7ba8995c7cd75eb81876f7,ecommerce,default (11).svg,default (11),GLOBAL_ICON,https://ik.imagekit.io/0iaahkrcv/ecommerce/samsung/All%20Samsung%20Smartphones%20-%20Price%20in%20Kenya%20(1)/default%20(11).svg?updatedAt=1786488986179
6a7ba8995c7cd75eb8187703,ecommerce,default (12).svg,default (12),GLOBAL_ICON,https://ik.imagekit.io/0iaahkrcv/ecommerce/samsung/All%20Samsung%20Smartphones%20-%20Price%20in%20Kenya%20(1)/default%20(12).svg?updatedAt=1786488986180
6a7ba8995c7cd75eb8187718,ecommerce,default (13).svg,default (13),GLOBAL_ICON,https://ik.imagekit.io/0iaahkrcv/ecommerce/samsung/All%20Samsung%20Smartphones%20-%20Price%20in%20Kenya%20(1)/default%20(13).svg?updatedAt=1786488986182
6a7ba8995c7cd75eb8187731,ecommerce,default (14).svg,default (14),GLOBAL_ICON,https://ik.imagekit.io/0iaahkrcv/ecommerce/samsung/All%20Samsung%20Smartphones%20-%20Price%20in%20Kenya%20(1)/default%20(14).svg?updatedAt=1786488986182
6a7ba8995c7cd75eb818773a,ecommerce,default (15).svg,default (15),GLOBAL_ICON,https://ik.imagekit.io/0iaahkrcv/ecommerce/samsung/All%20Samsung%20Smartphones%20-%20Price%20in%20Kenya%20(1)/default%20(15).svg?updatedAt=1786488986204
6a7ba8995c7cd75eb818771b,ecommerce,default (16).svg,default (16),GLOBAL_ICON,https://ik.imagekit.io/0iaahkrcv/ecommerce/samsung/All%20Samsung%20Smartphones%20-%20Price%20in%20Kenya%20(1)/default%20(16).svg?updatedAt=1786488986178
6a7ba8995c7cd75eb818773b,ecommerce,default (17).svg,default (17),GLOBAL_ICON,https://ik.imagekit.io/0iaahkrcv/ecommerce/samsung/All%20Samsung%20Smartphones%20-%20Price%20in%20Kenya%20(1)/default%20(17).svg?updatedAt=1786488986221
6a7ba89a5c7cd75eb8188434,ecommerce,default (2).svg,default (2),GLOBAL_ICON,https://ik.imagekit.io/0iaahkrcv/ecommerce/samsung/All%20Samsung%20Smartphones%20-%20Price%20in%20Kenya%20(1)/default%20(2).svg?updatedAt=1786488987062
6a7ba89a5c7cd75eb81885e6,ecommerce,default (3).svg,default (3),GLOBAL_ICON,https://ik.imagekit.io/0iaahkrcv/ecommerce/samsung/All%20Samsung%20Smartphones%20-%20Price%20in%20Kenya%20(1)/default%20(3).svg?updatedAt=1786488987090
6a7ba89a5c7cd75eb81883f3,ecommerce,default (4).svg,default (4),GLOBAL_ICON,https://ik.imagekit.io/0iaahkrcv/ecommerce/samsung/All%20Samsung%20Smartphones%20-%20Price%20in%20Kenya%20(1)/default%20(4).svg?updatedAt=1786488986927
6a7ba89a5c7cd75eb81885f0,ecommerce,default (5).svg,default (5),GLOBAL_ICON,https://ik.imagekit.io/0iaahkrcv/ecommerce/samsung/All%20Samsung%20Smartphones%20-%20Price%20in%20Kenya%20(1)/default%20(5).svg?updatedAt=1786488987087
6a7ba89a5c7cd75eb81883fa,ecommerce,default (6).svg,default (6),GLOBAL_ICON,https://ik.imagekit.io/0iaahkrcv/ecommerce/samsung/All%20Samsung%20Smartphones%20-%20Price%20in%20Kenya%20(1)/default%20(6).svg?updatedAt=1786488987060
6a7ba89a5c7cd75eb81883f7,ecommerce,default (7).svg,default (7),GLOBAL_ICON,https://ik.imagekit.io/0iaahkrcv/ecommerce/samsung/All%20Samsung%20Smartphones%20-%20Price%20in%20Kenya%20(1)/default%20(7).svg?updatedAt=1786488986994
6a7ba89a5c7cd75eb8188414,ecommerce,default (8).svg,default (8),GLOBAL_ICON,https://ik.imagekit.io/0iaahkrcv/ecommerce/samsung/All%20Samsung%20Smartphones%20-%20Price%20in%20Kenya%20(1)/default%20(8).svg?updatedAt=1786488986978
6a7ba89a5c7cd75eb818842d,ecommerce,default (9).svg,default (9),GLOBAL_ICON,https://ik.imagekit.io/0iaahkrcv/ecommerce/samsung/All%20Samsung%20Smartphones%20-%20Price%20in%20Kenya%20(1)/default%20(9).svg?updatedAt=1786488987065
6a7ba89a5c7cd75eb81884e3,ecommerce,default.svg,default,GLOBAL_ICON,https://ik.imagekit.io/0iaahkrcv/ecommerce/samsung/All%20Samsung%20Smartphones%20-%20Price%20in%20Kenya%20(1)/default.svg?updatedAt=1786488986979
6a7ba89a5c7cd75eb8188921,ecommerce,loader.631b9ed.svg,loader.631b9ed,GLOBAL_ICON,https://ik.imagekit.io/0iaahkrcv/ecommerce/samsung/All%20Samsung%20Smartphones%20-%20Price%20in%20Kenya%20(1)/loader.631b9ed.svg?updatedAt=1786488987194
6a7ba8c85c7cd75eb81b14e5,ecommerce,search.7d254c6.svg,search.7d254c6,GLOBAL_ICON,https://ik.imagekit.io/0iaahkrcv/ecommerce/samsung/All%20Samsung%20Smartphones%20-%20Price%20in%20Kenya%20(1)/search.7d254c6.svg?updatedAt=1786489032740
6a7ba8c85c7cd75eb81b14f9,ecommerce,whatsapp.svg,whatsapp,GLOBAL_ICON,https://ik.imagekit.io/0iaahkrcv/ecommerce/samsung/All%20Samsung%20Smartphones%20-%20Price%20in%20Kenya%20(1)/whatsapp.svg?updatedAt=1786489032801
6a7ba8435c7cd75eb8138da3,ecommerce,app-logo-desktop.svg,app logo desktop,BRAND_LOGO,https://ik.imagekit.io/0iaahkrcv/ecommerce/samsung/All%20Samsung%20Smartphones%20-%20Price%20in%20Kenya%20(2)/app-logo-desktop.svg?updatedAt=1786488900307
6a7ba8425c7cd75eb8137e6d,ecommerce,chevron-down.8ee3574.svg,chevron down.8ee3574,GLOBAL_ICON,https://ik.imagekit.io/0iaahkrcv/ecommerce/samsung/All%20Samsung%20Smartphones%20-%20Price%20in%20Kenya%20(2)/chevron-down.8ee3574.svg?updatedAt=1786488899347
6a7ba8425c7cd75eb8137d91,ecommerce,default (1).svg,default (1),GLOBAL_ICON,https://ik.imagekit.io/0iaahkrcv/ecommerce/samsung/All%20Samsung%20Smartphones%20-%20Price%20in%20Kenya%20(2)/default%20(1).svg?updatedAt=1786488899333
6a7ba8435c7cd75eb8138d43,ecommerce,default (10).svg,default (10),GLOBAL_ICON,https://ik.imagekit.io/0iaahkrcv/ecommerce/samsung/All%20Samsung%20Smartphones%20-%20Price%20in%20Kenya%20(2)/default%20(10).svg?updatedAt=1786488900293
6a7ba8465c7cd75eb813b64a,ecommerce,default (11).svg,default (11),GLOBAL_ICON,https://ik.imagekit.io/0iaahkrcv/ecommerce/samsung/All%20Samsung%20Smartphones%20-%20Price%20in%20Kenya%20(2)/default%20(11).svg?updatedAt=1786488903025
6a7ba8495c7cd75eb813e5c4,ecommerce,default (12).svg,default (12),GLOBAL_ICON,https://ik.imagekit.io/0iaahkrcv/ecommerce/samsung/All%20Samsung%20Smartphones%20-%20Price%20in%20Kenya%20(2)/default%20(12).svg?updatedAt=1786488906028
6a7ba8495c7cd75eb813e5b5,ecommerce,default (13).svg,default (13),GLOBAL_ICON,https://ik.imagekit.io/0iaahkrcv/ecommerce/samsung/All%20Samsung%20Smartphones%20-%20Price%20in%20Kenya%20(2)/default%20(13).svg?updatedAt=1786488906035
6a7ba8495c7cd75eb813e5db,ecommerce,default (14).svg,default (14),GLOBAL_ICON,https://ik.imagekit.io/0iaahkrcv/ecommerce/samsung/All%20Samsung%20Smartphones%20-%20Price%20in%20Kenya%20(2)/default%20(14).svg?updatedAt=1786488906041
6a7ba8655c7cd75eb8156847,ecommerce,default (15).svg,default (15),GLOBAL_ICON,https://ik.imagekit.io/0iaahkrcv/ecommerce/samsung/All%20Samsung%20Smartphones%20-%20Price%20in%20Kenya%20(2)/default%20(15).svg?updatedAt=1786488933735
6a7ba8655c7cd75eb815686f,ecommerce,default (16).svg,default (16),GLOBAL_ICON,https://ik.imagekit.io/0iaahkrcv/ecommerce/samsung/All%20Samsung%20Smartphones%20-%20Price%20in%20Kenya%20(2)/default%20(16).svg?updatedAt=1786488933780
6a7ba8655c7cd75eb8156876,ecommerce,default (17).svg,default (17),GLOBAL_ICON,https://ik.imagekit.io/0iaahkrcv/ecommerce/samsung/All%20Samsung%20Smartphones%20-%20Price%20in%20Kenya%20(2)/default%20(17).svg?updatedAt=1786488933782
6a7ba8655c7cd75eb8156873,ecommerce,default (2).svg,default (2),GLOBAL_ICON,https://ik.imagekit.io/0iaahkrcv/ecommerce/samsung/All%20Samsung%20Smartphones%20-%20Price%20in%20Kenya%20(2)/default%20(2).svg?updatedAt=1786488933787
6a7ba8665c7cd75eb8157de7,ecommerce,default (3).svg,default (3),GLOBAL_ICON,https://ik.imagekit.io/0iaahkrcv/ecommerce/samsung/All%20Samsung%20Smartphones%20-%20Price%20in%20Kenya%20(2)/default%20(3).svg?updatedAt=1786488934879
6a7ba8675c7cd75eb815993b,ecommerce,default (4).svg,default (4),GLOBAL_ICON,https://ik.imagekit.io/0iaahkrcv/ecommerce/samsung/All%20Samsung%20Smartphones%20-%20Price%20in%20Kenya%20(2)/default%20(4).svg?updatedAt=1786488936515
6a7ba8685c7cd75eb8159d5e,ecommerce,default (5).svg,default (5),GLOBAL_ICON,https://ik.imagekit.io/0iaahkrcv/ecommerce/samsung/All%20Samsung%20Smartphones%20-%20Price%20in%20Kenya%20(2)/default%20(5).svg?updatedAt=1786488936910
6a7ba8695c7cd75eb815afc4,ecommerce,default (6).svg,default (6),GLOBAL_ICON,https://ik.imagekit.io/0iaahkrcv/ecommerce/samsung/All%20Samsung%20Smartphones%20-%20Price%20in%20Kenya%20(2)/default%20(6).svg?updatedAt=1786488938090
6a7ba8695c7cd75eb815afc9,ecommerce,default (7).svg,default (7),GLOBAL_ICON,https://ik.imagekit.io/0iaahkrcv/ecommerce/samsung/All%20Samsung%20Smartphones%20-%20Price%20in%20Kenya%20(2)/default%20(7).svg?updatedAt=1786488938101
6a7ba8695c7cd75eb815b0f5,ecommerce,default (8).svg,default (8),GLOBAL_ICON,https://ik.imagekit.io/0iaahkrcv/ecommerce/samsung/All%20Samsung%20Smartphones%20-%20Price%20in%20Kenya%20(2)/default%20(8).svg?updatedAt=1786488938144
6a7ba8695c7cd75eb815b155,ecommerce,default (9).svg,default (9),GLOBAL_ICON,https://ik.imagekit.io/0iaahkrcv/ecommerce/samsung/All%20Samsung%20Smartphones%20-%20Price%20in%20Kenya%20(2)/default%20(9).svg?updatedAt=1786488938177
6a7ba8695c7cd75eb815b10b,ecommerce,default.svg,default,GLOBAL_ICON,https://ik.imagekit.io/0iaahkrcv/ecommerce/samsung/All%20Samsung%20Smartphones%20-%20Price%20in%20Kenya%20(2)/default.svg?updatedAt=1786488938151
6a7ba86c5c7cd75eb815df13,ecommerce,loader.631b9ed.svg,loader.631b9ed,GLOBAL_ICON,https://ik.imagekit.io/0iaahkrcv/ecommerce/samsung/All%20Samsung%20Smartphones%20-%20Price%20in%20Kenya%20(2)/loader.631b9ed.svg?updatedAt=1786488940814
6a7ba8985c7cd75eb8185f8e,ecommerce,search.7d254c6.svg,search.7d254c6,GLOBAL_ICON,https://ik.imagekit.io/0iaahkrcv/ecommerce/samsung/All%20Samsung%20Smartphones%20-%20Price%20in%20Kenya%20(2)/search.7d254c6.svg?updatedAt=1786488985085
6a7ba8985c7cd75eb8185fe4,ecommerce,whatsapp.svg,whatsapp,GLOBAL_ICON,https://ik.imagekit.io/0iaahkrcv/ecommerce/samsung/All%20Samsung%20Smartphones%20-%20Price%20in%20Kenya%20(2)/whatsapp.svg?updatedAt=1786488985090
6a7ba80c5c7cd75eb8108864,ecommerce,app-logo-desktop.svg,app logo desktop,BRAND_LOGO,https://ik.imagekit.io/0iaahkrcv/ecommerce/samsung/All%20Samsung%20Smartphones%20-%20Price%20in%20Kenya%20(3)/app-logo-desktop.svg?updatedAt=1786488845406
6a7ba80c5c7cd75eb810886f,ecommerce,chevron-down.8ee3574.svg,chevron down.8ee3574,GLOBAL_ICON,https://ik.imagekit.io/0iaahkrcv/ecommerce/samsung/All%20Samsung%20Smartphones%20-%20Price%20in%20Kenya%20(3)/chevron-down.8ee3574.svg?updatedAt=1786488845410
6a7ba80c5c7cd75eb8108886,ecommerce,default (1).svg,default (1),GLOBAL_ICON,https://ik.imagekit.io/0iaahkrcv/ecommerce/samsung/All%20Samsung%20Smartphones%20-%20Price%20in%20Kenya%20(3)/default%20(1).svg?updatedAt=1786488845429
6a7ba80c5c7cd75eb810885a,ecommerce,default (10).svg,default (10),GLOBAL_ICON,https://ik.imagekit.io/0iaahkrcv/ecommerce/samsung/All%20Samsung%20Smartphones%20-%20Price%20in%20Kenya%20(3)/default%20(10).svg?updatedAt=1786488845436
6a7ba80c5c7cd75eb810886b,ecommerce,default (11).svg,default (11),GLOBAL_ICON,https://ik.imagekit.io/0iaahkrcv/ecommerce/samsung/All%20Samsung%20Smartphones%20-%20Price%20in%20Kenya%20(3)/default%20(11).svg?updatedAt=1786488845423
6a7ba80c5c7cd75eb810889e,ecommerce,default (12).svg,default (12),GLOBAL_ICON,https://ik.imagekit.io/0iaahkrcv/ecommerce/samsung/All%20Samsung%20Smartphones%20-%20Price%20in%20Kenya%20(3)/default%20(12).svg?updatedAt=1786488846004
6a7ba80c5c7cd75eb81088ae,ecommerce,default (13).svg,default (13),GLOBAL_ICON,https://ik.imagekit.io/0iaahkrcv/ecommerce/samsung/All%20Samsung%20Smartphones%20-%20Price%20in%20Kenya%20(3)/default%20(13).svg?updatedAt=1786488845470
6a7ba80c5c7cd75eb8108a4e,ecommerce,default (14).svg,default (14),GLOBAL_ICON,https://ik.imagekit.io/0iaahkrcv/ecommerce/samsung/All%20Samsung%20Smartphones%20-%20Price%20in%20Kenya%20(3)/default%20(14).svg?updatedAt=1786488845505
6a7ba80c5c7cd75eb81088cc,ecommerce,default (15).svg,default (15),GLOBAL_ICON,https://ik.imagekit.io/0iaahkrcv/ecommerce/samsung/All%20Samsung%20Smartphones%20-%20Price%20in%20Kenya%20(3)/default%20(15).svg?updatedAt=1786488845427
6a7ba80c5c7cd75eb81088b9,ecommerce,default (16).svg,default (16),GLOBAL_ICON,https://ik.imagekit.io/0iaahkrcv/ecommerce/samsung/All%20Samsung%20Smartphones%20-%20Price%20in%20Kenya%20(3)/default%20(16).svg?updatedAt=1786488845410
6a7ba80c5c7cd75eb81088aa,ecommerce,default (17).svg,default (17),GLOBAL_ICON,https://ik.imagekit.io/0iaahkrcv/ecommerce/samsung/All%20Samsung%20Smartphones%20-%20Price%20in%20Kenya%20(3)/default%20(17).svg?updatedAt=1786488845525
6a7ba80c5c7cd75eb8108a51,ecommerce,default (2).svg,default (2),GLOBAL_ICON,https://ik.imagekit.io/0iaahkrcv/ecommerce/samsung/All%20Samsung%20Smartphones%20-%20Price%20in%20Kenya%20(3)/default%20(2).svg?updatedAt=1786488845525
6a7ba80c5c7cd75eb81088a4,ecommerce,default (3).svg,default (3),GLOBAL_ICON,https://ik.imagekit.io/0iaahkrcv/ecommerce/samsung/All%20Samsung%20Smartphones%20-%20Price%20in%20Kenya%20(3)/default%20(3).svg?updatedAt=1786488845455
6a7ba80c5c7cd75eb81088b2,ecommerce,default (4).svg,default (4),GLOBAL_ICON,https://ik.imagekit.io/0iaahkrcv/ecommerce/samsung/All%20Samsung%20Smartphones%20-%20Price%20in%20Kenya%20(3)/default%20(4).svg?updatedAt=1786488845423
6a7ba80c5c7cd75eb81088b6,ecommerce,default (5).svg,default (5),GLOBAL_ICON,https://ik.imagekit.io/0iaahkrcv/ecommerce/samsung/All%20Samsung%20Smartphones%20-%20Price%20in%20Kenya%20(3)/default%20(5).svg?updatedAt=1786488845501
6a7ba80c5c7cd75eb81088e8,ecommerce,default (6).svg,default (6),GLOBAL_ICON,https://ik.imagekit.io/0iaahkrcv/ecommerce/samsung/All%20Samsung%20Smartphones%20-%20Price%20in%20Kenya%20(3)/default%20(6).svg?updatedAt=1786488845452
6a7ba80c5c7cd75eb81088fc,ecommerce,default (7).svg,default (7),GLOBAL_ICON,https://ik.imagekit.io/0iaahkrcv/ecommerce/samsung/All%20Samsung%20Smartphones%20-%20Price%20in%20Kenya%20(3)/default%20(7).svg?updatedAt=1786488846051
6a7ba80c5c7cd75eb81088f0,ecommerce,default (8).svg,default (8),GLOBAL_ICON,https://ik.imagekit.io/0iaahkrcv/ecommerce/samsung/All%20Samsung%20Smartphones%20-%20Price%20in%20Kenya%20(3)/default%20(8).svg?updatedAt=1786488845496
6a7ba80c5c7cd75eb81088de,ecommerce,default (9).svg,default (9),GLOBAL_ICON,https://ik.imagekit.io/0iaahkrcv/ecommerce/samsung/All%20Samsung%20Smartphones%20-%20Price%20in%20Kenya%20(3)/default%20(9).svg?updatedAt=1786488845499
6a7ba80c5c7cd75eb81088e7,ecommerce,default.svg,default,GLOBAL_ICON,https://ik.imagekit.io/0iaahkrcv/ecommerce/samsung/All%20Samsung%20Smartphones%20-%20Price%20in%20Kenya%20(3)/default.svg?updatedAt=1786488845449
6a7ba83f5c7cd75eb8134fc3,ecommerce,loader.631b9ed.svg,loader.631b9ed,GLOBAL_ICON,https://ik.imagekit.io/0iaahkrcv/ecommerce/samsung/All%20Samsung%20Smartphones%20-%20Price%20in%20Kenya%20(3)/loader.631b9ed.svg?updatedAt=1786488896390
6a7ba8425c7cd75eb8137d9e,ecommerce,search.7d254c6.svg,search.7d254c6,GLOBAL_ICON,https://ik.imagekit.io/0iaahkrcv/ecommerce/samsung/All%20Samsung%20Smartphones%20-%20Price%20in%20Kenya%20(3)/search.7d254c6.svg?updatedAt=1786488899322
6a7ba8425c7cd75eb8137d9c,ecommerce,whatsapp.svg,whatsapp,GLOBAL_ICON,https://ik.imagekit.io/0iaahkrcv/ecommerce/samsung/All%20Samsung%20Smartphones%20-%20Price%20in%20Kenya%20(3)/whatsapp.svg?updatedAt=1786488899322
6a7ba7bc5c7cd75eb80c0c62,ecommerce,app-logo-desktop.svg,app logo desktop,BRAND_LOGO,https://ik.imagekit.io/0iaahkrcv/ecommerce/samsung/All%20Samsung%20Smartphones%20-%20Price%20in%20Kenya%20(4)/app-logo-desktop.svg?updatedAt=1786488764757
6a7ba7bc5c7cd75eb80c0c42,ecommerce,chevron-down.8ee3574.svg,chevron down.8ee3574,GLOBAL_ICON,https://ik.imagekit.io/0iaahkrcv/ecommerce/samsung/All%20Samsung%20Smartphones%20-%20Price%20in%20Kenya%20(4)/chevron-down.8ee3574.svg?updatedAt=1786488764791
6a7ba7bc5c7cd75eb80c0c50,ecommerce,default (1).svg,default (1),GLOBAL_ICON,https://ik.imagekit.io/0iaahkrcv/ecommerce/samsung/All%20Samsung%20Smartphones%20-%20Price%20in%20Kenya%20(4)/default%20(1).svg?updatedAt=1786488764743
6a7ba7bc5c7cd75eb80c0c81,ecommerce,default (10).svg,default (10),GLOBAL_ICON,https://ik.imagekit.io/0iaahkrcv/ecommerce/samsung/All%20Samsung%20Smartphones%20-%20Price%20in%20Kenya%20(4)/default%20(10).svg?updatedAt=1786488764757
6a7ba7bc5c7cd75eb80c0c63,ecommerce,default (11).svg,default (11),GLOBAL_ICON,https://ik.imagekit.io/0iaahkrcv/ecommerce/samsung/All%20Samsung%20Smartphones%20-%20Price%20in%20Kenya%20(4)/default%20(11).svg?updatedAt=1786488764774
6a7ba7bc5c7cd75eb80c0c54,ecommerce,default (12).svg,default (12),GLOBAL_ICON,https://ik.imagekit.io/0iaahkrcv/ecommerce/samsung/All%20Samsung%20Smartphones%20-%20Price%20in%20Kenya%20(4)/default%20(12).svg?updatedAt=1786488764799
6a7ba7bc5c7cd75eb80c0ca7,ecommerce,default (13).svg,default (13),GLOBAL_ICON,https://ik.imagekit.io/0iaahkrcv/ecommerce/samsung/All%20Samsung%20Smartphones%20-%20Price%20in%20Kenya%20(4)/default%20(13).svg?updatedAt=1786488765373
6a7ba7bc5c7cd75eb80c0c75,ecommerce,default (14).svg,default (14),GLOBAL_ICON,https://ik.imagekit.io/0iaahkrcv/ecommerce/samsung/All%20Samsung%20Smartphones%20-%20Price%20in%20Kenya%20(4)/default%20(14).svg?updatedAt=1786488764758
6a7ba7bc5c7cd75eb80c0cca,ecommerce,default (15).svg,default (15),GLOBAL_ICON,https://ik.imagekit.io/0iaahkrcv/ecommerce/samsung/All%20Samsung%20Smartphones%20-%20Price%20in%20Kenya%20(4)/default%20(15).svg?updatedAt=1786488764784
6a7ba7bc5c7cd75eb80c0cd9,ecommerce,default (16).svg,default (16),GLOBAL_ICON,https://ik.imagekit.io/0iaahkrcv/ecommerce/samsung/All%20Samsung%20Smartphones%20-%20Price%20in%20Kenya%20(4)/default%20(16).svg?updatedAt=1786488764780
6a7ba7bc5c7cd75eb80c0cd5,ecommerce,default (17).svg,default (17),GLOBAL_ICON,https://ik.imagekit.io/0iaahkrcv/ecommerce/samsung/All%20Samsung%20Smartphones%20-%20Price%20in%20Kenya%20(4)/default%20(17).svg?updatedAt=1786488764770
6a7ba7bc5c7cd75eb80c0cdb,ecommerce,default (2).svg,default (2),GLOBAL_ICON,https://ik.imagekit.io/0iaahkrcv/ecommerce/samsung/All%20Samsung%20Smartphones%20-%20Price%20in%20Kenya%20(4)/default%20(2).svg?updatedAt=1786488764811
6a7ba7bc5c7cd75eb80c0cc4,ecommerce,default (3).svg,default (3),GLOBAL_ICON,https://ik.imagekit.io/0iaahkrcv/ecommerce/samsung/All%20Samsung%20Smartphones%20-%20Price%20in%20Kenya%20(4)/default%20(3).svg?updatedAt=1786488764837
6a7ba7bc5c7cd75eb80c0ccf,ecommerce,default (4).svg,default (4),GLOBAL_ICON,https://ik.imagekit.io/0iaahkrcv/ecommerce/samsung/All%20Samsung%20Smartphones%20-%20Price%20in%20Kenya%20(4)/default%20(4).svg?updatedAt=1786488764873
6a7ba7bc5c7cd75eb80c0e93,ecommerce,default (5).svg,default (5),GLOBAL_ICON,https://ik.imagekit.io/0iaahkrcv/ecommerce/samsung/All%20Samsung%20Smartphones%20-%20Price%20in%20Kenya%20(4)/default%20(5).svg?updatedAt=1786488764821
6a7ba7bc5c7cd75eb80c0cc9,ecommerce,default (6).svg,default (6),GLOBAL_ICON,https://ik.imagekit.io/0iaahkrcv/ecommerce/samsung/All%20Samsung%20Smartphones%20-%20Price%20in%20Kenya%20(4)/default%20(6).svg?updatedAt=1786488764795
6a7ba7bc5c7cd75eb80c0cd7,ecommerce,default (7).svg,default (7),GLOBAL_ICON,https://ik.imagekit.io/0iaahkrcv/ecommerce/samsung/All%20Samsung%20Smartphones%20-%20Price%20in%20Kenya%20(4)/default%20(7).svg?updatedAt=1786488764789
6a7ba7bc5c7cd75eb80c0cc1,ecommerce,default (8).svg,default (8),GLOBAL_ICON,https://ik.imagekit.io/0iaahkrcv/ecommerce/samsung/All%20Samsung%20Smartphones%20-%20Price%20in%20Kenya%20(4)/default%20(8).svg?updatedAt=1786488764782
6a7ba7bc5c7cd75eb80c0ce8,ecommerce,default (9).svg,default (9),GLOBAL_ICON,https://ik.imagekit.io/0iaahkrcv/ecommerce/samsung/All%20Samsung%20Smartphones%20-%20Price%20in%20Kenya%20(4)/default%20(9).svg?updatedAt=1786488764774
6a7ba7bc5c7cd75eb80c1906,ecommerce,default.svg,default,GLOBAL_ICON,https://ik.imagekit.io/0iaahkrcv/ecommerce/samsung/All%20Samsung%20Smartphones%20-%20Price%20in%20Kenya%20(4)/default.svg?updatedAt=1786488765360
6a7ba7c15c7cd75eb80c60a9,ecommerce,loader.631b9ed.svg,loader.631b9ed,GLOBAL_ICON,https://ik.imagekit.io/0iaahkrcv/ecommerce/samsung/All%20Samsung%20Smartphones%20-%20Price%20in%20Kenya%20(4)/loader.631b9ed.svg?updatedAt=1786488770105
6a7ba80b5c7cd75eb8106ab2,ecommerce,samsung-galaxy-note-10-note-10-plus-12gb256gb-KEiuGohNQO-medium (1).webp,samsung galaxy note 10 note 10 plus 12gb256gb KEiuGohNQO medium (1),GLOBAL_ICON,https://ik.imagekit.io/0iaahkrcv/ecommerce/samsung/All%20Samsung%20Smartphones%20-%20Price%20in%20Kenya%20(4)/samsung-galaxy-note-10-note-10-plus-12gb256gb-KEiuGohNQO-medium%20(1).webp?updatedAt=1786488843655
6a7ba80b5c7cd75eb81076fa,ecommerce,samsung-galaxy-note-10-note-10-plus-12gb256gb-KEiuGohNQO-medium (2).webp,samsung galaxy note 10 note 10 plus 12gb256gb KEiuGohNQO medium (2),GLOBAL_ICON,https://ik.imagekit.io/0iaahkrcv/ecommerce/samsung/All%20Samsung%20Smartphones%20-%20Price%20in%20Kenya%20(4)/samsung-galaxy-note-10-note-10-plus-12gb256gb-KEiuGohNQO-medium%20(2).webp?updatedAt=1786488844433
6a7ba80c5c7cd75eb8107d21,ecommerce,samsung-galaxy-note-10-note-10-plus-12gb256gb-KEiuGohNQO-medium.webp,samsung galaxy note 10 note 10 plus 12gb256gb KEiuGohNQO medium,GLOBAL_ICON,https://ik.imagekit.io/0iaahkrcv/ecommerce/samsung/All%20Samsung%20Smartphones%20-%20Price%20in%20Kenya%20(4)/samsung-galaxy-note-10-note-10-plus-12gb256gb-KEiuGohNQO-medium.webp?updatedAt=1786488844886
6a7ba80c5c7cd75eb8107d5d,ecommerce,samsung-galaxy-note-10-note-10-plus-12gb512gb-ebWsC9t59m-medium (1).webp,samsung galaxy note 10 note 10 plus 12gb512gb ebWsC9t59m medium (1),GLOBAL_ICON,https://ik.imagekit.io/0iaahkrcv/ecommerce/samsung/All%20Samsung%20Smartphones%20-%20Price%20in%20Kenya%20(4)/samsung-galaxy-note-10-note-10-plus-12gb512gb-ebWsC9t59m-medium%20(1).webp?updatedAt=1786488844907
6a7ba80c5c7cd75eb8107d49,ecommerce,samsung-galaxy-note-10-note-10-plus-12gb512gb-ebWsC9t59m-medium (2).webp,samsung galaxy note 10 note 10 plus 12gb512gb ebWsC9t59m medium (2),GLOBAL_ICON,https://ik.imagekit.io/0iaahkrcv/ecommerce/samsung/All%20Samsung%20Smartphones%20-%20Price%20in%20Kenya%20(4)/samsung-galaxy-note-10-note-10-plus-12gb512gb-ebWsC9t59m-medium%20(2).webp?updatedAt=1786488844902
6a7ba80c5c7cd75eb8107d3c,ecommerce,samsung-galaxy-note-10-note-10-plus-12gb512gb-ebWsC9t59m-medium.webp,samsung galaxy note 10 note 10 plus 12gb512gb ebWsC9t59m medium,GLOBAL_ICON,https://ik.imagekit.io/0iaahkrcv/ecommerce/samsung/All%20Samsung%20Smartphones%20-%20Price%20in%20Kenya%20(4)/samsung-galaxy-note-10-note-10-plus-12gb512gb-ebWsC9t59m-medium.webp?updatedAt=1786488844925
6a7ba80c5c7cd75eb8107f5a,ecommerce,samsung-galaxy-note-10-note-10-plus-5g-12gb256gb-GNX4YiOZCx-medium (1).webp,samsung galaxy note 10 note 10 plus 5g 12gb256gb GNX4YiOZCx medium (1),GLOBAL_ICON,https://ik.imagekit.io/0iaahkrcv/ecommerce/samsung/All%20Samsung%20Smartphones%20-%20Price%20in%20Kenya%20(4)/samsung-galaxy-note-10-note-10-plus-5g-12gb256gb-GNX4YiOZCx-medium%20(1).webp?updatedAt=1786488845028
6a7ba80c5c7cd75eb8107d29,ecommerce,samsung-galaxy-note-10-note-10-plus-5g-12gb256gb-GNX4YiOZCx-medium (2).webp,samsung galaxy note 10 note 10 plus 5g 12gb256gb GNX4YiOZCx medium (2),GLOBAL_ICON,https://ik.imagekit.io/0iaahkrcv/ecommerce/samsung/All%20Samsung%20Smartphones%20-%20Price%20in%20Kenya%20(4)/samsung-galaxy-note-10-note-10-plus-5g-12gb256gb-GNX4YiOZCx-medium%20(2).webp?updatedAt=1786488844937
6a7ba80c5c7cd75eb8107d4f,ecommerce,samsung-galaxy-note-10-note-10-plus-5g-12gb256gb-GNX4YiOZCx-medium.webp,samsung galaxy note 10 note 10 plus 5g 12gb256gb GNX4YiOZCx medium,GLOBAL_ICON,https://ik.imagekit.io/0iaahkrcv/ecommerce/samsung/All%20Samsung%20Smartphones%20-%20Price%20in%20Kenya%20(4)/samsung-galaxy-note-10-note-10-plus-5g-12gb256gb-GNX4YiOZCx-medium.webp?updatedAt=1786488844901
6a7ba80c5c7cd75eb8107d71,ecommerce,samsung-galaxy-note-10-note-10-plus-5g-12gb512gb-h4QloTEToO-medium (1).webp,samsung galaxy note 10 note 10 plus 5g 12gb512gb h4QloTEToO medium (1),GLOBAL_ICON,https://ik.imagekit.io/0iaahkrcv/ecommerce/samsung/All%20Samsung%20Smartphones%20-%20Price%20in%20Kenya%20(4)/samsung-galaxy-note-10-note-10-plus-5g-12gb512gb-h4QloTEToO-medium%20(1).webp?updatedAt=1786488844945
6a7ba80c5c7cd75eb8107d5c,ecommerce,samsung-galaxy-note-10-note-10-plus-5g-12gb512gb-h4QloTEToO-medium (2).webp,samsung galaxy note 10 note 10 plus 5g 12gb512gb h4QloTEToO medium (2),GLOBAL_ICON,https://ik.imagekit.io/0iaahkrcv/ecommerce/samsung/All%20Samsung%20Smartphones%20-%20Price%20in%20Kenya%20(4)/samsung-galaxy-note-10-note-10-plus-5g-12gb512gb-h4QloTEToO-medium%20(2).webp?updatedAt=1786488844941
6a7ba80c5c7cd75eb8107dfd,ecommerce,samsung-galaxy-note-10-note-10-plus-5g-12gb512gb-h4QloTEToO-medium.webp,samsung galaxy note 10 note 10 plus 5g 12gb512gb h4QloTEToO medium,GLOBAL_ICON,https://ik.imagekit.io/0iaahkrcv/ecommerce/samsung/All%20Samsung%20Smartphones%20-%20Price%20in%20Kenya%20(4)/samsung-galaxy-note-10-note-10-plus-5g-12gb512gb-h4QloTEToO-medium.webp?updatedAt=1786488844918
6a7ba80c5c7cd75eb8107f15,ecommerce,samsung-galaxy-s20-plus-b-medium (1).webp,samsung galaxy s20 plus b medium (1),GLOBAL_ICON,https://ik.imagekit.io/0iaahkrcv/ecommerce/samsung/All%20Samsung%20Smartphones%20-%20Price%20in%20Kenya%20(4)/samsung-galaxy-s20-plus-b-medium%20(1).webp?updatedAt=1786488844988
6a7ba80c5c7cd75eb8107f7e,ecommerce,samsung-galaxy-s20-plus-b-medium (2).webp,samsung galaxy s20 plus b medium (2),GLOBAL_ICON,https://ik.imagekit.io/0iaahkrcv/ecommerce/samsung/All%20Samsung%20Smartphones%20-%20Price%20in%20Kenya%20(4)/samsung-galaxy-s20-plus-b-medium%20(2).webp?updatedAt=1786488845004
6a7ba80c5c7cd75eb8107f4b,ecommerce,samsung-galaxy-s20-plus-b-medium (3).webp,samsung galaxy s20 plus b medium (3),GLOBAL_ICON,https://ik.imagekit.io/0iaahkrcv/ecommerce/samsung/All%20Samsung%20Smartphones%20-%20Price%20in%20Kenya%20(4)/samsung-galaxy-s20-plus-b-medium%20(3).webp?updatedAt=1786488844975
6a7ba80c5c7cd75eb8107f39,ecommerce,samsung-galaxy-s20-plus-b-medium (4).webp,samsung galaxy s20 plus b medium (4),GLOBAL_ICON,https://ik.imagekit.io/0iaahkrcv/ecommerce/samsung/All%20Samsung%20Smartphones%20-%20Price%20in%20Kenya%20(4)/samsung-galaxy-s20-plus-b-medium%20(4).webp?updatedAt=1786488844994
6a7ba80c5c7cd75eb8107f60,ecommerce,samsung-galaxy-s20-plus-b-medium (5).webp,samsung galaxy s20 plus b medium (5),GLOBAL_ICON,https://ik.imagekit.io/0iaahkrcv/ecommerce/samsung/All%20Samsung%20Smartphones%20-%20Price%20in%20Kenya%20(4)/samsung-galaxy-s20-plus-b-medium%20(5).webp?updatedAt=1786488845000
6a7ba80c5c7cd75eb810880e,ecommerce,samsung-galaxy-s20-plus-b-medium.webp,samsung galaxy s20 plus b medium,GLOBAL_ICON,https://ik.imagekit.io/0iaahkrcv/ecommerce/samsung/All%20Samsung%20Smartphones%20-%20Price%20in%20Kenya%20(4)/samsung-galaxy-s20-plus-b-medium.webp?updatedAt=1786488845431
6a7ba80c5c7cd75eb81087ff,ecommerce,Samsung-Galaxy-S25-plus-g-medium (1).webp,Samsung Galaxy S25 plus g medium (1),GLOBAL_ICON,https://ik.imagekit.io/0iaahkrcv/ecommerce/samsung/All%20Samsung%20Smartphones%20-%20Price%20in%20Kenya%20(4)/Samsung-Galaxy-S25-plus-g-medium%20(1).webp?updatedAt=1786488845401
6a7ba80c5c7cd75eb8108847,ecommerce,Samsung-Galaxy-S25-plus-g-medium (2).webp,Samsung Galaxy S25 plus g medium (2),GLOBAL_ICON,https://ik.imagekit.io/0iaahkrcv/ecommerce/samsung/All%20Samsung%20Smartphones%20-%20Price%20in%20Kenya%20(4)/Samsung-Galaxy-S25-plus-g-medium%20(2).webp?updatedAt=1786488845393
6a7ba80c5c7cd75eb8108841,ecommerce,Samsung-Galaxy-S25-plus-g-medium.webp,Samsung Galaxy S25 plus g medium,GLOBAL_ICON,https://ik.imagekit.io/0iaahkrcv/ecommerce/samsung/All%20Samsung%20Smartphones%20-%20Price%20in%20Kenya%20(4)/Samsung-Galaxy-S25-plus-g-medium.webp?updatedAt=1786488845391
6a7ba80c5c7cd75eb8108860,ecommerce,search.7d254c6.svg,search.7d254c6,GLOBAL_ICON,https://ik.imagekit.io/0iaahkrcv/ecommerce/samsung/All%20Samsung%20Smartphones%20-%20Price%20in%20Kenya%20(4)/search.7d254c6.svg?updatedAt=1786488845476
6a7ba80c5c7cd75eb8108874,ecommerce,whatsapp.svg,whatsapp,GLOBAL_ICON,https://ik.imagekit.io/0iaahkrcv/ecommerce/samsung/All%20Samsung%20Smartphones%20-%20Price%20in%20Kenya%20(4)/whatsapp.svg?updatedAt=1786488845476
6a7ba7705c7cd75eb8078240,ecommerce,default (1).svg,default (1),GLOBAL_ICON,https://ik.imagekit.io/0iaahkrcv/ecommerce/samsung/All%20Samsung%20Smartphones%20-%20Price%20in%20Kenya%20(5)/default%20(1).svg?updatedAt=1786488688775
6a7ba7705c7cd75eb807829e,ecommerce,default (10).svg,default (10),GLOBAL_ICON,https://ik.imagekit.io/0iaahkrcv/ecommerce/samsung/All%20Samsung%20Smartphones%20-%20Price%20in%20Kenya%20(5)/default%20(10).svg?updatedAt=1786488688805
6a7ba7705c7cd75eb8078229,ecommerce,default (11).svg,default (11),GLOBAL_ICON,https://ik.imagekit.io/0iaahkrcv/ecommerce/samsung/All%20Samsung%20Smartphones%20-%20Price%20in%20Kenya%20(5)/default%20(11).svg?updatedAt=1786488688757
6a7ba7705c7cd75eb807824c,ecommerce,default (12).svg,default (12),GLOBAL_ICON,https://ik.imagekit.io/0iaahkrcv/ecommerce/samsung/All%20Samsung%20Smartphones%20-%20Price%20in%20Kenya%20(5)/default%20(12).svg?updatedAt=1786488688753
6a7ba7705c7cd75eb8078283,ecommerce,default (13).svg,default (13),GLOBAL_ICON,https://ik.imagekit.io/0iaahkrcv/ecommerce/samsung/All%20Samsung%20Smartphones%20-%20Price%20in%20Kenya%20(5)/default%20(13).svg?updatedAt=1786488688905
6a7ba7745c7cd75eb807caa6,ecommerce,default (14).svg,default (14),GLOBAL_ICON,https://ik.imagekit.io/0iaahkrcv/ecommerce/samsung/All%20Samsung%20Smartphones%20-%20Price%20in%20Kenya%20(5)/default%20(14).svg?updatedAt=1786488693352
6a7ba7745c7cd75eb807cde2,ecommerce,default (15).svg,default (15),GLOBAL_ICON,https://ik.imagekit.io/0iaahkrcv/ecommerce/samsung/All%20Samsung%20Smartphones%20-%20Price%20in%20Kenya%20(5)/default%20(15).svg?updatedAt=1786488693534
6a7ba7745c7cd75eb807cde6,ecommerce,default (16).svg,default (16),GLOBAL_ICON,https://ik.imagekit.io/0iaahkrcv/ecommerce/samsung/All%20Samsung%20Smartphones%20-%20Price%20in%20Kenya%20(5)/default%20(16).svg?updatedAt=1786488693539
6a7ba7755c7cd75eb807d3d6,ecommerce,default (17).svg,default (17),GLOBAL_ICON,https://ik.imagekit.io/0iaahkrcv/ecommerce/samsung/All%20Samsung%20Smartphones%20-%20Price%20in%20Kenya%20(5)/default%20(17).svg?updatedAt=1786488694171
6a7ba7745c7cd75eb807cde0,ecommerce,default (2).svg,default (2),GLOBAL_ICON,https://ik.imagekit.io/0iaahkrcv/ecommerce/samsung/All%20Samsung%20Smartphones%20-%20Price%20in%20Kenya%20(5)/default%20(2).svg?updatedAt=1786488693537
6a7ba7755c7cd75eb807d2e2,ecommerce,default (3).svg,default (3),GLOBAL_ICON,https://ik.imagekit.io/0iaahkrcv/ecommerce/samsung/All%20Samsung%20Smartphones%20-%20Price%20in%20Kenya%20(5)/default%20(3).svg?updatedAt=1786488694123
6a7ba7755c7cd75eb807d3ef,ecommerce,default (4).svg,default (4),GLOBAL_ICON,https://ik.imagekit.io/0iaahkrcv/ecommerce/samsung/All%20Samsung%20Smartphones%20-%20Price%20in%20Kenya%20(5)/default%20(4).svg?updatedAt=1786488694175
6a7ba7755c7cd75eb807d3ec,ecommerce,default (5).svg,default (5),GLOBAL_ICON,https://ik.imagekit.io/0iaahkrcv/ecommerce/samsung/All%20Samsung%20Smartphones%20-%20Price%20in%20Kenya%20(5)/default%20(5).svg?updatedAt=1786488694177
6a7ba7755c7cd75eb807d3e9,ecommerce,default (6).svg,default (6),GLOBAL_ICON,https://ik.imagekit.io/0iaahkrcv/ecommerce/samsung/All%20Samsung%20Smartphones%20-%20Price%20in%20Kenya%20(5)/default%20(6).svg?updatedAt=1786488694175
6a7ba7755c7cd75eb807d441,ecommerce,default (7).svg,default (7),GLOBAL_ICON,https://ik.imagekit.io/0iaahkrcv/ecommerce/samsung/All%20Samsung%20Smartphones%20-%20Price%20in%20Kenya%20(5)/default%20(7).svg?updatedAt=1786488694199
6a7ba7755c7cd75eb807d4e1,ecommerce,default (8).svg,default (8),GLOBAL_ICON,https://ik.imagekit.io/0iaahkrcv/ecommerce/samsung/All%20Samsung%20Smartphones%20-%20Price%20in%20Kenya%20(5)/default%20(8).svg?updatedAt=1786488694237
6a7ba7775c7cd75eb807f35f,ecommerce,default (9).svg,default (9),GLOBAL_ICON,https://ik.imagekit.io/0iaahkrcv/ecommerce/samsung/All%20Samsung%20Smartphones%20-%20Price%20in%20Kenya%20(5)/default%20(9).svg?updatedAt=1786488695938
6a7ba77f5c7cd75eb80866c6,ecommerce,default.svg,default,GLOBAL_ICON,https://ik.imagekit.io/0iaahkrcv/ecommerce/samsung/All%20Samsung%20Smartphones%20-%20Price%20in%20Kenya%20(5)/default.svg?updatedAt=1786488703570
6a7ba71a5c7cd75eb802fbdd,ecommerce,app-logo-desktop.svg,app logo desktop,BRAND_LOGO,https://ik.imagekit.io/0iaahkrcv/ecommerce/samsung/All%20Samsung%20Smartphones%20-%20Price%20in%20Kenya%20(6)/app-logo-desktop.svg?updatedAt=1786488602701
6a7ba71a5c7cd75eb802f977,ecommerce,chevron-down.8ee3574.svg,chevron down.8ee3574,GLOBAL_ICON,https://ik.imagekit.io/0iaahkrcv/ecommerce/samsung/All%20Samsung%20Smartphones%20-%20Price%20in%20Kenya%20(6)/chevron-down.8ee3574.svg?updatedAt=1786488602668
6a7ba71a5c7cd75eb802fa43,ecommerce,default (1).svg,default (1),GLOBAL_ICON,https://ik.imagekit.io/0iaahkrcv/ecommerce/samsung/All%20Samsung%20Smartphones%20-%20Price%20in%20Kenya%20(6)/default%20(1).svg?updatedAt=1786488602684
6a7ba71a5c7cd75eb802f9ce,ecommerce,default (10).svg,default (10),GLOBAL_ICON,https://ik.imagekit.io/0iaahkrcv/ecommerce/samsung/All%20Samsung%20Smartphones%20-%20Price%20in%20Kenya%20(6)/default%20(10).svg?updatedAt=1786488602668
6a7ba71a5c7cd75eb802fa27,ecommerce,default (11).svg,default (11),GLOBAL_ICON,https://ik.imagekit.io/0iaahkrcv/ecommerce/samsung/All%20Samsung%20Smartphones%20-%20Price%20in%20Kenya%20(6)/default%20(11).svg?updatedAt=1786488602667
6a7ba71a5c7cd75eb802f8ab,ecommerce,default (12).svg,default (12),GLOBAL_ICON,https://ik.imagekit.io/0iaahkrcv/ecommerce/samsung/All%20Samsung%20Smartphones%20-%20Price%20in%20Kenya%20(6)/default%20(12).svg?updatedAt=1786488602619
6a7ba71a5c7cd75eb802f9ec,ecommerce,default (13).svg,default (13),GLOBAL_ICON,https://ik.imagekit.io/0iaahkrcv/ecommerce/samsung/All%20Samsung%20Smartphones%20-%20Price%20in%20Kenya%20(6)/default%20(13).svg?updatedAt=1786488602677
6a7ba71a5c7cd75eb802fbf6,ecommerce,default (14).svg,default (14),GLOBAL_ICON,https://ik.imagekit.io/0iaahkrcv/ecommerce/samsung/All%20Samsung%20Smartphones%20-%20Price%20in%20Kenya%20(6)/default%20(14).svg?updatedAt=1786488602722
6a7ba71a5c7cd75eb802fc7c,ecommerce,default (15).svg,default (15),GLOBAL_ICON,https://ik.imagekit.io/0iaahkrcv/ecommerce/samsung/All%20Samsung%20Smartphones%20-%20Price%20in%20Kenya%20(6)/default%20(15).svg?updatedAt=1786488602725
6a7ba71a5c7cd75eb802fa1e,ecommerce,default (16).svg,default (16),GLOBAL_ICON,https://ik.imagekit.io/0iaahkrcv/ecommerce/samsung/All%20Samsung%20Smartphones%20-%20Price%20in%20Kenya%20(6)/default%20(16).svg?updatedAt=1786488602718
6a7ba71a5c7cd75eb802fc8b,ecommerce,default (17).svg,default (17),GLOBAL_ICON,https://ik.imagekit.io/0iaahkrcv/ecommerce/samsung/All%20Samsung%20Smartphones%20-%20Price%20in%20Kenya%20(6)/default%20(17).svg?updatedAt=1786488602746
6a7ba71a5c7cd75eb802fb17,ecommerce,default (2).svg,default (2),GLOBAL_ICON,https://ik.imagekit.io/0iaahkrcv/ecommerce/samsung/All%20Samsung%20Smartphones%20-%20Price%20in%20Kenya%20(6)/default%20(2).svg?updatedAt=1786488602722
6a7ba71a5c7cd75eb802fc27,ecommerce,default (3).svg,default (3),GLOBAL_ICON,https://ik.imagekit.io/0iaahkrcv/ecommerce/samsung/All%20Samsung%20Smartphones%20-%20Price%20in%20Kenya%20(6)/default%20(3).svg?updatedAt=1786488602734
6a7ba71a5c7cd75eb802fc35,ecommerce,default (4).svg,default (4),GLOBAL_ICON,https://ik.imagekit.io/0iaahkrcv/ecommerce/samsung/All%20Samsung%20Smartphones%20-%20Price%20in%20Kenya%20(6)/default%20(4).svg?updatedAt=1786488602740
6a7ba71a5c7cd75eb802fc3d,ecommerce,default (5).svg,default (5),GLOBAL_ICON,https://ik.imagekit.io/0iaahkrcv/ecommerce/samsung/All%20Samsung%20Smartphones%20-%20Price%20in%20Kenya%20(6)/default%20(5).svg?updatedAt=1786488602738
6a7ba71a5c7cd75eb802fc15,ecommerce,default (6).svg,default (6),GLOBAL_ICON,https://ik.imagekit.io/0iaahkrcv/ecommerce/samsung/All%20Samsung%20Smartphones%20-%20Price%20in%20Kenya%20(6)/default%20(6).svg?updatedAt=1786488602714
6a7ba71a5c7cd75eb802fcd8,ecommerce,default (7).svg,default (7),GLOBAL_ICON,https://ik.imagekit.io/0iaahkrcv/ecommerce/samsung/All%20Samsung%20Smartphones%20-%20Price%20in%20Kenya%20(6)/default%20(7).svg?updatedAt=1786488602770
6a7ba71a5c7cd75eb802fd00,ecommerce,default (8).svg,default (8),GLOBAL_ICON,https://ik.imagekit.io/0iaahkrcv/ecommerce/samsung/All%20Samsung%20Smartphones%20-%20Price%20in%20Kenya%20(6)/default%20(8).svg?updatedAt=1786488602790
6a7ba71a5c7cd75eb802fcfa,ecommerce,default (9).svg,default (9),GLOBAL_ICON,https://ik.imagekit.io/0iaahkrcv/ecommerce/samsung/All%20Samsung%20Smartphones%20-%20Price%20in%20Kenya%20(6)/default%20(9).svg?updatedAt=1786488602772
6a7ba71a5c7cd75eb802fd12,ecommerce,default.svg,default,GLOBAL_ICON,https://ik.imagekit.io/0iaahkrcv/ecommerce/samsung/All%20Samsung%20Smartphones%20-%20Price%20in%20Kenya%20(6)/default.svg?updatedAt=1786488602778
6a7ba76e5c7cd75eb8075a45,ecommerce,loader.631b9ed.svg,loader.631b9ed,GLOBAL_ICON,https://ik.imagekit.io/0iaahkrcv/ecommerce/samsung/All%20Samsung%20Smartphones%20-%20Price%20in%20Kenya%20(6)/loader.631b9ed.svg?updatedAt=1786488686601
6a7ba7705c7cd75eb807820b,ecommerce,Samsung-Galaxy-S24-Plus-c-medium (1).webp,Samsung Galaxy S24 Plus c medium (1),GLOBAL_ICON,https://ik.imagekit.io/0iaahkrcv/ecommerce/samsung/All%20Samsung%20Smartphones%20-%20Price%20in%20Kenya%20(6)/Samsung-Galaxy-S24-Plus-c-medium%20(1).webp?updatedAt=1786488688732
6a7ba7705c7cd75eb80781c4,ecommerce,Samsung-Galaxy-S24-Plus-c-medium (2).webp,Samsung Galaxy S24 Plus c medium (2),GLOBAL_ICON,https://ik.imagekit.io/0iaahkrcv/ecommerce/samsung/All%20Samsung%20Smartphones%20-%20Price%20in%20Kenya%20(6)/Samsung-Galaxy-S24-Plus-c-medium%20(2).webp?updatedAt=1786488688787
6a7ba7705c7cd75eb80781bb,ecommerce,Samsung-Galaxy-S24-Plus-c-medium (3).webp,Samsung Galaxy S24 Plus c medium (3),GLOBAL_ICON,https://ik.imagekit.io/0iaahkrcv/ecommerce/samsung/All%20Samsung%20Smartphones%20-%20Price%20in%20Kenya%20(6)/Samsung-Galaxy-S24-Plus-c-medium%20(3).webp?updatedAt=1786488688731
6a7ba7705c7cd75eb807825e,ecommerce,Samsung-Galaxy-S24-Plus-c-medium (4).webp,Samsung Galaxy S24 Plus c medium (4),GLOBAL_ICON,https://ik.imagekit.io/0iaahkrcv/ecommerce/samsung/All%20Samsung%20Smartphones%20-%20Price%20in%20Kenya%20(6)/Samsung-Galaxy-S24-Plus-c-medium%20(4).webp?updatedAt=1786488688749
6a7ba7705c7cd75eb8078237,ecommerce,Samsung-Galaxy-S24-Plus-c-medium (5).webp,Samsung Galaxy S24 Plus c medium (5),GLOBAL_ICON,https://ik.imagekit.io/0iaahkrcv/ecommerce/samsung/All%20Samsung%20Smartphones%20-%20Price%20in%20Kenya%20(6)/Samsung-Galaxy-S24-Plus-c-medium%20(5).webp?updatedAt=1786488688787
6a7ba7705c7cd75eb807825b,ecommerce,Samsung-Galaxy-S24-Plus-c-medium.webp,Samsung Galaxy S24 Plus c medium,GLOBAL_ICON,https://ik.imagekit.io/0iaahkrcv/ecommerce/samsung/All%20Samsung%20Smartphones%20-%20Price%20in%20Kenya%20(6)/Samsung-Galaxy-S24-Plus-c-medium.webp?updatedAt=1786488688781
6a7ba7705c7cd75eb80781ab,ecommerce,search.7d254c6.svg,search.7d254c6,GLOBAL_ICON,https://ik.imagekit.io/0iaahkrcv/ecommerce/samsung/All%20Samsung%20Smartphones%20-%20Price%20in%20Kenya%20(6)/search.7d254c6.svg?updatedAt=1786488688795
6a7ba7705c7cd75eb80781d6,ecommerce,whatsapp.svg,whatsapp,GLOBAL_ICON,https://ik.imagekit.io/0iaahkrcv/ecommerce/samsung/All%20Samsung%20Smartphones%20-%20Price%20in%20Kenya%20(6)/whatsapp.svg?updatedAt=1786488688794
6a7ba6db5c7cd75eb8ff4fb5,ecommerce,app-logo-desktop.svg,app logo desktop,BRAND_LOGO,https://ik.imagekit.io/0iaahkrcv/ecommerce/samsung/All%20Samsung%20Smartphones%20-%20Price%20in%20Kenya%20(7)/app-logo-desktop.svg?updatedAt=1786488539687
6a7ba6db5c7cd75eb8ff4fad,ecommerce,chevron-down.8ee3574.svg,chevron down.8ee3574,GLOBAL_ICON,https://ik.imagekit.io/0iaahkrcv/ecommerce/samsung/All%20Samsung%20Smartphones%20-%20Price%20in%20Kenya%20(7)/chevron-down.8ee3574.svg?updatedAt=1786488539716
6a7ba6db5c7cd75eb8ff4fb4,ecommerce,default (1).svg,default (1),GLOBAL_ICON,https://ik.imagekit.io/0iaahkrcv/ecommerce/samsung/All%20Samsung%20Smartphones%20-%20Price%20in%20Kenya%20(7)/default%20(1).svg?updatedAt=1786488539732
6a7ba6db5c7cd75eb8ff4fb0,ecommerce,default (10).svg,default (10),GLOBAL_ICON,https://ik.imagekit.io/0iaahkrcv/ecommerce/samsung/All%20Samsung%20Smartphones%20-%20Price%20in%20Kenya%20(7)/default%20(10).svg?updatedAt=1786488539791
6a7ba6db5c7cd75eb8ff4fba,ecommerce,default (11).svg,default (11),GLOBAL_ICON,https://ik.imagekit.io/0iaahkrcv/ecommerce/samsung/All%20Samsung%20Smartphones%20-%20Price%20in%20Kenya%20(7)/default%20(11).svg?updatedAt=1786488539727
6a7ba6db5c7cd75eb8ff4fc8,ecommerce,default (12).svg,default (12),GLOBAL_ICON,https://ik.imagekit.io/0iaahkrcv/ecommerce/samsung/All%20Samsung%20Smartphones%20-%20Price%20in%20Kenya%20(7)/default%20(12).svg?updatedAt=1786488539698
6a7ba6db5c7cd75eb8ff4fc1,ecommerce,default (13).svg,default (13),GLOBAL_ICON,https://ik.imagekit.io/0iaahkrcv/ecommerce/samsung/All%20Samsung%20Smartphones%20-%20Price%20in%20Kenya%20(7)/default%20(13).svg?updatedAt=1786488539734
6a7ba6db5c7cd75eb8ff4faa,ecommerce,default (14).svg,default (14),GLOBAL_ICON,https://ik.imagekit.io/0iaahkrcv/ecommerce/samsung/All%20Samsung%20Smartphones%20-%20Price%20in%20Kenya%20(7)/default%20(14).svg?updatedAt=1786488539830
6a7ba6db5c7cd75eb8ff4fbd,ecommerce,default (15).svg,default (15),GLOBAL_ICON,https://ik.imagekit.io/0iaahkrcv/ecommerce/samsung/All%20Samsung%20Smartphones%20-%20Price%20in%20Kenya%20(7)/default%20(15).svg?updatedAt=1786488539833
6a7ba6db5c7cd75eb8ff505c,ecommerce,default (16).svg,default (16),GLOBAL_ICON,https://ik.imagekit.io/0iaahkrcv/ecommerce/samsung/All%20Samsung%20Smartphones%20-%20Price%20in%20Kenya%20(7)/default%20(16).svg?updatedAt=1786488539846
6a7ba6db5c7cd75eb8ff4fc4,ecommerce,default (2).svg,default (2),GLOBAL_ICON,https://ik.imagekit.io/0iaahkrcv/ecommerce/samsung/All%20Samsung%20Smartphones%20-%20Price%20in%20Kenya%20(7)/default%20(2).svg?updatedAt=1786488539730
6a7ba6db5c7cd75eb8ff4fdc,ecommerce,default (3).svg,default (3),GLOBAL_ICON,https://ik.imagekit.io/0iaahkrcv/ecommerce/samsung/All%20Samsung%20Smartphones%20-%20Price%20in%20Kenya%20(7)/default%20(3).svg?updatedAt=1786488539705
6a7ba6db5c7cd75eb8ff4fe3,ecommerce,default (4).svg,default (4),GLOBAL_ICON,https://ik.imagekit.io/0iaahkrcv/ecommerce/samsung/All%20Samsung%20Smartphones%20-%20Price%20in%20Kenya%20(7)/default%20(4).svg?updatedAt=1786488539744
6a7ba6db5c7cd75eb8ff4fcc,ecommerce,default (5).svg,default (5),GLOBAL_ICON,https://ik.imagekit.io/0iaahkrcv/ecommerce/samsung/All%20Samsung%20Smartphones%20-%20Price%20in%20Kenya%20(7)/default%20(5).svg?updatedAt=1786488539763
6a7ba6db5c7cd75eb8ff4feb,ecommerce,default (6).svg,default (6),GLOBAL_ICON,https://ik.imagekit.io/0iaahkrcv/ecommerce/samsung/All%20Samsung%20Smartphones%20-%20Price%20in%20Kenya%20(7)/default%20(6).svg?updatedAt=1786488539755
6a7ba6db5c7cd75eb8ff4fd8,ecommerce,default (7).svg,default (7),GLOBAL_ICON,https://ik.imagekit.io/0iaahkrcv/ecommerce/samsung/All%20Samsung%20Smartphones%20-%20Price%20in%20Kenya%20(7)/default%20(7).svg?updatedAt=1786488539704
6a7ba6db5c7cd75eb8ff4fd9,ecommerce,default (8).svg,default (8),GLOBAL_ICON,https://ik.imagekit.io/0iaahkrcv/ecommerce/samsung/All%20Samsung%20Smartphones%20-%20Price%20in%20Kenya%20(7)/default%20(8).svg?updatedAt=1786488539737
6a7ba6db5c7cd75eb8ff4fe6,ecommerce,default (9).svg,default (9),GLOBAL_ICON,https://ik.imagekit.io/0iaahkrcv/ecommerce/samsung/All%20Samsung%20Smartphones%20-%20Price%20in%20Kenya%20(7)/default%20(9).svg?updatedAt=1786488539752
6a7ba6db5c7cd75eb8ff4ff1,ecommerce,default.svg,default,GLOBAL_ICON,https://ik.imagekit.io/0iaahkrcv/ecommerce/samsung/All%20Samsung%20Smartphones%20-%20Price%20in%20Kenya%20(7)/default.svg?updatedAt=1786488539730
6a7ba7165c7cd75eb802b7af,ecommerce,loader.631b9ed.svg,loader.631b9ed,GLOBAL_ICON,https://ik.imagekit.io/0iaahkrcv/ecommerce/samsung/All%20Samsung%20Smartphones%20-%20Price%20in%20Kenya%20(7)/loader.631b9ed.svg?updatedAt=1786488599180
6a7ba7195c7cd75eb802e3a5,ecommerce,search.7d254c6.svg,search.7d254c6,GLOBAL_ICON,https://ik.imagekit.io/0iaahkrcv/ecommerce/samsung/All%20Samsung%20Smartphones%20-%20Price%20in%20Kenya%20(7)/search.7d254c6.svg?updatedAt=1786488601760
6a7ba7195c7cd75eb802e3a1,ecommerce,whatsapp.svg,whatsapp,GLOBAL_ICON,https://ik.imagekit.io/0iaahkrcv/ecommerce/samsung/All%20Samsung%20Smartphones%20-%20Price%20in%20Kenya%20(7)/whatsapp.svg?updatedAt=1786488601731
6a7ba6a35c7cd75eb8fc173f,ecommerce,app-logo-desktop.svg,app logo desktop,BRAND_LOGO,https://ik.imagekit.io/0iaahkrcv/ecommerce/samsung/All%20Samsung%20Smartphones%20-%20Price%20in%20Kenya%20(8)/app-logo-desktop.svg?updatedAt=1786488484261
6a7ba6a35c7cd75eb8fc1575,ecommerce,chevron-down.8ee3574.svg,chevron down.8ee3574,GLOBAL_ICON,https://ik.imagekit.io/0iaahkrcv/ecommerce/samsung/All%20Samsung%20Smartphones%20-%20Price%20in%20Kenya%20(8)/chevron-down.8ee3574.svg?updatedAt=1786488484050
6a7ba6a35c7cd75eb8fc195e,ecommerce,default (1).svg,default (1),GLOBAL_ICON,https://ik.imagekit.io/0iaahkrcv/ecommerce/samsung/All%20Samsung%20Smartphones%20-%20Price%20in%20Kenya%20(8)/default%20(1).svg?updatedAt=1786488484582
6a7ba6a35c7cd75eb8fc19b3,ecommerce,default (10).svg,default (10),GLOBAL_ICON,https://ik.imagekit.io/0iaahkrcv/ecommerce/samsung/All%20Samsung%20Smartphones%20-%20Price%20in%20Kenya%20(8)/default%20(10).svg?updatedAt=1786488484580
6a7ba6a35c7cd75eb8fc1942,ecommerce,default (11).svg,default (11),GLOBAL_ICON,https://ik.imagekit.io/0iaahkrcv/ecommerce/samsung/All%20Samsung%20Smartphones%20-%20Price%20in%20Kenya%20(8)/default%20(11).svg?updatedAt=1786488484506
6a7ba6a35c7cd75eb8fc17fc,ecommerce,default (12).svg,default (12),GLOBAL_ICON,https://ik.imagekit.io/0iaahkrcv/ecommerce/samsung/All%20Samsung%20Smartphones%20-%20Price%20in%20Kenya%20(8)/default%20(12).svg?updatedAt=1786488484286
6a7ba6a35c7cd75eb8fc19a2,ecommerce,default (13).svg,default (13),GLOBAL_ICON,https://ik.imagekit.io/0iaahkrcv/ecommerce/samsung/All%20Samsung%20Smartphones%20-%20Price%20in%20Kenya%20(8)/default%20(13).svg?updatedAt=1786488484591
6a7ba6a35c7cd75eb8fc19db,ecommerce,default (14).svg,default (14),GLOBAL_ICON,https://ik.imagekit.io/0iaahkrcv/ecommerce/samsung/All%20Samsung%20Smartphones%20-%20Price%20in%20Kenya%20(8)/default%20(14).svg?updatedAt=1786488484689
6a7ba6a35c7cd75eb8fc19e4,ecommerce,default (15).svg,default (15),GLOBAL_ICON,https://ik.imagekit.io/0iaahkrcv/ecommerce/samsung/All%20Samsung%20Smartphones%20-%20Price%20in%20Kenya%20(8)/default%20(15).svg?updatedAt=1786488484572
6a7ba6a45c7cd75eb8fc282c,ecommerce,default (16).svg,default (16),GLOBAL_ICON,https://ik.imagekit.io/0iaahkrcv/ecommerce/samsung/All%20Samsung%20Smartphones%20-%20Price%20in%20Kenya%20(8)/default%20(16).svg?updatedAt=1786488485073
6a7ba6a35c7cd75eb8fc10d3,ecommerce,default (2).svg,default (2),GLOBAL_ICON,https://ik.imagekit.io/0iaahkrcv/ecommerce/samsung/All%20Samsung%20Smartphones%20-%20Price%20in%20Kenya%20(8)/default%20(2).svg?updatedAt=1786488483564
6a7ba6a35c7cd75eb8fc1acf,ecommerce,default (3).svg,default (3),GLOBAL_ICON,https://ik.imagekit.io/0iaahkrcv/ecommerce/samsung/All%20Samsung%20Smartphones%20-%20Price%20in%20Kenya%20(8)/default%20(3).svg?updatedAt=1786488484686
6a7ba6a25c7cd75eb8fc0fe7,ecommerce,default (4).svg,default (4),GLOBAL_ICON,https://ik.imagekit.io/0iaahkrcv/ecommerce/samsung/All%20Samsung%20Smartphones%20-%20Price%20in%20Kenya%20(8)/default%20(4).svg?updatedAt=1786488483291
6a7ba6a35c7cd75eb8fc19de,ecommerce,default (5).svg,default (5),GLOBAL_ICON,https://ik.imagekit.io/0iaahkrcv/ecommerce/samsung/All%20Samsung%20Smartphones%20-%20Price%20in%20Kenya%20(8)/default%20(5).svg?updatedAt=1786488484585
6a7ba6a45c7cd75eb8fc2044,ecommerce,default (6).svg,default (6),GLOBAL_ICON,https://ik.imagekit.io/0iaahkrcv/ecommerce/samsung/All%20Samsung%20Smartphones%20-%20Price%20in%20Kenya%20(8)/default%20(6).svg?updatedAt=1786488484841
6a7ba6a35c7cd75eb8fc10d6,ecommerce,default (7).svg,default (7),GLOBAL_ICON,https://ik.imagekit.io/0iaahkrcv/ecommerce/samsung/All%20Samsung%20Smartphones%20-%20Price%20in%20Kenya%20(8)/default%20(7).svg?updatedAt=1786488483577
6a7ba6a35c7cd75eb8fc177d,ecommerce,default (8).svg,default (8),GLOBAL_ICON,https://ik.imagekit.io/0iaahkrcv/ecommerce/samsung/All%20Samsung%20Smartphones%20-%20Price%20in%20Kenya%20(8)/default%20(8).svg?updatedAt=1786488484289
6a7ba6a35c7cd75eb8fc19d0,ecommerce,default (9).svg,default (9),GLOBAL_ICON,https://ik.imagekit.io/0iaahkrcv/ecommerce/samsung/All%20Samsung%20Smartphones%20-%20Price%20in%20Kenya%20(8)/default%20(9).svg?updatedAt=1786488484623
6a7ba6a35c7cd75eb8fc193f,ecommerce,default.svg,default,GLOBAL_ICON,https://ik.imagekit.io/0iaahkrcv/ecommerce/samsung/All%20Samsung%20Smartphones%20-%20Price%20in%20Kenya%20(8)/default.svg?updatedAt=1786488484516
6a7ba6a35c7cd75eb8fc17f2,ecommerce,loader.631b9ed.svg,loader.631b9ed,GLOBAL_ICON,https://ik.imagekit.io/0iaahkrcv/ecommerce/samsung/All%20Samsung%20Smartphones%20-%20Price%20in%20Kenya%20(8)/loader.631b9ed.svg?updatedAt=1786488484889
6a7ba6d55c7cd75eb8fef400,ecommerce,samsung-galaxy-s10-s10-plus-512gb-8gb-JotgXvedIy-medium (1).webp,samsung galaxy s10 s10 plus 512gb 8gb JotgXvedIy medium (1),GLOBAL_ICON,https://ik.imagekit.io/0iaahkrcv/ecommerce/samsung/All%20Samsung%20Smartphones%20-%20Price%20in%20Kenya%20(8)/samsung-galaxy-s10-s10-plus-512gb-8gb-JotgXvedIy-medium%20(1).webp?updatedAt=1786488534266
6a7ba6d95c7cd75eb8ff2f62,ecommerce,samsung-galaxy-s10-s10-plus-512gb-8gb-JotgXvedIy-medium (2).webp,samsung galaxy s10 s10 plus 512gb 8gb JotgXvedIy medium (2),GLOBAL_ICON,https://ik.imagekit.io/0iaahkrcv/ecommerce/samsung/All%20Samsung%20Smartphones%20-%20Price%20in%20Kenya%20(8)/samsung-galaxy-s10-s10-plus-512gb-8gb-JotgXvedIy-medium%20(2).webp?updatedAt=1786488537882
6a7ba6d95c7cd75eb8ff2f5c,ecommerce,samsung-galaxy-s10-s10-plus-512gb-8gb-JotgXvedIy-medium.webp,samsung galaxy s10 s10 plus 512gb 8gb JotgXvedIy medium,GLOBAL_ICON,https://ik.imagekit.io/0iaahkrcv/ecommerce/samsung/All%20Samsung%20Smartphones%20-%20Price%20in%20Kenya%20(8)/samsung-galaxy-s10-s10-plus-512gb-8gb-JotgXvedIy-medium.webp?updatedAt=1786488537887
6a7ba6db5c7cd75eb8ff4f96,ecommerce,search.7d254c6.svg,search.7d254c6,GLOBAL_ICON,https://ik.imagekit.io/0iaahkrcv/ecommerce/samsung/All%20Samsung%20Smartphones%20-%20Price%20in%20Kenya%20(8)/search.7d254c6.svg?updatedAt=1786488539760
6a7ba6db5c7cd75eb8ff4f9f,ecommerce,whatsapp.svg,whatsapp,GLOBAL_ICON,https://ik.imagekit.io/0iaahkrcv/ecommerce/samsung/All%20Samsung%20Smartphones%20-%20Price%20in%20Kenya%20(8)/whatsapp.svg?updatedAt=1786488539717
6a7ba8c85c7cd75eb81b154d,ecommerce,app-logo-desktop.svg,app logo desktop,BRAND_LOGO,https://ik.imagekit.io/0iaahkrcv/ecommerce/samsung/All%20Samsung%20Smartphones%20-%20Price%20in%20Kenya/app-logo-desktop.svg?updatedAt=1786489032821
6a7ba8c85c7cd75eb81b1502,ecommerce,chevron-down.8ee3574.svg,chevron down.8ee3574,GLOBAL_ICON,https://ik.imagekit.io/0iaahkrcv/ecommerce/samsung/All%20Samsung%20Smartphones%20-%20Price%20in%20Kenya/chevron-down.8ee3574.svg?updatedAt=1786489032778
6a7ba8c85c7cd75eb81b154a,ecommerce,default (1).svg,default (1),GLOBAL_ICON,https://ik.imagekit.io/0iaahkrcv/ecommerce/samsung/All%20Samsung%20Smartphones%20-%20Price%20in%20Kenya/default%20(1).svg?updatedAt=1786489032782
6a7ba8c85c7cd75eb81b1516,ecommerce,default (10).svg,default (10),GLOBAL_ICON,https://ik.imagekit.io/0iaahkrcv/ecommerce/samsung/All%20Samsung%20Smartphones%20-%20Price%20in%20Kenya/default%20(10).svg?updatedAt=1786489032780
6a7ba8c85c7cd75eb81b1523,ecommerce,default (11).svg,default (11),GLOBAL_ICON,https://ik.imagekit.io/0iaahkrcv/ecommerce/samsung/All%20Samsung%20Smartphones%20-%20Price%20in%20Kenya/default%20(11).svg?updatedAt=1786489032811
6a7ba8c85c7cd75eb81b1531,ecommerce,default (12).svg,default (12),GLOBAL_ICON,https://ik.imagekit.io/0iaahkrcv/ecommerce/samsung/All%20Samsung%20Smartphones%20-%20Price%20in%20Kenya/default%20(12).svg?updatedAt=1786489032747
6a7ba8c85c7cd75eb81b1554,ecommerce,default (13).svg,default (13),GLOBAL_ICON,https://ik.imagekit.io/0iaahkrcv/ecommerce/samsung/All%20Samsung%20Smartphones%20-%20Price%20in%20Kenya/default%20(13).svg?updatedAt=1786489032749
6a7ba8c85c7cd75eb81b155e,ecommerce,default (14).svg,default (14),GLOBAL_ICON,https://ik.imagekit.io/0iaahkrcv/ecommerce/samsung/All%20Samsung%20Smartphones%20-%20Price%20in%20Kenya/default%20(14).svg?updatedAt=1786489032764
6a7ba8c85c7cd75eb81b1541,ecommerce,default (15).svg,default (15),GLOBAL_ICON,https://ik.imagekit.io/0iaahkrcv/ecommerce/samsung/All%20Samsung%20Smartphones%20-%20Price%20in%20Kenya/default%20(15).svg?updatedAt=1786489032763
6a7ba8c85c7cd75eb81b1564,ecommerce,default (16).svg,default (16),GLOBAL_ICON,https://ik.imagekit.io/0iaahkrcv/ecommerce/samsung/All%20Samsung%20Smartphones%20-%20Price%20in%20Kenya/default%20(16).svg?updatedAt=1786489032819
6a7ba8c85c7cd75eb81b156e,ecommerce,default (17).svg,default (17),GLOBAL_ICON,https://ik.imagekit.io/0iaahkrcv/ecommerce/samsung/All%20Samsung%20Smartphones%20-%20Price%20in%20Kenya/default%20(17).svg?updatedAt=1786489032784
6a7ba8c85c7cd75eb81b1573,ecommerce,default (2).svg,default (2),GLOBAL_ICON,https://ik.imagekit.io/0iaahkrcv/ecommerce/samsung/All%20Samsung%20Smartphones%20-%20Price%20in%20Kenya/default%20(2).svg?updatedAt=1786489032770
6a7ba8c85c7cd75eb81b157b,ecommerce,default (3).svg,default (3),GLOBAL_ICON,https://ik.imagekit.io/0iaahkrcv/ecommerce/samsung/All%20Samsung%20Smartphones%20-%20Price%20in%20Kenya/default%20(3).svg?updatedAt=1786489032792
6a7ba8c85c7cd75eb81b1578,ecommerce,default (4).svg,default (4),GLOBAL_ICON,https://ik.imagekit.io/0iaahkrcv/ecommerce/samsung/All%20Samsung%20Smartphones%20-%20Price%20in%20Kenya/default%20(4).svg?updatedAt=1786489032774
6a7ba8c85c7cd75eb81b1686,ecommerce,default (5).svg,default (5),GLOBAL_ICON,https://ik.imagekit.io/0iaahkrcv/ecommerce/samsung/All%20Samsung%20Smartphones%20-%20Price%20in%20Kenya/default%20(5).svg?updatedAt=1786489032821
6a7ba8c85c7cd75eb81b164d,ecommerce,default (6).svg,default (6),GLOBAL_ICON,https://ik.imagekit.io/0iaahkrcv/ecommerce/samsung/All%20Samsung%20Smartphones%20-%20Price%20in%20Kenya/default%20(6).svg?updatedAt=1786489032790
6a7ba8c85c7cd75eb81b16a0,ecommerce,default (7).svg,default (7),GLOBAL_ICON,https://ik.imagekit.io/0iaahkrcv/ecommerce/samsung/All%20Samsung%20Smartphones%20-%20Price%20in%20Kenya/default%20(7).svg?updatedAt=1786489032846
6a7ba8c85c7cd75eb81b161b,ecommerce,default (8).svg,default (8),GLOBAL_ICON,https://ik.imagekit.io/0iaahkrcv/ecommerce/samsung/All%20Samsung%20Smartphones%20-%20Price%20in%20Kenya/default%20(8).svg?updatedAt=1786489032819
6a7ba8c85c7cd75eb81b163a,ecommerce,default (9).svg,default (9),GLOBAL_ICON,https://ik.imagekit.io/0iaahkrcv/ecommerce/samsung/All%20Samsung%20Smartphones%20-%20Price%20in%20Kenya/default%20(9).svg?updatedAt=1786489032808
6a7ba8c85c7cd75eb81b164c,ecommerce,default.svg,default,GLOBAL_ICON,https://ik.imagekit.io/0iaahkrcv/ecommerce/samsung/All%20Samsung%20Smartphones%20-%20Price%20in%20Kenya/default.svg?updatedAt=1786489032828
6a7ba8c85c7cd75eb81b1657,ecommerce,loader.631b9ed.svg,loader.631b9ed,GLOBAL_ICON,https://ik.imagekit.io/0iaahkrcv/ecommerce/samsung/All%20Samsung%20Smartphones%20-%20Price%20in%20Kenya/loader.631b9ed.svg?updatedAt=1786489032844
6a7ba8f85c7cd75eb81df3a5,ecommerce,Samsung-Galaxy-S25-plus-e-medium (1).webp,Samsung Galaxy S25 plus e medium (1),GLOBAL_ICON,https://ik.imagekit.io/0iaahkrcv/ecommerce/samsung/All%20Samsung%20Smartphones%20-%20Price%20in%20Kenya/Samsung-Galaxy-S25-plus-e-medium%20(1).webp?updatedAt=1786489080742
6a7ba8f85c7cd75eb81df396,ecommerce,Samsung-Galaxy-S25-plus-e-medium (2).webp,Samsung Galaxy S25 plus e medium (2),GLOBAL_ICON,https://ik.imagekit.io/0iaahkrcv/ecommerce/samsung/All%20Samsung%20Smartphones%20-%20Price%20in%20Kenya/Samsung-Galaxy-S25-plus-e-medium%20(2).webp?updatedAt=1786489080738
6a7ba8f85c7cd75eb81df37b,ecommerce,Samsung-Galaxy-S25-plus-e-medium.webp,Samsung Galaxy S25 plus e medium,GLOBAL_ICON,https://ik.imagekit.io/0iaahkrcv/ecommerce/samsung/All%20Samsung%20Smartphones%20-%20Price%20in%20Kenya/Samsung-Galaxy-S25-plus-e-medium.webp?updatedAt=1786489080735
6a7ba8f85c7cd75eb81df395,ecommerce,Samsung-Galaxy-S25-plus-g-medium (1).webp,Samsung Galaxy S25 plus g medium (1),GLOBAL_ICON,https://ik.imagekit.io/0iaahkrcv/ecommerce/samsung/All%20Samsung%20Smartphones%20-%20Price%20in%20Kenya/Samsung-Galaxy-S25-plus-g-medium%20(1).webp?updatedAt=1786489080806
6a7ba8f85c7cd75eb81df391,ecommerce,Samsung-Galaxy-S25-plus-g-medium (2).webp,Samsung Galaxy S25 plus g medium (2),GLOBAL_ICON,https://ik.imagekit.io/0iaahkrcv/ecommerce/samsung/All%20Samsung%20Smartphones%20-%20Price%20in%20Kenya/Samsung-Galaxy-S25-plus-g-medium%20(2).webp?updatedAt=1786489080799
6a7ba8f85c7cd75eb81df384,ecommerce,Samsung-Galaxy-S25-plus-g-medium.webp,Samsung Galaxy S25 plus g medium,GLOBAL_ICON,https://ik.imagekit.io/0iaahkrcv/ecommerce/samsung/All%20Samsung%20Smartphones%20-%20Price%20in%20Kenya/Samsung-Galaxy-S25-plus-g-medium.webp?updatedAt=1786489080743
6a7ba8f85c7cd75eb81df3bf,ecommerce,Samsung-Galaxy-S26-Plus-medium (1).webp,Samsung Galaxy S26 Plus medium (1),GLOBAL_ICON,https://ik.imagekit.io/0iaahkrcv/ecommerce/samsung/All%20Samsung%20Smartphones%20-%20Price%20in%20Kenya/Samsung-Galaxy-S26-Plus-medium%20(1).webp?updatedAt=1786489080760
6a7ba8f85c7cd75eb81df3c5,ecommerce,Samsung-Galaxy-S26-Plus-medium (2).webp,Samsung Galaxy S26 Plus medium (2),GLOBAL_ICON,https://ik.imagekit.io/0iaahkrcv/ecommerce/samsung/All%20Samsung%20Smartphones%20-%20Price%20in%20Kenya/Samsung-Galaxy-S26-Plus-medium%20(2).webp?updatedAt=1786489080792
6a7ba8f85c7cd75eb81df3d3,ecommerce,Samsung-Galaxy-S26-Plus-medium.webp,Samsung Galaxy S26 Plus medium,GLOBAL_ICON,https://ik.imagekit.io/0iaahkrcv/ecommerce/samsung/All%20Samsung%20Smartphones%20-%20Price%20in%20Kenya/Samsung-Galaxy-S26-Plus-medium.webp?updatedAt=1786489080814
6a7ba8f85c7cd75eb81df40c,ecommerce,search.7d254c6.svg,search.7d254c6,GLOBAL_ICON,https://ik.imagekit.io/0iaahkrcv/ecommerce/samsung/All%20Samsung%20Smartphones%20-%20Price%20in%20Kenya/search.7d254c6.svg?updatedAt=1786489080882
6a7ba8f85c7cd75eb81df595,ecommerce,whatsapp.svg,whatsapp,GLOBAL_ICON,https://ik.imagekit.io/0iaahkrcv/ecommerce/samsung/All%20Samsung%20Smartphones%20-%20Price%20in%20Kenya/whatsapp.svg?updatedAt=1786489081033
6a7b59585c7cd75eb87ce013,ecommerce,All Tecno Smartphones - Price in Kenya.zip,All Tecno Smartphones Price in Kenya,OTHER,https://ik.imagekit.io/0iaahkrcv/ecommerce/Tecno-1/All%20Tecno%20Smartphones%20-%20Price%20in%20Kenya.zip?updatedAt=1786468697903
6a7b6a8e5c7cd75eb8e74e4c,ecommerce,All Tecno Smartphones - Price in Kenya.zip,All Tecno Smartphones Price in Kenya,OTHER,https://ik.imagekit.io/0iaahkrcv/ecommerce/Tecno-2/All%20Tecno%20Smartphones%20-%20Price%20in%20Kenya.zip?updatedAt=1786473104027
6a7b6a835c7cd75eb8e6fccb,ecommerce,app-logo-desktop.svg,app logo desktop,BRAND_LOGO,https://ik.imagekit.io/0iaahkrcv/ecommerce/Tecno-2/All%20Tecno%20Smartphones%20-%20Price%20in%20Kenya/app-logo-desktop.svg?updatedAt=1786473092230
6a7b6a865c7cd75eb8e70b8c,ecommerce,chevron-down.8ee3574.svg,chevron down.8ee3574,GLOBAL_ICON,https://ik.imagekit.io/0iaahkrcv/ecommerce/Tecno-2/All%20Tecno%20Smartphones%20-%20Price%20in%20Kenya/chevron-down.8ee3574.svg?updatedAt=1786473095604
6a7b6a875c7cd75eb8e70e38,ecommerce,default (1).svg,default (1),GLOBAL_ICON,https://ik.imagekit.io/0iaahkrcv/ecommerce/Tecno-2/All%20Tecno%20Smartphones%20-%20Price%20in%20Kenya/default%20(1).svg?updatedAt=1786473096201
6a7b6a835c7cd75eb8e6fc70,ecommerce,default (10).svg,default (10),GLOBAL_ICON,https://ik.imagekit.io/0iaahkrcv/ecommerce/Tecno-2/All%20Tecno%20Smartphones%20-%20Price%20in%20Kenya/default%20(10).svg?updatedAt=1786473092096
6a7b6a835c7cd75eb8e6fc69,ecommerce,default (11).svg,default (11),GLOBAL_ICON,https://ik.imagekit.io/0iaahkrcv/ecommerce/Tecno-2/All%20Tecno%20Smartphones%20-%20Price%20in%20Kenya/default%20(11).svg?updatedAt=1786473092041
6a7b6a835c7cd75eb8e6fc98,ecommerce,default (12).svg,default (12),GLOBAL_ICON,https://ik.imagekit.io/0iaahkrcv/ecommerce/Tecno-2/All%20Tecno%20Smartphones%20-%20Price%20in%20Kenya/default%20(12).svg?updatedAt=1786473092156
6a7b6a835c7cd75eb8e6fc6c,ecommerce,default (13).svg,default (13),GLOBAL_ICON,https://ik.imagekit.io/0iaahkrcv/ecommerce/Tecno-2/All%20Tecno%20Smartphones%20-%20Price%20in%20Kenya/default%20(13).svg?updatedAt=1786473092065
6a7b6a835c7cd75eb8e6fc94,ecommerce,default (14).svg,default (14),GLOBAL_ICON,https://ik.imagekit.io/0iaahkrcv/ecommerce/Tecno-2/All%20Tecno%20Smartphones%20-%20Price%20in%20Kenya/default%20(14).svg?updatedAt=1786473092166
6a7b6a835c7cd75eb8e6fc7a,ecommerce,default (15).svg,default (15),GLOBAL_ICON,https://ik.imagekit.io/0iaahkrcv/ecommerce/Tecno-2/All%20Tecno%20Smartphones%20-%20Price%20in%20Kenya/default%20(15).svg?updatedAt=1786473092095
6a7b6a835c7cd75eb8e6fc7e,ecommerce,default (16).svg,default (16),GLOBAL_ICON,https://ik.imagekit.io/0iaahkrcv/ecommerce/Tecno-2/All%20Tecno%20Smartphones%20-%20Price%20in%20Kenya/default%20(16).svg?updatedAt=1786473092079
6a7b6a835c7cd75eb8e6fc77,ecommerce,default (17).svg,default (17),GLOBAL_ICON,https://ik.imagekit.io/0iaahkrcv/ecommerce/Tecno-2/All%20Tecno%20Smartphones%20-%20Price%20in%20Kenya/default%20(17).svg?updatedAt=1786473092101
6a7b6a835c7cd75eb8e6fcba,ecommerce,default (2).svg,default (2),GLOBAL_ICON,https://ik.imagekit.io/0iaahkrcv/ecommerce/Tecno-2/All%20Tecno%20Smartphones%20-%20Price%20in%20Kenya/default%20(2).svg?updatedAt=1786473092189
6a7b6a835c7cd75eb8e6fc83,ecommerce,default (3).svg,default (3),GLOBAL_ICON,https://ik.imagekit.io/0iaahkrcv/ecommerce/Tecno-2/All%20Tecno%20Smartphones%20-%20Price%20in%20Kenya/default%20(3).svg?updatedAt=1786473092105
6a7b6a845c7cd75eb8e6ff33,ecommerce,default (4).svg,default (4),GLOBAL_ICON,https://ik.imagekit.io/0iaahkrcv/ecommerce/Tecno-2/All%20Tecno%20Smartphones%20-%20Price%20in%20Kenya/default%20(4).svg?updatedAt=1786473092761
6a7b6a895c7cd75eb8e7199a,ecommerce,default (5).svg,default (5),GLOBAL_ICON,https://ik.imagekit.io/0iaahkrcv/ecommerce/Tecno-2/All%20Tecno%20Smartphones%20-%20Price%20in%20Kenya/default%20(5).svg?updatedAt=1786473098129
6a7b6a845c7cd75eb8e6ff3a,ecommerce,default (6).svg,default (6),GLOBAL_ICON,https://ik.imagekit.io/0iaahkrcv/ecommerce/Tecno-2/All%20Tecno%20Smartphones%20-%20Price%20in%20Kenya/default%20(6).svg?updatedAt=1786473092799
6a7b6a845c7cd75eb8e6ff56,ecommerce,default (7).svg,default (7),GLOBAL_ICON,https://ik.imagekit.io/0iaahkrcv/ecommerce/Tecno-2/All%20Tecno%20Smartphones%20-%20Price%20in%20Kenya/default%20(7).svg?updatedAt=1786473092805
6a7b6a845c7cd75eb8e6ff39,ecommerce,default (8).svg,default (8),GLOBAL_ICON,https://ik.imagekit.io/0iaahkrcv/ecommerce/Tecno-2/All%20Tecno%20Smartphones%20-%20Price%20in%20Kenya/default%20(8).svg?updatedAt=1786473092766
6a7b6a845c7cd75eb8e6ff41,ecommerce,default (9).svg,default (9),GLOBAL_ICON,https://ik.imagekit.io/0iaahkrcv/ecommerce/Tecno-2/All%20Tecno%20Smartphones%20-%20Price%20in%20Kenya/default%20(9).svg?updatedAt=1786473092774
6a7b6a845c7cd75eb8e6ff21,ecommerce,default.svg,default,GLOBAL_ICON,https://ik.imagekit.io/0iaahkrcv/ecommerce/Tecno-2/All%20Tecno%20Smartphones%20-%20Price%20in%20Kenya/default.svg?updatedAt=1786473092710
6a7b6a845c7cd75eb8e6ff69,ecommerce,loader.631b9ed.svg,loader.631b9ed,GLOBAL_ICON,https://ik.imagekit.io/0iaahkrcv/ecommerce/Tecno-2/All%20Tecno%20Smartphones%20-%20Price%20in%20Kenya/loader.631b9ed.svg?updatedAt=1786473092820
6a7b6a8a5c7cd75eb8e71d9e,ecommerce,search.7d254c6.svg,search.7d254c6,GLOBAL_ICON,https://ik.imagekit.io/0iaahkrcv/ecommerce/Tecno-2/All%20Tecno%20Smartphones%20-%20Price%20in%20Kenya/search.7d254c6.svg?updatedAt=1786473098827
6a7b6a895c7cd75eb8e719f8,ecommerce,tecno-spark-40-pro-plus-d-medium (1).webp,tecno spark 40 pro plus d medium (1),GLOBAL_ICON,https://ik.imagekit.io/0iaahkrcv/ecommerce/Tecno-2/All%20Tecno%20Smartphones%20-%20Price%20in%20Kenya/tecno-spark-40-pro-plus-d-medium%20(1).webp?updatedAt=1786473098258
6a7b6a875c7cd75eb8e70c9e,ecommerce,tecno-spark-40-pro-plus-d-medium (2).webp,tecno spark 40 pro plus d medium (2),GLOBAL_ICON,https://ik.imagekit.io/0iaahkrcv/ecommerce/Tecno-2/All%20Tecno%20Smartphones%20-%20Price%20in%20Kenya/tecno-spark-40-pro-plus-d-medium%20(2).webp?updatedAt=1786473095891
6a7b6a8a5c7cd75eb8e725bb,ecommerce,tecno-spark-40-pro-plus-d-medium (3).webp,tecno spark 40 pro plus d medium (3),GLOBAL_ICON,https://ik.imagekit.io/0iaahkrcv/ecommerce/Tecno-2/All%20Tecno%20Smartphones%20-%20Price%20in%20Kenya/tecno-spark-40-pro-plus-d-medium%20(3).webp?updatedAt=1786473099489
6a7b6a8a5c7cd75eb8e71e3c,ecommerce,tecno-spark-40-pro-plus-d-medium (4).webp,tecno spark 40 pro plus d medium (4),GLOBAL_ICON,https://ik.imagekit.io/0iaahkrcv/ecommerce/Tecno-2/All%20Tecno%20Smartphones%20-%20Price%20in%20Kenya/tecno-spark-40-pro-plus-d-medium%20(4).webp?updatedAt=1786473098872
6a7b6a8a5c7cd75eb8e71efe,ecommerce,tecno-spark-40-pro-plus-d-medium (5).webp,tecno spark 40 pro plus d medium (5),GLOBAL_ICON,https://ik.imagekit.io/0iaahkrcv/ecommerce/Tecno-2/All%20Tecno%20Smartphones%20-%20Price%20in%20Kenya/tecno-spark-40-pro-plus-d-medium%20(5).webp?updatedAt=1786473098914
6a7b6a8a5c7cd75eb8e71cea,ecommerce,tecno-spark-40-pro-plus-d-medium.webp,tecno spark 40 pro plus d medium,GLOBAL_ICON,https://ik.imagekit.io/0iaahkrcv/ecommerce/Tecno-2/All%20Tecno%20Smartphones%20-%20Price%20in%20Kenya/tecno-spark-40-pro-plus-d-medium.webp?updatedAt=1786473098761
6a7b6a8c5c7cd75eb8e73e2b,ecommerce,whatsapp.svg,whatsapp,GLOBAL_ICON,https://ik.imagekit.io/0iaahkrcv/ecommerce/Tecno-2/All%20Tecno%20Smartphones%20-%20Price%20in%20Kenya/whatsapp.svg?updatedAt=1786473101469
6a7cac065c7cd75eb853e8bd,gadgets,apple-watches.png,apple watches,BRAND_LOGO,https://ik.imagekit.io/0iaahkrcv/gadgets/apple-watches.png?updatedAt=1786555398972
6a7cac065c7cd75eb853ee40,gadgets,download (1).svg,download (1),GLOBAL_ICON,https://ik.imagekit.io/0iaahkrcv/gadgets/download%20(1).svg?updatedAt=1786555399547
6a7cac065c7cd75eb853ec03,gadgets,download (10).svg,download (10),GLOBAL_ICON,https://ik.imagekit.io/0iaahkrcv/gadgets/download%20(10).svg?updatedAt=1786555399440
6a7cac065c7cd75eb853ebc1,gadgets,download (11).svg,download (11),GLOBAL_ICON,https://ik.imagekit.io/0iaahkrcv/gadgets/download%20(11).svg?updatedAt=1786555399339
6a7cac065c7cd75eb853ebfc,gadgets,download (12).svg,download (12),GLOBAL_ICON,https://ik.imagekit.io/0iaahkrcv/gadgets/download%20(12).svg?updatedAt=1786555399416
6a7cac065c7cd75eb853ebe4,gadgets,download (13).svg,download (13),GLOBAL_ICON,https://ik.imagekit.io/0iaahkrcv/gadgets/download%20(13).svg?updatedAt=1786555399356
6a7cac065c7cd75eb853ebf7,gadgets,download (14).svg,download (14),GLOBAL_ICON,https://ik.imagekit.io/0iaahkrcv/gadgets/download%20(14).svg?updatedAt=1786555399427
6a7cac065c7cd75eb853f02a,gadgets,download (15).svg,download (15),GLOBAL_ICON,https://ik.imagekit.io/0iaahkrcv/gadgets/download%20(15).svg?updatedAt=1786555399576
6a7cac075c7cd75eb853f1c6,gadgets,download (16).svg,download (16),GLOBAL_ICON,https://ik.imagekit.io/0iaahkrcv/gadgets/download%20(16).svg?updatedAt=1786555399646
6a7cac075c7cd75eb853f1e6,gadgets,download (17).svg,download (17),GLOBAL_ICON,https://ik.imagekit.io/0iaahkrcv/gadgets/download%20(17).svg?updatedAt=1786555399664
6a7cac075c7cd75eb853f204,gadgets,download (18).svg,download (18),GLOBAL_ICON,https://ik.imagekit.io/0iaahkrcv/gadgets/download%20(18).svg?updatedAt=1786555399688
6a7cac075c7cd75eb853f198,gadgets,download (19).svg,download (19),GLOBAL_ICON,https://ik.imagekit.io/0iaahkrcv/gadgets/download%20(19).svg?updatedAt=1786555399640
6a7cac075c7cd75eb853f3fb,gadgets,download (2).svg,download (2),GLOBAL_ICON,https://ik.imagekit.io/0iaahkrcv/gadgets/download%20(2).svg?updatedAt=1786555399705
6a7cac075c7cd75eb853f35a,gadgets,download (20).svg,download (20),GLOBAL_ICON,https://ik.imagekit.io/0iaahkrcv/gadgets/download%20(20).svg?updatedAt=1786555399694
6a7cac075c7cd75eb853f212,gadgets,download (21).svg,download (21),GLOBAL_ICON,https://ik.imagekit.io/0iaahkrcv/gadgets/download%20(21).svg?updatedAt=1786555399687
6a7cac075c7cd75eb853f274,gadgets,download (22).svg,download (22),GLOBAL_ICON,https://ik.imagekit.io/0iaahkrcv/gadgets/download%20(22).svg?updatedAt=1786555399660
6a7cac075c7cd75eb853f161,gadgets,download (23).svg,download (23),GLOBAL_ICON,https://ik.imagekit.io/0iaahkrcv/gadgets/download%20(23).svg?updatedAt=1786555399653
6a7cac075c7cd75eb853f1a4,gadgets,download (24).svg,download (24),GLOBAL_ICON,https://ik.imagekit.io/0iaahkrcv/gadgets/download%20(24).svg?updatedAt=1786555399617
6a7cac075c7cd75eb853f261,gadgets,download (25).svg,download (25),GLOBAL_ICON,https://ik.imagekit.io/0iaahkrcv/gadgets/download%20(25).svg?updatedAt=1786555399665
6a7cac075c7cd75eb853f1b6,gadgets,download (26).svg,download (26),GLOBAL_ICON,https://ik.imagekit.io/0iaahkrcv/gadgets/download%20(26).svg?updatedAt=1786555399621
6a7cac075c7cd75eb853f216,gadgets,download (27).svg,download (27),GLOBAL_ICON,https://ik.imagekit.io/0iaahkrcv/gadgets/download%20(27).svg?updatedAt=1786555399625
6a7cac075c7cd75eb853f218,gadgets,download (28).svg,download (28),GLOBAL_ICON,https://ik.imagekit.io/0iaahkrcv/gadgets/download%20(28).svg?updatedAt=1786555399625
6a7cac075c7cd75eb853f1ec,gadgets,download (29).svg,download (29),GLOBAL_ICON,https://ik.imagekit.io/0iaahkrcv/gadgets/download%20(29).svg?updatedAt=1786555399621
6a7cac075c7cd75eb853f1bb,gadgets,download (3).svg,download (3),GLOBAL_ICON,https://ik.imagekit.io/0iaahkrcv/gadgets/download%20(3).svg?updatedAt=1786555399641
6a7cac075c7cd75eb853f3bf,gadgets,download (30).svg,download (30),GLOBAL_ICON,https://ik.imagekit.io/0iaahkrcv/gadgets/download%20(30).svg?updatedAt=1786555399720
6a7cac075c7cd75eb853f3f2,gadgets,download (31).svg,download (31),GLOBAL_ICON,https://ik.imagekit.io/0iaahkrcv/gadgets/download%20(31).svg?updatedAt=1786555399702
6a7cac075c7cd75eb853f1f9,gadgets,download (32).svg,download (32),GLOBAL_ICON,https://ik.imagekit.io/0iaahkrcv/gadgets/download%20(32).svg?updatedAt=1786555399630
6a7cac075c7cd75eb853f3b4,gadgets,download (33).svg,download (33),GLOBAL_ICON,https://ik.imagekit.io/0iaahkrcv/gadgets/download%20(33).svg?updatedAt=1786555399693
6a7cac075c7cd75eb853f227,gadgets,download (34).svg,download (34),GLOBAL_ICON,https://ik.imagekit.io/0iaahkrcv/gadgets/download%20(34).svg?updatedAt=1786555399643
6a7cac075c7cd75eb853f27e,gadgets,download (35).svg,download (35),GLOBAL_ICON,https://ik.imagekit.io/0iaahkrcv/gadgets/download%20(35).svg?updatedAt=1786555399652
6a7cac075c7cd75eb853f41e,gadgets,download (36).svg,download (36),GLOBAL_ICON,https://ik.imagekit.io/0iaahkrcv/gadgets/download%20(36).svg?updatedAt=1786555399762
6a7cac075c7cd75eb853f27c,gadgets,download (4).svg,download (4),GLOBAL_ICON,https://ik.imagekit.io/0iaahkrcv/gadgets/download%20(4).svg?updatedAt=1786555399632
6a7cac075c7cd75eb853f6a2,gadgets,download (5).svg,download (5),GLOBAL_ICON,https://ik.imagekit.io/0iaahkrcv/gadgets/download%20(5).svg?updatedAt=1786555399944
6a7cac075c7cd75eb853f510,gadgets,download (6).svg,download (6),GLOBAL_ICON,https://ik.imagekit.io/0iaahkrcv/gadgets/download%20(6).svg?updatedAt=1786555399747
6a7cac075c7cd75eb853f279,gadgets,download (7).svg,download (7),GLOBAL_ICON,https://ik.imagekit.io/0iaahkrcv/gadgets/download%20(7).svg?updatedAt=1786555399617
6a7cac075c7cd75eb853f480,gadgets,download (8).svg,download (8),GLOBAL_ICON,https://ik.imagekit.io/0iaahkrcv/gadgets/download%20(8).svg?updatedAt=1786555399688
6a7cac085c7cd75eb85409bb,gadgets,download (9).svg,download (9),GLOBAL_ICON,https://ik.imagekit.io/0iaahkrcv/gadgets/download%20(9).svg?updatedAt=1786555400971
6a7cac075c7cd75eb853f65a,gadgets,download.svg,download,GLOBAL_ICON,https://ik.imagekit.io/0iaahkrcv/gadgets/download.svg?updatedAt=1786555399892
6a7cac105c7cd75eb85472bf,gadgets,image - 2026-08-12T163348.315.webp,image 2026 08 12T163348.315,UNKNOWN,https://ik.imagekit.io/0iaahkrcv/gadgets/image%20-%202026-08-12T163348.315.webp?updatedAt=1786555409023
6a7cac105c7cd75eb85473cb,gadgets,image - 2026-08-12T163349.237.webp,image 2026 08 12T163349.237,UNKNOWN,https://ik.imagekit.io/0iaahkrcv/gadgets/image%20-%202026-08-12T163349.237.webp?updatedAt=1786555409057
6a7cac105c7cd75eb8546a36,gadgets,image (97).webp,image (97),UNKNOWN,https://ik.imagekit.io/0iaahkrcv/gadgets/image%20(97).webp?updatedAt=1786555408617
6a7cac105c7cd75eb8546ba6,gadgets,image (98).webp,image (98),UNKNOWN,https://ik.imagekit.io/0iaahkrcv/gadgets/image%20(98).webp?updatedAt=1786555408707
6a7cac105c7cd75eb854773a,gadgets,logo (1).png,logo (1),BRAND_LOGO,https://ik.imagekit.io/0iaahkrcv/gadgets/logo%20(1).png?updatedAt=1786555409185
6a7cac105c7cd75eb8547805,gadgets,logo.png,logo,BRAND_LOGO,https://ik.imagekit.io/0iaahkrcv/gadgets/logo.png?updatedAt=1786555409236
6a7cac105c7cd75eb85479b3,gadgets,logo2 (1).png,logo2 (1),BRAND_LOGO,https://ik.imagekit.io/0iaahkrcv/gadgets/logo2%20(1).png?updatedAt=1786555409301
6a7cac105c7cd75eb85478be,gadgets,logo2.png,logo2,BRAND_LOGO,https://ik.imagekit.io/0iaahkrcv/gadgets/logo2.png?updatedAt=1786555409233
6a7cac115c7cd75eb8548892,gadgets,redmi-a7-pro (6).png,redmi a7 pro (6),BRAND_LOGO,https://ik.imagekit.io/0iaahkrcv/gadgets/redmi-a7-pro%20(6).png?updatedAt=1786555410022
6a7cac115c7cd75eb854817c,gadgets,redmi-a7-pro (7).png,redmi a7 pro (7),BRAND_LOGO,https://ik.imagekit.io/0iaahkrcv/gadgets/redmi-a7-pro%20(7).png?updatedAt=1786555409695
6a7cac165c7cd75eb854c358,gadgets,samsung-phone.png,samsung phone,BRAND_LOGO,https://ik.imagekit.io/0iaahkrcv/gadgets/samsung-phone.png?updatedAt=1786555414812
6a7cac165c7cd75eb854c315,gadgets,samsung-products.png,samsung products,BRAND_LOGO,https://ik.imagekit.io/0iaahkrcv/gadgets/samsung-products.png?updatedAt=1786555414831
6a7cac1c5c7cd75eb855253d,gadgets,xiaomi-products.png,xiaomi products,BRAND_LOGO,https://ik.imagekit.io/0iaahkrcv/gadgets/xiaomi-products.png?updatedAt=1786555420620
6a7c24eb5c7cd75eb84c4269,itel,app-logo-desktop (1).svg,app logo desktop (1),BRAND_LOGO,https://ik.imagekit.io/0iaahkrcv/itel/app-logo-desktop%20(1).svg?updatedAt=1786520812492
6a7c24eb5c7cd75eb84c3fc5,itel,app-logo-desktop.svg,app logo desktop,BRAND_LOGO,https://ik.imagekit.io/0iaahkrcv/itel/app-logo-desktop.svg?updatedAt=1786520812232
6a7c24eb5c7cd75eb84c401f,itel,apple-logo-original (1).webp,apple logo original (1),BRAND_LOGO,https://ik.imagekit.io/0iaahkrcv/itel/apple-logo-original%20(1).webp?updatedAt=1786520812368
6a7c24eb5c7cd75eb84c3f93,itel,apple-logo-original (2).webp,apple logo original (2),BRAND_LOGO,https://ik.imagekit.io/0iaahkrcv/itel/apple-logo-original%20(2).webp?updatedAt=1786520812250
6a7c24eb5c7cd75eb84c416e,itel,apple-logo-original (3).webp,apple logo original (3),BRAND_LOGO,https://ik.imagekit.io/0iaahkrcv/itel/apple-logo-original%20(3).webp?updatedAt=1786520812415
6a7c24eb5c7cd75eb84c42cd,itel,apple-logo-original (4).webp,apple logo original (4),BRAND_LOGO,https://ik.imagekit.io/0iaahkrcv/itel/apple-logo-original%20(4).webp?updatedAt=1786520812954
6a7c24eb5c7cd75eb84c4162,itel,apple-logo-original (5).webp,apple logo original (5),BRAND_LOGO,https://ik.imagekit.io/0iaahkrcv/itel/apple-logo-original%20(5).webp?updatedAt=1786520812441
6a7c24eb5c7cd75eb84c41ed,itel,apple-logo-original.webp,apple logo original,BRAND_LOGO,https://ik.imagekit.io/0iaahkrcv/itel/apple-logo-original.webp?updatedAt=1786520812485
6a7c24eb5c7cd75eb84c42d3,itel,asus-original (1).webp,asus original (1),BRAND_LOGO,https://ik.imagekit.io/0iaahkrcv/itel/asus-original%20(1).webp?updatedAt=1786520812931
6a7c24ec5c7cd75eb84c478f,itel,asus-original (2).webp,asus original (2),BRAND_LOGO,https://ik.imagekit.io/0iaahkrcv/itel/asus-original%20(2).webp?updatedAt=1786520812848
6a7c24ec5c7cd75eb84c4948,itel,asus-original (3).webp,asus original (3),BRAND_LOGO,https://ik.imagekit.io/0iaahkrcv/itel/asus-original%20(3).webp?updatedAt=1786520812999
6a7c24ec5c7cd75eb84c44d3,itel,asus-original (4).webp,asus original (4),BRAND_LOGO,https://ik.imagekit.io/0iaahkrcv/itel/asus-original%20(4).webp?updatedAt=1786520812719
6a7c24ec5c7cd75eb84c4c0f,itel,asus-original (5).webp,asus original (5),BRAND_LOGO,https://ik.imagekit.io/0iaahkrcv/itel/asus-original%20(5).webp?updatedAt=1786520813441
6a7c24ec5c7cd75eb84c4bfe,itel,asus-original.webp,asus original,BRAND_LOGO,https://ik.imagekit.io/0iaahkrcv/itel/asus-original.webp?updatedAt=1786520813212
6a7c24ec5c7cd75eb84c4c02,itel,chevron-down.8ee3574 (1).svg,chevron down.8ee3574 (1),GLOBAL_ICON,https://ik.imagekit.io/0iaahkrcv/itel/chevron-down.8ee3574%20(1).svg?updatedAt=1786520813425
6a7c24ec5c7cd75eb84c4c55,itel,chevron-down.8ee3574.svg,chevron down.8ee3574,GLOBAL_ICON,https://ik.imagekit.io/0iaahkrcv/itel/chevron-down.8ee3574.svg?updatedAt=1786520813227
6a7c24ec5c7cd75eb84c4bcf,itel,download (1).svg,download (1),GLOBAL_ICON,https://ik.imagekit.io/0iaahkrcv/itel/download%20(1).svg?updatedAt=1786520813147
6a7c24ec5c7cd75eb84c4e36,itel,download (10).svg,download (10),GLOBAL_ICON,https://ik.imagekit.io/0iaahkrcv/itel/download%20(10).svg?updatedAt=1786520813348
6a7c24ec5c7cd75eb84c4cae,itel,download (11).svg,download (11),GLOBAL_ICON,https://ik.imagekit.io/0iaahkrcv/itel/download%20(11).svg?updatedAt=1786520813268
6a7c24ec5c7cd75eb84c4cb9,itel,download (12).svg,download (12),GLOBAL_ICON,https://ik.imagekit.io/0iaahkrcv/itel/download%20(12).svg?updatedAt=1786520813311
6a7c24ec5c7cd75eb84c4bd2,itel,download (13).svg,download (13),GLOBAL_ICON,https://ik.imagekit.io/0iaahkrcv/itel/download%20(13).svg?updatedAt=1786520813169
6a7c24ec5c7cd75eb84c4cb1,itel,download (14).svg,download (14),GLOBAL_ICON,https://ik.imagekit.io/0iaahkrcv/itel/download%20(14).svg?updatedAt=1786520813273
6a7c24ec5c7cd75eb84c4d0b,itel,download (15).svg,download (15),GLOBAL_ICON,https://ik.imagekit.io/0iaahkrcv/itel/download%20(15).svg?updatedAt=1786520813376
6a7c24ec5c7cd75eb84c4d36,itel,download (16).svg,download (16),GLOBAL_ICON,https://ik.imagekit.io/0iaahkrcv/itel/download%20(16).svg?updatedAt=1786520813248
6a7c24ec5c7cd75eb84c4c8e,itel,download (17).svg,download (17),GLOBAL_ICON,https://ik.imagekit.io/0iaahkrcv/itel/download%20(17).svg?updatedAt=1786520813300
6a7c24ec5c7cd75eb84c4be6,itel,download (18).svg,download (18),GLOBAL_ICON,https://ik.imagekit.io/0iaahkrcv/itel/download%20(18).svg?updatedAt=1786520813147
6a7c24ec5c7cd75eb84c4d05,itel,download (19).svg,download (19),GLOBAL_ICON,https://ik.imagekit.io/0iaahkrcv/itel/download%20(19).svg?updatedAt=1786520813389
6a7c24ec5c7cd75eb84c4c16,itel,download (2).svg,download (2),GLOBAL_ICON,https://ik.imagekit.io/0iaahkrcv/itel/download%20(2).svg?updatedAt=1786520813239
6a7c24ec5c7cd75eb84c4c18,itel,download (20).svg,download (20),GLOBAL_ICON,https://ik.imagekit.io/0iaahkrcv/itel/download%20(20).svg?updatedAt=1786520813549
6a7c24ec5c7cd75eb84c4cd5,itel,download (21).svg,download (21),GLOBAL_ICON,https://ik.imagekit.io/0iaahkrcv/itel/download%20(21).svg?updatedAt=1786520813300
6a7c24ec5c7cd75eb84c4cc8,itel,download (22).svg,download (22),GLOBAL_ICON,https://ik.imagekit.io/0iaahkrcv/itel/download%20(22).svg?updatedAt=1786520813619
6a7c24ec5c7cd75eb84c4ce3,itel,download (23).svg,download (23),GLOBAL_ICON,https://ik.imagekit.io/0iaahkrcv/itel/download%20(23).svg?updatedAt=1786520813280
6a7c24ec5c7cd75eb84c4cbb,itel,download (24).svg,download (24),GLOBAL_ICON,https://ik.imagekit.io/0iaahkrcv/itel/download%20(24).svg?updatedAt=1786520813337
6a7c24ec5c7cd75eb84c4d74,itel,download (25).svg,download (25),GLOBAL_ICON,https://ik.imagekit.io/0iaahkrcv/itel/download%20(25).svg?updatedAt=1786520813331
6a7c24ec5c7cd75eb84c4c20,itel,download (26).svg,download (26),GLOBAL_ICON,https://ik.imagekit.io/0iaahkrcv/itel/download%20(26).svg?updatedAt=1786520813211
6a7c24ec5c7cd75eb84c4bf2,itel,download (27).svg,download (27),GLOBAL_ICON,https://ik.imagekit.io/0iaahkrcv/itel/download%20(27).svg?updatedAt=1786520813190
6a7c24ec5c7cd75eb84c4c07,itel,download (28).svg,download (28),GLOBAL_ICON,https://ik.imagekit.io/0iaahkrcv/itel/download%20(28).svg?updatedAt=1786520813185
6a7c24ec5c7cd75eb84c4cda,itel,download (29).svg,download (29),GLOBAL_ICON,https://ik.imagekit.io/0iaahkrcv/itel/download%20(29).svg?updatedAt=1786520813328
6a7c24ec5c7cd75eb84c4f16,itel,download (3).svg,download (3),GLOBAL_ICON,https://ik.imagekit.io/0iaahkrcv/itel/download%20(3).svg?updatedAt=1786520813535
6a7c24ec5c7cd75eb84c4bee,itel,download (30).svg,download (30),GLOBAL_ICON,https://ik.imagekit.io/0iaahkrcv/itel/download%20(30).svg?updatedAt=1786520813191
6a7c24ec5c7cd75eb84c4f23,itel,download (31).svg,download (31),GLOBAL_ICON,https://ik.imagekit.io/0iaahkrcv/itel/download%20(31).svg?updatedAt=1786520813532
6a7c24ec5c7cd75eb84c4ef0,itel,download (32).svg,download (32),GLOBAL_ICON,https://ik.imagekit.io/0iaahkrcv/itel/download%20(32).svg?updatedAt=1786520813438
6a7c24ec5c7cd75eb84c4c1d,itel,download (33).svg,download (33),GLOBAL_ICON,https://ik.imagekit.io/0iaahkrcv/itel/download%20(33).svg?updatedAt=1786520813531
6a7c24ed5c7cd75eb84c58ab,itel,download (34).svg,download (34),GLOBAL_ICON,https://ik.imagekit.io/0iaahkrcv/itel/download%20(34).svg?updatedAt=1786520813984
6a7c24ec5c7cd75eb84c4f10,itel,download (35).svg,download (35),GLOBAL_ICON,https://ik.imagekit.io/0iaahkrcv/itel/download%20(35).svg?updatedAt=1786520813472
6a7c24ec5c7cd75eb84c4d44,itel,download (4).svg,download (4),GLOBAL_ICON,https://ik.imagekit.io/0iaahkrcv/itel/download%20(4).svg?updatedAt=1786520813288
6a7c24ec5c7cd75eb84c4cc0,itel,download (5).svg,download (5),GLOBAL_ICON,https://ik.imagekit.io/0iaahkrcv/itel/download%20(5).svg?updatedAt=1786520813734
6a7c24ec5c7cd75eb84c4f57,itel,download (6).svg,download (6),GLOBAL_ICON,https://ik.imagekit.io/0iaahkrcv/itel/download%20(6).svg?updatedAt=1786520813577
6a7c24ec5c7cd75eb84c4e8f,itel,download (7).svg,download (7),GLOBAL_ICON,https://ik.imagekit.io/0iaahkrcv/itel/download%20(7).svg?updatedAt=1786520813413
6a7c24ec5c7cd75eb84c4cba,itel,download (8).svg,download (8),GLOBAL_ICON,https://ik.imagekit.io/0iaahkrcv/itel/download%20(8).svg?updatedAt=1786520813199
6a7c24ec5c7cd75eb84c4ef4,itel,download (9).svg,download (9),GLOBAL_ICON,https://ik.imagekit.io/0iaahkrcv/itel/download%20(9).svg?updatedAt=1786520813476
6a7c24ec5c7cd75eb84c4c0e,itel,download.svg,download,GLOBAL_ICON,https://ik.imagekit.io/0iaahkrcv/itel/download.svg?updatedAt=1786520813206
6a7c24ec5c7cd75eb84c4e88,itel,energizer-logo-original (1).webp,energizer logo original (1),BRAND_LOGO,https://ik.imagekit.io/0iaahkrcv/itel/energizer-logo-original%20(1).webp?updatedAt=1786520813825
6a7c24ec5c7cd75eb84c4f7e,itel,energizer-logo-original (2).webp,energizer logo original (2),BRAND_LOGO,https://ik.imagekit.io/0iaahkrcv/itel/energizer-logo-original%20(2).webp?updatedAt=1786520813583
6a7c24ec5c7cd75eb84c4e9c,itel,energizer-logo-original (3).webp,energizer logo original (3),BRAND_LOGO,https://ik.imagekit.io/0iaahkrcv/itel/energizer-logo-original%20(3).webp?updatedAt=1786520813426
6a7c24ec5c7cd75eb84c4fa3,itel,energizer-logo-original (4).webp,energizer logo original (4),BRAND_LOGO,https://ik.imagekit.io/0iaahkrcv/itel/energizer-logo-original%20(4).webp?updatedAt=1786520813878
6a7c24ec5c7cd75eb84c4f06,itel,energizer-logo-original (5).webp,energizer logo original (5),BRAND_LOGO,https://ik.imagekit.io/0iaahkrcv/itel/energizer-logo-original%20(5).webp?updatedAt=1786520813484
6a7c24ec5c7cd75eb84c4fab,itel,energizer-logo-original.webp,energizer logo original,BRAND_LOGO,https://ik.imagekit.io/0iaahkrcv/itel/energizer-logo-original.webp?updatedAt=1786520813540
6a7c24ec5c7cd75eb84c4f80,itel,google-logo-original (1).webp,google logo original (1),BRAND_LOGO,https://ik.imagekit.io/0iaahkrcv/itel/google-logo-original%20(1).webp?updatedAt=1786520813812
6a7c24ec5c7cd75eb84c4ed6,itel,google-logo-original (2).webp,google logo original (2),BRAND_LOGO,https://ik.imagekit.io/0iaahkrcv/itel/google-logo-original%20(2).webp?updatedAt=1786520813423
6a7c24ec5c7cd75eb84c4fae,itel,google-logo-original (3).webp,google logo original (3),BRAND_LOGO,https://ik.imagekit.io/0iaahkrcv/itel/google-logo-original%20(3).webp?updatedAt=1786520813859
6a7c24ec5c7cd75eb84c4be9,itel,google-logo-original (4).webp,google logo original (4),BRAND_LOGO,https://ik.imagekit.io/0iaahkrcv/itel/google-logo-original%20(4).webp?updatedAt=1786520813197
6a7c24ec5c7cd75eb84c4fb6,itel,google-logo-original (5).webp,google logo original (5),BRAND_LOGO,https://ik.imagekit.io/0iaahkrcv/itel/google-logo-original%20(5).webp?updatedAt=1786520813519
6a7c24ec5c7cd75eb84c4f99,itel,google-logo-original.webp,google logo original,BRAND_LOGO,https://ik.imagekit.io/0iaahkrcv/itel/google-logo-original.webp?updatedAt=1786520813661
6a7c24ec5c7cd75eb84c4f81,itel,honor-logo-original (1).webp,honor logo original (1),BRAND_LOGO,https://ik.imagekit.io/0iaahkrcv/itel/honor-logo-original%20(1).webp?updatedAt=1786520813610
6a7c24ec5c7cd75eb84c4f62,itel,honor-logo-original (2).webp,honor logo original (2),BRAND_LOGO,https://ik.imagekit.io/0iaahkrcv/itel/honor-logo-original%20(2).webp?updatedAt=1786520813514
6a7c24ec5c7cd75eb84c4cdc,itel,honor-logo-original (3).webp,honor logo original (3),BRAND_LOGO,https://ik.imagekit.io/0iaahkrcv/itel/honor-logo-original%20(3).webp?updatedAt=1786520813380
6a7c24ec5c7cd75eb84c4e57,itel,honor-logo-original (4).webp,honor logo original (4),BRAND_LOGO,https://ik.imagekit.io/0iaahkrcv/itel/honor-logo-original%20(4).webp?updatedAt=1786520813389
6a7c24ed5c7cd75eb84c50e9,itel,honor-logo-original (5).webp,honor logo original (5),BRAND_LOGO,https://ik.imagekit.io/0iaahkrcv/itel/honor-logo-original%20(5).webp?updatedAt=1786520813619
6a7c24ec5c7cd75eb84c4e74,itel,honor-logo-original.webp,honor logo original,BRAND_LOGO,https://ik.imagekit.io/0iaahkrcv/itel/honor-logo-original.webp?updatedAt=1786520813417
6a7c24ec5c7cd75eb84c4f34,itel,htc-logo-original (1).webp,htc logo original (1),BRAND_LOGO,https://ik.imagekit.io/0iaahkrcv/itel/htc-logo-original%20(1).webp?updatedAt=1786520813487
6a7c24ec5c7cd75eb84c4ede,itel,htc-logo-original (2).webp,htc logo original (2),BRAND_LOGO,https://ik.imagekit.io/0iaahkrcv/itel/htc-logo-original%20(2).webp?updatedAt=1786520813462
6a7c24ec5c7cd75eb84c4ff6,itel,htc-logo-original (3).webp,htc logo original (3),BRAND_LOGO,https://ik.imagekit.io/0iaahkrcv/itel/htc-logo-original%20(3).webp?updatedAt=1786520813529
6a7c24ec5c7cd75eb84c4ec7,itel,htc-logo-original (4).webp,htc logo original (4),BRAND_LOGO,https://ik.imagekit.io/0iaahkrcv/itel/htc-logo-original%20(4).webp?updatedAt=1786520813837
6a7c24ec5c7cd75eb84c4ec0,itel,htc-logo-original (5).webp,htc logo original (5),BRAND_LOGO,https://ik.imagekit.io/0iaahkrcv/itel/htc-logo-original%20(5).webp?updatedAt=1786520813439
6a7c24ec5c7cd75eb84c4f41,itel,htc-logo-original.webp,htc logo original,BRAND_LOGO,https://ik.imagekit.io/0iaahkrcv/itel/htc-logo-original.webp?updatedAt=1786520813507
6a7c24ec5c7cd75eb84c4e7a,itel,huawei-logo-original (1).webp,huawei logo original (1),BRAND_LOGO,https://ik.imagekit.io/0iaahkrcv/itel/huawei-logo-original%20(1).webp?updatedAt=1786520813774
6a7c24ec5c7cd75eb84c4fd8,itel,huawei-logo-original (2).webp,huawei logo original (2),BRAND_LOGO,https://ik.imagekit.io/0iaahkrcv/itel/huawei-logo-original%20(2).webp?updatedAt=1786520813840
6a7c24ed5c7cd75eb84c50da,itel,huawei-logo-original (3).webp,huawei logo original (3),BRAND_LOGO,https://ik.imagekit.io/0iaahkrcv/itel/huawei-logo-original%20(3).webp?updatedAt=1786520813603
6a7c24ec5c7cd75eb84c5000,itel,huawei-logo-original (4).webp,huawei logo original (4),BRAND_LOGO,https://ik.imagekit.io/0iaahkrcv/itel/huawei-logo-original%20(4).webp?updatedAt=1786520813506
6a7c24ec5c7cd75eb84c4eb9,itel,huawei-logo-original (5).webp,huawei logo original (5),BRAND_LOGO,https://ik.imagekit.io/0iaahkrcv/itel/huawei-logo-original%20(5).webp?updatedAt=1786520813441
6a7c24ec5c7cd75eb84c504a,itel,huawei-logo-original.webp,huawei logo original,BRAND_LOGO,https://ik.imagekit.io/0iaahkrcv/itel/huawei-logo-original.webp?updatedAt=1786520813915
6a7c24ec5c7cd75eb84c4f78,itel,infinix-logo-original (1).webp,infinix logo original (1),BRAND_LOGO,https://ik.imagekit.io/0iaahkrcv/itel/infinix-logo-original%20(1).webp?updatedAt=1786520813490
6a7c24ec5c7cd75eb84c5087,itel,infinix-logo-original (2).webp,infinix logo original (2),BRAND_LOGO,https://ik.imagekit.io/0iaahkrcv/itel/infinix-logo-original%20(2).webp?updatedAt=1786520813586
6a7c24ec5c7cd75eb84c4efc,itel,infinix-logo-original (3).webp,infinix logo original (3),BRAND_LOGO,https://ik.imagekit.io/0iaahkrcv/itel/infinix-logo-original%20(3).webp?updatedAt=1786520813464
6a7c24ec5c7cd75eb84c4f87,itel,infinix-logo-original (4).webp,infinix logo original (4),BRAND_LOGO,https://ik.imagekit.io/0iaahkrcv/itel/infinix-logo-original%20(4).webp?updatedAt=1786520813550
6a7c24ec5c7cd75eb84c4f2a,itel,infinix-logo-original (5).webp,infinix logo original (5),BRAND_LOGO,https://ik.imagekit.io/0iaahkrcv/itel/infinix-logo-original%20(5).webp?updatedAt=1786520813464
6a7c24ed5c7cd75eb84c5a88,itel,infinix-logo-original.webp,infinix logo original,BRAND_LOGO,https://ik.imagekit.io/0iaahkrcv/itel/infinix-logo-original.webp?updatedAt=1786520814155
6a7c25435c7cd75eb84ec8d8,itel,itel-logo-original (1).webp,itel logo original (1),BRAND_LOGO,https://ik.imagekit.io/0iaahkrcv/itel/itel-logo-original%20(1).webp?updatedAt=1786520900256
6a7c25475c7cd75eb84ee791,itel,itel-logo-original (2).webp,itel logo original (2),BRAND_LOGO,https://ik.imagekit.io/0iaahkrcv/itel/itel-logo-original%20(2).webp?updatedAt=1786520903972
6a7c25425c7cd75eb84eb521,itel,itel-logo-original (3).webp,itel logo original (3),BRAND_LOGO,https://ik.imagekit.io/0iaahkrcv/itel/itel-logo-original%20(3).webp?updatedAt=1786520898821
6a7c25495c7cd75eb84ef134,itel,itel-logo-original (4).webp,itel logo original (4),BRAND_LOGO,https://ik.imagekit.io/0iaahkrcv/itel/itel-logo-original%20(4).webp?updatedAt=1786520905926
6a7c25435c7cd75eb84ec86e,itel,itel-logo-original (5).webp,itel logo original (5),BRAND_LOGO,https://ik.imagekit.io/0iaahkrcv/itel/itel-logo-original%20(5).webp?updatedAt=1786520900193
6a7c25495c7cd75eb84ef0fc,itel,itel-logo-original.webp,itel logo original,BRAND_LOGO,https://ik.imagekit.io/0iaahkrcv/itel/itel-logo-original.webp?updatedAt=1786520905723
6a7c25495c7cd75eb84ef261,itel,Itel-P55-Plus-c-medium (1).webp,Itel P55 Plus c medium (1),GLOBAL_ICON,https://ik.imagekit.io/0iaahkrcv/itel/Itel-P55-Plus-c-medium%20(1).webp?updatedAt=1786520906043
6a7c25495c7cd75eb84ef12b,itel,Itel-P55-Plus-c-medium (2).webp,Itel P55 Plus c medium (2),GLOBAL_ICON,https://ik.imagekit.io/0iaahkrcv/itel/Itel-P55-Plus-c-medium%20(2).webp?updatedAt=1786520905813
6a7c25415c7cd75eb84eb179,itel,Itel-P55-Plus-c-medium (3).webp,Itel P55 Plus c medium (3),GLOBAL_ICON,https://ik.imagekit.io/0iaahkrcv/itel/Itel-P55-Plus-c-medium%20(3).webp?updatedAt=1786520898565
6a7c25475c7cd75eb84ee78b,itel,Itel-P55-Plus-c-medium (4).webp,Itel P55 Plus c medium (4),GLOBAL_ICON,https://ik.imagekit.io/0iaahkrcv/itel/Itel-P55-Plus-c-medium%20(4).webp?updatedAt=1786520903947
6a7c25495c7cd75eb84ef128,itel,Itel-P55-Plus-c-medium (5).webp,Itel P55 Plus c medium (5),GLOBAL_ICON,https://ik.imagekit.io/0iaahkrcv/itel/Itel-P55-Plus-c-medium%20(5).webp?updatedAt=1786520905810
6a7c25495c7cd75eb84ef27a,itel,Itel-P55-Plus-c-medium.webp,Itel P55 Plus c medium,GLOBAL_ICON,https://ik.imagekit.io/0iaahkrcv/itel/Itel-P55-Plus-c-medium.webp?updatedAt=1786520906132
6a7c254c5c7cd75eb84f0291,itel,Itel-S23-Plus-c-medium (1).webp,Itel S23 Plus c medium (1),GLOBAL_ICON,https://ik.imagekit.io/0iaahkrcv/itel/Itel-S23-Plus-c-medium%20(1).webp?updatedAt=1786520909251
6a7c25495c7cd75eb84ef3ae,itel,Itel-S23-Plus-c-medium (10).webp,Itel S23 Plus c medium (10),GLOBAL_ICON,https://ik.imagekit.io/0iaahkrcv/itel/Itel-S23-Plus-c-medium%20(10).webp?updatedAt=1786520906356
6a7c254a5c7cd75eb84ef5e7,itel,Itel-S23-Plus-c-medium (11).webp,Itel S23 Plus c medium (11),GLOBAL_ICON,https://ik.imagekit.io/0iaahkrcv/itel/Itel-S23-Plus-c-medium%20(11).webp?updatedAt=1786520906704
6a7c25495c7cd75eb84ef36d,itel,Itel-S23-Plus-c-medium (2).webp,Itel S23 Plus c medium (2),GLOBAL_ICON,https://ik.imagekit.io/0iaahkrcv/itel/Itel-S23-Plus-c-medium%20(2).webp?updatedAt=1786520906269
6a7c254a5c7cd75eb84ef8b2,itel,Itel-S23-Plus-c-medium (3).webp,Itel S23 Plus c medium (3),GLOBAL_ICON,https://ik.imagekit.io/0iaahkrcv/itel/Itel-S23-Plus-c-medium%20(3).webp?updatedAt=1786520907210
6a7c254c5c7cd75eb84f028a,itel,Itel-S23-Plus-c-medium (4).webp,Itel S23 Plus c medium (4),GLOBAL_ICON,https://ik.imagekit.io/0iaahkrcv/itel/Itel-S23-Plus-c-medium%20(4).webp?updatedAt=1786520909209
6a7c254c5c7cd75eb84f026d,itel,Itel-S23-Plus-c-medium (5).webp,Itel S23 Plus c medium (5),GLOBAL_ICON,https://ik.imagekit.io/0iaahkrcv/itel/Itel-S23-Plus-c-medium%20(5).webp?updatedAt=1786520909212
6a7c254a5c7cd75eb84ef8a7,itel,Itel-S23-Plus-c-medium (6).webp,Itel S23 Plus c medium (6),GLOBAL_ICON,https://ik.imagekit.io/0iaahkrcv/itel/Itel-S23-Plus-c-medium%20(6).webp?updatedAt=1786520907151
6a7c254a5c7cd75eb84ef5ec,itel,Itel-S23-Plus-c-medium (7).webp,Itel S23 Plus c medium (7),GLOBAL_ICON,https://ik.imagekit.io/0iaahkrcv/itel/Itel-S23-Plus-c-medium%20(7).webp?updatedAt=1786520906718
6a7c25495c7cd75eb84ef348,itel,Itel-S23-Plus-c-medium (8).webp,Itel S23 Plus c medium (8),GLOBAL_ICON,https://ik.imagekit.io/0iaahkrcv/itel/Itel-S23-Plus-c-medium%20(8).webp?updatedAt=1786520906229
6a7c254c5c7cd75eb84f0258,itel,Itel-S23-Plus-c-medium (9).webp,Itel S23 Plus c medium (9),GLOBAL_ICON,https://ik.imagekit.io/0iaahkrcv/itel/Itel-S23-Plus-c-medium%20(9).webp?updatedAt=1786520909159
6a7c254a5c7cd75eb84ef8aa,itel,Itel-S23-Plus-c-medium.webp,Itel S23 Plus c medium,GLOBAL_ICON,https://ik.imagekit.io/0iaahkrcv/itel/Itel-S23-Plus-c-medium.webp?updatedAt=1786520907257
6a7c25505c7cd75eb84f12cc,itel,lava-logo-original (1).webp,lava logo original (1),BRAND_LOGO,https://ik.imagekit.io/0iaahkrcv/itel/lava-logo-original%20(1).webp?updatedAt=1786520913439
6a7c25515c7cd75eb84f1a59,itel,lava-logo-original (2).webp,lava logo original (2),BRAND_LOGO,https://ik.imagekit.io/0iaahkrcv/itel/lava-logo-original%20(2).webp?updatedAt=1786520914633
6a7c25515c7cd75eb84f19f2,itel,lava-logo-original (3).webp,lava logo original (3),BRAND_LOGO,https://ik.imagekit.io/0iaahkrcv/itel/lava-logo-original%20(3).webp?updatedAt=1786520914574
6a7c25515c7cd75eb84f19cd,itel,lava-logo-original (4).webp,lava logo original (4),BRAND_LOGO,https://ik.imagekit.io/0iaahkrcv/itel/lava-logo-original%20(4).webp?updatedAt=1786520914551
6a7c25505c7cd75eb84f12bb,itel,lava-logo-original (5).webp,lava logo original (5),BRAND_LOGO,https://ik.imagekit.io/0iaahkrcv/itel/lava-logo-original%20(5).webp?updatedAt=1786520913343
6a7c25505c7cd75eb84f1288,itel,lava-logo-original.webp,lava logo original,BRAND_LOGO,https://ik.imagekit.io/0iaahkrcv/itel/lava-logo-original.webp?updatedAt=1786520913293
6a7c25515c7cd75eb84f19f6,itel,lenovo-logo-original (1).webp,lenovo logo original (1),BRAND_LOGO,https://ik.imagekit.io/0iaahkrcv/itel/lenovo-logo-original%20(1).webp?updatedAt=1786520914593
6a7c25515c7cd75eb84f19f0,itel,lenovo-logo-original (2).webp,lenovo logo original (2),BRAND_LOGO,https://ik.imagekit.io/0iaahkrcv/itel/lenovo-logo-original%20(2).webp?updatedAt=1786520914576
6a7c25505c7cd75eb84f12d6,itel,lenovo-logo-original (3).webp,lenovo logo original (3),BRAND_LOGO,https://ik.imagekit.io/0iaahkrcv/itel/lenovo-logo-original%20(3).webp?updatedAt=1786520913365
6a7c254f5c7cd75eb84f0e31,itel,lenovo-logo-original (4).webp,lenovo logo original (4),BRAND_LOGO,https://ik.imagekit.io/0iaahkrcv/itel/lenovo-logo-original%20(4).webp?updatedAt=1786520912255
6a7c25515c7cd75eb84f1a4a,itel,lenovo-logo-original (5).webp,lenovo logo original (5),BRAND_LOGO,https://ik.imagekit.io/0iaahkrcv/itel/lenovo-logo-original%20(5).webp?updatedAt=1786520914635
6a7c25515c7cd75eb84f19fd,itel,lenovo-logo-original.webp,lenovo logo original,BRAND_LOGO,https://ik.imagekit.io/0iaahkrcv/itel/lenovo-logo-original.webp?updatedAt=1786520914563
6a7c25515c7cd75eb84f1a41,itel,lg-logo-original (1).webp,lg logo original (1),BRAND_LOGO,https://ik.imagekit.io/0iaahkrcv/itel/lg-logo-original%20(1).webp?updatedAt=1786520914618
6a7c254f5c7cd75eb84f0e3a,itel,lg-logo-original (2).webp,lg logo original (2),BRAND_LOGO,https://ik.imagekit.io/0iaahkrcv/itel/lg-logo-original%20(2).webp?updatedAt=1786520912235
6a7c25515c7cd75eb84f1a09,itel,lg-logo-original (3).webp,lg logo original (3),BRAND_LOGO,https://ik.imagekit.io/0iaahkrcv/itel/lg-logo-original%20(3).webp?updatedAt=1786520914603
6a7c25515c7cd75eb84f199f,itel,lg-logo-original (4).webp,lg logo original (4),BRAND_LOGO,https://ik.imagekit.io/0iaahkrcv/itel/lg-logo-original%20(4).webp?updatedAt=1786520914539
6a7c254f5c7cd75eb84f0e43,itel,lg-logo-original (5).webp,lg logo original (5),BRAND_LOGO,https://ik.imagekit.io/0iaahkrcv/itel/lg-logo-original%20(5).webp?updatedAt=1786520912280
6a7c25515c7cd75eb84f1a04,itel,lg-logo-original.webp,lg logo original,BRAND_LOGO,https://ik.imagekit.io/0iaahkrcv/itel/lg-logo-original.webp?updatedAt=1786520914569
6a7c254f5c7cd75eb84f0e4a,itel,loader.631b9ed (1).svg,loader.631b9ed (1),GLOBAL_ICON,https://ik.imagekit.io/0iaahkrcv/itel/loader.631b9ed%20(1).svg?updatedAt=1786520912251
6a7c25505c7cd75eb84f121e,itel,loader.631b9ed.svg,loader.631b9ed,GLOBAL_ICON,https://ik.imagekit.io/0iaahkrcv/itel/loader.631b9ed.svg?updatedAt=1786520913196
6a7c25505c7cd75eb84f1200,itel,motorola-logo-original (1).webp,motorola logo original (1),BRAND_LOGO,https://ik.imagekit.io/0iaahkrcv/itel/motorola-logo-original%20(1).webp?updatedAt=1786520913174
6a7c25505c7cd75eb84f12e0,itel,motorola-logo-original (2).webp,motorola logo original (2),BRAND_LOGO,https://ik.imagekit.io/0iaahkrcv/itel/motorola-logo-original%20(2).webp?updatedAt=1786520913375
6a7c25505c7cd75eb84f1272,itel,motorola-logo-original (3).webp,motorola logo original (3),BRAND_LOGO,https://ik.imagekit.io/0iaahkrcv/itel/motorola-logo-original%20(3).webp?updatedAt=1786520913259
6a7c25505c7cd75eb84f1296,itel,motorola-logo-original (4).webp,motorola logo original (4),BRAND_LOGO,https://ik.imagekit.io/0iaahkrcv/itel/motorola-logo-original%20(4).webp?updatedAt=1786520913356
6a7c25525c7cd75eb84f1cb7,itel,motorola-logo-original (5).webp,motorola logo original (5),BRAND_LOGO,https://ik.imagekit.io/0iaahkrcv/itel/motorola-logo-original%20(5).webp?updatedAt=1786520915051
6a7c25525c7cd75eb84f1cc0,itel,motorola-logo-original.webp,motorola logo original,BRAND_LOGO,https://ik.imagekit.io/0iaahkrcv/itel/motorola-logo-original.webp?updatedAt=1786520915120
6a7c25515c7cd75eb84f1a23,itel,nokia-logo-original (1).webp,nokia logo original (1),BRAND_LOGO,https://ik.imagekit.io/0iaahkrcv/itel/nokia-logo-original%20(1).webp?updatedAt=1786520914579
6a7c25525c7cd75eb84f1d07,itel,nokia-logo-original (2).webp,nokia logo original (2),BRAND_LOGO,https://ik.imagekit.io/0iaahkrcv/itel/nokia-logo-original%20(2).webp?updatedAt=1786520915195
6a7c25525c7cd75eb84f1cfa,itel,nokia-logo-original (3).webp,nokia logo original (3),BRAND_LOGO,https://ik.imagekit.io/0iaahkrcv/itel/nokia-logo-original%20(3).webp?updatedAt=1786520915175
6a7c25525c7cd75eb84f1cf1,itel,nokia-logo-original (4).webp,nokia logo original (4),BRAND_LOGO,https://ik.imagekit.io/0iaahkrcv/itel/nokia-logo-original%20(4).webp?updatedAt=1786520915171
6a7c25525c7cd75eb84f1d08,itel,nokia-logo-original (5).webp,nokia logo original (5),BRAND_LOGO,https://ik.imagekit.io/0iaahkrcv/itel/nokia-logo-original%20(5).webp?updatedAt=1786520915165
6a7c25525c7cd75eb84f1cbb,itel,nokia-logo-original.webp,nokia logo original,BRAND_LOGO,https://ik.imagekit.io/0iaahkrcv/itel/nokia-logo-original.webp?updatedAt=1786520915105
6a7c25655c7cd75eb84fafa8,itel,oneplus-logo-original (1).webp,oneplus logo original (1),BRAND_LOGO,https://ik.imagekit.io/0iaahkrcv/itel/oneplus-logo-original%20(1).webp?updatedAt=1786520934446
6a7c25645c7cd75eb84faaf8,itel,oneplus-logo-original (2).webp,oneplus logo original (2),BRAND_LOGO,https://ik.imagekit.io/0iaahkrcv/itel/oneplus-logo-original%20(2).webp?updatedAt=1786520933505
6a7c25655c7cd75eb84facf7,itel,oneplus-logo-original (3).webp,oneplus logo original (3),BRAND_LOGO,https://ik.imagekit.io/0iaahkrcv/itel/oneplus-logo-original%20(3).webp?updatedAt=1786520933825
6a7c25655c7cd75eb84fafe0,itel,oneplus-logo-original (4).webp,oneplus logo original (4),BRAND_LOGO,https://ik.imagekit.io/0iaahkrcv/itel/oneplus-logo-original%20(4).webp?updatedAt=1786520934595
6a7c25655c7cd75eb84faf12,itel,oneplus-logo-original (5).webp,oneplus logo original (5),BRAND_LOGO,https://ik.imagekit.io/0iaahkrcv/itel/oneplus-logo-original%20(5).webp?updatedAt=1786520934315
6a7c25655c7cd75eb84faf0f,itel,oneplus-logo-original.webp,oneplus logo original,BRAND_LOGO,https://ik.imagekit.io/0iaahkrcv/itel/oneplus-logo-original.webp?updatedAt=1786520934325
6a7c25655c7cd75eb84fafdb,itel,oppo-logo-original (1).webp,oppo logo original (1),BRAND_LOGO,https://ik.imagekit.io/0iaahkrcv/itel/oppo-logo-original%20(1).webp?updatedAt=1786520934487
6a7c25665c7cd75eb84fb1f5,itel,oppo-logo-original (2).webp,oppo logo original (2),BRAND_LOGO,https://ik.imagekit.io/0iaahkrcv/itel/oppo-logo-original%20(2).webp?updatedAt=1786520935058
6a7c25655c7cd75eb84fafeb,itel,oppo-logo-original (3).webp,oppo logo original (3),BRAND_LOGO,https://ik.imagekit.io/0iaahkrcv/itel/oppo-logo-original%20(3).webp?updatedAt=1786520934528
6a7c25655c7cd75eb84fafe9,itel,oppo-logo-original (4).webp,oppo logo original (4),BRAND_LOGO,https://ik.imagekit.io/0iaahkrcv/itel/oppo-logo-original%20(4).webp?updatedAt=1786520934567
6a7c25665c7cd75eb84fb3b2,itel,oppo-logo-original (5).webp,oppo logo original (5),BRAND_LOGO,https://ik.imagekit.io/0iaahkrcv/itel/oppo-logo-original%20(5).webp?updatedAt=1786520935323
6a7c25665c7cd75eb84fb1aa,itel,oppo-logo-original.webp,oppo logo original,BRAND_LOGO,https://ik.imagekit.io/0iaahkrcv/itel/oppo-logo-original.webp?updatedAt=1786520934949
6a7c25665c7cd75eb84fb4e8,itel,realme-logo-original (1).webp,realme logo original (1),BRAND_LOGO,https://ik.imagekit.io/0iaahkrcv/itel/realme-logo-original%20(1).webp?updatedAt=1786520935517
6a7c25665c7cd75eb84fb4e4,itel,realme-logo-original (2).webp,realme logo original (2),BRAND_LOGO,https://ik.imagekit.io/0iaahkrcv/itel/realme-logo-original%20(2).webp?updatedAt=1786520935519
6a7c25665c7cd75eb84fb608,itel,realme-logo-original (3).webp,realme logo original (3),BRAND_LOGO,https://ik.imagekit.io/0iaahkrcv/itel/realme-logo-original%20(3).webp?updatedAt=1786520935655
6a7c25675c7cd75eb84fb64f,itel,realme-logo-original (4).webp,realme logo original (4),BRAND_LOGO,https://ik.imagekit.io/0iaahkrcv/itel/realme-logo-original%20(4).webp?updatedAt=1786520935732
6a7c25665c7cd75eb84fb5cc,itel,realme-logo-original (5).webp,realme logo original (5),BRAND_LOGO,https://ik.imagekit.io/0iaahkrcv/itel/realme-logo-original%20(5).webp?updatedAt=1786520935598
6a7c25675c7cd75eb84fb650,itel,realme-logo-original.webp,realme logo original,BRAND_LOGO,https://ik.imagekit.io/0iaahkrcv/itel/realme-logo-original.webp?updatedAt=1786520935681
6a7c25675c7cd75eb84fb96f,itel,samsung-logo-original (1).webp,samsung logo original (1),BRAND_LOGO,https://ik.imagekit.io/0iaahkrcv/itel/samsung-logo-original%20(1).webp?updatedAt=1786520936093
6a7c25665c7cd75eb84fb1c5,itel,samsung-logo-original (2).webp,samsung logo original (2),BRAND_LOGO,https://ik.imagekit.io/0iaahkrcv/itel/samsung-logo-original%20(2).webp?updatedAt=1786520934966
6a7c25665c7cd75eb84fb1e8,itel,samsung-logo-original (3).webp,samsung logo original (3),BRAND_LOGO,https://ik.imagekit.io/0iaahkrcv/itel/samsung-logo-original%20(3).webp?updatedAt=1786520935057
6a7c25665c7cd75eb84fb1ec,itel,samsung-logo-original (4).webp,samsung logo original (4),BRAND_LOGO,https://ik.imagekit.io/0iaahkrcv/itel/samsung-logo-original%20(4).webp?updatedAt=1786520935060
6a7c25665c7cd75eb84fb1dd,itel,samsung-logo-original (5).webp,samsung logo original (5),BRAND_LOGO,https://ik.imagekit.io/0iaahkrcv/itel/samsung-logo-original%20(5).webp?updatedAt=1786520935042
6a7c25665c7cd75eb84fb1b6,itel,samsung-logo-original.webp,samsung logo original,BRAND_LOGO,https://ik.imagekit.io/0iaahkrcv/itel/samsung-logo-original.webp?updatedAt=1786520934990
6a7c25665c7cd75eb84fb3b9,itel,search.7d254c6 (1).svg,search.7d254c6 (1),GLOBAL_ICON,https://ik.imagekit.io/0iaahkrcv/itel/search.7d254c6%20(1).svg?updatedAt=1786520935387
6a7c25665c7cd75eb84fb22f,itel,search.7d254c6.svg,search.7d254c6,GLOBAL_ICON,https://ik.imagekit.io/0iaahkrcv/itel/search.7d254c6.svg?updatedAt=1786520935089
6a7c25665c7cd75eb84fb455,itel,sony-logo-original (1).webp,sony logo original (1),BRAND_LOGO,https://ik.imagekit.io/0iaahkrcv/itel/sony-logo-original%20(1).webp?updatedAt=1786520935423
6a7c25665c7cd75eb84fb442,itel,sony-logo-original (2).webp,sony logo original (2),BRAND_LOGO,https://ik.imagekit.io/0iaahkrcv/itel/sony-logo-original%20(2).webp?updatedAt=1786520935482
6a7c25665c7cd75eb84fb24b,itel,sony-logo-original (3).webp,sony logo original (3),BRAND_LOGO,https://ik.imagekit.io/0iaahkrcv/itel/sony-logo-original%20(3).webp?updatedAt=1786520935097
6a7c25665c7cd75eb84fb471,itel,sony-logo-original (4).webp,sony logo original (4),BRAND_LOGO,https://ik.imagekit.io/0iaahkrcv/itel/sony-logo-original%20(4).webp?updatedAt=1786520935463
6a7c25665c7cd75eb84fb450,itel,sony-logo-original (5).webp,sony logo original (5),BRAND_LOGO,https://ik.imagekit.io/0iaahkrcv/itel/sony-logo-original%20(5).webp?updatedAt=1786520935434
6a7c25665c7cd75eb84fb43d,itel,sony-logo-original.webp,sony logo original,BRAND_LOGO,https://ik.imagekit.io/0iaahkrcv/itel/sony-logo-original.webp?updatedAt=1786520935432
6a7c25665c7cd75eb84fb3cc,itel,tecno-logo-original (1).webp,tecno logo original (1),BRAND_LOGO,https://ik.imagekit.io/0iaahkrcv/itel/tecno-logo-original%20(1).webp?updatedAt=1786520935314
6a7c25665c7cd75eb84fb3da,itel,tecno-logo-original (2).webp,tecno logo original (2),BRAND_LOGO,https://ik.imagekit.io/0iaahkrcv/itel/tecno-logo-original%20(2).webp?updatedAt=1786520935399
6a7c25665c7cd75eb84fb5f1,itel,tecno-logo-original (3).webp,tecno logo original (3),BRAND_LOGO,https://ik.imagekit.io/0iaahkrcv/itel/tecno-logo-original%20(3).webp?updatedAt=1786520935588
6a7c25665c7cd75eb84fb5d1,itel,tecno-logo-original (4).webp,tecno logo original (4),BRAND_LOGO,https://ik.imagekit.io/0iaahkrcv/itel/tecno-logo-original%20(4).webp?updatedAt=1786520935621
6a7c25665c7cd75eb84fb5c5,itel,tecno-logo-original (5).webp,tecno logo original (5),BRAND_LOGO,https://ik.imagekit.io/0iaahkrcv/itel/tecno-logo-original%20(5).webp?updatedAt=1786520935575
6a7c25675c7cd75eb84fb655,itel,tecno-logo-original.webp,tecno logo original,BRAND_LOGO,https://ik.imagekit.io/0iaahkrcv/itel/tecno-logo-original.webp?updatedAt=1786520935713
6a7c25675c7cd75eb84fb68c,itel,vivo-logo-original (1).webp,vivo logo original (1),BRAND_LOGO,https://ik.imagekit.io/0iaahkrcv/itel/vivo-logo-original%20(1).webp?updatedAt=1786520935784
6a7c25675c7cd75eb84fb66e,itel,vivo-logo-original (2).webp,vivo logo original (2),BRAND_LOGO,https://ik.imagekit.io/0iaahkrcv/itel/vivo-logo-original%20(2).webp?updatedAt=1786520935707
6a7c25665c7cd75eb84fb5f5,itel,vivo-logo-original (3).webp,vivo logo original (3),BRAND_LOGO,https://ik.imagekit.io/0iaahkrcv/itel/vivo-logo-original%20(3).webp?updatedAt=1786520935650
6a7c25675c7cd75eb84fb68f,itel,vivo-logo-original (4).webp,vivo logo original (4),BRAND_LOGO,https://ik.imagekit.io/0iaahkrcv/itel/vivo-logo-original%20(4).webp?updatedAt=1786520935742
6a7c25675c7cd75eb84fb699,itel,vivo-logo-original (5).webp,vivo logo original (5),BRAND_LOGO,https://ik.imagekit.io/0iaahkrcv/itel/vivo-logo-original%20(5).webp?updatedAt=1786520935690
6a7c25675c7cd75eb84fb817,itel,vivo-logo-original.webp,vivo logo original,BRAND_LOGO,https://ik.imagekit.io/0iaahkrcv/itel/vivo-logo-original.webp?updatedAt=1786520935914
6a7c25665c7cd75eb84fb617,itel,whatsapp (1).svg,whatsapp (1),GLOBAL_ICON,https://ik.imagekit.io/0iaahkrcv/itel/whatsapp%20(1).svg?updatedAt=1786520935599
6a7c25675c7cd75eb84fb858,itel,whatsapp.svg,whatsapp,GLOBAL_ICON,https://ik.imagekit.io/0iaahkrcv/itel/whatsapp.svg?updatedAt=1786520935994
6a7c25675c7cd75eb84fb883,itel,xiaomi-logo-original (1).webp,xiaomi logo original (1),BRAND_LOGO,https://ik.imagekit.io/0iaahkrcv/itel/xiaomi-logo-original%20(1).webp?updatedAt=1786520936008
6a7c25675c7cd75eb84fb839,itel,xiaomi-logo-original (2).webp,xiaomi logo original (2),BRAND_LOGO,https://ik.imagekit.io/0iaahkrcv/itel/xiaomi-logo-original%20(2).webp?updatedAt=1786520935970
6a7c25675c7cd75eb84fb872,itel,xiaomi-logo-original (3).webp,xiaomi logo original (3),BRAND_LOGO,https://ik.imagekit.io/0iaahkrcv/itel/xiaomi-logo-original%20(3).webp?updatedAt=1786520936005
6a7c25675c7cd75eb84fb821,itel,xiaomi-logo-original (4).webp,xiaomi logo original (4),BRAND_LOGO,https://ik.imagekit.io/0iaahkrcv/itel/xiaomi-logo-original%20(4).webp?updatedAt=1786520935964
6a7c25675c7cd75eb84fb83d,itel,xiaomi-logo-original (5).webp,xiaomi logo original (5),BRAND_LOGO,https://ik.imagekit.io/0iaahkrcv/itel/xiaomi-logo-original%20(5).webp?updatedAt=1786520935897
6a7c25675c7cd75eb84fb8c3,itel,xiaomi-logo-original.webp,xiaomi logo original,BRAND_LOGO,https://ik.imagekit.io/0iaahkrcv/itel/xiaomi-logo-original.webp?updatedAt=1786520936035
6a7bbb8b5c7cd75eb84947ad,laptops1,default (1).svg,default (1),GLOBAL_ICON,https://ik.imagekit.io/0iaahkrcv/laptops1/Laptops%20_%20Nairobi%20Computer%20Shop%20(1)/default%20(1).svg?updatedAt=1786493836345
6a7bbb8b5c7cd75eb8494791,laptops1,default (2).svg,default (2),GLOBAL_ICON,https://ik.imagekit.io/0iaahkrcv/laptops1/Laptops%20_%20Nairobi%20Computer%20Shop%20(1)/default%20(2).svg?updatedAt=1786493836295
6a7bbb8b5c7cd75eb84949e6,laptops1,default (3).svg,default (3),GLOBAL_ICON,https://ik.imagekit.io/0iaahkrcv/laptops1/Laptops%20_%20Nairobi%20Computer%20Shop%20(1)/default%20(3).svg?updatedAt=1786493836403
6a7bbb8b5c7cd75eb8494790,laptops1,default (4).svg,default (4),GLOBAL_ICON,https://ik.imagekit.io/0iaahkrcv/laptops1/Laptops%20_%20Nairobi%20Computer%20Shop%20(1)/default%20(4).svg?updatedAt=1786493836299
6a7bbb8b5c7cd75eb8494796,laptops1,default.svg,default,GLOBAL_ICON,https://ik.imagekit.io/0iaahkrcv/laptops1/Laptops%20_%20Nairobi%20Computer%20Shop%20(1)/default.svg?updatedAt=1786493836303
6a7bbb955c7cd75eb8498ced,laptops1,logo.svg,logo,BRAND_LOGO,https://ik.imagekit.io/0iaahkrcv/laptops1/Laptops%20_%20Nairobi%20Computer%20Shop%20(1)/logo.svg?updatedAt=1786493847832
6a7bbb535c7cd75eb846d9cf,laptops1,default (1).svg,default (1),GLOBAL_ICON,https://ik.imagekit.io/0iaahkrcv/laptops1/Laptops%20_%20Nairobi%20Computer%20Shop%20(2)/default%20(1).svg?updatedAt=1786493780133
6a7bbb535c7cd75eb846da57,laptops1,default (2).svg,default (2),GLOBAL_ICON,https://ik.imagekit.io/0iaahkrcv/laptops1/Laptops%20_%20Nairobi%20Computer%20Shop%20(2)/default%20(2).svg?updatedAt=1786493780170
6a7bbb535c7cd75eb846da21,laptops1,default (3).svg,default (3),GLOBAL_ICON,https://ik.imagekit.io/0iaahkrcv/laptops1/Laptops%20_%20Nairobi%20Computer%20Shop%20(2)/default%20(3).svg?updatedAt=1786493780165
6a7bbb535c7cd75eb846d9fa,laptops1,default (4).svg,default (4),GLOBAL_ICON,https://ik.imagekit.io/0iaahkrcv/laptops1/Laptops%20_%20Nairobi%20Computer%20Shop%20(2)/default%20(4).svg?updatedAt=1786493780144
6a7bbb535c7cd75eb846da51,laptops1,default.svg,default,GLOBAL_ICON,https://ik.imagekit.io/0iaahkrcv/laptops1/Laptops%20_%20Nairobi%20Computer%20Shop%20(2)/default.svg?updatedAt=1786493780195
6a7bbb575c7cd75eb8471781,laptops1,logo.svg,logo,BRAND_LOGO,https://ik.imagekit.io/0iaahkrcv/laptops1/Laptops%20_%20Nairobi%20Computer%20Shop%20(2)/logo.svg?updatedAt=1786493784188
6a7bbb025c7cd75eb8421ca1,laptops1,default (1).svg,default (1),GLOBAL_ICON,https://ik.imagekit.io/0iaahkrcv/laptops1/Laptops%20_%20Nairobi%20Computer%20Shop%20(3)/default%20(1).svg?updatedAt=1786493699356
6a7bbb025c7cd75eb8421287,laptops1,default (2).svg,default (2),GLOBAL_ICON,https://ik.imagekit.io/0iaahkrcv/laptops1/Laptops%20_%20Nairobi%20Computer%20Shop%20(3)/default%20(2).svg?updatedAt=1786493698830
6a7bbb025c7cd75eb8421ad3,laptops1,default (3).svg,default (3),GLOBAL_ICON,https://ik.imagekit.io/0iaahkrcv/laptops1/Laptops%20_%20Nairobi%20Computer%20Shop%20(3)/default%20(3).svg?updatedAt=1786493699276
6a7bbb025c7cd75eb84212a7,laptops1,default (4).svg,default (4),GLOBAL_ICON,https://ik.imagekit.io/0iaahkrcv/laptops1/Laptops%20_%20Nairobi%20Computer%20Shop%20(3)/default%20(4).svg?updatedAt=1786493698824
6a7bbb015c7cd75eb842044f,laptops1,default.svg,default,GLOBAL_ICON,https://ik.imagekit.io/0iaahkrcv/laptops1/Laptops%20_%20Nairobi%20Computer%20Shop%20(3)/default.svg?updatedAt=1786493698072
6a7bbb065c7cd75eb84254cd,laptops1,logo.svg,logo,BRAND_LOGO,https://ik.imagekit.io/0iaahkrcv/laptops1/Laptops%20_%20Nairobi%20Computer%20Shop%20(3)/logo.svg?updatedAt=1786493702824
6a7cac755c7cd75eb85ab629,Oppo,Oppo-F31-Pro-Plus-medium (1).webp,Oppo F31 Pro Plus medium (1),GLOBAL_ICON,https://ik.imagekit.io/0iaahkrcv/Oppo/Oppo-F31-Pro-Plus-medium%20(1).webp?updatedAt=1786555510516
6a7cac755c7cd75eb85ab7bb,Oppo,Oppo-F31-Pro-Plus-medium.webp,Oppo F31 Pro Plus medium,GLOBAL_ICON,https://ik.imagekit.io/0iaahkrcv/Oppo/Oppo-F31-Pro-Plus-medium.webp?updatedAt=1786555510636
6a7cac755c7cd75eb85ab7b2,Oppo,Oppo-K15-Pro-Plus-medium (1).webp,Oppo K15 Pro Plus medium (1),GLOBAL_ICON,https://ik.imagekit.io/0iaahkrcv/Oppo/Oppo-K15-Pro-Plus-medium%20(1).webp?updatedAt=1786555510609
6a7cac765c7cd75eb85abace,Oppo,Oppo-K15-Pro-Plus-medium.webp,Oppo K15 Pro Plus medium,GLOBAL_ICON,https://ik.imagekit.io/0iaahkrcv/Oppo/Oppo-K15-Pro-Plus-medium.webp?updatedAt=1786555510665
6a7cac765c7cd75eb85ac4b4,Oppo,Oppo-Reno15-Pro-Mini-medium (1).webp,Oppo Reno15 Pro Mini medium (1),PRODUCT_IMAGE,https://ik.imagekit.io/0iaahkrcv/Oppo/Oppo-Reno15-Pro-Mini-medium%20(1).webp?updatedAt=1786555511239
6a7cac765c7cd75eb85abc55,Oppo,Oppo-Reno15-Pro-Mini-medium.webp,Oppo Reno15 Pro Mini medium,PRODUCT_IMAGE,https://ik.imagekit.io/0iaahkrcv/Oppo/Oppo-Reno15-Pro-Mini-medium.webp?updatedAt=1786555510773
6a7cac9d5c7cd75eb85d24a1,Oppo2,app-logo-desktop.svg,app logo desktop,BRAND_LOGO,https://ik.imagekit.io/0iaahkrcv/Oppo2/app-logo-desktop.svg?updatedAt=1786555549612
6a7cac9d5c7cd75eb85d2549,Oppo2,apple-logo-original (1).webp,apple logo original (1),BRAND_LOGO,https://ik.imagekit.io/0iaahkrcv/Oppo2/apple-logo-original%20(1).webp?updatedAt=1786555549689
6a7cac9d5c7cd75eb85d2566,Oppo2,apple-logo-original (2).webp,apple logo original (2),BRAND_LOGO,https://ik.imagekit.io/0iaahkrcv/Oppo2/apple-logo-original%20(2).webp?updatedAt=1786555549721
6a7cac9d5c7cd75eb85d2587,Oppo2,apple-logo-original.webp,apple logo original,BRAND_LOGO,https://ik.imagekit.io/0iaahkrcv/Oppo2/apple-logo-original.webp?updatedAt=1786555549717
6a7cac9d5c7cd75eb85d2525,Oppo2,asus-original (1).webp,asus original (1),BRAND_LOGO,https://ik.imagekit.io/0iaahkrcv/Oppo2/asus-original%20(1).webp?updatedAt=1786555549626
6a7cac9d5c7cd75eb85d2490,Oppo2,asus-original (2).webp,asus original (2),BRAND_LOGO,https://ik.imagekit.io/0iaahkrcv/Oppo2/asus-original%20(2).webp?updatedAt=1786555549648
6a7cac9d5c7cd75eb85d2577,Oppo2,asus-original.webp,asus original,BRAND_LOGO,https://ik.imagekit.io/0iaahkrcv/Oppo2/asus-original.webp?updatedAt=1786555549708
6a7cac9d5c7cd75eb85d2865,Oppo2,chevron-down.8ee3574.svg,chevron down.8ee3574,GLOBAL_ICON,https://ik.imagekit.io/0iaahkrcv/Oppo2/chevron-down.8ee3574.svg?updatedAt=1786555549956
6a7cac9d5c7cd75eb85d2a6f,Oppo2,download (1).svg,download (1),GLOBAL_ICON,https://ik.imagekit.io/0iaahkrcv/Oppo2/download%20(1).svg?updatedAt=1786555550005
6a7cac9d5c7cd75eb85d30d3,Oppo2,download (10).svg,download (10),GLOBAL_ICON,https://ik.imagekit.io/0iaahkrcv/Oppo2/download%20(10).svg?updatedAt=1786555550223
6a7cac9d5c7cd75eb85d2850,Oppo2,download (11).svg,download (11),GLOBAL_ICON,https://ik.imagekit.io/0iaahkrcv/Oppo2/download%20(11).svg?updatedAt=1786555549917
6a7cac9d5c7cd75eb85d2a36,Oppo2,download (12).svg,download (12),GLOBAL_ICON,https://ik.imagekit.io/0iaahkrcv/Oppo2/download%20(12).svg?updatedAt=1786555550030
6a7cac9d5c7cd75eb85d2849,Oppo2,download (13).svg,download (13),GLOBAL_ICON,https://ik.imagekit.io/0iaahkrcv/Oppo2/download%20(13).svg?updatedAt=1786555549908
6a7cac9d5c7cd75eb85d30e0,Oppo2,download (14).svg,download (14),GLOBAL_ICON,https://ik.imagekit.io/0iaahkrcv/Oppo2/download%20(14).svg?updatedAt=1786555550256
6a7cac9d5c7cd75eb85d2a35,Oppo2,download (15).svg,download (15),GLOBAL_ICON,https://ik.imagekit.io/0iaahkrcv/Oppo2/download%20(15).svg?updatedAt=1786555550026
6a7cac9d5c7cd75eb85d31f0,Oppo2,download (16).svg,download (16),GLOBAL_ICON,https://ik.imagekit.io/0iaahkrcv/Oppo2/download%20(16).svg?updatedAt=1786555550351
6a7cac9d5c7cd75eb85d2953,Oppo2,download (17).svg,download (17),GLOBAL_ICON,https://ik.imagekit.io/0iaahkrcv/Oppo2/download%20(17).svg?updatedAt=1786555549961
6a7cac9d5c7cd75eb85d30b8,Oppo2,download (2).svg,download (2),GLOBAL_ICON,https://ik.imagekit.io/0iaahkrcv/Oppo2/download%20(2).svg?updatedAt=1786555550190
6a7cac9d5c7cd75eb85d319a,Oppo2,download (3).svg,download (3),GLOBAL_ICON,https://ik.imagekit.io/0iaahkrcv/Oppo2/download%20(3).svg?updatedAt=1786555550261
6a7cac9d5c7cd75eb85d31df,Oppo2,download (4).svg,download (4),GLOBAL_ICON,https://ik.imagekit.io/0iaahkrcv/Oppo2/download%20(4).svg?updatedAt=1786555550293
6a7cac9d5c7cd75eb85d30a5,Oppo2,download (5).svg,download (5),GLOBAL_ICON,https://ik.imagekit.io/0iaahkrcv/Oppo2/download%20(5).svg?updatedAt=1786555550150
6a7cac9d5c7cd75eb85d30d1,Oppo2,download (6).svg,download (6),GLOBAL_ICON,https://ik.imagekit.io/0iaahkrcv/Oppo2/download%20(6).svg?updatedAt=1786555550251
6a7cac9d5c7cd75eb85d30c3,Oppo2,download (7).svg,download (7),GLOBAL_ICON,https://ik.imagekit.io/0iaahkrcv/Oppo2/download%20(7).svg?updatedAt=1786555550206
6a7cac9d5c7cd75eb85d32f8,Oppo2,download (8).svg,download (8),GLOBAL_ICON,https://ik.imagekit.io/0iaahkrcv/Oppo2/download%20(8).svg?updatedAt=1786555550410
6a7cac9d5c7cd75eb85d3211,Oppo2,download (9).svg,download (9),GLOBAL_ICON,https://ik.imagekit.io/0iaahkrcv/Oppo2/download%20(9).svg?updatedAt=1786555550315
6a7cac9d5c7cd75eb85d3183,Oppo2,download.svg,download,GLOBAL_ICON,https://ik.imagekit.io/0iaahkrcv/Oppo2/download.svg?updatedAt=1786555550257
6a7cac9d5c7cd75eb85d329a,Oppo2,energizer-logo-original (1).webp,energizer logo original (1),BRAND_LOGO,https://ik.imagekit.io/0iaahkrcv/Oppo2/energizer-logo-original%20(1).webp?updatedAt=1786555550360
6a7cac9d5c7cd75eb85d32d5,Oppo2,energizer-logo-original (2).webp,energizer logo original (2),BRAND_LOGO,https://ik.imagekit.io/0iaahkrcv/Oppo2/energizer-logo-original%20(2).webp?updatedAt=1786555550402
6a7cac9d5c7cd75eb85d31fc,Oppo2,energizer-logo-original.webp,energizer logo original,BRAND_LOGO,https://ik.imagekit.io/0iaahkrcv/Oppo2/energizer-logo-original.webp?updatedAt=1786555550264
6a7cac9d5c7cd75eb85d32eb,Oppo2,google-logo-original (1).webp,google logo original (1),BRAND_LOGO,https://ik.imagekit.io/0iaahkrcv/Oppo2/google-logo-original%20(1).webp?updatedAt=1786555550314
6a7cac9d5c7cd75eb85d32fd,Oppo2,google-logo-original (2).webp,google logo original (2),BRAND_LOGO,https://ik.imagekit.io/0iaahkrcv/Oppo2/google-logo-original%20(2).webp?updatedAt=1786555550336
6a7cac9d5c7cd75eb85d36dc,Oppo2,google-logo-original.webp,google logo original,BRAND_LOGO,https://ik.imagekit.io/0iaahkrcv/Oppo2/google-logo-original.webp?updatedAt=1786555550481
6a7cac9d5c7cd75eb85d320c,Oppo2,honor-logo-original (1).webp,honor logo original (1),BRAND_LOGO,https://ik.imagekit.io/0iaahkrcv/Oppo2/honor-logo-original%20(1).webp?updatedAt=1786555550326
6a7cac9d5c7cd75eb85d32d7,Oppo2,honor-logo-original (2).webp,honor logo original (2),BRAND_LOGO,https://ik.imagekit.io/0iaahkrcv/Oppo2/honor-logo-original%20(2).webp?updatedAt=1786555550361
6a7cac9d5c7cd75eb85d38de,Oppo2,honor-logo-original.webp,honor logo original,BRAND_LOGO,https://ik.imagekit.io/0iaahkrcv/Oppo2/honor-logo-original.webp?updatedAt=1786555550554
6a7cac9d5c7cd75eb85d32dc,Oppo2,htc-logo-original (1).webp,htc logo original (1),BRAND_LOGO,https://ik.imagekit.io/0iaahkrcv/Oppo2/htc-logo-original%20(1).webp?updatedAt=1786555550310
6a7cac9d5c7cd75eb85d38d2,Oppo2,htc-logo-original (2).webp,htc logo original (2),BRAND_LOGO,https://ik.imagekit.io/0iaahkrcv/Oppo2/htc-logo-original%20(2).webp?updatedAt=1786555550532
6a7cac9d5c7cd75eb85d3305,Oppo2,htc-logo-original.webp,htc logo original,BRAND_LOGO,https://ik.imagekit.io/0iaahkrcv/Oppo2/htc-logo-original.webp?updatedAt=1786555550328
6a7cac9d5c7cd75eb85d38c9,Oppo2,huawei-logo-original (1).webp,huawei logo original (1),BRAND_LOGO,https://ik.imagekit.io/0iaahkrcv/Oppo2/huawei-logo-original%20(1).webp?updatedAt=1786555550602
6a7cac9d5c7cd75eb85d3665,Oppo2,huawei-logo-original (2).webp,huawei logo original (2),BRAND_LOGO,https://ik.imagekit.io/0iaahkrcv/Oppo2/huawei-logo-original%20(2).webp?updatedAt=1786555550412
6a7cac9d5c7cd75eb85d3796,Oppo2,huawei-logo-original.webp,huawei logo original,BRAND_LOGO,https://ik.imagekit.io/0iaahkrcv/Oppo2/huawei-logo-original.webp?updatedAt=1786555550583
6a7cac9d5c7cd75eb85d395f,Oppo2,infinix-logo-original (1).webp,infinix logo original (1),BRAND_LOGO,https://ik.imagekit.io/0iaahkrcv/Oppo2/infinix-logo-original%20(1).webp?updatedAt=1786555550577
6a7cac9e5c7cd75eb85d3a07,Oppo2,infinix-logo-original (2).webp,infinix logo original (2),BRAND_LOGO,https://ik.imagekit.io/0iaahkrcv/Oppo2/infinix-logo-original%20(2).webp?updatedAt=1786555550674
6a7cac9e5c7cd75eb85d3a8a,Oppo2,infinix-logo-original.webp,infinix logo original,BRAND_LOGO,https://ik.imagekit.io/0iaahkrcv/Oppo2/infinix-logo-original.webp?updatedAt=1786555550715
6a7cac9e5c7cd75eb85d3ad3,Oppo2,itel-logo-original (1).webp,itel logo original (1),BRAND_LOGO,https://ik.imagekit.io/0iaahkrcv/Oppo2/itel-logo-original%20(1).webp?updatedAt=1786555550709
6a7cac9d5c7cd75eb85d348f,Oppo2,itel-logo-original (2).webp,itel logo original (2),BRAND_LOGO,https://ik.imagekit.io/0iaahkrcv/Oppo2/itel-logo-original%20(2).webp?updatedAt=1786555550366
6a7cac9d5c7cd75eb85d371d,Oppo2,itel-logo-original.webp,itel logo original,BRAND_LOGO,https://ik.imagekit.io/0iaahkrcv/Oppo2/itel-logo-original.webp?updatedAt=1786555550483
6a7cac9d5c7cd75eb85d37af,Oppo2,lava-logo-original (1).webp,lava logo original (1),BRAND_LOGO,https://ik.imagekit.io/0iaahkrcv/Oppo2/lava-logo-original%20(1).webp?updatedAt=1786555550492
6a7cac9e5c7cd75eb85d3f3f,Oppo2,lava-logo-original (2).webp,lava logo original (2),BRAND_LOGO,https://ik.imagekit.io/0iaahkrcv/Oppo2/lava-logo-original%20(2).webp?updatedAt=1786555550986
6a7cac9e5c7cd75eb85d3da3,Oppo2,lava-logo-original.webp,lava logo original,BRAND_LOGO,https://ik.imagekit.io/0iaahkrcv/Oppo2/lava-logo-original.webp?updatedAt=1786555550853
6a7cac9e5c7cd75eb85d3af2,Oppo2,lenovo-logo-original (1).webp,lenovo logo original (1),BRAND_LOGO,https://ik.imagekit.io/0iaahkrcv/Oppo2/lenovo-logo-original%20(1).webp?updatedAt=1786555550709
6a7cac9e5c7cd75eb85d3d59,Oppo2,lenovo-logo-original (2).webp,lenovo logo original (2),BRAND_LOGO,https://ik.imagekit.io/0iaahkrcv/Oppo2/lenovo-logo-original%20(2).webp?updatedAt=1786555550880
6a7cac9e5c7cd75eb85d3aeb,Oppo2,lenovo-logo-original.webp,lenovo logo original,BRAND_LOGO,https://ik.imagekit.io/0iaahkrcv/Oppo2/lenovo-logo-original.webp?updatedAt=1786555550659
6a7cac9d5c7cd75eb85d397a,Oppo2,lg-logo-original (1).webp,lg logo original (1),BRAND_LOGO,https://ik.imagekit.io/0iaahkrcv/Oppo2/lg-logo-original%20(1).webp?updatedAt=1786555550659
6a7cac9e5c7cd75eb85d3ba6,Oppo2,lg-logo-original (2).webp,lg logo original (2),BRAND_LOGO,https://ik.imagekit.io/0iaahkrcv/Oppo2/lg-logo-original%20(2).webp?updatedAt=1786555550754
6a7cac9e5c7cd75eb85d3d92,Oppo2,lg-logo-original.webp,lg logo original,BRAND_LOGO,https://ik.imagekit.io/0iaahkrcv/Oppo2/lg-logo-original.webp?updatedAt=1786555550822
6a7cac9e5c7cd75eb85d3d86,Oppo2,loader.631b9ed.svg,loader.631b9ed,GLOBAL_ICON,https://ik.imagekit.io/0iaahkrcv/Oppo2/loader.631b9ed.svg?updatedAt=1786555550943
6a7cac9e5c7cd75eb85d3c6f,Oppo2,motorola-logo-original (1).webp,motorola logo original (1),BRAND_LOGO,https://ik.imagekit.io/0iaahkrcv/Oppo2/motorola-logo-original%20(1).webp?updatedAt=1786555550760
6a7cac9e5c7cd75eb85d3e67,Oppo2,motorola-logo-original (2).webp,motorola logo original (2),BRAND_LOGO,https://ik.imagekit.io/0iaahkrcv/Oppo2/motorola-logo-original%20(2).webp?updatedAt=1786555550847
6a7cac9e5c7cd75eb85d3f54,Oppo2,motorola-logo-original.webp,motorola logo original,BRAND_LOGO,https://ik.imagekit.io/0iaahkrcv/Oppo2/motorola-logo-original.webp?updatedAt=1786555551005
6a7cac9e5c7cd75eb85d3bc1,Oppo2,nokia-logo-original (1).webp,nokia logo original (1),BRAND_LOGO,https://ik.imagekit.io/0iaahkrcv/Oppo2/nokia-logo-original%20(1).webp?updatedAt=1786555550749
6a7cac9e5c7cd75eb85d3d79,Oppo2,nokia-logo-original (2).webp,nokia logo original (2),BRAND_LOGO,https://ik.imagekit.io/0iaahkrcv/Oppo2/nokia-logo-original%20(2).webp?updatedAt=1786555550910
6a7cac9e5c7cd75eb85d3f38,Oppo2,nokia-logo-original.webp,nokia logo original,BRAND_LOGO,https://ik.imagekit.io/0iaahkrcv/Oppo2/nokia-logo-original.webp?updatedAt=1786555550976
6a7cac9e5c7cd75eb85d40e3,Oppo2,oneplus-logo-original (1).webp,oneplus logo original (1),BRAND_LOGO,https://ik.imagekit.io/0iaahkrcv/Oppo2/oneplus-logo-original%20(1).webp?updatedAt=1786555550929
6a7cac9e5c7cd75eb85d3f7b,Oppo2,oneplus-logo-original (2).webp,oneplus logo original (2),BRAND_LOGO,https://ik.imagekit.io/0iaahkrcv/Oppo2/oneplus-logo-original%20(2).webp?updatedAt=1786555550889
6a7cac9e5c7cd75eb85d4015,Oppo2,oneplus-logo-original.webp,oneplus logo original,BRAND_LOGO,https://ik.imagekit.io/0iaahkrcv/Oppo2/oneplus-logo-original.webp?updatedAt=1786555550856
6a7caca65c7cd75eb85dba28,Oppo2,Oppo-F31-Pro-Plus-medium (1).webp,Oppo F31 Pro Plus medium (1),GLOBAL_ICON,https://ik.imagekit.io/0iaahkrcv/Oppo2/Oppo-F31-Pro-Plus-medium%20(1).webp?updatedAt=1786555559196
6a7caca65c7cd75eb85dba2b,Oppo2,Oppo-F31-Pro-Plus-medium (2).webp,Oppo F31 Pro Plus medium (2),GLOBAL_ICON,https://ik.imagekit.io/0iaahkrcv/Oppo2/Oppo-F31-Pro-Plus-medium%20(2).webp?updatedAt=1786555559216
6a7caca65c7cd75eb85db8b6,Oppo2,Oppo-F31-Pro-Plus-medium.webp,Oppo F31 Pro Plus medium,GLOBAL_ICON,https://ik.imagekit.io/0iaahkrcv/Oppo2/Oppo-F31-Pro-Plus-medium.webp?updatedAt=1786555559146
6a7caca65c7cd75eb85dbe93,Oppo2,Oppo-K15-Pro-Plus-medium (1).webp,Oppo K15 Pro Plus medium (1),GLOBAL_ICON,https://ik.imagekit.io/0iaahkrcv/Oppo2/Oppo-K15-Pro-Plus-medium%20(1).webp?updatedAt=1786555559449
6a7caca65c7cd75eb85dbfdc,Oppo2,Oppo-K15-Pro-Plus-medium (2).webp,Oppo K15 Pro Plus medium (2),GLOBAL_ICON,https://ik.imagekit.io/0iaahkrcv/Oppo2/Oppo-K15-Pro-Plus-medium%20(2).webp?updatedAt=1786555559582
6a7caca65c7cd75eb85dbe84,Oppo2,Oppo-K15-Pro-Plus-medium.webp,Oppo K15 Pro Plus medium,GLOBAL_ICON,https://ik.imagekit.io/0iaahkrcv/Oppo2/Oppo-K15-Pro-Plus-medium.webp?updatedAt=1786555559442
6a7caca65c7cd75eb85dc000,Oppo2,oppo-logo-original (1).webp,oppo logo original (1),BRAND_LOGO,https://ik.imagekit.io/0iaahkrcv/Oppo2/oppo-logo-original%20(1).webp?updatedAt=1786555559596
6a7caca65c7cd75eb85dbec6,Oppo2,oppo-logo-original (2).webp,oppo logo original (2),BRAND_LOGO,https://ik.imagekit.io/0iaahkrcv/Oppo2/oppo-logo-original%20(2).webp?updatedAt=1786555559468
6a7caca75c7cd75eb85dc2b1,Oppo2,oppo-logo-original.webp,oppo logo original,BRAND_LOGO,https://ik.imagekit.io/0iaahkrcv/Oppo2/oppo-logo-original.webp?updatedAt=1786555559675
6a7caca75c7cd75eb85dc7ad,Oppo2,Oppo-Reno15-Pro-Mini-medium (1).webp,Oppo Reno15 Pro Mini medium (1),PRODUCT_IMAGE,https://ik.imagekit.io/0iaahkrcv/Oppo2/Oppo-Reno15-Pro-Mini-medium%20(1).webp?updatedAt=1786555559935
6a7caca75c7cd75eb85dcbb8,Oppo2,Oppo-Reno15-Pro-Mini-medium (2).webp,Oppo Reno15 Pro Mini medium (2),PRODUCT_IMAGE,https://ik.imagekit.io/0iaahkrcv/Oppo2/Oppo-Reno15-Pro-Mini-medium%20(2).webp?updatedAt=1786555560077
6a7caca75c7cd75eb85dc7bf,Oppo2,Oppo-Reno15-Pro-Mini-medium.webp,Oppo Reno15 Pro Mini medium,PRODUCT_IMAGE,https://ik.imagekit.io/0iaahkrcv/Oppo2/Oppo-Reno15-Pro-Mini-medium.webp?updatedAt=1786555559940
6a7caca75c7cd75eb85dccab,Oppo2,realme-logo-original (1).webp,realme logo original (1),BRAND_LOGO,https://ik.imagekit.io/0iaahkrcv/Oppo2/realme-logo-original%20(1).webp?updatedAt=1786555560066
6a7caca75c7cd75eb85dcce5,Oppo2,realme-logo-original (2).webp,realme logo original (2),BRAND_LOGO,https://ik.imagekit.io/0iaahkrcv/Oppo2/realme-logo-original%20(2).webp?updatedAt=1786555560099
6a7caca75c7cd75eb85dcd59,Oppo2,realme-logo-original.webp,realme logo original,BRAND_LOGO,https://ik.imagekit.io/0iaahkrcv/Oppo2/realme-logo-original.webp?updatedAt=1786555560088
6a7caca75c7cd75eb85dcf9b,Oppo2,samsung-logo-original (1).webp,samsung logo original (1),BRAND_LOGO,https://ik.imagekit.io/0iaahkrcv/Oppo2/samsung-logo-original%20(1).webp?updatedAt=1786555560247
6a7caca95c7cd75eb85df2f1,Oppo2,samsung-logo-original (2).webp,samsung logo original (2),BRAND_LOGO,https://ik.imagekit.io/0iaahkrcv/Oppo2/samsung-logo-original%20(2).webp?updatedAt=1786555561962
6a7caca95c7cd75eb85df30c,Oppo2,samsung-logo-original.webp,samsung logo original,BRAND_LOGO,https://ik.imagekit.io/0iaahkrcv/Oppo2/samsung-logo-original.webp?updatedAt=1786555561954
6a7caca95c7cd75eb85df4b0,Oppo2,search.7d254c6.svg,search.7d254c6,GLOBAL_ICON,https://ik.imagekit.io/0iaahkrcv/Oppo2/search.7d254c6.svg?updatedAt=1786555562053
6a7caca75c7cd75eb85dceca,Oppo2,sony-logo-original (1).webp,sony logo original (1),BRAND_LOGO,https://ik.imagekit.io/0iaahkrcv/Oppo2/sony-logo-original%20(1).webp?updatedAt=1786555560216
6a7caca75c7cd75eb85dce9e,Oppo2,sony-logo-original (2).webp,sony logo original (2),BRAND_LOGO,https://ik.imagekit.io/0iaahkrcv/Oppo2/sony-logo-original%20(2).webp?updatedAt=1786555560141
6a7caca95c7cd75eb85df2d7,Oppo2,sony-logo-original.webp,sony logo original,BRAND_LOGO,https://ik.imagekit.io/0iaahkrcv/Oppo2/sony-logo-original.webp?updatedAt=1786555561964
6a7caca75c7cd75eb85dcd63,Oppo2,tecno-logo-original (1).webp,tecno logo original (1),BRAND_LOGO,https://ik.imagekit.io/0iaahkrcv/Oppo2/tecno-logo-original%20(1).webp?updatedAt=1786555560110
6a7caca75c7cd75eb85dcf8d,Oppo2,tecno-logo-original (2).webp,tecno logo original (2),BRAND_LOGO,https://ik.imagekit.io/0iaahkrcv/Oppo2/tecno-logo-original%20(2).webp?updatedAt=1786555560231
6a7caca75c7cd75eb85dcecf,Oppo2,tecno-logo-original.webp,tecno logo original,BRAND_LOGO,https://ik.imagekit.io/0iaahkrcv/Oppo2/tecno-logo-original.webp?updatedAt=1786555560257
6a7caca75c7cd75eb85dce9a,Oppo2,vivo-logo-original (1).webp,vivo logo original (1),BRAND_LOGO,https://ik.imagekit.io/0iaahkrcv/Oppo2/vivo-logo-original%20(1).webp?updatedAt=1786555560167
6a7caca75c7cd75eb85dcd32,Oppo2,vivo-logo-original (2).webp,vivo logo original (2),BRAND_LOGO,https://ik.imagekit.io/0iaahkrcv/Oppo2/vivo-logo-original%20(2).webp?updatedAt=1786555560070
6a7caca75c7cd75eb85dcf16,Oppo2,vivo-logo-original.webp,vivo logo original,BRAND_LOGO,https://ik.imagekit.io/0iaahkrcv/Oppo2/vivo-logo-original.webp?updatedAt=1786555560171
6a7caca75c7cd75eb85dd053,Oppo2,whatsapp.svg,whatsapp,GLOBAL_ICON,https://ik.imagekit.io/0iaahkrcv/Oppo2/whatsapp.svg?updatedAt=1786555560228
6a7caca75c7cd75eb85dcd4e,Oppo2,xiaomi-logo-original (1).webp,xiaomi logo original (1),BRAND_LOGO,https://ik.imagekit.io/0iaahkrcv/Oppo2/xiaomi-logo-original%20(1).webp?updatedAt=1786555560083
6a7caca75c7cd75eb85dd66c,Oppo2,xiaomi-logo-original (2).webp,xiaomi logo original (2),BRAND_LOGO,https://ik.imagekit.io/0iaahkrcv/Oppo2/xiaomi-logo-original%20(2).webp?updatedAt=1786555560322
6a7caca75c7cd75eb85dd99a,Oppo2,xiaomi-logo-original.webp,xiaomi logo original,BRAND_LOGO,https://ik.imagekit.io/0iaahkrcv/Oppo2/xiaomi-logo-original.webp?updatedAt=1786555560417
6a7cadd05c7cd75eb8708eda,Oppo3,app-logo-desktop.svg,app logo desktop,BRAND_LOGO,https://ik.imagekit.io/0iaahkrcv/Oppo3/app-logo-desktop.svg?updatedAt=1786555857134
6a7cadd15c7cd75eb87098d1,Oppo3,apple-logo-original (1).webp,apple logo original (1),BRAND_LOGO,https://ik.imagekit.io/0iaahkrcv/Oppo3/apple-logo-original%20(1).webp?updatedAt=1786555858433
6a7cadd05c7cd75eb8709194,Oppo3,apple-logo-original (2).webp,apple logo original (2),BRAND_LOGO,https://ik.imagekit.io/0iaahkrcv/Oppo3/apple-logo-original%20(2).webp?updatedAt=1786555857620
6a7cadd15c7cd75eb8709238,Oppo3,apple-logo-original.webp,apple logo original,BRAND_LOGO,https://ik.imagekit.io/0iaahkrcv/Oppo3/apple-logo-original.webp?updatedAt=1786555857680
6a7cadd05c7cd75eb87090dd,Oppo3,asus-original (1).webp,asus original (1),BRAND_LOGO,https://ik.imagekit.io/0iaahkrcv/Oppo3/asus-original%20(1).webp?updatedAt=1786555857495
6a7cadd25c7cd75eb870a0c7,Oppo3,asus-original (2).webp,asus original (2),BRAND_LOGO,https://ik.imagekit.io/0iaahkrcv/Oppo3/asus-original%20(2).webp?updatedAt=1786555858904
6a7cadd25c7cd75eb8709f2a,Oppo3,asus-original.webp,asus original,BRAND_LOGO,https://ik.imagekit.io/0iaahkrcv/Oppo3/asus-original.webp?updatedAt=1786555858921
6a7cadd05c7cd75eb87090a2,Oppo3,download (1).svg,download (1),GLOBAL_ICON,https://ik.imagekit.io/0iaahkrcv/Oppo3/download%20(1).svg?updatedAt=1786555857393
6a7cadd15c7cd75eb8709b29,Oppo3,download (10).svg,download (10),GLOBAL_ICON,https://ik.imagekit.io/0iaahkrcv/Oppo3/download%20(10).svg?updatedAt=1786555858591
6a7cadd05c7cd75eb87091aa,Oppo3,download (11).svg,download (11),GLOBAL_ICON,https://ik.imagekit.io/0iaahkrcv/Oppo3/download%20(11).svg?updatedAt=1786555857576
6a7cadd15c7cd75eb8709252,Oppo3,download (12).svg,download (12),GLOBAL_ICON,https://ik.imagekit.io/0iaahkrcv/Oppo3/download%20(12).svg?updatedAt=1786555857694
6a7cadd15c7cd75eb870940a,Oppo3,download (13).svg,download (13),GLOBAL_ICON,https://ik.imagekit.io/0iaahkrcv/Oppo3/download%20(13).svg?updatedAt=1786555857838
6a7cadd15c7cd75eb870949a,Oppo3,download (14).svg,download (14),GLOBAL_ICON,https://ik.imagekit.io/0iaahkrcv/Oppo3/download%20(14).svg?updatedAt=1786555857973
6a7cadd15c7cd75eb87098ac,Oppo3,download (15).svg,download (15),GLOBAL_ICON,https://ik.imagekit.io/0iaahkrcv/Oppo3/download%20(15).svg?updatedAt=1786555858415
6a7cadd15c7cd75eb8709796,Oppo3,download (16).svg,download (16),GLOBAL_ICON,https://ik.imagekit.io/0iaahkrcv/Oppo3/download%20(16).svg?updatedAt=1786555858278
6a7cadd15c7cd75eb8709232,Oppo3,download (17).svg,download (17),GLOBAL_ICON,https://ik.imagekit.io/0iaahkrcv/Oppo3/download%20(17).svg?updatedAt=1786555857701
6a7cadd25c7cd75eb8709f04,Oppo3,download (2).svg,download (2),GLOBAL_ICON,https://ik.imagekit.io/0iaahkrcv/Oppo3/download%20(2).svg?updatedAt=1786555858843
6a7cadd15c7cd75eb8709222,Oppo3,download (3).svg,download (3),GLOBAL_ICON,https://ik.imagekit.io/0iaahkrcv/Oppo3/download%20(3).svg?updatedAt=1786555857710
6a7cadd25c7cd75eb8709f17,Oppo3,download (4).svg,download (4),GLOBAL_ICON,https://ik.imagekit.io/0iaahkrcv/Oppo3/download%20(4).svg?updatedAt=1786555858853
6a7cadd05c7cd75eb8708ec9,Oppo3,download (5).svg,download (5),GLOBAL_ICON,https://ik.imagekit.io/0iaahkrcv/Oppo3/download%20(5).svg?updatedAt=1786555857072
6a7cadd15c7cd75eb870921e,Oppo3,download (6).svg,download (6),GLOBAL_ICON,https://ik.imagekit.io/0iaahkrcv/Oppo3/download%20(6).svg?updatedAt=1786555857658
6a7cadd05c7cd75eb870919c,Oppo3,download (7).svg,download (7),GLOBAL_ICON,https://ik.imagekit.io/0iaahkrcv/Oppo3/download%20(7).svg?updatedAt=1786555857580
6a7cadd15c7cd75eb87096c8,Oppo3,download (8).svg,download (8),GLOBAL_ICON,https://ik.imagekit.io/0iaahkrcv/Oppo3/download%20(8).svg?updatedAt=1786555858100
6a7cadd25c7cd75eb8709dd1,Oppo3,download (9).svg,download (9),GLOBAL_ICON,https://ik.imagekit.io/0iaahkrcv/Oppo3/download%20(9).svg?updatedAt=1786555858796
6a7cadd15c7cd75eb8709420,Oppo3,download.svg,download,GLOBAL_ICON,https://ik.imagekit.io/0iaahkrcv/Oppo3/download.svg?updatedAt=1786555857880
6a7cadd15c7cd75eb87098c9,Oppo3,energizer-logo-original (1).webp,energizer logo original (1),BRAND_LOGO,https://ik.imagekit.io/0iaahkrcv/Oppo3/energizer-logo-original%20(1).webp?updatedAt=1786555858466
6a7cadd15c7cd75eb87094bc,Oppo3,energizer-logo-original (2).webp,energizer logo original (2),BRAND_LOGO,https://ik.imagekit.io/0iaahkrcv/Oppo3/energizer-logo-original%20(2).webp?updatedAt=1786555857947
6a7cadd25c7cd75eb8709eb4,Oppo3,energizer-logo-original.webp,energizer logo original,BRAND_LOGO,https://ik.imagekit.io/0iaahkrcv/Oppo3/energizer-logo-original.webp?updatedAt=1786555858829
6a7cadd15c7cd75eb8709732,Oppo3,google-logo-original (1).webp,google logo original (1),BRAND_LOGO,https://ik.imagekit.io/0iaahkrcv/Oppo3/google-logo-original%20(1).webp?updatedAt=1786555858238
6a7cadd25c7cd75eb8709dff,Oppo3,google-logo-original (2).webp,google logo original (2),BRAND_LOGO,https://ik.imagekit.io/0iaahkrcv/Oppo3/google-logo-original%20(2).webp?updatedAt=1786555858742
6a7cadd15c7cd75eb870946e,Oppo3,google-logo-original.webp,google logo original,BRAND_LOGO,https://ik.imagekit.io/0iaahkrcv/Oppo3/google-logo-original.webp?updatedAt=1786555857976
6a7cadd15c7cd75eb870947b,Oppo3,honor-logo-original (1).webp,honor logo original (1),BRAND_LOGO,https://ik.imagekit.io/0iaahkrcv/Oppo3/honor-logo-original%20(1).webp?updatedAt=1786555857954
6a7cadd25c7cd75eb8709fce,Oppo3,honor-logo-original (2).webp,honor logo original (2),BRAND_LOGO,https://ik.imagekit.io/0iaahkrcv/Oppo3/honor-logo-original%20(2).webp?updatedAt=1786555858878
6a7cadd15c7cd75eb87099cf,Oppo3,honor-logo-original.webp,honor logo original,BRAND_LOGO,https://ik.imagekit.io/0iaahkrcv/Oppo3/honor-logo-original.webp?updatedAt=1786555858514
6a7cadd15c7cd75eb87094b7,Oppo3,htc-logo-original (1).webp,htc logo original (1),BRAND_LOGO,https://ik.imagekit.io/0iaahkrcv/Oppo3/htc-logo-original%20(1).webp?updatedAt=1786555857925
6a7cadd15c7cd75eb87093c3,Oppo3,htc-logo-original (2).webp,htc logo original (2),BRAND_LOGO,https://ik.imagekit.io/0iaahkrcv/Oppo3/htc-logo-original%20(2).webp?updatedAt=1786555857833
6a7cadd25c7cd75eb8709e48,Oppo3,htc-logo-original.webp,htc logo original,BRAND_LOGO,https://ik.imagekit.io/0iaahkrcv/Oppo3/htc-logo-original.webp?updatedAt=1786555858807
6a7cadd15c7cd75eb8709957,Oppo3,huawei-logo-original (1).webp,huawei logo original (1),BRAND_LOGO,https://ik.imagekit.io/0iaahkrcv/Oppo3/huawei-logo-original%20(1).webp?updatedAt=1786555858506
6a7cadd25c7cd75eb870a017,Oppo3,huawei-logo-original (2).webp,huawei logo original (2),BRAND_LOGO,https://ik.imagekit.io/0iaahkrcv/Oppo3/huawei-logo-original%20(2).webp?updatedAt=1786555858829
6a7cadd15c7cd75eb8709762,Oppo3,huawei-logo-original.webp,huawei logo original,BRAND_LOGO,https://ik.imagekit.io/0iaahkrcv/Oppo3/huawei-logo-original.webp?updatedAt=1786555858187
6a7cadd15c7cd75eb8709a9d,Oppo3,infinix-logo-original (1).webp,infinix logo original (1),BRAND_LOGO,https://ik.imagekit.io/0iaahkrcv/Oppo3/infinix-logo-original%20(1).webp?updatedAt=1786555858586
6a7cadd15c7cd75eb87096f0,Oppo3,infinix-logo-original (2).webp,infinix logo original (2),BRAND_LOGO,https://ik.imagekit.io/0iaahkrcv/Oppo3/infinix-logo-original%20(2).webp?updatedAt=1786555858228
6a7cadd25c7cd75eb8709dd4,Oppo3,infinix-logo-original.webp,infinix logo original,BRAND_LOGO,https://ik.imagekit.io/0iaahkrcv/Oppo3/infinix-logo-original.webp?updatedAt=1786555858823
6a7cadd05c7cd75eb870909a,Oppo3,itel-logo-original (1).webp,itel logo original (1),BRAND_LOGO,https://ik.imagekit.io/0iaahkrcv/Oppo3/itel-logo-original%20(1).webp?updatedAt=1786555857388
6a7cadd15c7cd75eb87096c9,Oppo3,itel-logo-original (2).webp,itel logo original (2),BRAND_LOGO,https://ik.imagekit.io/0iaahkrcv/Oppo3/itel-logo-original%20(2).webp?updatedAt=1786555858125
6a7cadd15c7cd75eb8709444,Oppo3,itel-logo-original.webp,itel logo original,BRAND_LOGO,https://ik.imagekit.io/0iaahkrcv/Oppo3/itel-logo-original.webp?updatedAt=1786555857975
6a7cadd15c7cd75eb87099af,Oppo3,lava-logo-original (1).webp,lava logo original (1),BRAND_LOGO,https://ik.imagekit.io/0iaahkrcv/Oppo3/lava-logo-original%20(1).webp?updatedAt=1786555858515
6a7cadd05c7cd75eb87091a6,Oppo3,lava-logo-original (2).webp,lava logo original (2),BRAND_LOGO,https://ik.imagekit.io/0iaahkrcv/Oppo3/lava-logo-original%20(2).webp?updatedAt=1786555857582
6a7cadd15c7cd75eb87096ca,Oppo3,lava-logo-original.webp,lava logo original,BRAND_LOGO,https://ik.imagekit.io/0iaahkrcv/Oppo3/lava-logo-original.webp?updatedAt=1786555858072
6a7cadd15c7cd75eb8709485,Oppo3,lenovo-logo-original (1).webp,lenovo logo original (1),BRAND_LOGO,https://ik.imagekit.io/0iaahkrcv/Oppo3/lenovo-logo-original%20(1).webp?updatedAt=1786555857958
6a7cadd25c7cd75eb8709ebd,Oppo3,lenovo-logo-original (2).webp,lenovo logo original (2),BRAND_LOGO,https://ik.imagekit.io/0iaahkrcv/Oppo3/lenovo-logo-original%20(2).webp?updatedAt=1786555858822
6a7cadd15c7cd75eb87099ce,Oppo3,lenovo-logo-original.webp,lenovo logo original,BRAND_LOGO,https://ik.imagekit.io/0iaahkrcv/Oppo3/lenovo-logo-original.webp?updatedAt=1786555858537
6a7cadd15c7cd75eb87097b3,Oppo3,lg-logo-original (1).webp,lg logo original (1),BRAND_LOGO,https://ik.imagekit.io/0iaahkrcv/Oppo3/lg-logo-original%20(1).webp?updatedAt=1786555858234
6a7cadd05c7cd75eb870909c,Oppo3,lg-logo-original (2).webp,lg logo original (2),BRAND_LOGO,https://ik.imagekit.io/0iaahkrcv/Oppo3/lg-logo-original%20(2).webp?updatedAt=1786555857378
6a7cadd15c7cd75eb87096cb,Oppo3,lg-logo-original.webp,lg logo original,BRAND_LOGO,https://ik.imagekit.io/0iaahkrcv/Oppo3/lg-logo-original.webp?updatedAt=1786555858145
6a7cadd15c7cd75eb8709a0c,Oppo3,motorola-logo-original (1).webp,motorola logo original (1),BRAND_LOGO,https://ik.imagekit.io/0iaahkrcv/Oppo3/motorola-logo-original%20(1).webp?updatedAt=1786555858532
6a7cadd15c7cd75eb8709426,Oppo3,motorola-logo-original (2).webp,motorola logo original (2),BRAND_LOGO,https://ik.imagekit.io/0iaahkrcv/Oppo3/motorola-logo-original%20(2).webp?updatedAt=1786555857917
6a7cadd25c7cd75eb8709ea0,Oppo3,motorola-logo-original.webp,motorola logo original,BRAND_LOGO,https://ik.imagekit.io/0iaahkrcv/Oppo3/motorola-logo-original.webp?updatedAt=1786555858773
6a7cadd25c7cd75eb8709e62,Oppo3,nokia-logo-original (1).webp,nokia logo original (1),BRAND_LOGO,https://ik.imagekit.io/0iaahkrcv/Oppo3/nokia-logo-original%20(1).webp?updatedAt=1786555858773
6a7cadd15c7cd75eb870976c,Oppo3,nokia-logo-original (2).webp,nokia logo original (2),BRAND_LOGO,https://ik.imagekit.io/0iaahkrcv/Oppo3/nokia-logo-original%20(2).webp?updatedAt=1786555858238
6a7cadd15c7cd75eb87099a9,Oppo3,nokia-logo-original.webp,nokia logo original,BRAND_LOGO,https://ik.imagekit.io/0iaahkrcv/Oppo3/nokia-logo-original.webp?updatedAt=1786555858499
6a7cadd15c7cd75eb8709735,Oppo3,oneplus-logo-original (1).webp,oneplus logo original (1),BRAND_LOGO,https://ik.imagekit.io/0iaahkrcv/Oppo3/oneplus-logo-original%20(1).webp?updatedAt=1786555858197
6a7cadd15c7cd75eb870977d,Oppo3,oneplus-logo-original (2).webp,oneplus logo original (2),BRAND_LOGO,https://ik.imagekit.io/0iaahkrcv/Oppo3/oneplus-logo-original%20(2).webp?updatedAt=1786555858262
6a7cadd15c7cd75eb870978f,Oppo3,oneplus-logo-original.webp,oneplus logo original,BRAND_LOGO,https://ik.imagekit.io/0iaahkrcv/Oppo3/oneplus-logo-original.webp?updatedAt=1786555858264
6a7cadda5c7cd75eb8713bc3,Oppo3,oppo-logo-original (1).webp,oppo logo original (1),BRAND_LOGO,https://ik.imagekit.io/0iaahkrcv/Oppo3/oppo-logo-original%20(1).webp?updatedAt=1786555867405
6a7cadda5c7cd75eb8713ac6,Oppo3,oppo-logo-original (2).webp,oppo logo original (2),BRAND_LOGO,https://ik.imagekit.io/0iaahkrcv/Oppo3/oppo-logo-original%20(2).webp?updatedAt=1786555867287
6a7cadda5c7cd75eb8713ad5,Oppo3,oppo-logo-original.webp,oppo logo original,BRAND_LOGO,https://ik.imagekit.io/0iaahkrcv/Oppo3/oppo-logo-original.webp?updatedAt=1786555867283
6a7cadda5c7cd75eb8713f05,Oppo3,realme-logo-original (1).webp,realme logo original (1),BRAND_LOGO,https://ik.imagekit.io/0iaahkrcv/Oppo3/realme-logo-original%20(1).webp?updatedAt=1786555867550
6a7cadda5c7cd75eb8713ef8,Oppo3,realme-logo-original (2).webp,realme logo original (2),BRAND_LOGO,https://ik.imagekit.io/0iaahkrcv/Oppo3/realme-logo-original%20(2).webp?updatedAt=1786555867540
6a7caddb5c7cd75eb87140ea,Oppo3,realme-logo-original.webp,realme logo original,BRAND_LOGO,https://ik.imagekit.io/0iaahkrcv/Oppo3/realme-logo-original.webp?updatedAt=1786555867748
6a7cadda5c7cd75eb8713f53,Oppo3,samsung-logo-original (1).webp,samsung logo original (1),BRAND_LOGO,https://ik.imagekit.io/0iaahkrcv/Oppo3/samsung-logo-original%20(1).webp?updatedAt=1786555867583
6a7cadda5c7cd75eb8713f15,Oppo3,samsung-logo-original (2).webp,samsung logo original (2),BRAND_LOGO,https://ik.imagekit.io/0iaahkrcv/Oppo3/samsung-logo-original%20(2).webp?updatedAt=1786555867622
6a7cadda5c7cd75eb8713f50,Oppo3,samsung-logo-original.webp,samsung logo original,BRAND_LOGO,https://ik.imagekit.io/0iaahkrcv/Oppo3/samsung-logo-original.webp?updatedAt=1786555867585
6a7caddb5c7cd75eb87140cb,Oppo3,sony-logo-original (1).webp,sony logo original (1),BRAND_LOGO,https://ik.imagekit.io/0iaahkrcv/Oppo3/sony-logo-original%20(1).webp?updatedAt=1786555867726
6a7caddb5c7cd75eb87140df,Oppo3,sony-logo-original (2).webp,sony logo original (2),BRAND_LOGO,https://ik.imagekit.io/0iaahkrcv/Oppo3/sony-logo-original%20(2).webp?updatedAt=1786555867727
6a7cadda5c7cd75eb8713f60,Oppo3,sony-logo-original.webp,sony logo original,BRAND_LOGO,https://ik.imagekit.io/0iaahkrcv/Oppo3/sony-logo-original.webp?updatedAt=1786555867607
6a7cadda5c7cd75eb8713f6c,Oppo3,tecno-logo-original (1).webp,tecno logo original (1),BRAND_LOGO,https://ik.imagekit.io/0iaahkrcv/Oppo3/tecno-logo-original%20(1).webp?updatedAt=1786555867657
6a7cadda5c7cd75eb8713f64,Oppo3,tecno-logo-original (2).webp,tecno logo original (2),BRAND_LOGO,https://ik.imagekit.io/0iaahkrcv/Oppo3/tecno-logo-original%20(2).webp?updatedAt=1786555867631
6a7cadda5c7cd75eb8713f5b,Oppo3,tecno-logo-original.webp,tecno logo original,BRAND_LOGO,https://ik.imagekit.io/0iaahkrcv/Oppo3/tecno-logo-original.webp?updatedAt=1786555867656
6a7cadda5c7cd75eb8713f6b,Oppo3,vivo-logo-original (1).webp,vivo logo original (1),BRAND_LOGO,https://ik.imagekit.io/0iaahkrcv/Oppo3/vivo-logo-original%20(1).webp?updatedAt=1786555867592
6a7cadda5c7cd75eb8713f5f,Oppo3,vivo-logo-original (2).webp,vivo logo original (2),BRAND_LOGO,https://ik.imagekit.io/0iaahkrcv/Oppo3/vivo-logo-original%20(2).webp?updatedAt=1786555867612
6a7caddb5c7cd75eb871422c,Oppo3,vivo-logo-original.webp,vivo logo original,BRAND_LOGO,https://ik.imagekit.io/0iaahkrcv/Oppo3/vivo-logo-original.webp?updatedAt=1786555867771
6a7caddb5c7cd75eb87140eb,Oppo3,whatsapp.svg,whatsapp,GLOBAL_ICON,https://ik.imagekit.io/0iaahkrcv/Oppo3/whatsapp.svg?updatedAt=1786555867698
6a7caddb5c7cd75eb8714225,Oppo3,xiaomi-logo-original (1).webp,xiaomi logo original (1),BRAND_LOGO,https://ik.imagekit.io/0iaahkrcv/Oppo3/xiaomi-logo-original%20(1).webp?updatedAt=1786555867781
6a7caddb5c7cd75eb8714110,Oppo3,xiaomi-logo-original (2).webp,xiaomi logo original (2),BRAND_LOGO,https://ik.imagekit.io/0iaahkrcv/Oppo3/xiaomi-logo-original%20(2).webp?updatedAt=1786555867664
6a7caddb5c7cd75eb8714108,Oppo3,xiaomi-logo-original.webp,xiaomi logo original,BRAND_LOGO,https://ik.imagekit.io/0iaahkrcv/Oppo3/xiaomi-logo-original.webp?updatedAt=1786555867692
6a7cae075c7cd75eb87405f5,Oppo4,apple-logo-original.webp,apple logo original,BRAND_LOGO,https://ik.imagekit.io/0iaahkrcv/Oppo4/apple-logo-original.webp?updatedAt=1786555911908
6a7cae075c7cd75eb87406ee,Oppo4,asus-original.webp,asus original,BRAND_LOGO,https://ik.imagekit.io/0iaahkrcv/Oppo4/asus-original.webp?updatedAt=1786555912002
6a7cae075c7cd75eb87405f8,Oppo4,download (1).svg,download (1),GLOBAL_ICON,https://ik.imagekit.io/0iaahkrcv/Oppo4/download%20(1).svg?updatedAt=1786555911960
6a7cae075c7cd75eb8740b95,Oppo4,download (10).svg,download (10),GLOBAL_ICON,https://ik.imagekit.io/0iaahkrcv/Oppo4/download%20(10).svg?updatedAt=1786555912333
6a7cae075c7cd75eb8740d17,Oppo4,download (11).svg,download (11),GLOBAL_ICON,https://ik.imagekit.io/0iaahkrcv/Oppo4/download%20(11).svg?updatedAt=1786555912483
6a7cae085c7cd75eb8740f87,Oppo4,download (12).svg,download (12),GLOBAL_ICON,https://ik.imagekit.io/0iaahkrcv/Oppo4/download%20(12).svg?updatedAt=1786555912781
6a7cae075c7cd75eb8740c14,Oppo4,download (13).svg,download (13),GLOBAL_ICON,https://ik.imagekit.io/0iaahkrcv/Oppo4/download%20(13).svg?updatedAt=1786555912382
6a7cae075c7cd75eb8740d0d,Oppo4,download (14).svg,download (14),GLOBAL_ICON,https://ik.imagekit.io/0iaahkrcv/Oppo4/download%20(14).svg?updatedAt=1786555912513
6a7cae085c7cd75eb8740f82,Oppo4,download (15).svg,download (15),GLOBAL_ICON,https://ik.imagekit.io/0iaahkrcv/Oppo4/download%20(15).svg?updatedAt=1786555912764
6a7cae085c7cd75eb874105c,Oppo4,download (16).svg,download (16),GLOBAL_ICON,https://ik.imagekit.io/0iaahkrcv/Oppo4/download%20(16).svg?updatedAt=1786555912819
6a7cae075c7cd75eb8740bd6,Oppo4,download (17).svg,download (17),GLOBAL_ICON,https://ik.imagekit.io/0iaahkrcv/Oppo4/download%20(17).svg?updatedAt=1786555912388
6a7cae075c7cd75eb8740d37,Oppo4,download (2).svg,download (2),GLOBAL_ICON,https://ik.imagekit.io/0iaahkrcv/Oppo4/download%20(2).svg?updatedAt=1786555912553
6a7cae075c7cd75eb8740ccc,Oppo4,download (3).svg,download (3),GLOBAL_ICON,https://ik.imagekit.io/0iaahkrcv/Oppo4/download%20(3).svg?updatedAt=1786555912586
6a7cae075c7cd75eb8740bc7,Oppo4,download (4).svg,download (4),GLOBAL_ICON,https://ik.imagekit.io/0iaahkrcv/Oppo4/download%20(4).svg?updatedAt=1786555912365
6a7cae085c7cd75eb8740f74,Oppo4,download (5).svg,download (5),GLOBAL_ICON,https://ik.imagekit.io/0iaahkrcv/Oppo4/download%20(5).svg?updatedAt=1786555912682
6a7cae075c7cd75eb8740d11,Oppo4,download (6).svg,download (6),GLOBAL_ICON,https://ik.imagekit.io/0iaahkrcv/Oppo4/download%20(6).svg?updatedAt=1786555912594
6a7cae085c7cd75eb8741027,Oppo4,download (7).svg,download (7),GLOBAL_ICON,https://ik.imagekit.io/0iaahkrcv/Oppo4/download%20(7).svg?updatedAt=1786555912747
6a7cae075c7cd75eb8740bc4,Oppo4,download (8).svg,download (8),GLOBAL_ICON,https://ik.imagekit.io/0iaahkrcv/Oppo4/download%20(8).svg?updatedAt=1786555912498
6a7cae075c7cd75eb8740d32,Oppo4,download (9).svg,download (9),GLOBAL_ICON,https://ik.imagekit.io/0iaahkrcv/Oppo4/download%20(9).svg?updatedAt=1786555912433
6a7cae085c7cd75eb8740f99,Oppo4,download.svg,download,GLOBAL_ICON,https://ik.imagekit.io/0iaahkrcv/Oppo4/download.svg?updatedAt=1786555912695
6a7cae075c7cd75eb8740baf,Oppo4,energizer-logo-original.webp,energizer logo original,BRAND_LOGO,https://ik.imagekit.io/0iaahkrcv/Oppo4/energizer-logo-original.webp?updatedAt=1786555912370
6a7cae085c7cd75eb87410b5,Oppo4,google-logo-original.webp,google logo original,BRAND_LOGO,https://ik.imagekit.io/0iaahkrcv/Oppo4/google-logo-original.webp?updatedAt=1786555912899
6a7cae075c7cd75eb8740ba3,Oppo4,honor-logo-original.webp,honor logo original,BRAND_LOGO,https://ik.imagekit.io/0iaahkrcv/Oppo4/honor-logo-original.webp?updatedAt=1786555912413
6a7cae085c7cd75eb8740f92,Oppo4,htc-logo-original.webp,htc logo original,BRAND_LOGO,https://ik.imagekit.io/0iaahkrcv/Oppo4/htc-logo-original.webp?updatedAt=1786555912677
6a7cae075c7cd75eb8740bdb,Oppo4,huawei-logo-original.webp,huawei logo original,BRAND_LOGO,https://ik.imagekit.io/0iaahkrcv/Oppo4/huawei-logo-original.webp?updatedAt=1786555912435
6a7cae085c7cd75eb874102b,Oppo4,infinix-logo-original.webp,infinix logo original,BRAND_LOGO,https://ik.imagekit.io/0iaahkrcv/Oppo4/infinix-logo-original.webp?updatedAt=1786555912722
6a7cae075c7cd75eb8740d3b,Oppo4,itel-logo-original.webp,itel logo original,BRAND_LOGO,https://ik.imagekit.io/0iaahkrcv/Oppo4/itel-logo-original.webp?updatedAt=1786555912520
6a7cae075c7cd75eb8740cb7,Oppo4,lava-logo-original.webp,lava logo original,BRAND_LOGO,https://ik.imagekit.io/0iaahkrcv/Oppo4/lava-logo-original.webp?updatedAt=1786555912414
6a7cae075c7cd75eb8740cc4,Oppo4,lenovo-logo-original.webp,lenovo logo original,BRAND_LOGO,https://ik.imagekit.io/0iaahkrcv/Oppo4/lenovo-logo-original.webp?updatedAt=1786555912579
6a7cae075c7cd75eb8740eab,Oppo4,lg-logo-original.webp,lg logo original,BRAND_LOGO,https://ik.imagekit.io/0iaahkrcv/Oppo4/lg-logo-original.webp?updatedAt=1786555912639
6a7cae075c7cd75eb8740f01,Oppo4,motorola-logo-original.webp,motorola logo original,BRAND_LOGO,https://ik.imagekit.io/0iaahkrcv/Oppo4/motorola-logo-original.webp?updatedAt=1786555912661
6a7cae075c7cd75eb8740d2f,Oppo4,nokia-logo-original.webp,nokia logo original,BRAND_LOGO,https://ik.imagekit.io/0iaahkrcv/Oppo4/nokia-logo-original.webp?updatedAt=1786555912440
6a7cae085c7cd75eb8741043,Oppo4,oneplus-logo-original.webp,oneplus logo original,BRAND_LOGO,https://ik.imagekit.io/0iaahkrcv/Oppo4/oneplus-logo-original.webp?updatedAt=1786555912745
6a7cae075c7cd75eb8740ec4,Oppo4,oppo-a3-psOzPKL3bG-medium.webp,oppo a3 psOzPKL3bG medium,PRODUCT_IMAGE,https://ik.imagekit.io/0iaahkrcv/Oppo4/oppo-a3-psOzPKL3bG-medium.webp?updatedAt=1786555912701
6a7cae085c7cd75eb87410fc,Oppo4,oppo-logo-original.webp,oppo logo original,BRAND_LOGO,https://ik.imagekit.io/0iaahkrcv/Oppo4/oppo-logo-original.webp?updatedAt=1786555912862
6a7cae085c7cd75eb8740f64,Oppo4,oppo-reno-10-pro-plus-d-medium.webp,oppo reno 10 pro plus d medium,GLOBAL_ICON,https://ik.imagekit.io/0iaahkrcv/Oppo4/oppo-reno-10-pro-plus-d-medium.webp?updatedAt=1786555912738
6a7cae085c7cd75eb874120d,Oppo4,realme-logo-original.webp,realme logo original,BRAND_LOGO,https://ik.imagekit.io/0iaahkrcv/Oppo4/realme-logo-original.webp?updatedAt=1786555912924
6a7cae085c7cd75eb8740ff1,Oppo4,samsung-logo-original.webp,samsung logo original,BRAND_LOGO,https://ik.imagekit.io/0iaahkrcv/Oppo4/samsung-logo-original.webp?updatedAt=1786555912834
6a7cae075c7cd75eb8740eea,Oppo4,sony-logo-original.webp,sony logo original,BRAND_LOGO,https://ik.imagekit.io/0iaahkrcv/Oppo4/sony-logo-original.webp?updatedAt=1786555912647
6a7cae075c7cd75eb8740ee0,Oppo4,tecno-logo-original.webp,tecno logo original,BRAND_LOGO,https://ik.imagekit.io/0iaahkrcv/Oppo4/tecno-logo-original.webp?updatedAt=1786555912616
6a7cae075c7cd75eb8740d1e,Oppo4,vivo-logo-original.webp,vivo logo original,BRAND_LOGO,https://ik.imagekit.io/0iaahkrcv/Oppo4/vivo-logo-original.webp?updatedAt=1786555912521
6a7cae075c7cd75eb8740eee,Oppo4,xiaomi-logo-original.webp,xiaomi logo original,BRAND_LOGO,https://ik.imagekit.io/0iaahkrcv/Oppo4/xiaomi-logo-original.webp?updatedAt=1786555912680
6a7caeb75c7cd75eb87f852c,Oppo5,app-logo-desktop.svg,app logo desktop,BRAND_LOGO,https://ik.imagekit.io/0iaahkrcv/Oppo5/app-logo-desktop.svg?updatedAt=1786556088401
6a7caeb75c7cd75eb87f8af3,Oppo5,apple-logo-original (1).webp,apple logo original (1),BRAND_LOGO,https://ik.imagekit.io/0iaahkrcv/Oppo5/apple-logo-original%20(1).webp?updatedAt=1786556088607
6a7caeb85c7cd75eb87f8fc4,Oppo5,apple-logo-original (2).webp,apple logo original (2),BRAND_LOGO,https://ik.imagekit.io/0iaahkrcv/Oppo5/apple-logo-original%20(2).webp?updatedAt=1786556088852
6a7caeb85c7cd75eb87f99c5,Oppo5,apple-logo-original.webp,apple logo original,BRAND_LOGO,https://ik.imagekit.io/0iaahkrcv/Oppo5/apple-logo-original.webp?updatedAt=1786556089277
6a7caeb85c7cd75eb87f8deb,Oppo5,asus-original (1).webp,asus original (1),BRAND_LOGO,https://ik.imagekit.io/0iaahkrcv/Oppo5/asus-original%20(1).webp?updatedAt=1786556088745
6a7caeb85c7cd75eb87f9bbe,Oppo5,asus-original (2).webp,asus original (2),BRAND_LOGO,https://ik.imagekit.io/0iaahkrcv/Oppo5/asus-original%20(2).webp?updatedAt=1786556089394
6a7caeb85c7cd75eb87f8de0,Oppo5,asus-original.webp,asus original,BRAND_LOGO,https://ik.imagekit.io/0iaahkrcv/Oppo5/asus-original.webp?updatedAt=1786556088697
6a7caeb85c7cd75eb87f907e,Oppo5,chevron-down.8ee3574.svg,chevron down.8ee3574,GLOBAL_ICON,https://ik.imagekit.io/0iaahkrcv/Oppo5/chevron-down.8ee3574.svg?updatedAt=1786556088880
6a7caeb85c7cd75eb87f9093,Oppo5,download (1).svg,download (1),GLOBAL_ICON,https://ik.imagekit.io/0iaahkrcv/Oppo5/download%20(1).svg?updatedAt=1786556088916
6a7caeb85c7cd75eb87f8ff5,Oppo5,download (10).svg,download (10),GLOBAL_ICON,https://ik.imagekit.io/0iaahkrcv/Oppo5/download%20(10).svg?updatedAt=1786556088793
6a7caeb85c7cd75eb87f9c1d,Oppo5,download (11).svg,download (11),GLOBAL_ICON,https://ik.imagekit.io/0iaahkrcv/Oppo5/download%20(11).svg?updatedAt=1786556089306
6a7caeb85c7cd75eb87f8f75,Oppo5,download (12).svg,download (12),GLOBAL_ICON,https://ik.imagekit.io/0iaahkrcv/Oppo5/download%20(12).svg?updatedAt=1786556088841
6a7caeb85c7cd75eb87f9c41,Oppo5,download (13).svg,download (13),GLOBAL_ICON,https://ik.imagekit.io/0iaahkrcv/Oppo5/download%20(13).svg?updatedAt=1786556089315
6a7caeb85c7cd75eb87f9e1d,Oppo5,download (14).svg,download (14),GLOBAL_ICON,https://ik.imagekit.io/0iaahkrcv/Oppo5/download%20(14).svg?updatedAt=1786556089408
6a7caeb85c7cd75eb87f9e55,Oppo5,download (15).svg,download (15),GLOBAL_ICON,https://ik.imagekit.io/0iaahkrcv/Oppo5/download%20(15).svg?updatedAt=1786556089465
6a7caeb85c7cd75eb87f9076,Oppo5,download (16).svg,download (16),GLOBAL_ICON,https://ik.imagekit.io/0iaahkrcv/Oppo5/download%20(16).svg?updatedAt=1786556088863
6a7caeb85c7cd75eb87f9107,Oppo5,download (2).svg,download (2),GLOBAL_ICON,https://ik.imagekit.io/0iaahkrcv/Oppo5/download%20(2).svg?updatedAt=1786556088940
6a7caeb85c7cd75eb87f8fa4,Oppo5,download (3).svg,download (3),GLOBAL_ICON,https://ik.imagekit.io/0iaahkrcv/Oppo5/download%20(3).svg?updatedAt=1786556088889
6a7caeb85c7cd75eb87f9029,Oppo5,download (4).svg,download (4),GLOBAL_ICON,https://ik.imagekit.io/0iaahkrcv/Oppo5/download%20(4).svg?updatedAt=1786556088826
6a7caeb85c7cd75eb87f900d,Oppo5,download (5).svg,download (5),GLOBAL_ICON,https://ik.imagekit.io/0iaahkrcv/Oppo5/download%20(5).svg?updatedAt=1786556088819
6a7caeb85c7cd75eb87f9213,Oppo5,download (6).svg,download (6),GLOBAL_ICON,https://ik.imagekit.io/0iaahkrcv/Oppo5/download%20(6).svg?updatedAt=1786556089099
6a7caeb85c7cd75eb87f90d8,Oppo5,download (7).svg,download (7),GLOBAL_ICON,https://ik.imagekit.io/0iaahkrcv/Oppo5/download%20(7).svg?updatedAt=1786556088871
6a7caeb85c7cd75eb87f922f,Oppo5,download (8).svg,download (8),GLOBAL_ICON,https://ik.imagekit.io/0iaahkrcv/Oppo5/download%20(8).svg?updatedAt=1786556088973
6a7caeb85c7cd75eb87f919f,Oppo5,download (9).svg,download (9),GLOBAL_ICON,https://ik.imagekit.io/0iaahkrcv/Oppo5/download%20(9).svg?updatedAt=1786556088980
6a7caeb85c7cd75eb87f92f7,Oppo5,download.svg,download,GLOBAL_ICON,https://ik.imagekit.io/0iaahkrcv/Oppo5/download.svg?updatedAt=1786556089138
6a7caeb85c7cd75eb87f9e5c,Oppo5,energizer-logo-original (1).webp,energizer logo original (1),BRAND_LOGO,https://ik.imagekit.io/0iaahkrcv/Oppo5/energizer-logo-original%20(1).webp?updatedAt=1786556089488
6a7caeb85c7cd75eb87f920f,Oppo5,energizer-logo-original (2).webp,energizer logo original (2),BRAND_LOGO,https://ik.imagekit.io/0iaahkrcv/Oppo5/energizer-logo-original%20(2).webp?updatedAt=1786556089138
6a7caeb85c7cd75eb87f9240,Oppo5,energizer-logo-original.webp,energizer logo original,BRAND_LOGO,https://ik.imagekit.io/0iaahkrcv/Oppo5/energizer-logo-original.webp?updatedAt=1786556088988
6a7caeb85c7cd75eb87f9d01,Oppo5,google-logo-original (1).webp,google logo original (1),BRAND_LOGO,https://ik.imagekit.io/0iaahkrcv/Oppo5/google-logo-original%20(1).webp?updatedAt=1786556089367
6a7caeb85c7cd75eb87f91d9,Oppo5,google-logo-original (2).webp,google logo original (2),BRAND_LOGO,https://ik.imagekit.io/0iaahkrcv/Oppo5/google-logo-original%20(2).webp?updatedAt=1786556088940
6a7caeb85c7cd75eb87f923b,Oppo5,google-logo-original.webp,google logo original,BRAND_LOGO,https://ik.imagekit.io/0iaahkrcv/Oppo5/google-logo-original.webp?updatedAt=1786556089044
6a7caeb85c7cd75eb87f9301,Oppo5,honor-logo-original (1).webp,honor logo original (1),BRAND_LOGO,https://ik.imagekit.io/0iaahkrcv/Oppo5/honor-logo-original%20(1).webp?updatedAt=1786556089070
6a7caeb85c7cd75eb87f9eea,Oppo5,honor-logo-original (2).webp,honor logo original (2),BRAND_LOGO,https://ik.imagekit.io/0iaahkrcv/Oppo5/honor-logo-original%20(2).webp?updatedAt=1786556089425
6a7caeb85c7cd75eb87f9247,Oppo5,honor-logo-original.webp,honor logo original,BRAND_LOGO,https://ik.imagekit.io/0iaahkrcv/Oppo5/honor-logo-original.webp?updatedAt=1786556089071
6a7caeb85c7cd75eb87f949b,Oppo5,htc-logo-original (1).webp,htc logo original (1),BRAND_LOGO,https://ik.imagekit.io/0iaahkrcv/Oppo5/htc-logo-original%20(1).webp?updatedAt=1786556089194
6a7caeb85c7cd75eb87f9fb1,Oppo5,htc-logo-original (2).webp,htc logo original (2),BRAND_LOGO,https://ik.imagekit.io/0iaahkrcv/Oppo5/htc-logo-original%20(2).webp?updatedAt=1786556089527
6a7caeb85c7cd75eb87f927b,Oppo5,htc-logo-original.webp,htc logo original,BRAND_LOGO,https://ik.imagekit.io/0iaahkrcv/Oppo5/htc-logo-original.webp?updatedAt=1786556089015
6a7caeb85c7cd75eb87f9474,Oppo5,huawei-logo-original (1).webp,huawei logo original (1),BRAND_LOGO,https://ik.imagekit.io/0iaahkrcv/Oppo5/huawei-logo-original%20(1).webp?updatedAt=1786556089152
6a7caeb85c7cd75eb87f921f,Oppo5,huawei-logo-original (2).webp,huawei logo original (2),BRAND_LOGO,https://ik.imagekit.io/0iaahkrcv/Oppo5/huawei-logo-original%20(2).webp?updatedAt=1786556088964
6a7caeb85c7cd75eb87f921d,Oppo5,huawei-logo-original.webp,huawei logo original,BRAND_LOGO,https://ik.imagekit.io/0iaahkrcv/Oppo5/huawei-logo-original.webp?updatedAt=1786556089149
6a7caeb85c7cd75eb87f9315,Oppo5,infinix-logo-original (1).webp,infinix logo original (1),BRAND_LOGO,https://ik.imagekit.io/0iaahkrcv/Oppo5/infinix-logo-original%20(1).webp?updatedAt=1786556089142
6a7caeb85c7cd75eb87f968f,Oppo5,infinix-logo-original (2).webp,infinix logo original (2),BRAND_LOGO,https://ik.imagekit.io/0iaahkrcv/Oppo5/infinix-logo-original%20(2).webp?updatedAt=1786556089181
6a7caeb85c7cd75eb87f96df,Oppo5,infinix-logo-original.webp,infinix logo original,BRAND_LOGO,https://ik.imagekit.io/0iaahkrcv/Oppo5/infinix-logo-original.webp?updatedAt=1786556089204
6a7caeb85c7cd75eb87f92fe,Oppo5,itel-logo-original (1).webp,itel logo original (1),BRAND_LOGO,https://ik.imagekit.io/0iaahkrcv/Oppo5/itel-logo-original%20(1).webp?updatedAt=1786556089075
6a7caeb85c7cd75eb87f950b,Oppo5,itel-logo-original (2).webp,itel logo original (2),BRAND_LOGO,https://ik.imagekit.io/0iaahkrcv/Oppo5/itel-logo-original%20(2).webp?updatedAt=1786556089159
6a7caeb85c7cd75eb87f950a,Oppo5,itel-logo-original.webp,itel logo original,BRAND_LOGO,https://ik.imagekit.io/0iaahkrcv/Oppo5/itel-logo-original.webp?updatedAt=1786556089233
6a7caeb85c7cd75eb87f9244,Oppo5,lava-logo-original (1).webp,lava logo original (1),BRAND_LOGO,https://ik.imagekit.io/0iaahkrcv/Oppo5/lava-logo-original%20(1).webp?updatedAt=1786556089032
6a7caeb85c7cd75eb87f947f,Oppo5,lava-logo-original (2).webp,lava logo original (2),BRAND_LOGO,https://ik.imagekit.io/0iaahkrcv/Oppo5/lava-logo-original%20(2).webp?updatedAt=1786556089099
6a7caeb85c7cd75eb87f9508,Oppo5,lava-logo-original.webp,lava logo original,BRAND_LOGO,https://ik.imagekit.io/0iaahkrcv/Oppo5/lava-logo-original.webp?updatedAt=1786556089155
6a7caeb85c7cd75eb87f9fed,Oppo5,lenovo-logo-original (1).webp,lenovo logo original (1),BRAND_LOGO,https://ik.imagekit.io/0iaahkrcv/Oppo5/lenovo-logo-original%20(1).webp?updatedAt=1786556089556
6a7caeb85c7cd75eb87f9fe5,Oppo5,lenovo-logo-original (2).webp,lenovo logo original (2),BRAND_LOGO,https://ik.imagekit.io/0iaahkrcv/Oppo5/lenovo-logo-original%20(2).webp?updatedAt=1786556089587
6a7caeb85c7cd75eb87f9f04,Oppo5,lenovo-logo-original.webp,lenovo logo original,BRAND_LOGO,https://ik.imagekit.io/0iaahkrcv/Oppo5/lenovo-logo-original.webp?updatedAt=1786556089390
6a7caeb85c7cd75eb87f9ead,Oppo5,lg-logo-original (1).webp,lg logo original (1),BRAND_LOGO,https://ik.imagekit.io/0iaahkrcv/Oppo5/lg-logo-original%20(1).webp?updatedAt=1786556089461
6a7caeb85c7cd75eb87f9752,Oppo5,lg-logo-original (2).webp,lg logo original (2),BRAND_LOGO,https://ik.imagekit.io/0iaahkrcv/Oppo5/lg-logo-original%20(2).webp?updatedAt=1786556089202
6a7caeb85c7cd75eb87f95bf,Oppo5,lg-logo-original.webp,lg logo original,BRAND_LOGO,https://ik.imagekit.io/0iaahkrcv/Oppo5/lg-logo-original.webp?updatedAt=1786556089133
6a7caeb85c7cd75eb87f9ebd,Oppo5,loader.631b9ed.svg,loader.631b9ed,GLOBAL_ICON,https://ik.imagekit.io/0iaahkrcv/Oppo5/loader.631b9ed.svg?updatedAt=1786556089416
6a7caeb85c7cd75eb87f94e2,Oppo5,motorola-logo-original (1).webp,motorola logo original (1),BRAND_LOGO,https://ik.imagekit.io/0iaahkrcv/Oppo5/motorola-logo-original%20(1).webp?updatedAt=1786556089185
6a7caeb85c7cd75eb87f96cd,Oppo5,motorola-logo-original (2).webp,motorola logo original (2),BRAND_LOGO,https://ik.imagekit.io/0iaahkrcv/Oppo5/motorola-logo-original%20(2).webp?updatedAt=1786556089169
6a7caeb85c7cd75eb87f96ff,Oppo5,motorola-logo-original.webp,motorola logo original,BRAND_LOGO,https://ik.imagekit.io/0iaahkrcv/Oppo5/motorola-logo-original.webp?updatedAt=1786556089198
6a7caeb85c7cd75eb87f9746,Oppo5,nokia-logo-original (1).webp,nokia logo original (1),BRAND_LOGO,https://ik.imagekit.io/0iaahkrcv/Oppo5/nokia-logo-original%20(1).webp?updatedAt=1786556089198
6a7caeb85c7cd75eb87f9eb9,Oppo5,nokia-logo-original (2).webp,nokia logo original (2),BRAND_LOGO,https://ik.imagekit.io/0iaahkrcv/Oppo5/nokia-logo-original%20(2).webp?updatedAt=1786556089398
6a7caeb85c7cd75eb87f94c5,Oppo5,nokia-logo-original.webp,nokia logo original,BRAND_LOGO,https://ik.imagekit.io/0iaahkrcv/Oppo5/nokia-logo-original.webp?updatedAt=1786556089081
6a7caeb85c7cd75eb87f9801,Oppo5,oneplus-logo-original (1).webp,oneplus logo original (1),BRAND_LOGO,https://ik.imagekit.io/0iaahkrcv/Oppo5/oneplus-logo-original%20(1).webp?updatedAt=1786556089223
6a7caeb85c7cd75eb87fa0e2,Oppo5,oneplus-logo-original (2).webp,oneplus logo original (2),BRAND_LOGO,https://ik.imagekit.io/0iaahkrcv/Oppo5/oneplus-logo-original%20(2).webp?updatedAt=1786556089447
6a7caeb85c7cd75eb87f9ad2,Oppo5,oneplus-logo-original.webp,oneplus logo original,BRAND_LOGO,https://ik.imagekit.io/0iaahkrcv/Oppo5/oneplus-logo-original.webp?updatedAt=1786556089405
6a7caeb85c7cd75eb87f9e7f,Oppo5,oppo-logo-original (1).webp,oppo logo original (1),BRAND_LOGO,https://ik.imagekit.io/0iaahkrcv/Oppo5/oppo-logo-original%20(1).webp?updatedAt=1786556089371
6a7caeb85c7cd75eb87f9e71,Oppo5,oppo-logo-original (2).webp,oppo logo original (2),BRAND_LOGO,https://ik.imagekit.io/0iaahkrcv/Oppo5/oppo-logo-original%20(2).webp?updatedAt=1786556089332
6a7caeb85c7cd75eb87fa244,Oppo5,oppo-logo-original.webp,oppo logo original,BRAND_LOGO,https://ik.imagekit.io/0iaahkrcv/Oppo5/oppo-logo-original.webp?updatedAt=1786556089561
6a7caebb5c7cd75eb87fd389,Oppo5,oppo-reno-z-6gb128gb-rEL1mApxU0-medium (1).webp,oppo reno z 6gb128gb rEL1mApxU0 medium (1),PRODUCT_IMAGE,https://ik.imagekit.io/0iaahkrcv/Oppo5/oppo-reno-z-6gb128gb-rEL1mApxU0-medium%20(1).webp?updatedAt=1786556091904
6a7caec05c7cd75eb88022cb,Oppo5,oppo-reno-z-6gb128gb-rEL1mApxU0-medium (2).webp,oppo reno z 6gb128gb rEL1mApxU0 medium (2),PRODUCT_IMAGE,https://ik.imagekit.io/0iaahkrcv/Oppo5/oppo-reno-z-6gb128gb-rEL1mApxU0-medium%20(2).webp?updatedAt=1786556097451
6a7caec05c7cd75eb88024da,Oppo5,oppo-reno-z-6gb128gb-rEL1mApxU0-medium.webp,oppo reno z 6gb128gb rEL1mApxU0 medium,PRODUCT_IMAGE,https://ik.imagekit.io/0iaahkrcv/Oppo5/oppo-reno-z-6gb128gb-rEL1mApxU0-medium.webp?updatedAt=1786556097572
6a7caec25c7cd75eb8804071,Oppo5,realme-logo-original (1).webp,realme logo original (1),BRAND_LOGO,https://ik.imagekit.io/0iaahkrcv/Oppo5/realme-logo-original%20(1).webp?updatedAt=1786556099221
6a7caec25c7cd75eb8804181,Oppo5,realme-logo-original (2).webp,realme logo original (2),BRAND_LOGO,https://ik.imagekit.io/0iaahkrcv/Oppo5/realme-logo-original%20(2).webp?updatedAt=1786556099273
6a7caec25c7cd75eb88040f9,Oppo5,realme-logo-original.webp,realme logo original,BRAND_LOGO,https://ik.imagekit.io/0iaahkrcv/Oppo5/realme-logo-original.webp?updatedAt=1786556099287
6a7caec25c7cd75eb8803eb8,Oppo5,samsung-logo-original (1).webp,samsung logo original (1),BRAND_LOGO,https://ik.imagekit.io/0iaahkrcv/Oppo5/samsung-logo-original%20(1).webp?updatedAt=1786556098949
6a7caec25c7cd75eb88040c3,Oppo5,samsung-logo-original (2).webp,samsung logo original (2),BRAND_LOGO,https://ik.imagekit.io/0iaahkrcv/Oppo5/samsung-logo-original%20(2).webp?updatedAt=1786556099211
6a7caec25c7cd75eb8803eac,Oppo5,samsung-logo-original.webp,samsung logo original,BRAND_LOGO,https://ik.imagekit.io/0iaahkrcv/Oppo5/samsung-logo-original.webp?updatedAt=1786556098961
6a7caec25c7cd75eb8803f52,Oppo5,search.7d254c6.svg,search.7d254c6,GLOBAL_ICON,https://ik.imagekit.io/0iaahkrcv/Oppo5/search.7d254c6.svg?updatedAt=1786556098966
6a7caec25c7cd75eb8803ffb,Oppo5,sony-logo-original (1).webp,sony logo original (1),BRAND_LOGO,https://ik.imagekit.io/0iaahkrcv/Oppo5/sony-logo-original%20(1).webp?updatedAt=1786556099243
6a7caec25c7cd75eb880417e,Oppo5,sony-logo-original (2).webp,sony logo original (2),BRAND_LOGO,https://ik.imagekit.io/0iaahkrcv/Oppo5/sony-logo-original%20(2).webp?updatedAt=1786556099426
6a7caec25c7cd75eb8804106,Oppo5,sony-logo-original.webp,sony logo original,BRAND_LOGO,https://ik.imagekit.io/0iaahkrcv/Oppo5/sony-logo-original.webp?updatedAt=1786556099237
6a7caec25c7cd75eb88041d6,Oppo5,tecno-logo-original (1).webp,tecno logo original (1),BRAND_LOGO,https://ik.imagekit.io/0iaahkrcv/Oppo5/tecno-logo-original%20(1).webp?updatedAt=1786556099278
6a7caec25c7cd75eb8804050,Oppo5,tecno-logo-original (2).webp,tecno logo original (2),BRAND_LOGO,https://ik.imagekit.io/0iaahkrcv/Oppo5/tecno-logo-original%20(2).webp?updatedAt=1786556099226
6a7caec25c7cd75eb88040ae,Oppo5,tecno-logo-original.webp,tecno logo original,BRAND_LOGO,https://ik.imagekit.io/0iaahkrcv/Oppo5/tecno-logo-original.webp?updatedAt=1786556099330
6a7caec25c7cd75eb8804199,Oppo5,vivo-logo-original (1).webp,vivo logo original (1),BRAND_LOGO,https://ik.imagekit.io/0iaahkrcv/Oppo5/vivo-logo-original%20(1).webp?updatedAt=1786556099195
6a7caec25c7cd75eb8804191,Oppo5,vivo-logo-original (2).webp,vivo logo original (2),BRAND_LOGO,https://ik.imagekit.io/0iaahkrcv/Oppo5/vivo-logo-original%20(2).webp?updatedAt=1786556099229
6a7caec25c7cd75eb8804062,Oppo5,vivo-logo-original.webp,vivo logo original,BRAND_LOGO,https://ik.imagekit.io/0iaahkrcv/Oppo5/vivo-logo-original.webp?updatedAt=1786556099214
6a7caec25c7cd75eb88041dd,Oppo5,whatsapp.svg,whatsapp,GLOBAL_ICON,https://ik.imagekit.io/0iaahkrcv/Oppo5/whatsapp.svg?updatedAt=1786556099239
6a7caec25c7cd75eb88049bb,Oppo5,xiaomi-logo-original (1).webp,xiaomi logo original (1),BRAND_LOGO,https://ik.imagekit.io/0iaahkrcv/Oppo5/xiaomi-logo-original%20(1).webp?updatedAt=1786556099644
6a7caec65c7cd75eb8808647,Oppo5,xiaomi-logo-original (2).webp,xiaomi logo original (2),BRAND_LOGO,https://ik.imagekit.io/0iaahkrcv/Oppo5/xiaomi-logo-original%20(2).webp?updatedAt=1786556103130
6a7caec75c7cd75eb88097e6,Oppo5,xiaomi-logo-original.webp,xiaomi logo original,BRAND_LOGO,https://ik.imagekit.io/0iaahkrcv/Oppo5/xiaomi-logo-original.webp?updatedAt=1786556104040
6a7caeec5c7cd75eb8837278,Oppo6,app-logo-desktop.svg,app logo desktop,BRAND_LOGO,https://ik.imagekit.io/0iaahkrcv/Oppo6/app-logo-desktop.svg?updatedAt=1786556141367
6a7caeec5c7cd75eb883729c,Oppo6,apple-logo-original (1).webp,apple logo original (1),BRAND_LOGO,https://ik.imagekit.io/0iaahkrcv/Oppo6/apple-logo-original%20(1).webp?updatedAt=1786556141389
6a7caeec5c7cd75eb88373d6,Oppo6,apple-logo-original (2).webp,apple logo original (2),BRAND_LOGO,https://ik.imagekit.io/0iaahkrcv/Oppo6/apple-logo-original%20(2).webp?updatedAt=1786556141498
6a7caeec5c7cd75eb88371cf,Oppo6,apple-logo-original.webp,apple logo original,BRAND_LOGO,https://ik.imagekit.io/0iaahkrcv/Oppo6/apple-logo-original.webp?updatedAt=1786556141282
6a7caeed5c7cd75eb88383bf,Oppo6,asus-original (1).webp,asus original (1),BRAND_LOGO,https://ik.imagekit.io/0iaahkrcv/Oppo6/asus-original%20(1).webp?updatedAt=1786556142334
6a7caeec5c7cd75eb88373e1,Oppo6,asus-original (2).webp,asus original (2),BRAND_LOGO,https://ik.imagekit.io/0iaahkrcv/Oppo6/asus-original%20(2).webp?updatedAt=1786556141529
6a7caeed5c7cd75eb8838622,Oppo6,asus-original.webp,asus original,BRAND_LOGO,https://ik.imagekit.io/0iaahkrcv/Oppo6/asus-original.webp?updatedAt=1786556142471
6a7caeec5c7cd75eb8837411,Oppo6,chevron-down.8ee3574.svg,chevron down.8ee3574,GLOBAL_ICON,https://ik.imagekit.io/0iaahkrcv/Oppo6/chevron-down.8ee3574.svg?updatedAt=1786556141560
6a7caeed5c7cd75eb88383e7,Oppo6,download (1).svg,download (1),GLOBAL_ICON,https://ik.imagekit.io/0iaahkrcv/Oppo6/download%20(1).svg?updatedAt=1786556142335
6a7caeec5c7cd75eb883743f,Oppo6,download (10).svg,download (10),GLOBAL_ICON,https://ik.imagekit.io/0iaahkrcv/Oppo6/download%20(10).svg?updatedAt=1786556141570
6a7caeed5c7cd75eb8838440,Oppo6,download (11).svg,download (11),GLOBAL_ICON,https://ik.imagekit.io/0iaahkrcv/Oppo6/download%20(11).svg?updatedAt=1786556142315
6a7caeed5c7cd75eb88383ea,Oppo6,download (12).svg,download (12),GLOBAL_ICON,https://ik.imagekit.io/0iaahkrcv/Oppo6/download%20(12).svg?updatedAt=1786556142342
6a7caeec5c7cd75eb883744a,Oppo6,download (13).svg,download (13),GLOBAL_ICON,https://ik.imagekit.io/0iaahkrcv/Oppo6/download%20(13).svg?updatedAt=1786556141604
6a7caeed5c7cd75eb883855a,Oppo6,download (14).svg,download (14),GLOBAL_ICON,https://ik.imagekit.io/0iaahkrcv/Oppo6/download%20(14).svg?updatedAt=1786556142433
6a7caeed5c7cd75eb883842e,Oppo6,download (15).svg,download (15),GLOBAL_ICON,https://ik.imagekit.io/0iaahkrcv/Oppo6/download%20(15).svg?updatedAt=1786556142335
6a7caeed5c7cd75eb88383ee,Oppo6,download (16).svg,download (16),GLOBAL_ICON,https://ik.imagekit.io/0iaahkrcv/Oppo6/download%20(16).svg?updatedAt=1786556142349
6a7caeed5c7cd75eb8837f18,Oppo6,download (2).svg,download (2),GLOBAL_ICON,https://ik.imagekit.io/0iaahkrcv/Oppo6/download%20(2).svg?updatedAt=1786556142052
6a7caeed5c7cd75eb88383e4,Oppo6,download (3).svg,download (3),GLOBAL_ICON,https://ik.imagekit.io/0iaahkrcv/Oppo6/download%20(3).svg?updatedAt=1786556142316
6a7caeed5c7cd75eb8838526,Oppo6,download (4).svg,download (4),GLOBAL_ICON,https://ik.imagekit.io/0iaahkrcv/Oppo6/download%20(4).svg?updatedAt=1786556142367
6a7caeec5c7cd75eb88371e1,Oppo6,download (5).svg,download (5),GLOBAL_ICON,https://ik.imagekit.io/0iaahkrcv/Oppo6/download%20(5).svg?updatedAt=1786556141280
6a7caeed5c7cd75eb8837f33,Oppo6,download (6).svg,download (6),GLOBAL_ICON,https://ik.imagekit.io/0iaahkrcv/Oppo6/download%20(6).svg?updatedAt=1786556142101
6a7caeed5c7cd75eb88377df,Oppo6,download (7).svg,download (7),GLOBAL_ICON,https://ik.imagekit.io/0iaahkrcv/Oppo6/download%20(7).svg?updatedAt=1786556141762
6a7caeed5c7cd75eb8838273,Oppo6,download (8).svg,download (8),GLOBAL_ICON,https://ik.imagekit.io/0iaahkrcv/Oppo6/download%20(8).svg?updatedAt=1786556142256
6a7caeed5c7cd75eb8837ef2,Oppo6,download (9).svg,download (9),GLOBAL_ICON,https://ik.imagekit.io/0iaahkrcv/Oppo6/download%20(9).svg?updatedAt=1786556142048
6a7caeed5c7cd75eb8837f0e,Oppo6,download.svg,download,GLOBAL_ICON,https://ik.imagekit.io/0iaahkrcv/Oppo6/download.svg?updatedAt=1786556142071
6a7caeed5c7cd75eb883825b,Oppo6,energizer-logo-original (1).webp,energizer logo original (1),BRAND_LOGO,https://ik.imagekit.io/0iaahkrcv/Oppo6/energizer-logo-original%20(1).webp?updatedAt=1786556142238
6a7caeec5c7cd75eb8837218,Oppo6,energizer-logo-original (2).webp,energizer logo original (2),BRAND_LOGO,https://ik.imagekit.io/0iaahkrcv/Oppo6/energizer-logo-original%20(2).webp?updatedAt=1786556141313
6a7caeed5c7cd75eb8838166,Oppo6,energizer-logo-original.webp,energizer logo original,BRAND_LOGO,https://ik.imagekit.io/0iaahkrcv/Oppo6/energizer-logo-original.webp?updatedAt=1786556142131
6a7caeed5c7cd75eb883819f,Oppo6,google-logo-original (1).webp,google logo original (1),BRAND_LOGO,https://ik.imagekit.io/0iaahkrcv/Oppo6/google-logo-original%20(1).webp?updatedAt=1786556142171
6a7caeed5c7cd75eb8837dd7,Oppo6,google-logo-original (2).webp,google logo original (2),BRAND_LOGO,https://ik.imagekit.io/0iaahkrcv/Oppo6/google-logo-original%20(2).webp?updatedAt=1786556141960
6a7caeec5c7cd75eb8837495,Oppo6,google-logo-original.webp,google logo original,BRAND_LOGO,https://ik.imagekit.io/0iaahkrcv/Oppo6/google-logo-original.webp?updatedAt=1786556141629
6a7caeed5c7cd75eb883827e,Oppo6,honor-logo-original (1).webp,honor logo original (1),BRAND_LOGO,https://ik.imagekit.io/0iaahkrcv/Oppo6/honor-logo-original%20(1).webp?updatedAt=1786556142252
6a7caeed5c7cd75eb88377d7,Oppo6,honor-logo-original (2).webp,honor logo original (2),BRAND_LOGO,https://ik.imagekit.io/0iaahkrcv/Oppo6/honor-logo-original%20(2).webp?updatedAt=1786556141812
6a7caeed5c7cd75eb88377e9,Oppo6,honor-logo-original.webp,honor logo original,BRAND_LOGO,https://ik.imagekit.io/0iaahkrcv/Oppo6/honor-logo-original.webp?updatedAt=1786556141839
6a7caeed5c7cd75eb883835d,Oppo6,htc-logo-original (1).webp,htc logo original (1),BRAND_LOGO,https://ik.imagekit.io/0iaahkrcv/Oppo6/htc-logo-original%20(1).webp?updatedAt=1786556142304
6a7caeed5c7cd75eb883828e,Oppo6,htc-logo-original (2).webp,htc logo original (2),BRAND_LOGO,https://ik.imagekit.io/0iaahkrcv/Oppo6/htc-logo-original%20(2).webp?updatedAt=1786556142252
6a7caeed5c7cd75eb88382a3,Oppo6,htc-logo-original.webp,htc logo original,BRAND_LOGO,https://ik.imagekit.io/0iaahkrcv/Oppo6/htc-logo-original.webp?updatedAt=1786556142255
6a7caeed5c7cd75eb88383f0,Oppo6,huawei-logo-original (1).webp,huawei logo original (1),BRAND_LOGO,https://ik.imagekit.io/0iaahkrcv/Oppo6/huawei-logo-original%20(1).webp?updatedAt=1786556142390
6a7caeed5c7cd75eb8837f19,Oppo6,huawei-logo-original (2).webp,huawei logo original (2),BRAND_LOGO,https://ik.imagekit.io/0iaahkrcv/Oppo6/huawei-logo-original%20(2).webp?updatedAt=1786556142088
6a7caeed5c7cd75eb8837df9,Oppo6,huawei-logo-original.webp,huawei logo original,BRAND_LOGO,https://ik.imagekit.io/0iaahkrcv/Oppo6/huawei-logo-original.webp?updatedAt=1786556142046
6a7caeed5c7cd75eb8837ef9,Oppo6,infinix-logo-original (1).webp,infinix logo original (1),BRAND_LOGO,https://ik.imagekit.io/0iaahkrcv/Oppo6/infinix-logo-original%20(1).webp?updatedAt=1786556142071
6a7caeed5c7cd75eb8838197,Oppo6,infinix-logo-original (2).webp,infinix logo original (2),BRAND_LOGO,https://ik.imagekit.io/0iaahkrcv/Oppo6/infinix-logo-original%20(2).webp?updatedAt=1786556142158
6a7caeed5c7cd75eb8838281,Oppo6,infinix-logo-original.webp,infinix logo original,BRAND_LOGO,https://ik.imagekit.io/0iaahkrcv/Oppo6/infinix-logo-original.webp?updatedAt=1786556142322
6a7caeed5c7cd75eb883861c,Oppo6,itel-logo-original (1).webp,itel logo original (1),BRAND_LOGO,https://ik.imagekit.io/0iaahkrcv/Oppo6/itel-logo-original%20(1).webp?updatedAt=1786556142458
6a7caeed5c7cd75eb88382ba,Oppo6,itel-logo-original (2).webp,itel logo original (2),BRAND_LOGO,https://ik.imagekit.io/0iaahkrcv/Oppo6/itel-logo-original%20(2).webp?updatedAt=1786556142202
6a7caeed5c7cd75eb88382b9,Oppo6,itel-logo-original.webp,itel logo original,BRAND_LOGO,https://ik.imagekit.io/0iaahkrcv/Oppo6/itel-logo-original.webp?updatedAt=1786556142225
6a7caeed5c7cd75eb88381aa,Oppo6,lava-logo-original (1).webp,lava logo original (1),BRAND_LOGO,https://ik.imagekit.io/0iaahkrcv/Oppo6/lava-logo-original%20(1).webp?updatedAt=1786556142212
6a7caeed5c7cd75eb8838413,Oppo6,lava-logo-original (2).webp,lava logo original (2),BRAND_LOGO,https://ik.imagekit.io/0iaahkrcv/Oppo6/lava-logo-original%20(2).webp?updatedAt=1786556142350
6a7caeed5c7cd75eb8838405,Oppo6,lava-logo-original.webp,lava logo original,BRAND_LOGO,https://ik.imagekit.io/0iaahkrcv/Oppo6/lava-logo-original.webp?updatedAt=1786556142314
6a7caeed5c7cd75eb883853c,Oppo6,lenovo-logo-original (1).webp,lenovo logo original (1),BRAND_LOGO,https://ik.imagekit.io/0iaahkrcv/Oppo6/lenovo-logo-original%20(1).webp?updatedAt=1786556142389
6a7caeed5c7cd75eb88385a3,Oppo6,lenovo-logo-original (2).webp,lenovo logo original (2),BRAND_LOGO,https://ik.imagekit.io/0iaahkrcv/Oppo6/lenovo-logo-original%20(2).webp?updatedAt=1786556142417
6a7caeee5c7cd75eb88391d4,Oppo6,lenovo-logo-original.webp,lenovo logo original,BRAND_LOGO,https://ik.imagekit.io/0iaahkrcv/Oppo6/lenovo-logo-original.webp?updatedAt=1786556143164
6a7caeee5c7cd75eb8838f70,Oppo6,lg-logo-original (1).webp,lg logo original (1),BRAND_LOGO,https://ik.imagekit.io/0iaahkrcv/Oppo6/lg-logo-original%20(1).webp?updatedAt=1786556142875
6a7caeee5c7cd75eb8838d1c,Oppo6,lg-logo-original (2).webp,lg logo original (2),BRAND_LOGO,https://ik.imagekit.io/0iaahkrcv/Oppo6/lg-logo-original%20(2).webp?updatedAt=1786556142806
6a7caeee5c7cd75eb88390dd,Oppo6,lg-logo-original.webp,lg logo original,BRAND_LOGO,https://ik.imagekit.io/0iaahkrcv/Oppo6/lg-logo-original.webp?updatedAt=1786556142954
6a7caeee5c7cd75eb8838fb7,Oppo6,loader.631b9ed.svg,loader.631b9ed,GLOBAL_ICON,https://ik.imagekit.io/0iaahkrcv/Oppo6/loader.631b9ed.svg?updatedAt=1786556142892
6a7caeee5c7cd75eb88390f4,Oppo6,motorola-logo-original (1).webp,motorola logo original (1),BRAND_LOGO,https://ik.imagekit.io/0iaahkrcv/Oppo6/motorola-logo-original%20(1).webp?updatedAt=1786556142987
6a7caeee5c7cd75eb8838f78,Oppo6,motorola-logo-original (2).webp,motorola logo original (2),BRAND_LOGO,https://ik.imagekit.io/0iaahkrcv/Oppo6/motorola-logo-original%20(2).webp?updatedAt=1786556142893
6a7caeee5c7cd75eb8839008,Oppo6,motorola-logo-original.webp,motorola logo original,BRAND_LOGO,https://ik.imagekit.io/0iaahkrcv/Oppo6/motorola-logo-original.webp?updatedAt=1786556142961
6a7caeee5c7cd75eb8838f9b,Oppo6,nokia-logo-original (1).webp,nokia logo original (1),BRAND_LOGO,https://ik.imagekit.io/0iaahkrcv/Oppo6/nokia-logo-original%20(1).webp?updatedAt=1786556142881
6a7caeee5c7cd75eb8839178,Oppo6,nokia-logo-original (2).webp,nokia logo original (2),BRAND_LOGO,https://ik.imagekit.io/0iaahkrcv/Oppo6/nokia-logo-original%20(2).webp?updatedAt=1786556143056
6a7caeee5c7cd75eb8839185,Oppo6,nokia-logo-original.webp,nokia logo original,BRAND_LOGO,https://ik.imagekit.io/0iaahkrcv/Oppo6/nokia-logo-original.webp?updatedAt=1786556143013
6a7caeee5c7cd75eb88392b5,Oppo6,oneplus-logo-original (1).webp,oneplus logo original (1),BRAND_LOGO,https://ik.imagekit.io/0iaahkrcv/Oppo6/oneplus-logo-original%20(1).webp?updatedAt=1786556143119
6a7caeee5c7cd75eb883937a,Oppo6,oneplus-logo-original (2).webp,oneplus logo original (2),BRAND_LOGO,https://ik.imagekit.io/0iaahkrcv/Oppo6/oneplus-logo-original%20(2).webp?updatedAt=1786556143300
6a7caeee5c7cd75eb8839365,Oppo6,oneplus-logo-original.webp,oneplus logo original,BRAND_LOGO,https://ik.imagekit.io/0iaahkrcv/Oppo6/oneplus-logo-original.webp?updatedAt=1786556143276
6a7caef65c7cd75eb8841d3d,Oppo6,oppo-f19-pro-plus-8gb128gb-hJgWpxVsnB-medium (1).webp,oppo f19 pro plus 8gb128gb hJgWpxVsnB medium (1),GLOBAL_ICON,https://ik.imagekit.io/0iaahkrcv/Oppo6/oppo-f19-pro-plus-8gb128gb-hJgWpxVsnB-medium%20(1).webp?updatedAt=1786556151377
6a7caef65c7cd75eb8841d3a,Oppo6,oppo-f19-pro-plus-8gb128gb-hJgWpxVsnB-medium (2).webp,oppo f19 pro plus 8gb128gb hJgWpxVsnB medium (2),GLOBAL_ICON,https://ik.imagekit.io/0iaahkrcv/Oppo6/oppo-f19-pro-plus-8gb128gb-hJgWpxVsnB-medium%20(2).webp?updatedAt=1786556151387
6a7caef75c7cd75eb8842f55,Oppo6,oppo-f19-pro-plus-8gb128gb-hJgWpxVsnB-medium.webp,oppo f19 pro plus 8gb128gb hJgWpxVsnB medium,GLOBAL_ICON,https://ik.imagekit.io/0iaahkrcv/Oppo6/oppo-f19-pro-plus-8gb128gb-hJgWpxVsnB-medium.webp?updatedAt=1786556152376
6a7caef85c7cd75eb8843f13,Oppo6,oppo-logo-original (1).webp,oppo logo original (1),BRAND_LOGO,https://ik.imagekit.io/0iaahkrcv/Oppo6/oppo-logo-original%20(1).webp?updatedAt=1786556152897
6a7caef85c7cd75eb8843f20,Oppo6,oppo-logo-original (2).webp,oppo logo original (2),BRAND_LOGO,https://ik.imagekit.io/0iaahkrcv/Oppo6/oppo-logo-original%20(2).webp?updatedAt=1786556152901
6a7caef85c7cd75eb8844340,Oppo6,oppo-logo-original.webp,oppo logo original,BRAND_LOGO,https://ik.imagekit.io/0iaahkrcv/Oppo6/oppo-logo-original.webp?updatedAt=1786556153026
6a7caef95c7cd75eb8846835,Oppo6,realme-logo-original (1).webp,realme logo original (1),BRAND_LOGO,https://ik.imagekit.io/0iaahkrcv/Oppo6/realme-logo-original%20(1).webp?updatedAt=1786556154538
6a7caef95c7cd75eb88465e2,Oppo6,realme-logo-original (2).webp,realme logo original (2),BRAND_LOGO,https://ik.imagekit.io/0iaahkrcv/Oppo6/realme-logo-original%20(2).webp?updatedAt=1786556154534
6a7caef95c7cd75eb88465e4,Oppo6,realme-logo-original.webp,realme logo original,BRAND_LOGO,https://ik.imagekit.io/0iaahkrcv/Oppo6/realme-logo-original.webp?updatedAt=1786556154516
6a7caef95c7cd75eb88463d8,Oppo6,samsung-logo-original (1).webp,samsung logo original (1),BRAND_LOGO,https://ik.imagekit.io/0iaahkrcv/Oppo6/samsung-logo-original%20(1).webp?updatedAt=1786556154440
6a7caef95c7cd75eb8846840,Oppo6,samsung-logo-original (2).webp,samsung logo original (2),BRAND_LOGO,https://ik.imagekit.io/0iaahkrcv/Oppo6/samsung-logo-original%20(2).webp?updatedAt=1786556154622
6a7caef95c7cd75eb8846649,Oppo6,samsung-logo-original.webp,samsung logo original,BRAND_LOGO,https://ik.imagekit.io/0iaahkrcv/Oppo6/samsung-logo-original.webp?updatedAt=1786556154537
6a7caef95c7cd75eb88465d8,Oppo6,search.7d254c6.svg,search.7d254c6,GLOBAL_ICON,https://ik.imagekit.io/0iaahkrcv/Oppo6/search.7d254c6.svg?updatedAt=1786556154479
6a7caef95c7cd75eb88465fe,Oppo6,sony-logo-original (1).webp,sony logo original (1),BRAND_LOGO,https://ik.imagekit.io/0iaahkrcv/Oppo6/sony-logo-original%20(1).webp?updatedAt=1786556154563
6a7caefa5c7cd75eb8846b50,Oppo6,sony-logo-original (2).webp,sony logo original (2),BRAND_LOGO,https://ik.imagekit.io/0iaahkrcv/Oppo6/sony-logo-original%20(2).webp?updatedAt=1786556154725
6a7caef95c7cd75eb88465b0,Oppo6,sony-logo-original.webp,sony logo original,BRAND_LOGO,https://ik.imagekit.io/0iaahkrcv/Oppo6/sony-logo-original.webp?updatedAt=1786556154474
6a7caefa5c7cd75eb8848188,Oppo6,tecno-logo-original (1).webp,tecno logo original (1),BRAND_LOGO,https://ik.imagekit.io/0iaahkrcv/Oppo6/tecno-logo-original%20(1).webp?updatedAt=1786556155634
6a7caef95c7cd75eb88466de,Oppo6,tecno-logo-original (2).webp,tecno logo original (2),BRAND_LOGO,https://ik.imagekit.io/0iaahkrcv/Oppo6/tecno-logo-original%20(2).webp?updatedAt=1786556154501
6a7caef95c7cd75eb8846851,Oppo6,tecno-logo-original.webp,tecno logo original,BRAND_LOGO,https://ik.imagekit.io/0iaahkrcv/Oppo6/tecno-logo-original.webp?updatedAt=1786556154555
6a7caef95c7cd75eb8846805,Oppo6,vivo-logo-original (1).webp,vivo logo original (1),BRAND_LOGO,https://ik.imagekit.io/0iaahkrcv/Oppo6/vivo-logo-original%20(1).webp?updatedAt=1786556154590
6a7caef95c7cd75eb8846849,Oppo6,vivo-logo-original (2).webp,vivo logo original (2),BRAND_LOGO,https://ik.imagekit.io/0iaahkrcv/Oppo6/vivo-logo-original%20(2).webp?updatedAt=1786556154589
6a7caef95c7cd75eb88467be,Oppo6,vivo-logo-original.webp,vivo logo original,BRAND_LOGO,https://ik.imagekit.io/0iaahkrcv/Oppo6/vivo-logo-original.webp?updatedAt=1786556154554
6a7caefa5c7cd75eb8846bd8,Oppo6,whatsapp.svg,whatsapp,GLOBAL_ICON,https://ik.imagekit.io/0iaahkrcv/Oppo6/whatsapp.svg?updatedAt=1786556154663
6a7caefa5c7cd75eb8846bfd,Oppo6,xiaomi-logo-original (1).webp,xiaomi logo original (1),BRAND_LOGO,https://ik.imagekit.io/0iaahkrcv/Oppo6/xiaomi-logo-original%20(1).webp?updatedAt=1786556154719
6a7caefa5c7cd75eb8846c21,Oppo6,xiaomi-logo-original (2).webp,xiaomi logo original (2),BRAND_LOGO,https://ik.imagekit.io/0iaahkrcv/Oppo6/xiaomi-logo-original%20(2).webp?updatedAt=1786556154710
6a7caefa5c7cd75eb8846aed,Oppo6,xiaomi-logo-original.webp,xiaomi logo original,BRAND_LOGO,https://ik.imagekit.io/0iaahkrcv/Oppo6/xiaomi-logo-original.webp?updatedAt=1786556154682
6a7c21d55c7cd75eb8364207,Sound Bars,138x18 (1).png,138x18 (1),UNKNOWN,https://ik.imagekit.io/0iaahkrcv/Sound%20Bars/138x18%20(1).png?updatedAt=1786520021804
6a7c21d55c7cd75eb83646c3,Sound Bars,138x18 (2).png,138x18 (2),UNKNOWN,https://ik.imagekit.io/0iaahkrcv/Sound%20Bars/138x18%20(2).png?updatedAt=1786520022352
6a7c21d55c7cd75eb83641e0,Sound Bars,138x18.png,138x18,UNKNOWN,https://ik.imagekit.io/0iaahkrcv/Sound%20Bars/138x18.png?updatedAt=1786520021794
6a7c21d55c7cd75eb836421e,Sound Bars,bot.5beef7d8 (1).svg,bot.5beef7d8 (1),GLOBAL_ICON,https://ik.imagekit.io/0iaahkrcv/Sound%20Bars/bot.5beef7d8%20(1).svg?updatedAt=1786520021875
6a7c21d55c7cd75eb8364353,Sound Bars,bot.5beef7d8 (10).svg,bot.5beef7d8 (10),GLOBAL_ICON,https://ik.imagekit.io/0iaahkrcv/Sound%20Bars/bot.5beef7d8%20(10).svg?updatedAt=1786520021953
6a7c21d55c7cd75eb836441a,Sound Bars,bot.5beef7d8 (2).svg,bot.5beef7d8 (2),GLOBAL_ICON,https://ik.imagekit.io/0iaahkrcv/Sound%20Bars/bot.5beef7d8%20(2).svg?updatedAt=1786520022105
6a7c21d55c7cd75eb8364807,Sound Bars,bot.5beef7d8 (3).svg,bot.5beef7d8 (3),GLOBAL_ICON,https://ik.imagekit.io/0iaahkrcv/Sound%20Bars/bot.5beef7d8%20(3).svg?updatedAt=1786520022417
6a7c21d65c7cd75eb8364b28,Sound Bars,bot.5beef7d8 (4).svg,bot.5beef7d8 (4),GLOBAL_ICON,https://ik.imagekit.io/0iaahkrcv/Sound%20Bars/bot.5beef7d8%20(4).svg?updatedAt=1786520022697
6a7c21d55c7cd75eb836472e,Sound Bars,bot.5beef7d8 (5).svg,bot.5beef7d8 (5),GLOBAL_ICON,https://ik.imagekit.io/0iaahkrcv/Sound%20Bars/bot.5beef7d8%20(5).svg?updatedAt=1786520022425
6a7c21d55c7cd75eb83643b6,Sound Bars,bot.5beef7d8 (6).svg,bot.5beef7d8 (6),GLOBAL_ICON,https://ik.imagekit.io/0iaahkrcv/Sound%20Bars/bot.5beef7d8%20(6).svg?updatedAt=1786520022064
6a7c21d55c7cd75eb83649ad,Sound Bars,bot.5beef7d8 (7).svg,bot.5beef7d8 (7),GLOBAL_ICON,https://ik.imagekit.io/0iaahkrcv/Sound%20Bars/bot.5beef7d8%20(7).svg?updatedAt=1786520022793
6a7c21d55c7cd75eb83643a0,Sound Bars,bot.5beef7d8 (8).svg,bot.5beef7d8 (8),GLOBAL_ICON,https://ik.imagekit.io/0iaahkrcv/Sound%20Bars/bot.5beef7d8%20(8).svg?updatedAt=1786520022036
6a7c21d55c7cd75eb8364739,Sound Bars,bot.5beef7d8 (9).svg,bot.5beef7d8 (9),GLOBAL_ICON,https://ik.imagekit.io/0iaahkrcv/Sound%20Bars/bot.5beef7d8%20(9).svg?updatedAt=1786520022317
6a7c21d55c7cd75eb83647ee,Sound Bars,bot.5beef7d8.svg,bot.5beef7d8,GLOBAL_ICON,https://ik.imagekit.io/0iaahkrcv/Sound%20Bars/bot.5beef7d8.svg?updatedAt=1786520022423
6a7c21d55c7cd75eb8364817,Sound Bars,download (1).svg,download (1),GLOBAL_ICON,https://ik.imagekit.io/0iaahkrcv/Sound%20Bars/download%20(1).svg?updatedAt=1786520022429
6a7c21d55c7cd75eb8364b18,Sound Bars,download (10).svg,download (10),GLOBAL_ICON,https://ik.imagekit.io/0iaahkrcv/Sound%20Bars/download%20(10).svg?updatedAt=1786520022643
6a7c21d55c7cd75eb83643be,Sound Bars,download (11).svg,download (11),GLOBAL_ICON,https://ik.imagekit.io/0iaahkrcv/Sound%20Bars/download%20(11).svg?updatedAt=1786520022095
6a7c21d55c7cd75eb83642a6,Sound Bars,download (12).svg,download (12),GLOBAL_ICON,https://ik.imagekit.io/0iaahkrcv/Sound%20Bars/download%20(12).svg?updatedAt=1786520021985
6a7c21d55c7cd75eb83647fa,Sound Bars,download (13).svg,download (13),GLOBAL_ICON,https://ik.imagekit.io/0iaahkrcv/Sound%20Bars/download%20(13).svg?updatedAt=1786520022387
6a7c21d55c7cd75eb83642bd,Sound Bars,download (14).svg,download (14),GLOBAL_ICON,https://ik.imagekit.io/0iaahkrcv/Sound%20Bars/download%20(14).svg?updatedAt=1786520022011
6a7c21d55c7cd75eb8364826,Sound Bars,download (15).svg,download (15),GLOBAL_ICON,https://ik.imagekit.io/0iaahkrcv/Sound%20Bars/download%20(15).svg?updatedAt=1786520022643
6a7c21d55c7cd75eb83641e3,Sound Bars,download (16).svg,download (16),GLOBAL_ICON,https://ik.imagekit.io/0iaahkrcv/Sound%20Bars/download%20(16).svg?updatedAt=1786520021814
6a7c21d55c7cd75eb8364801,Sound Bars,download (17).svg,download (17),GLOBAL_ICON,https://ik.imagekit.io/0iaahkrcv/Sound%20Bars/download%20(17).svg?updatedAt=1786520022392
6a7c21da5c7cd75eb8366e1c,Sound Bars,download (18).svg,download (18),GLOBAL_ICON,https://ik.imagekit.io/0iaahkrcv/Sound%20Bars/download%20(18).svg?updatedAt=1786520026987
6a7c21d95c7cd75eb8366409,Sound Bars,download (19).svg,download (19),GLOBAL_ICON,https://ik.imagekit.io/0iaahkrcv/Sound%20Bars/download%20(19).svg?updatedAt=1786520025639
6a7c21d55c7cd75eb83647d9,Sound Bars,download (2).svg,download (2),GLOBAL_ICON,https://ik.imagekit.io/0iaahkrcv/Sound%20Bars/download%20(2).svg?updatedAt=1786520022393
6a7c21d55c7cd75eb8364776,Sound Bars,download (20).svg,download (20),GLOBAL_ICON,https://ik.imagekit.io/0iaahkrcv/Sound%20Bars/download%20(20).svg?updatedAt=1786520022337
6a7c21d75c7cd75eb83655e5,Sound Bars,download (21).svg,download (21),GLOBAL_ICON,https://ik.imagekit.io/0iaahkrcv/Sound%20Bars/download%20(21).svg?updatedAt=1786520023950
6a7c21d75c7cd75eb83656ec,Sound Bars,download (3).svg,download (3),GLOBAL_ICON,https://ik.imagekit.io/0iaahkrcv/Sound%20Bars/download%20(3).svg?updatedAt=1786520024103
6a7c21d65c7cd75eb8364b79,Sound Bars,download (4).svg,download (4),GLOBAL_ICON,https://ik.imagekit.io/0iaahkrcv/Sound%20Bars/download%20(4).svg?updatedAt=1786520022891
6a7c21d75c7cd75eb8365906,Sound Bars,download (5).svg,download (5),GLOBAL_ICON,https://ik.imagekit.io/0iaahkrcv/Sound%20Bars/download%20(5).svg?updatedAt=1786520024390
6a7c21da5c7cd75eb8366c75,Sound Bars,download (6).svg,download (6),GLOBAL_ICON,https://ik.imagekit.io/0iaahkrcv/Sound%20Bars/download%20(6).svg?updatedAt=1786520026735
6a7c21d95c7cd75eb836664a,Sound Bars,download (7).svg,download (7),GLOBAL_ICON,https://ik.imagekit.io/0iaahkrcv/Sound%20Bars/download%20(7).svg?updatedAt=1786520025974
6a7c21d75c7cd75eb8365867,Sound Bars,download (8).svg,download (8),GLOBAL_ICON,https://ik.imagekit.io/0iaahkrcv/Sound%20Bars/download%20(8).svg?updatedAt=1786520024314
6a7c21d65c7cd75eb8364b97,Sound Bars,download (9).svg,download (9),GLOBAL_ICON,https://ik.imagekit.io/0iaahkrcv/Sound%20Bars/download%20(9).svg?updatedAt=1786520022725
6a7c21d65c7cd75eb8364bcf,Sound Bars,download.svg,download,GLOBAL_ICON,https://ik.imagekit.io/0iaahkrcv/Sound%20Bars/download.svg?updatedAt=1786520022742
6a7c21e95c7cd75eb83731ee,Sound Bars,i-global.dca212ad - 2026-08-12T101816.001.svg,i global.dca212ad 2026 08 12T101816.001,GLOBAL_ICON,https://ik.imagekit.io/0iaahkrcv/Sound%20Bars/i-global.dca212ad%20-%202026-08-12T101816.001.svg?updatedAt=1786520042376
6a7c21e95c7cd75eb837310f,Sound Bars,i-global.dca212ad - 2026-08-12T101816.106.svg,i global.dca212ad 2026 08 12T101816.106,GLOBAL_ICON,https://ik.imagekit.io/0iaahkrcv/Sound%20Bars/i-global.dca212ad%20-%202026-08-12T101816.106.svg?updatedAt=1786520042436
6a7c21e95c7cd75eb8373221,Sound Bars,i-global.dca212ad - 2026-08-12T101816.634.svg,i global.dca212ad 2026 08 12T101816.634,GLOBAL_ICON,https://ik.imagekit.io/0iaahkrcv/Sound%20Bars/i-global.dca212ad%20-%202026-08-12T101816.634.svg?updatedAt=1786520042370
6a7c21e95c7cd75eb8373241,Sound Bars,i-global.dca212ad - 2026-08-12T101816.708.svg,i global.dca212ad 2026 08 12T101816.708,GLOBAL_ICON,https://ik.imagekit.io/0iaahkrcv/Sound%20Bars/i-global.dca212ad%20-%202026-08-12T101816.708.svg?updatedAt=1786520042359
6a7c21f65c7cd75eb837a135,Sound Bars,i-global.dca212ad - 2026-08-12T101820.229.svg,i global.dca212ad 2026 08 12T101820.229,GLOBAL_ICON,https://ik.imagekit.io/0iaahkrcv/Sound%20Bars/i-global.dca212ad%20-%202026-08-12T101820.229.svg?updatedAt=1786520055527
6a7c22065c7cd75eb837ef88,Sound Bars,i-global.dca212ad - 2026-08-12T101820.230.svg,i global.dca212ad 2026 08 12T101820.230,GLOBAL_ICON,https://ik.imagekit.io/0iaahkrcv/Sound%20Bars/i-global.dca212ad%20-%202026-08-12T101820.230.svg?updatedAt=1786520071652
6a7c22065c7cd75eb837ef4d,Sound Bars,i-global.dca212ad - 2026-08-12T101820.369.svg,i global.dca212ad 2026 08 12T101820.369,GLOBAL_ICON,https://ik.imagekit.io/0iaahkrcv/Sound%20Bars/i-global.dca212ad%20-%202026-08-12T101820.369.svg?updatedAt=1786520071606
6a7c22075c7cd75eb837f07f,Sound Bars,i-global.dca212ad - 2026-08-12T101820.373.svg,i global.dca212ad 2026 08 12T101820.373,GLOBAL_ICON,https://ik.imagekit.io/0iaahkrcv/Sound%20Bars/i-global.dca212ad%20-%202026-08-12T101820.373.svg?updatedAt=1786520071882
6a7c22075c7cd75eb837f070,Sound Bars,i-global.dca212ad - 2026-08-12T102012.590.svg,i global.dca212ad 2026 08 12T102012.590,GLOBAL_ICON,https://ik.imagekit.io/0iaahkrcv/Sound%20Bars/i-global.dca212ad%20-%202026-08-12T102012.590.svg?updatedAt=1786520071893
6a7c22075c7cd75eb837f055,Sound Bars,i-global.dca212ad - 2026-08-12T102012.680.svg,i global.dca212ad 2026 08 12T102012.680,GLOBAL_ICON,https://ik.imagekit.io/0iaahkrcv/Sound%20Bars/i-global.dca212ad%20-%202026-08-12T102012.680.svg?updatedAt=1786520072004
6a7c22075c7cd75eb837f052,Sound Bars,i-global.dca212ad - 2026-08-12T102012.787.svg,i global.dca212ad 2026 08 12T102012.787,GLOBAL_ICON,https://ik.imagekit.io/0iaahkrcv/Sound%20Bars/i-global.dca212ad%20-%202026-08-12T102012.787.svg?updatedAt=1786520071876
6a7c22075c7cd75eb837f091,Sound Bars,i-global.dca212ad - 2026-08-12T102012.905.svg,i global.dca212ad 2026 08 12T102012.905,GLOBAL_ICON,https://ik.imagekit.io/0iaahkrcv/Sound%20Bars/i-global.dca212ad%20-%202026-08-12T102012.905.svg?updatedAt=1786520071892
6a7c22075c7cd75eb837f0b6,Sound Bars,i-global.dca212ad - 2026-08-12T102012.989.svg,i global.dca212ad 2026 08 12T102012.989,GLOBAL_ICON,https://ik.imagekit.io/0iaahkrcv/Sound%20Bars/i-global.dca212ad%20-%202026-08-12T102012.989.svg?updatedAt=1786520071937
6a7c22095c7cd75eb837fad0,Sound Bars,i-global.dca212ad - 2026-08-12T102013.071.svg,i global.dca212ad 2026 08 12T102013.071,GLOBAL_ICON,https://ik.imagekit.io/0iaahkrcv/Sound%20Bars/i-global.dca212ad%20-%202026-08-12T102013.071.svg?updatedAt=1786520074302
6a7c220b5c7cd75eb8380499,Sound Bars,i-global.dca212ad - 2026-08-12T102013.252.svg,i global.dca212ad 2026 08 12T102013.252,GLOBAL_ICON,https://ik.imagekit.io/0iaahkrcv/Sound%20Bars/i-global.dca212ad%20-%202026-08-12T102013.252.svg?updatedAt=1786520076000
6a7c22105c7cd75eb838289b,Sound Bars,i-global.dca212ad - 2026-08-12T102017.640.svg,i global.dca212ad 2026 08 12T102017.640,GLOBAL_ICON,https://ik.imagekit.io/0iaahkrcv/Sound%20Bars/i-global.dca212ad%20-%202026-08-12T102017.640.svg?updatedAt=1786520081420
6a7c22135c7cd75eb838430f,Sound Bars,i-global.dca212ad - 2026-08-12T102017.683.svg,i global.dca212ad 2026 08 12T102017.683,GLOBAL_ICON,https://ik.imagekit.io/0iaahkrcv/Sound%20Bars/i-global.dca212ad%20-%202026-08-12T102017.683.svg?updatedAt=1786520084526
6a7c221e5c7cd75eb83874db,Sound Bars,i-global.dca212ad - 2026-08-12T102018.378.svg,i global.dca212ad 2026 08 12T102018.378,GLOBAL_ICON,https://ik.imagekit.io/0iaahkrcv/Sound%20Bars/i-global.dca212ad%20-%202026-08-12T102018.378.svg?updatedAt=1786520094886
6a7c21e45c7cd75eb836f4d7,Sound Bars,i-global.dca212ad (1).svg,i global.dca212ad (1),GLOBAL_ICON,https://ik.imagekit.io/0iaahkrcv/Sound%20Bars/i-global.dca212ad%20(1).svg?updatedAt=1786520037545
6a7c21e55c7cd75eb836fa98,Sound Bars,i-global.dca212ad (10).svg,i global.dca212ad (10),GLOBAL_ICON,https://ik.imagekit.io/0iaahkrcv/Sound%20Bars/i-global.dca212ad%20(10).svg?updatedAt=1786520038074
6a7c21e25c7cd75eb836dd27,Sound Bars,i-global.dca212ad (100).svg,i global.dca212ad (100),GLOBAL_ICON,https://ik.imagekit.io/0iaahkrcv/Sound%20Bars/i-global.dca212ad%20(100).svg?updatedAt=1786520035602
6a7c21e55c7cd75eb836fb48,Sound Bars,i-global.dca212ad (11).svg,i global.dca212ad (11),GLOBAL_ICON,https://ik.imagekit.io/0iaahkrcv/Sound%20Bars/i-global.dca212ad%20(11).svg?updatedAt=1786520038177
6a7c21e65c7cd75eb837031f,Sound Bars,i-global.dca212ad (12).svg,i global.dca212ad (12),GLOBAL_ICON,https://ik.imagekit.io/0iaahkrcv/Sound%20Bars/i-global.dca212ad%20(12).svg?updatedAt=1786520038702
6a7c21e55c7cd75eb836fc21,Sound Bars,i-global.dca212ad (13).svg,i global.dca212ad (13),GLOBAL_ICON,https://ik.imagekit.io/0iaahkrcv/Sound%20Bars/i-global.dca212ad%20(13).svg?updatedAt=1786520038203
6a7c21e55c7cd75eb836fc88,Sound Bars,i-global.dca212ad (14).svg,i global.dca212ad (14),GLOBAL_ICON,https://ik.imagekit.io/0iaahkrcv/Sound%20Bars/i-global.dca212ad%20(14).svg?updatedAt=1786520038208
6a7c21e55c7cd75eb836fc3c,Sound Bars,i-global.dca212ad (15).svg,i global.dca212ad (15),GLOBAL_ICON,https://ik.imagekit.io/0iaahkrcv/Sound%20Bars/i-global.dca212ad%20(15).svg?updatedAt=1786520038247
6a7c21e05c7cd75eb836c752,Sound Bars,i-global.dca212ad (16).svg,i global.dca212ad (16),GLOBAL_ICON,https://ik.imagekit.io/0iaahkrcv/Sound%20Bars/i-global.dca212ad%20(16).svg?updatedAt=1786520033485
6a7c21e65c7cd75eb83702f9,Sound Bars,i-global.dca212ad (17).svg,i global.dca212ad (17),GLOBAL_ICON,https://ik.imagekit.io/0iaahkrcv/Sound%20Bars/i-global.dca212ad%20(17).svg?updatedAt=1786520038742
6a7c21e45c7cd75eb836f522,Sound Bars,i-global.dca212ad (18).svg,i global.dca212ad (18),GLOBAL_ICON,https://ik.imagekit.io/0iaahkrcv/Sound%20Bars/i-global.dca212ad%20(18).svg?updatedAt=1786520037599
6a7c21e55c7cd75eb836fc02,Sound Bars,i-global.dca212ad (19).svg,i global.dca212ad (19),GLOBAL_ICON,https://ik.imagekit.io/0iaahkrcv/Sound%20Bars/i-global.dca212ad%20(19).svg?updatedAt=1786520038268
6a7c21e45c7cd75eb836f380,Sound Bars,i-global.dca212ad (2).svg,i global.dca212ad (2),GLOBAL_ICON,https://ik.imagekit.io/0iaahkrcv/Sound%20Bars/i-global.dca212ad%20(2).svg?updatedAt=1786520037416
6a7c21e45c7cd75eb836f443,Sound Bars,i-global.dca212ad (20).svg,i global.dca212ad (20),GLOBAL_ICON,https://ik.imagekit.io/0iaahkrcv/Sound%20Bars/i-global.dca212ad%20(20).svg?updatedAt=1786520037548
6a7c21e55c7cd75eb836fc08,Sound Bars,i-global.dca212ad (21).svg,i global.dca212ad (21),GLOBAL_ICON,https://ik.imagekit.io/0iaahkrcv/Sound%20Bars/i-global.dca212ad%20(21).svg?updatedAt=1786520038227
6a7c21e35c7cd75eb836de3f,Sound Bars,i-global.dca212ad (22).svg,i global.dca212ad (22),GLOBAL_ICON,https://ik.imagekit.io/0iaahkrcv/Sound%20Bars/i-global.dca212ad%20(22).svg?updatedAt=1786520035719
6a7c21e05c7cd75eb836c7c6,Sound Bars,i-global.dca212ad (23).svg,i global.dca212ad (23),GLOBAL_ICON,https://ik.imagekit.io/0iaahkrcv/Sound%20Bars/i-global.dca212ad%20(23).svg?updatedAt=1786520033519
6a7c21e55c7cd75eb836fb33,Sound Bars,i-global.dca212ad (24).svg,i global.dca212ad (24),GLOBAL_ICON,https://ik.imagekit.io/0iaahkrcv/Sound%20Bars/i-global.dca212ad%20(24).svg?updatedAt=1786520038075
6a7c21e55c7cd75eb836f622,Sound Bars,i-global.dca212ad (25).svg,i global.dca212ad (25),GLOBAL_ICON,https://ik.imagekit.io/0iaahkrcv/Sound%20Bars/i-global.dca212ad%20(25).svg?updatedAt=1786520037695
6a7c21e45c7cd75eb836f49a,Sound Bars,i-global.dca212ad (26).svg,i global.dca212ad (26),GLOBAL_ICON,https://ik.imagekit.io/0iaahkrcv/Sound%20Bars/i-global.dca212ad%20(26).svg?updatedAt=1786520037710
6a7c21e45c7cd75eb836f506,Sound Bars,i-global.dca212ad (27).svg,i global.dca212ad (27),GLOBAL_ICON,https://ik.imagekit.io/0iaahkrcv/Sound%20Bars/i-global.dca212ad%20(27).svg?updatedAt=1786520037592
6a7c21e55c7cd75eb836fafa,Sound Bars,i-global.dca212ad (28).svg,i global.dca212ad (28),GLOBAL_ICON,https://ik.imagekit.io/0iaahkrcv/Sound%20Bars/i-global.dca212ad%20(28).svg?updatedAt=1786520038091
6a7c21e55c7cd75eb836fb74,Sound Bars,i-global.dca212ad (29).svg,i global.dca212ad (29),GLOBAL_ICON,https://ik.imagekit.io/0iaahkrcv/Sound%20Bars/i-global.dca212ad%20(29).svg?updatedAt=1786520038139
6a7c21e55c7cd75eb836fbf6,Sound Bars,i-global.dca212ad (3).svg,i global.dca212ad (3),GLOBAL_ICON,https://ik.imagekit.io/0iaahkrcv/Sound%20Bars/i-global.dca212ad%20(3).svg?updatedAt=1786520038243
6a7c21e45c7cd75eb836f52f,Sound Bars,i-global.dca212ad (30).svg,i global.dca212ad (30),GLOBAL_ICON,https://ik.imagekit.io/0iaahkrcv/Sound%20Bars/i-global.dca212ad%20(30).svg?updatedAt=1786520037617
6a7c21e55c7cd75eb836fde1,Sound Bars,i-global.dca212ad (31).svg,i global.dca212ad (31),GLOBAL_ICON,https://ik.imagekit.io/0iaahkrcv/Sound%20Bars/i-global.dca212ad%20(31).svg?updatedAt=1786520038462
6a7c21e55c7cd75eb836fbad,Sound Bars,i-global.dca212ad (32).svg,i global.dca212ad (32),GLOBAL_ICON,https://ik.imagekit.io/0iaahkrcv/Sound%20Bars/i-global.dca212ad%20(32).svg?updatedAt=1786520038193
6a7c21e55c7cd75eb836ff14,Sound Bars,i-global.dca212ad (33).svg,i global.dca212ad (33),GLOBAL_ICON,https://ik.imagekit.io/0iaahkrcv/Sound%20Bars/i-global.dca212ad%20(33).svg?updatedAt=1786520038527
6a7c21e55c7cd75eb836fd44,Sound Bars,i-global.dca212ad (34).svg,i global.dca212ad (34),GLOBAL_ICON,https://ik.imagekit.io/0iaahkrcv/Sound%20Bars/i-global.dca212ad%20(34).svg?updatedAt=1786520038278
6a7c21e55c7cd75eb836fab4,Sound Bars,i-global.dca212ad (35).svg,i global.dca212ad (35),GLOBAL_ICON,https://ik.imagekit.io/0iaahkrcv/Sound%20Bars/i-global.dca212ad%20(35).svg?updatedAt=1786520038032
6a7c21e45c7cd75eb836f5ae,Sound Bars,i-global.dca212ad (36).svg,i global.dca212ad (36),GLOBAL_ICON,https://ik.imagekit.io/0iaahkrcv/Sound%20Bars/i-global.dca212ad%20(36).svg?updatedAt=1786520037656
6a7c21e55c7cd75eb836fb54,Sound Bars,i-global.dca212ad (37).svg,i global.dca212ad (37),GLOBAL_ICON,https://ik.imagekit.io/0iaahkrcv/Sound%20Bars/i-global.dca212ad%20(37).svg?updatedAt=1786520038110
6a7c21e55c7cd75eb836ff68,Sound Bars,i-global.dca212ad (38).svg,i global.dca212ad (38),GLOBAL_ICON,https://ik.imagekit.io/0iaahkrcv/Sound%20Bars/i-global.dca212ad%20(38).svg?updatedAt=1786520038474
6a7c21e55c7cd75eb836ff3c,Sound Bars,i-global.dca212ad (39).svg,i global.dca212ad (39),GLOBAL_ICON,https://ik.imagekit.io/0iaahkrcv/Sound%20Bars/i-global.dca212ad%20(39).svg?updatedAt=1786520038428
6a7c21e55c7cd75eb836fc57,Sound Bars,i-global.dca212ad (4).svg,i global.dca212ad (4),GLOBAL_ICON,https://ik.imagekit.io/0iaahkrcv/Sound%20Bars/i-global.dca212ad%20(4).svg?updatedAt=1786520038245
6a7c21e55c7cd75eb836fcb9,Sound Bars,i-global.dca212ad (40).svg,i global.dca212ad (40),GLOBAL_ICON,https://ik.imagekit.io/0iaahkrcv/Sound%20Bars/i-global.dca212ad%20(40).svg?updatedAt=1786520038275
6a7c21e55c7cd75eb83700b7,Sound Bars,i-global.dca212ad (41).svg,i global.dca212ad (41),GLOBAL_ICON,https://ik.imagekit.io/0iaahkrcv/Sound%20Bars/i-global.dca212ad%20(41).svg?updatedAt=1786520038601
6a7c21e55c7cd75eb836fd7f,Sound Bars,i-global.dca212ad (42).svg,i global.dca212ad (42),GLOBAL_ICON,https://ik.imagekit.io/0iaahkrcv/Sound%20Bars/i-global.dca212ad%20(42).svg?updatedAt=1786520038449
6a7c21e55c7cd75eb836ffeb,Sound Bars,i-global.dca212ad (43).svg,i global.dca212ad (43),GLOBAL_ICON,https://ik.imagekit.io/0iaahkrcv/Sound%20Bars/i-global.dca212ad%20(43).svg?updatedAt=1786520038519
6a7c21e55c7cd75eb83701f5,Sound Bars,i-global.dca212ad (44).svg,i global.dca212ad (44),GLOBAL_ICON,https://ik.imagekit.io/0iaahkrcv/Sound%20Bars/i-global.dca212ad%20(44).svg?updatedAt=1786520038635
6a7c21e55c7cd75eb836ffe6,Sound Bars,i-global.dca212ad (45).svg,i global.dca212ad (45),GLOBAL_ICON,https://ik.imagekit.io/0iaahkrcv/Sound%20Bars/i-global.dca212ad%20(45).svg?updatedAt=1786520038633
6a7c21e45c7cd75eb836f5cc,Sound Bars,i-global.dca212ad (46).svg,i global.dca212ad (46),GLOBAL_ICON,https://ik.imagekit.io/0iaahkrcv/Sound%20Bars/i-global.dca212ad%20(46).svg?updatedAt=1786520037695
6a7c21e55c7cd75eb836fc01,Sound Bars,i-global.dca212ad (47).svg,i global.dca212ad (47),GLOBAL_ICON,https://ik.imagekit.io/0iaahkrcv/Sound%20Bars/i-global.dca212ad%20(47).svg?updatedAt=1786520038254
6a7c21e55c7cd75eb836fbb1,Sound Bars,i-global.dca212ad (48).svg,i global.dca212ad (48),GLOBAL_ICON,https://ik.imagekit.io/0iaahkrcv/Sound%20Bars/i-global.dca212ad%20(48).svg?updatedAt=1786520038180
6a7c21e55c7cd75eb8370077,Sound Bars,i-global.dca212ad (49).svg,i global.dca212ad (49),GLOBAL_ICON,https://ik.imagekit.io/0iaahkrcv/Sound%20Bars/i-global.dca212ad%20(49).svg?updatedAt=1786520038525
6a7c21e55c7cd75eb8370117,Sound Bars,i-global.dca212ad (5).svg,i global.dca212ad (5),GLOBAL_ICON,https://ik.imagekit.io/0iaahkrcv/Sound%20Bars/i-global.dca212ad%20(5).svg?updatedAt=1786520038587
6a7c21e55c7cd75eb836fc0b,Sound Bars,i-global.dca212ad (50).svg,i global.dca212ad (50),GLOBAL_ICON,https://ik.imagekit.io/0iaahkrcv/Sound%20Bars/i-global.dca212ad%20(50).svg?updatedAt=1786520038353
6a7c21e55c7cd75eb8370052,Sound Bars,i-global.dca212ad (51).svg,i global.dca212ad (51),GLOBAL_ICON,https://ik.imagekit.io/0iaahkrcv/Sound%20Bars/i-global.dca212ad%20(51).svg?updatedAt=1786520038538
6a7c21e65c7cd75eb83702a4,Sound Bars,i-global.dca212ad (52).svg,i global.dca212ad (52),GLOBAL_ICON,https://ik.imagekit.io/0iaahkrcv/Sound%20Bars/i-global.dca212ad%20(52).svg?updatedAt=1786520038742
6a7c21e55c7cd75eb836fd9d,Sound Bars,i-global.dca212ad (53).svg,i global.dca212ad (53),GLOBAL_ICON,https://ik.imagekit.io/0iaahkrcv/Sound%20Bars/i-global.dca212ad%20(53).svg?updatedAt=1786520038354
6a7c21e55c7cd75eb836fd4d,Sound Bars,i-global.dca212ad (54).svg,i global.dca212ad (54),GLOBAL_ICON,https://ik.imagekit.io/0iaahkrcv/Sound%20Bars/i-global.dca212ad%20(54).svg?updatedAt=1786520038303
6a7c21e65c7cd75eb837039e,Sound Bars,i-global.dca212ad (55).svg,i global.dca212ad (55),GLOBAL_ICON,https://ik.imagekit.io/0iaahkrcv/Sound%20Bars/i-global.dca212ad%20(55).svg?updatedAt=1786520038840
6a7c21e55c7cd75eb8370008,Sound Bars,i-global.dca212ad (56).svg,i global.dca212ad (56),GLOBAL_ICON,https://ik.imagekit.io/0iaahkrcv/Sound%20Bars/i-global.dca212ad%20(56).svg?updatedAt=1786520038582
6a7c21e55c7cd75eb836fd77,Sound Bars,i-global.dca212ad (57).svg,i global.dca212ad (57),GLOBAL_ICON,https://ik.imagekit.io/0iaahkrcv/Sound%20Bars/i-global.dca212ad%20(57).svg?updatedAt=1786520038253
6a7c21e45c7cd75eb836f4f0,Sound Bars,i-global.dca212ad (58).svg,i global.dca212ad (58),GLOBAL_ICON,https://ik.imagekit.io/0iaahkrcv/Sound%20Bars/i-global.dca212ad%20(58).svg?updatedAt=1786520037614
6a7c21e55c7cd75eb837008a,Sound Bars,i-global.dca212ad (59).svg,i global.dca212ad (59),GLOBAL_ICON,https://ik.imagekit.io/0iaahkrcv/Sound%20Bars/i-global.dca212ad%20(59).svg?updatedAt=1786520038551
6a7c21e55c7cd75eb836fd98,Sound Bars,i-global.dca212ad (6).svg,i global.dca212ad (6),GLOBAL_ICON,https://ik.imagekit.io/0iaahkrcv/Sound%20Bars/i-global.dca212ad%20(6).svg?updatedAt=1786520038289
6a7c21e65c7cd75eb8370327,Sound Bars,i-global.dca212ad (60).svg,i global.dca212ad (60),GLOBAL_ICON,https://ik.imagekit.io/0iaahkrcv/Sound%20Bars/i-global.dca212ad%20(60).svg?updatedAt=1786520038785
6a7c21e65c7cd75eb83703f4,Sound Bars,i-global.dca212ad (61).svg,i global.dca212ad (61),GLOBAL_ICON,https://ik.imagekit.io/0iaahkrcv/Sound%20Bars/i-global.dca212ad%20(61).svg?updatedAt=1786520038754
6a7c21e55c7cd75eb8370277,Sound Bars,i-global.dca212ad (62).svg,i global.dca212ad (62),GLOBAL_ICON,https://ik.imagekit.io/0iaahkrcv/Sound%20Bars/i-global.dca212ad%20(62).svg?updatedAt=1786520038719
6a7c21e55c7cd75eb83700a8,Sound Bars,i-global.dca212ad (63).svg,i global.dca212ad (63),GLOBAL_ICON,https://ik.imagekit.io/0iaahkrcv/Sound%20Bars/i-global.dca212ad%20(63).svg?updatedAt=1786520038674
6a7c21e55c7cd75eb8370269,Sound Bars,i-global.dca212ad (64).svg,i global.dca212ad (64),GLOBAL_ICON,https://ik.imagekit.io/0iaahkrcv/Sound%20Bars/i-global.dca212ad%20(64).svg?updatedAt=1786520038723
6a7c21e95c7cd75eb8372961,Sound Bars,i-global.dca212ad (65).svg,i global.dca212ad (65),GLOBAL_ICON,https://ik.imagekit.io/0iaahkrcv/Sound%20Bars/i-global.dca212ad%20(65).svg?updatedAt=1786520041872
6a7c21e95c7cd75eb8372f7f,Sound Bars,i-global.dca212ad (66).svg,i global.dca212ad (66),GLOBAL_ICON,https://ik.imagekit.io/0iaahkrcv/Sound%20Bars/i-global.dca212ad%20(66).svg?updatedAt=1786520042343
6a7c21e95c7cd75eb8372f8e,Sound Bars,i-global.dca212ad (67).svg,i global.dca212ad (67),GLOBAL_ICON,https://ik.imagekit.io/0iaahkrcv/Sound%20Bars/i-global.dca212ad%20(67).svg?updatedAt=1786520042217
6a7c21e95c7cd75eb837304b,Sound Bars,i-global.dca212ad (68).svg,i global.dca212ad (68),GLOBAL_ICON,https://ik.imagekit.io/0iaahkrcv/Sound%20Bars/i-global.dca212ad%20(68).svg?updatedAt=1786520042269
6a7c21e95c7cd75eb8372fd2,Sound Bars,i-global.dca212ad (69).svg,i global.dca212ad (69),GLOBAL_ICON,https://ik.imagekit.io/0iaahkrcv/Sound%20Bars/i-global.dca212ad%20(69).svg?updatedAt=1786520042313
6a7c21e95c7cd75eb8373072,Sound Bars,i-global.dca212ad (7).svg,i global.dca212ad (7),GLOBAL_ICON,https://ik.imagekit.io/0iaahkrcv/Sound%20Bars/i-global.dca212ad%20(7).svg?updatedAt=1786520042317
6a7c21e95c7cd75eb83730ab,Sound Bars,i-global.dca212ad (70).svg,i global.dca212ad (70),GLOBAL_ICON,https://ik.imagekit.io/0iaahkrcv/Sound%20Bars/i-global.dca212ad%20(70).svg?updatedAt=1786520042199
6a7c21e95c7cd75eb8372fde,Sound Bars,i-global.dca212ad (71).svg,i global.dca212ad (71),GLOBAL_ICON,https://ik.imagekit.io/0iaahkrcv/Sound%20Bars/i-global.dca212ad%20(71).svg?updatedAt=1786520042405
6a7c21e95c7cd75eb8372f2e,Sound Bars,i-global.dca212ad (72).svg,i global.dca212ad (72),GLOBAL_ICON,https://ik.imagekit.io/0iaahkrcv/Sound%20Bars/i-global.dca212ad%20(72).svg?updatedAt=1786520042373
6a7c21e95c7cd75eb8372fb8,Sound Bars,i-global.dca212ad (73).svg,i global.dca212ad (73),GLOBAL_ICON,https://ik.imagekit.io/0iaahkrcv/Sound%20Bars/i-global.dca212ad%20(73).svg?updatedAt=1786520042365
6a7c21e95c7cd75eb8372fed,Sound Bars,i-global.dca212ad (74).svg,i global.dca212ad (74),GLOBAL_ICON,https://ik.imagekit.io/0iaahkrcv/Sound%20Bars/i-global.dca212ad%20(74).svg?updatedAt=1786520042264
6a7c21e95c7cd75eb8372f61,Sound Bars,i-global.dca212ad (75).svg,i global.dca212ad (75),GLOBAL_ICON,https://ik.imagekit.io/0iaahkrcv/Sound%20Bars/i-global.dca212ad%20(75).svg?updatedAt=1786520042151
6a7c21e95c7cd75eb83730b4,Sound Bars,i-global.dca212ad (76).svg,i global.dca212ad (76),GLOBAL_ICON,https://ik.imagekit.io/0iaahkrcv/Sound%20Bars/i-global.dca212ad%20(76).svg?updatedAt=1786520042200
6a7c21e95c7cd75eb8373021,Sound Bars,i-global.dca212ad (77).svg,i global.dca212ad (77),GLOBAL_ICON,https://ik.imagekit.io/0iaahkrcv/Sound%20Bars/i-global.dca212ad%20(77).svg?updatedAt=1786520042332
6a7c21e95c7cd75eb8372d4f,Sound Bars,i-global.dca212ad (78).svg,i global.dca212ad (78),GLOBAL_ICON,https://ik.imagekit.io/0iaahkrcv/Sound%20Bars/i-global.dca212ad%20(78).svg?updatedAt=1786520042025
6a7c21e95c7cd75eb8372d2c,Sound Bars,i-global.dca212ad (79).svg,i global.dca212ad (79),GLOBAL_ICON,https://ik.imagekit.io/0iaahkrcv/Sound%20Bars/i-global.dca212ad%20(79).svg?updatedAt=1786520042283
6a7c21e95c7cd75eb8372be7,Sound Bars,i-global.dca212ad (8).svg,i global.dca212ad (8),GLOBAL_ICON,https://ik.imagekit.io/0iaahkrcv/Sound%20Bars/i-global.dca212ad%20(8).svg?updatedAt=1786520042177
6a7c21e95c7cd75eb8372cc8,Sound Bars,i-global.dca212ad (80).svg,i global.dca212ad (80),GLOBAL_ICON,https://ik.imagekit.io/0iaahkrcv/Sound%20Bars/i-global.dca212ad%20(80).svg?updatedAt=1786520042150
6a7c21e95c7cd75eb8372d13,Sound Bars,i-global.dca212ad (81).svg,i global.dca212ad (81),GLOBAL_ICON,https://ik.imagekit.io/0iaahkrcv/Sound%20Bars/i-global.dca212ad%20(81).svg?updatedAt=1786520042087
6a7c21e95c7cd75eb8372d09,Sound Bars,i-global.dca212ad (82).svg,i global.dca212ad (82),GLOBAL_ICON,https://ik.imagekit.io/0iaahkrcv/Sound%20Bars/i-global.dca212ad%20(82).svg?updatedAt=1786520042104
6a7c21e95c7cd75eb8372d6e,Sound Bars,i-global.dca212ad (83).svg,i global.dca212ad (83),GLOBAL_ICON,https://ik.imagekit.io/0iaahkrcv/Sound%20Bars/i-global.dca212ad%20(83).svg?updatedAt=1786520042219
6a7c21e95c7cd75eb8372e5c,Sound Bars,i-global.dca212ad (84).svg,i global.dca212ad (84),GLOBAL_ICON,https://ik.imagekit.io/0iaahkrcv/Sound%20Bars/i-global.dca212ad%20(84).svg?updatedAt=1786520042220
6a7c21e95c7cd75eb8372d60,Sound Bars,i-global.dca212ad (85).svg,i global.dca212ad (85),GLOBAL_ICON,https://ik.imagekit.io/0iaahkrcv/Sound%20Bars/i-global.dca212ad%20(85).svg?updatedAt=1786520042156
6a7c21e95c7cd75eb8372e73,Sound Bars,i-global.dca212ad (86).svg,i global.dca212ad (86),GLOBAL_ICON,https://ik.imagekit.io/0iaahkrcv/Sound%20Bars/i-global.dca212ad%20(86).svg?updatedAt=1786520042099
6a7c21e95c7cd75eb8372e71,Sound Bars,i-global.dca212ad (87).svg,i global.dca212ad (87),GLOBAL_ICON,https://ik.imagekit.io/0iaahkrcv/Sound%20Bars/i-global.dca212ad%20(87).svg?updatedAt=1786520042215
6a7c21e95c7cd75eb8372ebd,Sound Bars,i-global.dca212ad (88).svg,i global.dca212ad (88),GLOBAL_ICON,https://ik.imagekit.io/0iaahkrcv/Sound%20Bars/i-global.dca212ad%20(88).svg?updatedAt=1786520042211
6a7c21e95c7cd75eb8372edf,Sound Bars,i-global.dca212ad (89).svg,i global.dca212ad (89),GLOBAL_ICON,https://ik.imagekit.io/0iaahkrcv/Sound%20Bars/i-global.dca212ad%20(89).svg?updatedAt=1786520042251
6a7c21e95c7cd75eb8372e82,Sound Bars,i-global.dca212ad (9).svg,i global.dca212ad (9),GLOBAL_ICON,https://ik.imagekit.io/0iaahkrcv/Sound%20Bars/i-global.dca212ad%20(9).svg?updatedAt=1786520042230
6a7c21e95c7cd75eb8372f40,Sound Bars,i-global.dca212ad (90).svg,i global.dca212ad (90),GLOBAL_ICON,https://ik.imagekit.io/0iaahkrcv/Sound%20Bars/i-global.dca212ad%20(90).svg?updatedAt=1786520042244
6a7c21e95c7cd75eb8372e8d,Sound Bars,i-global.dca212ad (91).svg,i global.dca212ad (91),GLOBAL_ICON,https://ik.imagekit.io/0iaahkrcv/Sound%20Bars/i-global.dca212ad%20(91).svg?updatedAt=1786520042301
6a7c21e95c7cd75eb8372efa,Sound Bars,i-global.dca212ad (92).svg,i global.dca212ad (92),GLOBAL_ICON,https://ik.imagekit.io/0iaahkrcv/Sound%20Bars/i-global.dca212ad%20(92).svg?updatedAt=1786520042223
6a7c21e95c7cd75eb8372dec,Sound Bars,i-global.dca212ad (93).svg,i global.dca212ad (93),GLOBAL_ICON,https://ik.imagekit.io/0iaahkrcv/Sound%20Bars/i-global.dca212ad%20(93).svg?updatedAt=1786520042225
6a7c21e95c7cd75eb8372dc6,Sound Bars,i-global.dca212ad (94).svg,i global.dca212ad (94),GLOBAL_ICON,https://ik.imagekit.io/0iaahkrcv/Sound%20Bars/i-global.dca212ad%20(94).svg?updatedAt=1786520042287
6a7c21e95c7cd75eb8372edb,Sound Bars,i-global.dca212ad (95).svg,i global.dca212ad (95),GLOBAL_ICON,https://ik.imagekit.io/0iaahkrcv/Sound%20Bars/i-global.dca212ad%20(95).svg?updatedAt=1786520042316
6a7c21e95c7cd75eb8372f9f,Sound Bars,i-global.dca212ad (96).svg,i global.dca212ad (96),GLOBAL_ICON,https://ik.imagekit.io/0iaahkrcv/Sound%20Bars/i-global.dca212ad%20(96).svg?updatedAt=1786520042454
6a7c21e95c7cd75eb8372eba,Sound Bars,i-global.dca212ad (97).svg,i global.dca212ad (97),GLOBAL_ICON,https://ik.imagekit.io/0iaahkrcv/Sound%20Bars/i-global.dca212ad%20(97).svg?updatedAt=1786520042103
6a7c21e95c7cd75eb8373047,Sound Bars,i-global.dca212ad (98).svg,i global.dca212ad (98),GLOBAL_ICON,https://ik.imagekit.io/0iaahkrcv/Sound%20Bars/i-global.dca212ad%20(98).svg?updatedAt=1786520042171
6a7c21e95c7cd75eb837300a,Sound Bars,i-global.dca212ad (99).svg,i global.dca212ad (99),GLOBAL_ICON,https://ik.imagekit.io/0iaahkrcv/Sound%20Bars/i-global.dca212ad%20(99).svg?updatedAt=1786520042270
6a7c22145c7cd75eb83847f4,Sound Bars,i-global.dca212ad.svg,i global.dca212ad,GLOBAL_ICON,https://ik.imagekit.io/0iaahkrcv/Sound%20Bars/i-global.dca212ad.svg?updatedAt=1786520085267
6a7c22295c7cd75eb838b61e,Sound Bars,i-icons.50302365 - 2026-08-12T100242.431.svg,i icons.50302365 2026 08 12T100242.431,GLOBAL_ICON,https://ik.imagekit.io/0iaahkrcv/Sound%20Bars/i-icons.50302365%20-%202026-08-12T100242.431.svg?updatedAt=1786520105841
6a7c22295c7cd75eb838b6a8,Sound Bars,i-icons.50302365 - 2026-08-12T100242.457.svg,i icons.50302365 2026 08 12T100242.457,GLOBAL_ICON,https://ik.imagekit.io/0iaahkrcv/Sound%20Bars/i-icons.50302365%20-%202026-08-12T100242.457.svg?updatedAt=1786520105839
6a7c22295c7cd75eb838b671,Sound Bars,i-icons.50302365 - 2026-08-12T100243.098.svg,i icons.50302365 2026 08 12T100243.098,GLOBAL_ICON,https://ik.imagekit.io/0iaahkrcv/Sound%20Bars/i-icons.50302365%20-%202026-08-12T100243.098.svg?updatedAt=1786520105898
6a7c22295c7cd75eb838b68f,Sound Bars,i-icons.50302365 - 2026-08-12T100243.129.svg,i icons.50302365 2026 08 12T100243.129,GLOBAL_ICON,https://ik.imagekit.io/0iaahkrcv/Sound%20Bars/i-icons.50302365%20-%202026-08-12T100243.129.svg?updatedAt=1786520105825
6a7c22295c7cd75eb838b683,Sound Bars,i-icons.50302365 - 2026-08-12T100243.130.svg,i icons.50302365 2026 08 12T100243.130,GLOBAL_ICON,https://ik.imagekit.io/0iaahkrcv/Sound%20Bars/i-icons.50302365%20-%202026-08-12T100243.130.svg?updatedAt=1786520105917
6a7c22295c7cd75eb838b639,Sound Bars,i-icons.50302365 - 2026-08-12T100243.156.svg,i icons.50302365 2026 08 12T100243.156,GLOBAL_ICON,https://ik.imagekit.io/0iaahkrcv/Sound%20Bars/i-icons.50302365%20-%202026-08-12T100243.156.svg?updatedAt=1786520105716
6a7c22295c7cd75eb838bbda,Sound Bars,i-icons.50302365 - 2026-08-12T100244.495.svg,i icons.50302365 2026 08 12T100244.495,GLOBAL_ICON,https://ik.imagekit.io/0iaahkrcv/Sound%20Bars/i-icons.50302365%20-%202026-08-12T100244.495.svg?updatedAt=1786520106755
6a7c222f5c7cd75eb838e0f6,Sound Bars,i-icons.50302365 - 2026-08-12T100312.807.svg,i icons.50302365 2026 08 12T100312.807,GLOBAL_ICON,https://ik.imagekit.io/0iaahkrcv/Sound%20Bars/i-icons.50302365%20-%202026-08-12T100312.807.svg?updatedAt=1786520112284
6a7c222e5c7cd75eb838d398,Sound Bars,i-icons.50302365 - 2026-08-12T100312.907.svg,i icons.50302365 2026 08 12T100312.907,GLOBAL_ICON,https://ik.imagekit.io/0iaahkrcv/Sound%20Bars/i-icons.50302365%20-%202026-08-12T100312.907.svg?updatedAt=1786520111321
6a7c222f5c7cd75eb838e197,Sound Bars,i-icons.50302365 - 2026-08-12T100312.908.svg,i icons.50302365 2026 08 12T100312.908,GLOBAL_ICON,https://ik.imagekit.io/0iaahkrcv/Sound%20Bars/i-icons.50302365%20-%202026-08-12T100312.908.svg?updatedAt=1786520112349
6a7c223a5c7cd75eb8391ee2,Sound Bars,i-icons.50302365 - 2026-08-12T100313.172.svg,i icons.50302365 2026 08 12T100313.172,GLOBAL_ICON,https://ik.imagekit.io/0iaahkrcv/Sound%20Bars/i-icons.50302365%20-%202026-08-12T100313.172.svg?updatedAt=1786520122929
6a7c223a5c7cd75eb839201d,Sound Bars,i-icons.50302365 - 2026-08-12T100313.173.svg,i icons.50302365 2026 08 12T100313.173,GLOBAL_ICON,https://ik.imagekit.io/0iaahkrcv/Sound%20Bars/i-icons.50302365%20-%202026-08-12T100313.173.svg?updatedAt=1786520123064
6a7c223a5c7cd75eb83920c3,Sound Bars,i-icons.50302365 - 2026-08-12T100313.175.svg,i icons.50302365 2026 08 12T100313.175,GLOBAL_ICON,https://ik.imagekit.io/0iaahkrcv/Sound%20Bars/i-icons.50302365%20-%202026-08-12T100313.175.svg?updatedAt=1786520123039
6a7c223a5c7cd75eb8392131,Sound Bars,i-icons.50302365 - 2026-08-12T100313.221.svg,i icons.50302365 2026 08 12T100313.221,GLOBAL_ICON,https://ik.imagekit.io/0iaahkrcv/Sound%20Bars/i-icons.50302365%20-%202026-08-12T100313.221.svg?updatedAt=1786520123116
6a7c223a5c7cd75eb83920b2,Sound Bars,i-icons.50302365 - 2026-08-12T100313.224.svg,i icons.50302365 2026 08 12T100313.224,GLOBAL_ICON,https://ik.imagekit.io/0iaahkrcv/Sound%20Bars/i-icons.50302365%20-%202026-08-12T100313.224.svg?updatedAt=1786520123070
6a7c223a5c7cd75eb8392259,Sound Bars,i-icons.50302365 - 2026-08-12T100313.233.svg,i icons.50302365 2026 08 12T100313.233,GLOBAL_ICON,https://ik.imagekit.io/0iaahkrcv/Sound%20Bars/i-icons.50302365%20-%202026-08-12T100313.233.svg?updatedAt=1786520123206
6a7c223a5c7cd75eb8392505,Sound Bars,i-icons.50302365 - 2026-08-12T100313.243.svg,i icons.50302365 2026 08 12T100313.243,GLOBAL_ICON,https://ik.imagekit.io/0iaahkrcv/Sound%20Bars/i-icons.50302365%20-%202026-08-12T100313.243.svg?updatedAt=1786520123540
6a7c223a5c7cd75eb839233f,Sound Bars,i-icons.50302365 - 2026-08-12T100313.247.svg,i icons.50302365 2026 08 12T100313.247,GLOBAL_ICON,https://ik.imagekit.io/0iaahkrcv/Sound%20Bars/i-icons.50302365%20-%202026-08-12T100313.247.svg?updatedAt=1786520123224
6a7c223a5c7cd75eb839267b,Sound Bars,i-icons.50302365 - 2026-08-12T100313.266.svg,i icons.50302365 2026 08 12T100313.266,GLOBAL_ICON,https://ik.imagekit.io/0iaahkrcv/Sound%20Bars/i-icons.50302365%20-%202026-08-12T100313.266.svg?updatedAt=1786520123680
6a7c223a5c7cd75eb8392659,Sound Bars,i-icons.50302365 - 2026-08-12T100313.417.svg,i icons.50302365 2026 08 12T100313.417,GLOBAL_ICON,https://ik.imagekit.io/0iaahkrcv/Sound%20Bars/i-icons.50302365%20-%202026-08-12T100313.417.svg?updatedAt=1786520123578
6a7c223a5c7cd75eb83923da,Sound Bars,i-icons.50302365 - 2026-08-12T100313.574.svg,i icons.50302365 2026 08 12T100313.574,GLOBAL_ICON,https://ik.imagekit.io/0iaahkrcv/Sound%20Bars/i-icons.50302365%20-%202026-08-12T100313.574.svg?updatedAt=1786520123344
6a7c223a5c7cd75eb83926ed,Sound Bars,i-icons.50302365 - 2026-08-12T100314.286.svg,i icons.50302365 2026 08 12T100314.286,GLOBAL_ICON,https://ik.imagekit.io/0iaahkrcv/Sound%20Bars/i-icons.50302365%20-%202026-08-12T100314.286.svg?updatedAt=1786520123648
6a7c223a5c7cd75eb83926bb,Sound Bars,i-icons.50302365 - 2026-08-12T100314.523.svg,i icons.50302365 2026 08 12T100314.523,GLOBAL_ICON,https://ik.imagekit.io/0iaahkrcv/Sound%20Bars/i-icons.50302365%20-%202026-08-12T100314.523.svg?updatedAt=1786520123721
6a7c223a5c7cd75eb83923d0,Sound Bars,i-icons.50302365 - 2026-08-12T100315.384.svg,i icons.50302365 2026 08 12T100315.384,GLOBAL_ICON,https://ik.imagekit.io/0iaahkrcv/Sound%20Bars/i-icons.50302365%20-%202026-08-12T100315.384.svg?updatedAt=1786520123360
6a7c223a5c7cd75eb839265c,Sound Bars,i-icons.50302365 - 2026-08-12T100315.389.svg,i icons.50302365 2026 08 12T100315.389,GLOBAL_ICON,https://ik.imagekit.io/0iaahkrcv/Sound%20Bars/i-icons.50302365%20-%202026-08-12T100315.389.svg?updatedAt=1786520123727
6a7c223a5c7cd75eb83926ae,Sound Bars,i-icons.50302365 - 2026-08-12T100316.209.svg,i icons.50302365 2026 08 12T100316.209,GLOBAL_ICON,https://ik.imagekit.io/0iaahkrcv/Sound%20Bars/i-icons.50302365%20-%202026-08-12T100316.209.svg?updatedAt=1786520123671
6a7c223a5c7cd75eb8392626,Sound Bars,i-icons.50302365 - 2026-08-12T100316.226.svg,i icons.50302365 2026 08 12T100316.226,GLOBAL_ICON,https://ik.imagekit.io/0iaahkrcv/Sound%20Bars/i-icons.50302365%20-%202026-08-12T100316.226.svg?updatedAt=1786520123676
6a7c223a5c7cd75eb83924a5,Sound Bars,i-icons.50302365 - 2026-08-12T100316.530.svg,i icons.50302365 2026 08 12T100316.530,GLOBAL_ICON,https://ik.imagekit.io/0iaahkrcv/Sound%20Bars/i-icons.50302365%20-%202026-08-12T100316.530.svg?updatedAt=1786520123443
6a7c223a5c7cd75eb83924b1,Sound Bars,i-icons.50302365 - 2026-08-12T100316.531.svg,i icons.50302365 2026 08 12T100316.531,GLOBAL_ICON,https://ik.imagekit.io/0iaahkrcv/Sound%20Bars/i-icons.50302365%20-%202026-08-12T100316.531.svg?updatedAt=1786520123456
6a7c223a5c7cd75eb83925c5,Sound Bars,i-icons.50302365 - 2026-08-12T100316.544.svg,i icons.50302365 2026 08 12T100316.544,GLOBAL_ICON,https://ik.imagekit.io/0iaahkrcv/Sound%20Bars/i-icons.50302365%20-%202026-08-12T100316.544.svg?updatedAt=1786520123542
6a7c223a5c7cd75eb83924f2,Sound Bars,i-icons.50302365 - 2026-08-12T100316.545.svg,i icons.50302365 2026 08 12T100316.545,GLOBAL_ICON,https://ik.imagekit.io/0iaahkrcv/Sound%20Bars/i-icons.50302365%20-%202026-08-12T100316.545.svg?updatedAt=1786520123450
6a7c223a5c7cd75eb8392661,Sound Bars,i-icons.50302365 - 2026-08-12T100316.546.svg,i icons.50302365 2026 08 12T100316.546,GLOBAL_ICON,https://ik.imagekit.io/0iaahkrcv/Sound%20Bars/i-icons.50302365%20-%202026-08-12T100316.546.svg?updatedAt=1786520123616
6a7c223b5c7cd75eb8392750,Sound Bars,i-icons.50302365 - 2026-08-12T100317.620.svg,i icons.50302365 2026 08 12T100317.620,GLOBAL_ICON,https://ik.imagekit.io/0iaahkrcv/Sound%20Bars/i-icons.50302365%20-%202026-08-12T100317.620.svg?updatedAt=1786520123833
6a7c223b5c7cd75eb839277e,Sound Bars,i-icons.50302365 - 2026-08-12T100317.621.svg,i icons.50302365 2026 08 12T100317.621,GLOBAL_ICON,https://ik.imagekit.io/0iaahkrcv/Sound%20Bars/i-icons.50302365%20-%202026-08-12T100317.621.svg?updatedAt=1786520123727
6a7c223b5c7cd75eb8392857,Sound Bars,i-icons.50302365 - 2026-08-12T100318.254.svg,i icons.50302365 2026 08 12T100318.254,GLOBAL_ICON,https://ik.imagekit.io/0iaahkrcv/Sound%20Bars/i-icons.50302365%20-%202026-08-12T100318.254.svg?updatedAt=1786520123781
6a7c223b5c7cd75eb83927d3,Sound Bars,i-icons.50302365 - 2026-08-12T100426.666.svg,i icons.50302365 2026 08 12T100426.666,GLOBAL_ICON,https://ik.imagekit.io/0iaahkrcv/Sound%20Bars/i-icons.50302365%20-%202026-08-12T100426.666.svg?updatedAt=1786520123854
6a7c223b5c7cd75eb83927e6,Sound Bars,i-icons.50302365 - 2026-08-12T100426.753.svg,i icons.50302365 2026 08 12T100426.753,GLOBAL_ICON,https://ik.imagekit.io/0iaahkrcv/Sound%20Bars/i-icons.50302365%20-%202026-08-12T100426.753.svg?updatedAt=1786520123753
6a7c223a5c7cd75eb839270d,Sound Bars,i-icons.50302365 - 2026-08-12T100426.847.svg,i icons.50302365 2026 08 12T100426.847,GLOBAL_ICON,https://ik.imagekit.io/0iaahkrcv/Sound%20Bars/i-icons.50302365%20-%202026-08-12T100426.847.svg?updatedAt=1786520123794
6a7c223a5c7cd75eb8391f49,Sound Bars,i-icons.50302365 - 2026-08-12T100426.990.svg,i icons.50302365 2026 08 12T100426.990,GLOBAL_ICON,https://ik.imagekit.io/0iaahkrcv/Sound%20Bars/i-icons.50302365%20-%202026-08-12T100426.990.svg?updatedAt=1786520122929
6a7c223b5c7cd75eb83927a4,Sound Bars,i-icons.50302365 - 2026-08-12T100427.107.svg,i icons.50302365 2026 08 12T100427.107,GLOBAL_ICON,https://ik.imagekit.io/0iaahkrcv/Sound%20Bars/i-icons.50302365%20-%202026-08-12T100427.107.svg?updatedAt=1786520123811
6a7c223a5c7cd75eb8391fa9,Sound Bars,i-icons.50302365 - 2026-08-12T100427.159.svg,i icons.50302365 2026 08 12T100427.159,GLOBAL_ICON,https://ik.imagekit.io/0iaahkrcv/Sound%20Bars/i-icons.50302365%20-%202026-08-12T100427.159.svg?updatedAt=1786520123127
6a7c223b5c7cd75eb8392816,Sound Bars,i-icons.50302365 - 2026-08-12T100427.297.svg,i icons.50302365 2026 08 12T100427.297,GLOBAL_ICON,https://ik.imagekit.io/0iaahkrcv/Sound%20Bars/i-icons.50302365%20-%202026-08-12T100427.297.svg?updatedAt=1786520123797
6a7c223b5c7cd75eb839295f,Sound Bars,i-icons.50302365 - 2026-08-12T100427.394.svg,i icons.50302365 2026 08 12T100427.394,GLOBAL_ICON,https://ik.imagekit.io/0iaahkrcv/Sound%20Bars/i-icons.50302365%20-%202026-08-12T100427.394.svg?updatedAt=1786520123919
6a7c223b5c7cd75eb8392998,Sound Bars,i-icons.50302365 - 2026-08-12T100427.544.svg,i icons.50302365 2026 08 12T100427.544,GLOBAL_ICON,https://ik.imagekit.io/0iaahkrcv/Sound%20Bars/i-icons.50302365%20-%202026-08-12T100427.544.svg?updatedAt=1786520123862
6a7c223b5c7cd75eb8392a44,Sound Bars,i-icons.50302365 - 2026-08-12T100427.551.svg,i icons.50302365 2026 08 12T100427.551,GLOBAL_ICON,https://ik.imagekit.io/0iaahkrcv/Sound%20Bars/i-icons.50302365%20-%202026-08-12T100427.551.svg?updatedAt=1786520123986
6a7c223b5c7cd75eb8392a41,Sound Bars,i-icons.50302365 - 2026-08-12T100427.712.svg,i icons.50302365 2026 08 12T100427.712,GLOBAL_ICON,https://ik.imagekit.io/0iaahkrcv/Sound%20Bars/i-icons.50302365%20-%202026-08-12T100427.712.svg?updatedAt=1786520123930
6a7c223b5c7cd75eb8392a93,Sound Bars,i-icons.50302365 - 2026-08-12T100427.928.svg,i icons.50302365 2026 08 12T100427.928,GLOBAL_ICON,https://ik.imagekit.io/0iaahkrcv/Sound%20Bars/i-icons.50302365%20-%202026-08-12T100427.928.svg?updatedAt=1786520124050
6a7c223b5c7cd75eb8392a71,Sound Bars,i-icons.50302365 - 2026-08-12T100428.025.svg,i icons.50302365 2026 08 12T100428.025,GLOBAL_ICON,https://ik.imagekit.io/0iaahkrcv/Sound%20Bars/i-icons.50302365%20-%202026-08-12T100428.025.svg?updatedAt=1786520123940
6a7c223b5c7cd75eb8392a98,Sound Bars,i-icons.50302365 - 2026-08-12T100428.144.svg,i icons.50302365 2026 08 12T100428.144,GLOBAL_ICON,https://ik.imagekit.io/0iaahkrcv/Sound%20Bars/i-icons.50302365%20-%202026-08-12T100428.144.svg?updatedAt=1786520124018
6a7c223b5c7cd75eb8392ae2,Sound Bars,i-icons.50302365 - 2026-08-12T100428.272.svg,i icons.50302365 2026 08 12T100428.272,GLOBAL_ICON,https://ik.imagekit.io/0iaahkrcv/Sound%20Bars/i-icons.50302365%20-%202026-08-12T100428.272.svg?updatedAt=1786520124029
6a7c223b5c7cd75eb8392acf,Sound Bars,i-icons.50302365 - 2026-08-12T100429.438.svg,i icons.50302365 2026 08 12T100429.438,GLOBAL_ICON,https://ik.imagekit.io/0iaahkrcv/Sound%20Bars/i-icons.50302365%20-%202026-08-12T100429.438.svg?updatedAt=1786520124061
6a7c223b5c7cd75eb8392baa,Sound Bars,i-icons.50302365 - 2026-08-12T100429.545.svg,i icons.50302365 2026 08 12T100429.545,GLOBAL_ICON,https://ik.imagekit.io/0iaahkrcv/Sound%20Bars/i-icons.50302365%20-%202026-08-12T100429.545.svg?updatedAt=1786520124230
6a7c223b5c7cd75eb8392b83,Sound Bars,i-icons.50302365 - 2026-08-12T100429.694.svg,i icons.50302365 2026 08 12T100429.694,GLOBAL_ICON,https://ik.imagekit.io/0iaahkrcv/Sound%20Bars/i-icons.50302365%20-%202026-08-12T100429.694.svg?updatedAt=1786520124175
6a7c223b5c7cd75eb8392bcf,Sound Bars,i-icons.50302365 - 2026-08-12T100429.764.svg,i icons.50302365 2026 08 12T100429.764,GLOBAL_ICON,https://ik.imagekit.io/0iaahkrcv/Sound%20Bars/i-icons.50302365%20-%202026-08-12T100429.764.svg?updatedAt=1786520124225
6a7c223b5c7cd75eb8392bc2,Sound Bars,i-icons.50302365 - 2026-08-12T100430.309.svg,i icons.50302365 2026 08 12T100430.309,GLOBAL_ICON,https://ik.imagekit.io/0iaahkrcv/Sound%20Bars/i-icons.50302365%20-%202026-08-12T100430.309.svg?updatedAt=1786520124338
6a7c223b5c7cd75eb8392c39,Sound Bars,i-icons.50302365 - 2026-08-12T100430.310.svg,i icons.50302365 2026 08 12T100430.310,GLOBAL_ICON,https://ik.imagekit.io/0iaahkrcv/Sound%20Bars/i-icons.50302365%20-%202026-08-12T100430.310.svg?updatedAt=1786520124363
6a7c223b5c7cd75eb8392ca8,Sound Bars,i-icons.50302365 - 2026-08-12T100430.378.svg,i icons.50302365 2026 08 12T100430.378,GLOBAL_ICON,https://ik.imagekit.io/0iaahkrcv/Sound%20Bars/i-icons.50302365%20-%202026-08-12T100430.378.svg?updatedAt=1786520124484
6a7c223b5c7cd75eb8392cd1,Sound Bars,i-icons.50302365 - 2026-08-12T100430.398.svg,i icons.50302365 2026 08 12T100430.398,GLOBAL_ICON,https://ik.imagekit.io/0iaahkrcv/Sound%20Bars/i-icons.50302365%20-%202026-08-12T100430.398.svg?updatedAt=1786520124481
6a7c223b5c7cd75eb8392c45,Sound Bars,i-icons.50302365 - 2026-08-12T100430.500.svg,i icons.50302365 2026 08 12T100430.500,GLOBAL_ICON,https://ik.imagekit.io/0iaahkrcv/Sound%20Bars/i-icons.50302365%20-%202026-08-12T100430.500.svg?updatedAt=1786520124386
6a7c223b5c7cd75eb8392c40,Sound Bars,i-icons.50302365 - 2026-08-12T100430.558.svg,i icons.50302365 2026 08 12T100430.558,GLOBAL_ICON,https://ik.imagekit.io/0iaahkrcv/Sound%20Bars/i-icons.50302365%20-%202026-08-12T100430.558.svg?updatedAt=1786520124413
6a7c223b5c7cd75eb8392c6f,Sound Bars,i-icons.50302365 - 2026-08-12T100430.622.svg,i icons.50302365 2026 08 12T100430.622,GLOBAL_ICON,https://ik.imagekit.io/0iaahkrcv/Sound%20Bars/i-icons.50302365%20-%202026-08-12T100430.622.svg?updatedAt=1786520124377
6a7c223b5c7cd75eb8392cab,Sound Bars,i-icons.50302365 - 2026-08-12T100430.675.svg,i icons.50302365 2026 08 12T100430.675,GLOBAL_ICON,https://ik.imagekit.io/0iaahkrcv/Sound%20Bars/i-icons.50302365%20-%202026-08-12T100430.675.svg?updatedAt=1786520124418
6a7c223c5c7cd75eb83930db,Sound Bars,i-icons.50302365 - 2026-08-12T100430.804.svg,i icons.50302365 2026 08 12T100430.804,GLOBAL_ICON,https://ik.imagekit.io/0iaahkrcv/Sound%20Bars/i-icons.50302365%20-%202026-08-12T100430.804.svg?updatedAt=1786520124964
6a7c223d5c7cd75eb8393c98,Sound Bars,i-icons.50302365 - 2026-08-12T100430.907.svg,i icons.50302365 2026 08 12T100430.907,GLOBAL_ICON,https://ik.imagekit.io/0iaahkrcv/Sound%20Bars/i-icons.50302365%20-%202026-08-12T100430.907.svg?updatedAt=1786520126283
6a7c223c5c7cd75eb83932ef,Sound Bars,i-icons.50302365 - 2026-08-12T100430.959.svg,i icons.50302365 2026 08 12T100430.959,GLOBAL_ICON,https://ik.imagekit.io/0iaahkrcv/Sound%20Bars/i-icons.50302365%20-%202026-08-12T100430.959.svg?updatedAt=1786520125360
6a7c223c5c7cd75eb83936b5,Sound Bars,i-icons.50302365 - 2026-08-12T100431.161.svg,i icons.50302365 2026 08 12T100431.161,GLOBAL_ICON,https://ik.imagekit.io/0iaahkrcv/Sound%20Bars/i-icons.50302365%20-%202026-08-12T100431.161.svg?updatedAt=1786520125683
6a7c223d5c7cd75eb8393a67,Sound Bars,i-icons.50302365 - 2026-08-12T100431.284.svg,i icons.50302365 2026 08 12T100431.284,GLOBAL_ICON,https://ik.imagekit.io/0iaahkrcv/Sound%20Bars/i-icons.50302365%20-%202026-08-12T100431.284.svg?updatedAt=1786520125992
6a7c223d5c7cd75eb8393ae8,Sound Bars,i-icons.50302365 - 2026-08-12T100431.351.svg,i icons.50302365 2026 08 12T100431.351,GLOBAL_ICON,https://ik.imagekit.io/0iaahkrcv/Sound%20Bars/i-icons.50302365%20-%202026-08-12T100431.351.svg?updatedAt=1786520126102
6a7c223d5c7cd75eb8393af9,Sound Bars,i-icons.50302365 - 2026-08-12T100431.610.svg,i icons.50302365 2026 08 12T100431.610,GLOBAL_ICON,https://ik.imagekit.io/0iaahkrcv/Sound%20Bars/i-icons.50302365%20-%202026-08-12T100431.610.svg?updatedAt=1786520126209
6a7c223d5c7cd75eb8393ad8,Sound Bars,i-icons.50302365 - 2026-08-12T100432.094.svg,i icons.50302365 2026 08 12T100432.094,GLOBAL_ICON,https://ik.imagekit.io/0iaahkrcv/Sound%20Bars/i-icons.50302365%20-%202026-08-12T100432.094.svg?updatedAt=1786520126109
6a7c223d5c7cd75eb8393b38,Sound Bars,i-icons.50302365 - 2026-08-12T100512.239.svg,i icons.50302365 2026 08 12T100512.239,GLOBAL_ICON,https://ik.imagekit.io/0iaahkrcv/Sound%20Bars/i-icons.50302365%20-%202026-08-12T100512.239.svg?updatedAt=1786520126144
6a7c223d5c7cd75eb8393b33,Sound Bars,i-icons.50302365 - 2026-08-12T100512.338.svg,i icons.50302365 2026 08 12T100512.338,GLOBAL_ICON,https://ik.imagekit.io/0iaahkrcv/Sound%20Bars/i-icons.50302365%20-%202026-08-12T100512.338.svg?updatedAt=1786520126222
6a7c223d5c7cd75eb8393abe,Sound Bars,i-icons.50302365 - 2026-08-12T100512.444.svg,i icons.50302365 2026 08 12T100512.444,GLOBAL_ICON,https://ik.imagekit.io/0iaahkrcv/Sound%20Bars/i-icons.50302365%20-%202026-08-12T100512.444.svg?updatedAt=1786520126043
6a7c223d5c7cd75eb8393c86,Sound Bars,i-icons.50302365 - 2026-08-12T100512.551.svg,i icons.50302365 2026 08 12T100512.551,GLOBAL_ICON,https://ik.imagekit.io/0iaahkrcv/Sound%20Bars/i-icons.50302365%20-%202026-08-12T100512.551.svg?updatedAt=1786520126317
6a7c223d5c7cd75eb8393c74,Sound Bars,i-icons.50302365 - 2026-08-12T100512.684.svg,i icons.50302365 2026 08 12T100512.684,GLOBAL_ICON,https://ik.imagekit.io/0iaahkrcv/Sound%20Bars/i-icons.50302365%20-%202026-08-12T100512.684.svg?updatedAt=1786520126289
6a7c223d5c7cd75eb8393ca6,Sound Bars,i-icons.50302365 - 2026-08-12T100512.779.svg,i icons.50302365 2026 08 12T100512.779,GLOBAL_ICON,https://ik.imagekit.io/0iaahkrcv/Sound%20Bars/i-icons.50302365%20-%202026-08-12T100512.779.svg?updatedAt=1786520126428
6a7c223d5c7cd75eb8393cd1,Sound Bars,i-icons.50302365 - 2026-08-12T100512.974.svg,i icons.50302365 2026 08 12T100512.974,GLOBAL_ICON,https://ik.imagekit.io/0iaahkrcv/Sound%20Bars/i-icons.50302365%20-%202026-08-12T100512.974.svg?updatedAt=1786520126298
6a7c223e5c7cd75eb8394202,Sound Bars,i-icons.50302365 - 2026-08-12T100513.047.svg,i icons.50302365 2026 08 12T100513.047,GLOBAL_ICON,https://ik.imagekit.io/0iaahkrcv/Sound%20Bars/i-icons.50302365%20-%202026-08-12T100513.047.svg?updatedAt=1786520126735
6a7c223e5c7cd75eb8394254,Sound Bars,i-icons.50302365 - 2026-08-12T100513.165.svg,i icons.50302365 2026 08 12T100513.165,GLOBAL_ICON,https://ik.imagekit.io/0iaahkrcv/Sound%20Bars/i-icons.50302365%20-%202026-08-12T100513.165.svg?updatedAt=1786520126797
6a7c223e5c7cd75eb8394453,Sound Bars,i-icons.50302365 - 2026-08-12T100513.298.svg,i icons.50302365 2026 08 12T100513.298,GLOBAL_ICON,https://ik.imagekit.io/0iaahkrcv/Sound%20Bars/i-icons.50302365%20-%202026-08-12T100513.298.svg?updatedAt=1786520127074
6a7c223e5c7cd75eb83946dd,Sound Bars,i-icons.50302365 - 2026-08-12T100513.302.svg,i icons.50302365 2026 08 12T100513.302,GLOBAL_ICON,https://ik.imagekit.io/0iaahkrcv/Sound%20Bars/i-icons.50302365%20-%202026-08-12T100513.302.svg?updatedAt=1786520127028
6a7c223e5c7cd75eb8394463,Sound Bars,i-icons.50302365 - 2026-08-12T100513.625.svg,i icons.50302365 2026 08 12T100513.625,GLOBAL_ICON,https://ik.imagekit.io/0iaahkrcv/Sound%20Bars/i-icons.50302365%20-%202026-08-12T100513.625.svg?updatedAt=1786520126918
6a7c223e5c7cd75eb83944a9,Sound Bars,i-icons.50302365 - 2026-08-12T100513.682.svg,i icons.50302365 2026 08 12T100513.682,GLOBAL_ICON,https://ik.imagekit.io/0iaahkrcv/Sound%20Bars/i-icons.50302365%20-%202026-08-12T100513.682.svg?updatedAt=1786520126976
6a7c223e5c7cd75eb8394559,Sound Bars,i-icons.50302365 - 2026-08-12T100513.762.svg,i icons.50302365 2026 08 12T100513.762,GLOBAL_ICON,https://ik.imagekit.io/0iaahkrcv/Sound%20Bars/i-icons.50302365%20-%202026-08-12T100513.762.svg?updatedAt=1786520127074
6a7c223e5c7cd75eb8394624,Sound Bars,i-icons.50302365 - 2026-08-12T100513.998.svg,i icons.50302365 2026 08 12T100513.998,GLOBAL_ICON,https://ik.imagekit.io/0iaahkrcv/Sound%20Bars/i-icons.50302365%20-%202026-08-12T100513.998.svg?updatedAt=1786520127114
6a7c223e5c7cd75eb8394618,Sound Bars,i-icons.50302365 - 2026-08-12T100514.794.svg,i icons.50302365 2026 08 12T100514.794,GLOBAL_ICON,https://ik.imagekit.io/0iaahkrcv/Sound%20Bars/i-icons.50302365%20-%202026-08-12T100514.794.svg?updatedAt=1786520126971
6a7c223e5c7cd75eb83946f6,Sound Bars,i-icons.50302365 - 2026-08-12T100514.807.svg,i icons.50302365 2026 08 12T100514.807,GLOBAL_ICON,https://ik.imagekit.io/0iaahkrcv/Sound%20Bars/i-icons.50302365%20-%202026-08-12T100514.807.svg?updatedAt=1786520127119
6a7c223e5c7cd75eb8394711,Sound Bars,i-icons.50302365 - 2026-08-12T100514.926.svg,i icons.50302365 2026 08 12T100514.926,GLOBAL_ICON,https://ik.imagekit.io/0iaahkrcv/Sound%20Bars/i-icons.50302365%20-%202026-08-12T100514.926.svg?updatedAt=1786520127166
6a7c223e5c7cd75eb839470b,Sound Bars,i-icons.50302365 - 2026-08-12T100515.138.svg,i icons.50302365 2026 08 12T100515.138,GLOBAL_ICON,https://ik.imagekit.io/0iaahkrcv/Sound%20Bars/i-icons.50302365%20-%202026-08-12T100515.138.svg?updatedAt=1786520127095
6a7c223e5c7cd75eb83946e3,Sound Bars,i-icons.50302365 - 2026-08-12T100515.147.svg,i icons.50302365 2026 08 12T100515.147,GLOBAL_ICON,https://ik.imagekit.io/0iaahkrcv/Sound%20Bars/i-icons.50302365%20-%202026-08-12T100515.147.svg?updatedAt=1786520127079
6a7c223e5c7cd75eb83946ff,Sound Bars,i-icons.50302365 - 2026-08-12T100515.281.svg,i icons.50302365 2026 08 12T100515.281,GLOBAL_ICON,https://ik.imagekit.io/0iaahkrcv/Sound%20Bars/i-icons.50302365%20-%202026-08-12T100515.281.svg?updatedAt=1786520127252
6a7c223e5c7cd75eb83946b1,Sound Bars,i-icons.50302365 - 2026-08-12T100515.390.svg,i icons.50302365 2026 08 12T100515.390,GLOBAL_ICON,https://ik.imagekit.io/0iaahkrcv/Sound%20Bars/i-icons.50302365%20-%202026-08-12T100515.390.svg?updatedAt=1786520127107
6a7c223e5c7cd75eb8394709,Sound Bars,i-icons.50302365 - 2026-08-12T100515.479.svg,i icons.50302365 2026 08 12T100515.479,GLOBAL_ICON,https://ik.imagekit.io/0iaahkrcv/Sound%20Bars/i-icons.50302365%20-%202026-08-12T100515.479.svg?updatedAt=1786520127155
6a7c223e5c7cd75eb83946cc,Sound Bars,i-icons.50302365 - 2026-08-12T100515.695.svg,i icons.50302365 2026 08 12T100515.695,GLOBAL_ICON,https://ik.imagekit.io/0iaahkrcv/Sound%20Bars/i-icons.50302365%20-%202026-08-12T100515.695.svg?updatedAt=1786520127085
6a7c223e5c7cd75eb8394737,Sound Bars,i-icons.50302365 - 2026-08-12T100515.809.svg,i icons.50302365 2026 08 12T100515.809,GLOBAL_ICON,https://ik.imagekit.io/0iaahkrcv/Sound%20Bars/i-icons.50302365%20-%202026-08-12T100515.809.svg?updatedAt=1786520127122
6a7c223e5c7cd75eb83947b9,Sound Bars,i-icons.50302365 - 2026-08-12T100515.939.svg,i icons.50302365 2026 08 12T100515.939,GLOBAL_ICON,https://ik.imagekit.io/0iaahkrcv/Sound%20Bars/i-icons.50302365%20-%202026-08-12T100515.939.svg?updatedAt=1786520127355
6a7c223e5c7cd75eb839470c,Sound Bars,i-icons.50302365 - 2026-08-12T100516.012.svg,i icons.50302365 2026 08 12T100516.012,GLOBAL_ICON,https://ik.imagekit.io/0iaahkrcv/Sound%20Bars/i-icons.50302365%20-%202026-08-12T100516.012.svg?updatedAt=1786520127264
6a7c223e5c7cd75eb8394792,Sound Bars,i-icons.50302365 - 2026-08-12T100516.095.svg,i icons.50302365 2026 08 12T100516.095,GLOBAL_ICON,https://ik.imagekit.io/0iaahkrcv/Sound%20Bars/i-icons.50302365%20-%202026-08-12T100516.095.svg?updatedAt=1786520127212
6a7c223e5c7cd75eb8394788,Sound Bars,i-icons.50302365 - 2026-08-12T100516.200.svg,i icons.50302365 2026 08 12T100516.200,GLOBAL_ICON,https://ik.imagekit.io/0iaahkrcv/Sound%20Bars/i-icons.50302365%20-%202026-08-12T100516.200.svg?updatedAt=1786520127268
6a7c223e5c7cd75eb83947e8,Sound Bars,i-icons.50302365 - 2026-08-12T100516.296.svg,i icons.50302365 2026 08 12T100516.296,GLOBAL_ICON,https://ik.imagekit.io/0iaahkrcv/Sound%20Bars/i-icons.50302365%20-%202026-08-12T100516.296.svg?updatedAt=1786520127366
6a7c223e5c7cd75eb83946a8,Sound Bars,i-icons.50302365 - 2026-08-12T100516.432.svg,i icons.50302365 2026 08 12T100516.432,GLOBAL_ICON,https://ik.imagekit.io/0iaahkrcv/Sound%20Bars/i-icons.50302365%20-%202026-08-12T100516.432.svg?updatedAt=1786520127045
6a7c223e5c7cd75eb83947c3,Sound Bars,i-icons.50302365 - 2026-08-12T100516.505.svg,i icons.50302365 2026 08 12T100516.505,GLOBAL_ICON,https://ik.imagekit.io/0iaahkrcv/Sound%20Bars/i-icons.50302365%20-%202026-08-12T100516.505.svg?updatedAt=1786520127284
6a7c223e5c7cd75eb839473d,Sound Bars,i-icons.50302365 - 2026-08-12T100516.641.svg,i icons.50302365 2026 08 12T100516.641,GLOBAL_ICON,https://ik.imagekit.io/0iaahkrcv/Sound%20Bars/i-icons.50302365%20-%202026-08-12T100516.641.svg?updatedAt=1786520127110
6a7c223e5c7cd75eb83947cb,Sound Bars,i-icons.50302365 - 2026-08-12T100516.756.svg,i icons.50302365 2026 08 12T100516.756,GLOBAL_ICON,https://ik.imagekit.io/0iaahkrcv/Sound%20Bars/i-icons.50302365%20-%202026-08-12T100516.756.svg?updatedAt=1786520127153
6a7c223e5c7cd75eb83947fc,Sound Bars,i-icons.50302365 - 2026-08-12T100516.836.svg,i icons.50302365 2026 08 12T100516.836,GLOBAL_ICON,https://ik.imagekit.io/0iaahkrcv/Sound%20Bars/i-icons.50302365%20-%202026-08-12T100516.836.svg?updatedAt=1786520127436
6a7c223e5c7cd75eb839483b,Sound Bars,i-icons.50302365 - 2026-08-12T100517.325.svg,i icons.50302365 2026 08 12T100517.325,GLOBAL_ICON,https://ik.imagekit.io/0iaahkrcv/Sound%20Bars/i-icons.50302365%20-%202026-08-12T100517.325.svg?updatedAt=1786520127237
6a7c223e5c7cd75eb83947a3,Sound Bars,i-icons.50302365 - 2026-08-12T101529.058.svg,i icons.50302365 2026 08 12T101529.058,GLOBAL_ICON,https://ik.imagekit.io/0iaahkrcv/Sound%20Bars/i-icons.50302365%20-%202026-08-12T101529.058.svg?updatedAt=1786520127300
6a7c223e5c7cd75eb83947f5,Sound Bars,i-icons.50302365 - 2026-08-12T101529.238.svg,i icons.50302365 2026 08 12T101529.238,GLOBAL_ICON,https://ik.imagekit.io/0iaahkrcv/Sound%20Bars/i-icons.50302365%20-%202026-08-12T101529.238.svg?updatedAt=1786520127184
6a7c223e5c7cd75eb8394897,Sound Bars,i-icons.50302365 - 2026-08-12T101529.246.svg,i icons.50302365 2026 08 12T101529.246,GLOBAL_ICON,https://ik.imagekit.io/0iaahkrcv/Sound%20Bars/i-icons.50302365%20-%202026-08-12T101529.246.svg?updatedAt=1786520127356
6a7c223e5c7cd75eb83947a8,Sound Bars,i-icons.50302365 - 2026-08-12T101529.257.svg,i icons.50302365 2026 08 12T101529.257,GLOBAL_ICON,https://ik.imagekit.io/0iaahkrcv/Sound%20Bars/i-icons.50302365%20-%202026-08-12T101529.257.svg?updatedAt=1786520127211
6a7c22435c7cd75eb8396ce6,Sound Bars,i-icons.50302365 - 2026-08-12T101529.280.svg,i icons.50302365 2026 08 12T101529.280,GLOBAL_ICON,https://ik.imagekit.io/0iaahkrcv/Sound%20Bars/i-icons.50302365%20-%202026-08-12T101529.280.svg?updatedAt=1786520131764
6a7c22455c7cd75eb8397cfa,Sound Bars,i-icons.50302365 - 2026-08-12T101529.291.svg,i icons.50302365 2026 08 12T101529.291,GLOBAL_ICON,https://ik.imagekit.io/0iaahkrcv/Sound%20Bars/i-icons.50302365%20-%202026-08-12T101529.291.svg?updatedAt=1786520133918
6a7c22425c7cd75eb8396c6d,Sound Bars,i-icons.50302365 - 2026-08-12T101529.406.svg,i icons.50302365 2026 08 12T101529.406,GLOBAL_ICON,https://ik.imagekit.io/0iaahkrcv/Sound%20Bars/i-icons.50302365%20-%202026-08-12T101529.406.svg?updatedAt=1786520131773
6a7c22445c7cd75eb8397902,Sound Bars,i-icons.50302365 - 2026-08-12T101529.407.svg,i icons.50302365 2026 08 12T101529.407,GLOBAL_ICON,https://ik.imagekit.io/0iaahkrcv/Sound%20Bars/i-icons.50302365%20-%202026-08-12T101529.407.svg?updatedAt=1786520133458
6a7c22445c7cd75eb839799e,Sound Bars,i-icons.50302365 - 2026-08-12T101529.412.svg,i icons.50302365 2026 08 12T101529.412,GLOBAL_ICON,https://ik.imagekit.io/0iaahkrcv/Sound%20Bars/i-icons.50302365%20-%202026-08-12T101529.412.svg?updatedAt=1786520133550
6a7c224a5c7cd75eb839ac00,Sound Bars,i-icons.50302365 - 2026-08-12T101529.600.svg,i icons.50302365 2026 08 12T101529.600,GLOBAL_ICON,https://ik.imagekit.io/0iaahkrcv/Sound%20Bars/i-icons.50302365%20-%202026-08-12T101529.600.svg?updatedAt=1786520139226
6a7c224b5c7cd75eb839b20a,Sound Bars,i-icons.50302365 - 2026-08-12T101529.608.svg,i icons.50302365 2026 08 12T101529.608,GLOBAL_ICON,https://ik.imagekit.io/0iaahkrcv/Sound%20Bars/i-icons.50302365%20-%202026-08-12T101529.608.svg?updatedAt=1786520139729
6a7c224a5c7cd75eb839ae41,Sound Bars,i-icons.50302365 - 2026-08-12T101529.628.svg,i icons.50302365 2026 08 12T101529.628,GLOBAL_ICON,https://ik.imagekit.io/0iaahkrcv/Sound%20Bars/i-icons.50302365%20-%202026-08-12T101529.628.svg?updatedAt=1786520140097
6a7c224a5c7cd75eb839aefd,Sound Bars,i-icons.50302365 - 2026-08-12T101529.929.svg,i icons.50302365 2026 08 12T101529.929,GLOBAL_ICON,https://ik.imagekit.io/0iaahkrcv/Sound%20Bars/i-icons.50302365%20-%202026-08-12T101529.929.svg?updatedAt=1786520140083
6a7c224b5c7cd75eb839b204,Sound Bars,i-icons.50302365 - 2026-08-12T101530.112.svg,i icons.50302365 2026 08 12T101530.112,GLOBAL_ICON,https://ik.imagekit.io/0iaahkrcv/Sound%20Bars/i-icons.50302365%20-%202026-08-12T101530.112.svg?updatedAt=1786520139730
6a7c224b5c7cd75eb839b1ee,Sound Bars,i-icons.50302365 - 2026-08-12T101530.177.svg,i icons.50302365 2026 08 12T101530.177,GLOBAL_ICON,https://ik.imagekit.io/0iaahkrcv/Sound%20Bars/i-icons.50302365%20-%202026-08-12T101530.177.svg?updatedAt=1786520139873
6a7c224b5c7cd75eb839b190,Sound Bars,i-icons.50302365 - 2026-08-12T101530.178.svg,i icons.50302365 2026 08 12T101530.178,GLOBAL_ICON,https://ik.imagekit.io/0iaahkrcv/Sound%20Bars/i-icons.50302365%20-%202026-08-12T101530.178.svg?updatedAt=1786520140283
6a7c224b5c7cd75eb839b1da,Sound Bars,i-icons.50302365 - 2026-08-12T101530.192.svg,i icons.50302365 2026 08 12T101530.192,GLOBAL_ICON,https://ik.imagekit.io/0iaahkrcv/Sound%20Bars/i-icons.50302365%20-%202026-08-12T101530.192.svg?updatedAt=1786520139776
6a7c224b5c7cd75eb839b4fe,Sound Bars,i-icons.50302365 - 2026-08-12T101530.263.svg,i icons.50302365 2026 08 12T101530.263,GLOBAL_ICON,https://ik.imagekit.io/0iaahkrcv/Sound%20Bars/i-icons.50302365%20-%202026-08-12T101530.263.svg?updatedAt=1786520140541
6a7c224b5c7cd75eb839bb9a,Sound Bars,i-icons.50302365 - 2026-08-12T101530.270.svg,i icons.50302365 2026 08 12T101530.270,GLOBAL_ICON,https://ik.imagekit.io/0iaahkrcv/Sound%20Bars/i-icons.50302365%20-%202026-08-12T101530.270.svg?updatedAt=1786520140649
6a7c224b5c7cd75eb839b885,Sound Bars,i-icons.50302365 - 2026-08-12T101530.327.svg,i icons.50302365 2026 08 12T101530.327,GLOBAL_ICON,https://ik.imagekit.io/0iaahkrcv/Sound%20Bars/i-icons.50302365%20-%202026-08-12T101530.327.svg?updatedAt=1786520140460
6a7c224b5c7cd75eb839b921,Sound Bars,i-icons.50302365 - 2026-08-12T101530.339.svg,i icons.50302365 2026 08 12T101530.339,GLOBAL_ICON,https://ik.imagekit.io/0iaahkrcv/Sound%20Bars/i-icons.50302365%20-%202026-08-12T101530.339.svg?updatedAt=1786520140478
6a7c224b5c7cd75eb839b85d,Sound Bars,i-icons.50302365 - 2026-08-12T101530.477.svg,i icons.50302365 2026 08 12T101530.477,GLOBAL_ICON,https://ik.imagekit.io/0iaahkrcv/Sound%20Bars/i-icons.50302365%20-%202026-08-12T101530.477.svg?updatedAt=1786520140466
6a7c224d5c7cd75eb839c748,Sound Bars,i-icons.50302365 - 2026-08-12T101530.689.svg,i icons.50302365 2026 08 12T101530.689,GLOBAL_ICON,https://ik.imagekit.io/0iaahkrcv/Sound%20Bars/i-icons.50302365%20-%202026-08-12T101530.689.svg?updatedAt=1786520141748
6a7c224c5c7cd75eb839bed9,Sound Bars,i-icons.50302365 - 2026-08-12T101530.695.svg,i icons.50302365 2026 08 12T101530.695,GLOBAL_ICON,https://ik.imagekit.io/0iaahkrcv/Sound%20Bars/i-icons.50302365%20-%202026-08-12T101530.695.svg?updatedAt=1786520140973
6a7c224c5c7cd75eb839c06f,Sound Bars,i-icons.50302365 - 2026-08-12T101530.782.svg,i icons.50302365 2026 08 12T101530.782,GLOBAL_ICON,https://ik.imagekit.io/0iaahkrcv/Sound%20Bars/i-icons.50302365%20-%202026-08-12T101530.782.svg?updatedAt=1786520141161
6a7c224d5c7cd75eb839c9b0,Sound Bars,i-icons.50302365 - 2026-08-12T101530.879.svg,i icons.50302365 2026 08 12T101530.879,GLOBAL_ICON,https://ik.imagekit.io/0iaahkrcv/Sound%20Bars/i-icons.50302365%20-%202026-08-12T101530.879.svg?updatedAt=1786520141942
6a7c224c5c7cd75eb839bfb3,Sound Bars,i-icons.50302365 - 2026-08-12T101531.101.svg,i icons.50302365 2026 08 12T101531.101,GLOBAL_ICON,https://ik.imagekit.io/0iaahkrcv/Sound%20Bars/i-icons.50302365%20-%202026-08-12T101531.101.svg?updatedAt=1786520141050
6a7c224c5c7cd75eb839be5b,Sound Bars,i-icons.50302365 - 2026-08-12T101531.193.svg,i icons.50302365 2026 08 12T101531.193,GLOBAL_ICON,https://ik.imagekit.io/0iaahkrcv/Sound%20Bars/i-icons.50302365%20-%202026-08-12T101531.193.svg?updatedAt=1786520141029
6a7c224d5c7cd75eb839c77f,Sound Bars,i-icons.50302365 - 2026-08-12T101531.325.svg,i icons.50302365 2026 08 12T101531.325,GLOBAL_ICON,https://ik.imagekit.io/0iaahkrcv/Sound%20Bars/i-icons.50302365%20-%202026-08-12T101531.325.svg?updatedAt=1786520141746
6a7c224c5c7cd75eb839bfc3,Sound Bars,i-icons.50302365 - 2026-08-12T101532.012.svg,i icons.50302365 2026 08 12T101532.012,GLOBAL_ICON,https://ik.imagekit.io/0iaahkrcv/Sound%20Bars/i-icons.50302365%20-%202026-08-12T101532.012.svg?updatedAt=1786520141093
6a7c224c5c7cd75eb839c25a,Sound Bars,i-icons.50302365 - 2026-08-12T101619.206.svg,i icons.50302365 2026 08 12T101619.206,GLOBAL_ICON,https://ik.imagekit.io/0iaahkrcv/Sound%20Bars/i-icons.50302365%20-%202026-08-12T101619.206.svg?updatedAt=1786520141282
6a7c224c5c7cd75eb839c50b,Sound Bars,i-icons.50302365 - 2026-08-12T101619.242.svg,i icons.50302365 2026 08 12T101619.242,GLOBAL_ICON,https://ik.imagekit.io/0iaahkrcv/Sound%20Bars/i-icons.50302365%20-%202026-08-12T101619.242.svg?updatedAt=1786520141522
6a7c224d5c7cd75eb839c6f3,Sound Bars,i-icons.50302365 - 2026-08-12T101619.259.svg,i icons.50302365 2026 08 12T101619.259,GLOBAL_ICON,https://ik.imagekit.io/0iaahkrcv/Sound%20Bars/i-icons.50302365%20-%202026-08-12T101619.259.svg?updatedAt=1786520141713
6a7c224c5c7cd75eb839c223,Sound Bars,i-icons.50302365 - 2026-08-12T101619.260.svg,i icons.50302365 2026 08 12T101619.260,GLOBAL_ICON,https://ik.imagekit.io/0iaahkrcv/Sound%20Bars/i-icons.50302365%20-%202026-08-12T101619.260.svg?updatedAt=1786520141272
6a7c224d5c7cd75eb839c945,Sound Bars,i-icons.50302365 - 2026-08-12T101619.395.svg,i icons.50302365 2026 08 12T101619.395,GLOBAL_ICON,https://ik.imagekit.io/0iaahkrcv/Sound%20Bars/i-icons.50302365%20-%202026-08-12T101619.395.svg?updatedAt=1786520141908
6a7c224d5c7cd75eb839c70d,Sound Bars,i-icons.50302365 - 2026-08-12T101620.439.svg,i icons.50302365 2026 08 12T101620.439,GLOBAL_ICON,https://ik.imagekit.io/0iaahkrcv/Sound%20Bars/i-icons.50302365%20-%202026-08-12T101620.439.svg?updatedAt=1786520141731
6a7c224d5c7cd75eb839c86d,Sound Bars,i-icons.50302365 - 2026-08-12T101620.442.svg,i icons.50302365 2026 08 12T101620.442,GLOBAL_ICON,https://ik.imagekit.io/0iaahkrcv/Sound%20Bars/i-icons.50302365%20-%202026-08-12T101620.442.svg?updatedAt=1786520141873
6a7c224b5c7cd75eb839b2f0,Sound Bars,i-icons.50302365 - 2026-08-12T101620.465.svg,i icons.50302365 2026 08 12T101620.465,GLOBAL_ICON,https://ik.imagekit.io/0iaahkrcv/Sound%20Bars/i-icons.50302365%20-%202026-08-12T101620.465.svg?updatedAt=1786520139784
6a7c224b5c7cd75eb839b318,Sound Bars,i-icons.50302365 - 2026-08-12T101620.590.svg,i icons.50302365 2026 08 12T101620.590,GLOBAL_ICON,https://ik.imagekit.io/0iaahkrcv/Sound%20Bars/i-icons.50302365%20-%202026-08-12T101620.590.svg?updatedAt=1786520139794
6a7c224b5c7cd75eb839b300,Sound Bars,i-icons.50302365 - 2026-08-12T101620.591.svg,i icons.50302365 2026 08 12T101620.591,GLOBAL_ICON,https://ik.imagekit.io/0iaahkrcv/Sound%20Bars/i-icons.50302365%20-%202026-08-12T101620.591.svg?updatedAt=1786520139786
6a7c224e5c7cd75eb839d7b2,Sound Bars,i-icons.50302365 - 2026-08-12T101622.221.svg,i icons.50302365 2026 08 12T101622.221,GLOBAL_ICON,https://ik.imagekit.io/0iaahkrcv/Sound%20Bars/i-icons.50302365%20-%202026-08-12T101622.221.svg?updatedAt=1786520143103
6a7c224e5c7cd75eb839d7bb,Sound Bars,i-icons.50302365 - 2026-08-12T101622.355.svg,i icons.50302365 2026 08 12T101622.355,GLOBAL_ICON,https://ik.imagekit.io/0iaahkrcv/Sound%20Bars/i-icons.50302365%20-%202026-08-12T101622.355.svg?updatedAt=1786520143133
6a7c224e5c7cd75eb839d8d6,Sound Bars,i-icons.50302365 - 2026-08-12T101623.063.svg,i icons.50302365 2026 08 12T101623.063,GLOBAL_ICON,https://ik.imagekit.io/0iaahkrcv/Sound%20Bars/i-icons.50302365%20-%202026-08-12T101623.063.svg?updatedAt=1786520143232
6a7c224e5c7cd75eb839d8bd,Sound Bars,i-icons.50302365 - 2026-08-12T101623.912.svg,i icons.50302365 2026 08 12T101623.912,GLOBAL_ICON,https://ik.imagekit.io/0iaahkrcv/Sound%20Bars/i-icons.50302365%20-%202026-08-12T101623.912.svg?updatedAt=1786520143188
6a7c224e5c7cd75eb839d8e2,Sound Bars,i-icons.50302365 - 2026-08-12T101624.093.svg,i icons.50302365 2026 08 12T101624.093,GLOBAL_ICON,https://ik.imagekit.io/0iaahkrcv/Sound%20Bars/i-icons.50302365%20-%202026-08-12T101624.093.svg?updatedAt=1786520143320
6a7c224e5c7cd75eb839d8f5,Sound Bars,i-icons.50302365 - 2026-08-12T101624.123.svg,i icons.50302365 2026 08 12T101624.123,GLOBAL_ICON,https://ik.imagekit.io/0iaahkrcv/Sound%20Bars/i-icons.50302365%20-%202026-08-12T101624.123.svg?updatedAt=1786520143416
6a7c224e5c7cd75eb839da3e,Sound Bars,i-icons.50302365 - 2026-08-12T101624.124.svg,i icons.50302365 2026 08 12T101624.124,GLOBAL_ICON,https://ik.imagekit.io/0iaahkrcv/Sound%20Bars/i-icons.50302365%20-%202026-08-12T101624.124.svg?updatedAt=1786520143574
6a7c224e5c7cd75eb839da06,Sound Bars,i-icons.50302365 - 2026-08-12T101624.321.svg,i icons.50302365 2026 08 12T101624.321,GLOBAL_ICON,https://ik.imagekit.io/0iaahkrcv/Sound%20Bars/i-icons.50302365%20-%202026-08-12T101624.321.svg?updatedAt=1786520143511
6a7c224e5c7cd75eb839da21,Sound Bars,i-icons.50302365 - 2026-08-12T101624.338.svg,i icons.50302365 2026 08 12T101624.338,GLOBAL_ICON,https://ik.imagekit.io/0iaahkrcv/Sound%20Bars/i-icons.50302365%20-%202026-08-12T101624.338.svg?updatedAt=1786520143494
6a7c224e5c7cd75eb839daef,Sound Bars,i-icons.50302365 - 2026-08-12T101624.339.svg,i icons.50302365 2026 08 12T101624.339,GLOBAL_ICON,https://ik.imagekit.io/0iaahkrcv/Sound%20Bars/i-icons.50302365%20-%202026-08-12T101624.339.svg?updatedAt=1786520143556
6a7c224e5c7cd75eb839da35,Sound Bars,i-icons.50302365 - 2026-08-12T101624.741.svg,i icons.50302365 2026 08 12T101624.741,GLOBAL_ICON,https://ik.imagekit.io/0iaahkrcv/Sound%20Bars/i-icons.50302365%20-%202026-08-12T101624.741.svg?updatedAt=1786520143517
6a7c224e5c7cd75eb839db11,Sound Bars,i-icons.50302365 - 2026-08-12T101624.818.svg,i icons.50302365 2026 08 12T101624.818,GLOBAL_ICON,https://ik.imagekit.io/0iaahkrcv/Sound%20Bars/i-icons.50302365%20-%202026-08-12T101624.818.svg?updatedAt=1786520143711
6a7c224e5c7cd75eb839db36,Sound Bars,i-icons.50302365 - 2026-08-12T101624.830.svg,i icons.50302365 2026 08 12T101624.830,GLOBAL_ICON,https://ik.imagekit.io/0iaahkrcv/Sound%20Bars/i-icons.50302365%20-%202026-08-12T101624.830.svg?updatedAt=1786520143725
6a7c224f5c7cd75eb839db7c,Sound Bars,i-icons.50302365 - 2026-08-12T101625.140.svg,i icons.50302365 2026 08 12T101625.140,GLOBAL_ICON,https://ik.imagekit.io/0iaahkrcv/Sound%20Bars/i-icons.50302365%20-%202026-08-12T101625.140.svg?updatedAt=1786520143641
6a7c224f5c7cd75eb839db90,Sound Bars,i-icons.50302365 - 2026-08-12T101625.389.svg,i icons.50302365 2026 08 12T101625.389,GLOBAL_ICON,https://ik.imagekit.io/0iaahkrcv/Sound%20Bars/i-icons.50302365%20-%202026-08-12T101625.389.svg?updatedAt=1786520143666
6a7c224f5c7cd75eb839dbc6,Sound Bars,i-icons.50302365 - 2026-08-12T101625.390.svg,i icons.50302365 2026 08 12T101625.390,GLOBAL_ICON,https://ik.imagekit.io/0iaahkrcv/Sound%20Bars/i-icons.50302365%20-%202026-08-12T101625.390.svg?updatedAt=1786520143723
6a7c224f5c7cd75eb839dbc3,Sound Bars,i-icons.50302365 - 2026-08-12T101625.391.svg,i icons.50302365 2026 08 12T101625.391,GLOBAL_ICON,https://ik.imagekit.io/0iaahkrcv/Sound%20Bars/i-icons.50302365%20-%202026-08-12T101625.391.svg?updatedAt=1786520143831
6a7c224f5c7cd75eb839dcab,Sound Bars,i-icons.50302365 - 2026-08-12T101626.879.svg,i icons.50302365 2026 08 12T101626.879,GLOBAL_ICON,https://ik.imagekit.io/0iaahkrcv/Sound%20Bars/i-icons.50302365%20-%202026-08-12T101626.879.svg?updatedAt=1786520143776
6a7c224e5c7cd75eb839db50,Sound Bars,i-icons.50302365 - 2026-08-12T101727.515.svg,i icons.50302365 2026 08 12T101727.515,GLOBAL_ICON,https://ik.imagekit.io/0iaahkrcv/Sound%20Bars/i-icons.50302365%20-%202026-08-12T101727.515.svg?updatedAt=1786520143722
6a7c224f5c7cd75eb839dc3e,Sound Bars,i-icons.50302365 - 2026-08-12T101727.772.svg,i icons.50302365 2026 08 12T101727.772,GLOBAL_ICON,https://ik.imagekit.io/0iaahkrcv/Sound%20Bars/i-icons.50302365%20-%202026-08-12T101727.772.svg?updatedAt=1786520143776
6a7c22505c7cd75eb839ef42,Sound Bars,i-icons.50302365 - 2026-08-12T101727.776.svg,i icons.50302365 2026 08 12T101727.776,GLOBAL_ICON,https://ik.imagekit.io/0iaahkrcv/Sound%20Bars/i-icons.50302365%20-%202026-08-12T101727.776.svg?updatedAt=1786520144873
6a7c22505c7cd75eb839f1b2,Sound Bars,i-icons.50302365 - 2026-08-12T101727.839.svg,i icons.50302365 2026 08 12T101727.839,GLOBAL_ICON,https://ik.imagekit.io/0iaahkrcv/Sound%20Bars/i-icons.50302365%20-%202026-08-12T101727.839.svg?updatedAt=1786520145085
6a7c22505c7cd75eb839efb1,Sound Bars,i-icons.50302365 - 2026-08-12T101727.873.svg,i icons.50302365 2026 08 12T101727.873,GLOBAL_ICON,https://ik.imagekit.io/0iaahkrcv/Sound%20Bars/i-icons.50302365%20-%202026-08-12T101727.873.svg?updatedAt=1786520144879
6a7c22505c7cd75eb839f18e,Sound Bars,i-icons.50302365 - 2026-08-12T101728.171.svg,i icons.50302365 2026 08 12T101728.171,GLOBAL_ICON,https://ik.imagekit.io/0iaahkrcv/Sound%20Bars/i-icons.50302365%20-%202026-08-12T101728.171.svg?updatedAt=1786520145104
6a7c22505c7cd75eb839f43f,Sound Bars,i-icons.50302365 - 2026-08-12T101728.255.svg,i icons.50302365 2026 08 12T101728.255,GLOBAL_ICON,https://ik.imagekit.io/0iaahkrcv/Sound%20Bars/i-icons.50302365%20-%202026-08-12T101728.255.svg?updatedAt=1786520145682
6a7c22505c7cd75eb839f44d,Sound Bars,i-icons.50302365 - 2026-08-12T101728.402.svg,i icons.50302365 2026 08 12T101728.402,GLOBAL_ICON,https://ik.imagekit.io/0iaahkrcv/Sound%20Bars/i-icons.50302365%20-%202026-08-12T101728.402.svg?updatedAt=1786520145770
6a7c22505c7cd75eb839f434,Sound Bars,i-icons.50302365 - 2026-08-12T101728.477.svg,i icons.50302365 2026 08 12T101728.477,GLOBAL_ICON,https://ik.imagekit.io/0iaahkrcv/Sound%20Bars/i-icons.50302365%20-%202026-08-12T101728.477.svg?updatedAt=1786520145485
6a7c22505c7cd75eb839f4c0,Sound Bars,i-icons.50302365 - 2026-08-12T101728.642.svg,i icons.50302365 2026 08 12T101728.642,GLOBAL_ICON,https://ik.imagekit.io/0iaahkrcv/Sound%20Bars/i-icons.50302365%20-%202026-08-12T101728.642.svg?updatedAt=1786520145875
6a7c22505c7cd75eb839f4fa,Sound Bars,i-icons.50302365 - 2026-08-12T101728.989.svg,i icons.50302365 2026 08 12T101728.989,GLOBAL_ICON,https://ik.imagekit.io/0iaahkrcv/Sound%20Bars/i-icons.50302365%20-%202026-08-12T101728.989.svg?updatedAt=1786520145858
6a7c22505c7cd75eb839f3bc,Sound Bars,i-icons.50302365 - 2026-08-12T101729.355.svg,i icons.50302365 2026 08 12T101729.355,GLOBAL_ICON,https://ik.imagekit.io/0iaahkrcv/Sound%20Bars/i-icons.50302365%20-%202026-08-12T101729.355.svg?updatedAt=1786520145420
6a7c22505c7cd75eb839f421,Sound Bars,i-icons.50302365 - 2026-08-12T101730.751.svg,i icons.50302365 2026 08 12T101730.751,GLOBAL_ICON,https://ik.imagekit.io/0iaahkrcv/Sound%20Bars/i-icons.50302365%20-%202026-08-12T101730.751.svg?updatedAt=1786520145466
6a7c22505c7cd75eb839f3f0,Sound Bars,i-icons.50302365 - 2026-08-12T101731.684.svg,i icons.50302365 2026 08 12T101731.684,GLOBAL_ICON,https://ik.imagekit.io/0iaahkrcv/Sound%20Bars/i-icons.50302365%20-%202026-08-12T101731.684.svg?updatedAt=1786520145498
6a7c22505c7cd75eb839f464,Sound Bars,i-icons.50302365 - 2026-08-12T101733.054.svg,i icons.50302365 2026 08 12T101733.054,GLOBAL_ICON,https://ik.imagekit.io/0iaahkrcv/Sound%20Bars/i-icons.50302365%20-%202026-08-12T101733.054.svg?updatedAt=1786520145597
6a7c22505c7cd75eb839f4a2,Sound Bars,i-icons.50302365 - 2026-08-12T101733.068.svg,i icons.50302365 2026 08 12T101733.068,GLOBAL_ICON,https://ik.imagekit.io/0iaahkrcv/Sound%20Bars/i-icons.50302365%20-%202026-08-12T101733.068.svg?updatedAt=1786520145535
6a7c22505c7cd75eb839f403,Sound Bars,i-icons.50302365 - 2026-08-12T101733.091.svg,i icons.50302365 2026 08 12T101733.091,GLOBAL_ICON,https://ik.imagekit.io/0iaahkrcv/Sound%20Bars/i-icons.50302365%20-%202026-08-12T101733.091.svg?updatedAt=1786520145406
6a7c22505c7cd75eb839f39f,Sound Bars,i-icons.50302365 - 2026-08-12T101733.210.svg,i icons.50302365 2026 08 12T101733.210,GLOBAL_ICON,https://ik.imagekit.io/0iaahkrcv/Sound%20Bars/i-icons.50302365%20-%202026-08-12T101733.210.svg?updatedAt=1786520145381
6a7c22505c7cd75eb839f489,Sound Bars,i-icons.50302365 - 2026-08-12T101733.237.svg,i icons.50302365 2026 08 12T101733.237,GLOBAL_ICON,https://ik.imagekit.io/0iaahkrcv/Sound%20Bars/i-icons.50302365%20-%202026-08-12T101733.237.svg?updatedAt=1786520145586
6a7c22505c7cd75eb839f3d7,Sound Bars,i-icons.50302365 - 2026-08-12T101734.160.svg,i icons.50302365 2026 08 12T101734.160,GLOBAL_ICON,https://ik.imagekit.io/0iaahkrcv/Sound%20Bars/i-icons.50302365%20-%202026-08-12T101734.160.svg?updatedAt=1786520145467
6a7c22505c7cd75eb839f479,Sound Bars,i-icons.50302365 - 2026-08-12T101734.164.svg,i icons.50302365 2026 08 12T101734.164,GLOBAL_ICON,https://ik.imagekit.io/0iaahkrcv/Sound%20Bars/i-icons.50302365%20-%202026-08-12T101734.164.svg?updatedAt=1786520145825
6a7c22505c7cd75eb839f445,Sound Bars,i-icons.50302365 - 2026-08-12T101734.244.svg,i icons.50302365 2026 08 12T101734.244,GLOBAL_ICON,https://ik.imagekit.io/0iaahkrcv/Sound%20Bars/i-icons.50302365%20-%202026-08-12T101734.244.svg?updatedAt=1786520145687
6a7c22505c7cd75eb839f3da,Sound Bars,i-icons.50302365 - 2026-08-12T101734.368.svg,i icons.50302365 2026 08 12T101734.368,GLOBAL_ICON,https://ik.imagekit.io/0iaahkrcv/Sound%20Bars/i-icons.50302365%20-%202026-08-12T101734.368.svg?updatedAt=1786520145420
6a7c22505c7cd75eb839f540,Sound Bars,i-icons.50302365 - 2026-08-12T101735.195.svg,i icons.50302365 2026 08 12T101735.195,GLOBAL_ICON,https://ik.imagekit.io/0iaahkrcv/Sound%20Bars/i-icons.50302365%20-%202026-08-12T101735.195.svg?updatedAt=1786520145660
6a7c22505c7cd75eb839f43d,Sound Bars,i-icons.50302365 - 2026-08-12T101735.203.svg,i icons.50302365 2026 08 12T101735.203,GLOBAL_ICON,https://ik.imagekit.io/0iaahkrcv/Sound%20Bars/i-icons.50302365%20-%202026-08-12T101735.203.svg?updatedAt=1786520145439
6a7c22505c7cd75eb839f4b1,Sound Bars,i-icons.50302365 - 2026-08-12T101735.215.svg,i icons.50302365 2026 08 12T101735.215,GLOBAL_ICON,https://ik.imagekit.io/0iaahkrcv/Sound%20Bars/i-icons.50302365%20-%202026-08-12T101735.215.svg?updatedAt=1786520145616
6a7c22505c7cd75eb839f415,Sound Bars,i-icons.50302365 - 2026-08-12T101735.269.svg,i icons.50302365 2026 08 12T101735.269,GLOBAL_ICON,https://ik.imagekit.io/0iaahkrcv/Sound%20Bars/i-icons.50302365%20-%202026-08-12T101735.269.svg?updatedAt=1786520145397
6a7c22505c7cd75eb839f484,Sound Bars,i-icons.50302365 - 2026-08-12T101736.659.svg,i icons.50302365 2026 08 12T101736.659,GLOBAL_ICON,https://ik.imagekit.io/0iaahkrcv/Sound%20Bars/i-icons.50302365%20-%202026-08-12T101736.659.svg?updatedAt=1786520145737
6a7c22505c7cd75eb839f47e,Sound Bars,i-icons.50302365 - 2026-08-12T101736.675.svg,i icons.50302365 2026 08 12T101736.675,GLOBAL_ICON,https://ik.imagekit.io/0iaahkrcv/Sound%20Bars/i-icons.50302365%20-%202026-08-12T101736.675.svg?updatedAt=1786520145511
6a7c22505c7cd75eb839f497,Sound Bars,i-icons.50302365 - 2026-08-12T101738.478.svg,i icons.50302365 2026 08 12T101738.478,GLOBAL_ICON,https://ik.imagekit.io/0iaahkrcv/Sound%20Bars/i-icons.50302365%20-%202026-08-12T101738.478.svg?updatedAt=1786520145556
6a7c22505c7cd75eb839f492,Sound Bars,i-icons.50302365 - 2026-08-12T101814.119.svg,i icons.50302365 2026 08 12T101814.119,GLOBAL_ICON,https://ik.imagekit.io/0iaahkrcv/Sound%20Bars/i-icons.50302365%20-%202026-08-12T101814.119.svg?updatedAt=1786520145546
6a7c22505c7cd75eb839f460,Sound Bars,i-icons.50302365 - 2026-08-12T101814.266.svg,i icons.50302365 2026 08 12T101814.266,GLOBAL_ICON,https://ik.imagekit.io/0iaahkrcv/Sound%20Bars/i-icons.50302365%20-%202026-08-12T101814.266.svg?updatedAt=1786520145474
6a7c22505c7cd75eb839f45b,Sound Bars,i-icons.50302365 - 2026-08-12T101814.309.svg,i icons.50302365 2026 08 12T101814.309,GLOBAL_ICON,https://ik.imagekit.io/0iaahkrcv/Sound%20Bars/i-icons.50302365%20-%202026-08-12T101814.309.svg?updatedAt=1786520145470
6a7c22505c7cd75eb839f46f,Sound Bars,i-icons.50302365 - 2026-08-12T101814.343.svg,i icons.50302365 2026 08 12T101814.343,GLOBAL_ICON,https://ik.imagekit.io/0iaahkrcv/Sound%20Bars/i-icons.50302365%20-%202026-08-12T101814.343.svg?updatedAt=1786520145451
6a7c22505c7cd75eb839f4ae,Sound Bars,i-icons.50302365 - 2026-08-12T101814.501.svg,i icons.50302365 2026 08 12T101814.501,GLOBAL_ICON,https://ik.imagekit.io/0iaahkrcv/Sound%20Bars/i-icons.50302365%20-%202026-08-12T101814.501.svg?updatedAt=1786520145510
6a7c22505c7cd75eb839f4d5,Sound Bars,i-icons.50302365 - 2026-08-12T101814.601.svg,i icons.50302365 2026 08 12T101814.601,GLOBAL_ICON,https://ik.imagekit.io/0iaahkrcv/Sound%20Bars/i-icons.50302365%20-%202026-08-12T101814.601.svg?updatedAt=1786520145516
6a7c22505c7cd75eb839f408,Sound Bars,i-icons.50302365 - 2026-08-12T101814.736.svg,i icons.50302365 2026 08 12T101814.736,GLOBAL_ICON,https://ik.imagekit.io/0iaahkrcv/Sound%20Bars/i-icons.50302365%20-%202026-08-12T101814.736.svg?updatedAt=1786520145448
6a7c22505c7cd75eb839f4ea,Sound Bars,i-icons.50302365 - 2026-08-12T101814.769.svg,i icons.50302365 2026 08 12T101814.769,GLOBAL_ICON,https://ik.imagekit.io/0iaahkrcv/Sound%20Bars/i-icons.50302365%20-%202026-08-12T101814.769.svg?updatedAt=1786520145742
6a7c22515c7cd75eb839f78b,Sound Bars,i-icons.50302365 - 2026-08-12T101815.232.svg,i icons.50302365 2026 08 12T101815.232,GLOBAL_ICON,https://ik.imagekit.io/0iaahkrcv/Sound%20Bars/i-icons.50302365%20-%202026-08-12T101815.232.svg?updatedAt=1786520145896
6a7c22505c7cd75eb839f427,Sound Bars,i-icons.50302365 - 2026-08-12T101815.765.svg,i icons.50302365 2026 08 12T101815.765,GLOBAL_ICON,https://ik.imagekit.io/0iaahkrcv/Sound%20Bars/i-icons.50302365%20-%202026-08-12T101815.765.svg?updatedAt=1786520145445
6a7c22505c7cd75eb839f4c7,Sound Bars,i-icons.50302365 - 2026-08-12T101815.779.svg,i icons.50302365 2026 08 12T101815.779,GLOBAL_ICON,https://ik.imagekit.io/0iaahkrcv/Sound%20Bars/i-icons.50302365%20-%202026-08-12T101815.779.svg?updatedAt=1786520145552
6a7c22505c7cd75eb839f48a,Sound Bars,i-icons.50302365 - 2026-08-12T101815.780.svg,i icons.50302365 2026 08 12T101815.780,GLOBAL_ICON,https://ik.imagekit.io/0iaahkrcv/Sound%20Bars/i-icons.50302365%20-%202026-08-12T101815.780.svg?updatedAt=1786520145526
6a7c22505c7cd75eb839f483,Sound Bars,i-icons.50302365 - 2026-08-12T101815.784.svg,i icons.50302365 2026 08 12T101815.784,GLOBAL_ICON,https://ik.imagekit.io/0iaahkrcv/Sound%20Bars/i-icons.50302365%20-%202026-08-12T101815.784.svg?updatedAt=1786520145492
6a7c22505c7cd75eb839f4de,Sound Bars,i-icons.50302365 - 2026-08-12T101815.839.svg,i icons.50302365 2026 08 12T101815.839,GLOBAL_ICON,https://ik.imagekit.io/0iaahkrcv/Sound%20Bars/i-icons.50302365%20-%202026-08-12T101815.839.svg?updatedAt=1786520145747
6a7c22505c7cd75eb839f4a9,Sound Bars,i-icons.50302365 - 2026-08-12T101816.713.svg,i icons.50302365 2026 08 12T101816.713,GLOBAL_ICON,https://ik.imagekit.io/0iaahkrcv/Sound%20Bars/i-icons.50302365%20-%202026-08-12T101816.713.svg?updatedAt=1786520145478
6a7c22505c7cd75eb839f493,Sound Bars,i-icons.50302365 - 2026-08-12T101816.902.svg,i icons.50302365 2026 08 12T101816.902,GLOBAL_ICON,https://ik.imagekit.io/0iaahkrcv/Sound%20Bars/i-icons.50302365%20-%202026-08-12T101816.902.svg?updatedAt=1786520145704
6a7c22505c7cd75eb839f51a,Sound Bars,i-icons.50302365 - 2026-08-12T101817.393.svg,i icons.50302365 2026 08 12T101817.393,GLOBAL_ICON,https://ik.imagekit.io/0iaahkrcv/Sound%20Bars/i-icons.50302365%20-%202026-08-12T101817.393.svg?updatedAt=1786520145644
6a7c22505c7cd75eb839f4f9,Sound Bars,i-icons.50302365 - 2026-08-12T101817.506.svg,i icons.50302365 2026 08 12T101817.506,GLOBAL_ICON,https://ik.imagekit.io/0iaahkrcv/Sound%20Bars/i-icons.50302365%20-%202026-08-12T101817.506.svg?updatedAt=1786520145860
6a7c22515c7cd75eb839f855,Sound Bars,i-icons.50302365 - 2026-08-12T101817.556.svg,i icons.50302365 2026 08 12T101817.556,GLOBAL_ICON,https://ik.imagekit.io/0iaahkrcv/Sound%20Bars/i-icons.50302365%20-%202026-08-12T101817.556.svg?updatedAt=1786520146078
6a7c22515c7cd75eb839f8a3,Sound Bars,i-icons.50302365 - 2026-08-12T101817.575.svg,i icons.50302365 2026 08 12T101817.575,GLOBAL_ICON,https://ik.imagekit.io/0iaahkrcv/Sound%20Bars/i-icons.50302365%20-%202026-08-12T101817.575.svg?updatedAt=1786520146135
6a7c22515c7cd75eb839f88f,Sound Bars,i-icons.50302365 - 2026-08-12T101817.591.svg,i icons.50302365 2026 08 12T101817.591,GLOBAL_ICON,https://ik.imagekit.io/0iaahkrcv/Sound%20Bars/i-icons.50302365%20-%202026-08-12T101817.591.svg?updatedAt=1786520146382
6a7c22525c7cd75eb839fb91,Sound Bars,i-icons.50302365 - 2026-08-12T101817.748.svg,i icons.50302365 2026 08 12T101817.748,GLOBAL_ICON,https://ik.imagekit.io/0iaahkrcv/Sound%20Bars/i-icons.50302365%20-%202026-08-12T101817.748.svg?updatedAt=1786520146708
6a7c22535c7cd75eb83a07da,Sound Bars,i-icons.50302365 - 2026-08-12T101818.023.svg,i icons.50302365 2026 08 12T101818.023,GLOBAL_ICON,https://ik.imagekit.io/0iaahkrcv/Sound%20Bars/i-icons.50302365%20-%202026-08-12T101818.023.svg?updatedAt=1786520148704
6a7c22535c7cd75eb83a0793,Sound Bars,i-icons.50302365 - 2026-08-12T101818.685.svg,i icons.50302365 2026 08 12T101818.685,GLOBAL_ICON,https://ik.imagekit.io/0iaahkrcv/Sound%20Bars/i-icons.50302365%20-%202026-08-12T101818.685.svg?updatedAt=1786520148550
6a7c22535c7cd75eb83a07ef,Sound Bars,i-icons.50302365 - 2026-08-12T101819.114.svg,i icons.50302365 2026 08 12T101819.114,GLOBAL_ICON,https://ik.imagekit.io/0iaahkrcv/Sound%20Bars/i-icons.50302365%20-%202026-08-12T101819.114.svg?updatedAt=1786520148624
6a7c22525c7cd75eb839fd61,Sound Bars,i-icons.50302365 - 2026-08-12T101819.118.svg,i icons.50302365 2026 08 12T101819.118,GLOBAL_ICON,https://ik.imagekit.io/0iaahkrcv/Sound%20Bars/i-icons.50302365%20-%202026-08-12T101819.118.svg?updatedAt=1786520147101
6a7c22545c7cd75eb83a092e,Sound Bars,i-icons.50302365 - 2026-08-12T101819.588.svg,i icons.50302365 2026 08 12T101819.588,GLOBAL_ICON,https://ik.imagekit.io/0iaahkrcv/Sound%20Bars/i-icons.50302365%20-%202026-08-12T101819.588.svg?updatedAt=1786520148749
6a7c22535c7cd75eb83a004c,Sound Bars,i-icons.50302365 - 2026-08-12T101819.631.svg,i icons.50302365 2026 08 12T101819.631,GLOBAL_ICON,https://ik.imagekit.io/0iaahkrcv/Sound%20Bars/i-icons.50302365%20-%202026-08-12T101819.631.svg?updatedAt=1786520147881
6a7c22545c7cd75eb83a09d1,Sound Bars,i-icons.50302365 - 2026-08-12T101819.632.svg,i icons.50302365 2026 08 12T101819.632,GLOBAL_ICON,https://ik.imagekit.io/0iaahkrcv/Sound%20Bars/i-icons.50302365%20-%202026-08-12T101819.632.svg?updatedAt=1786520148806
6a7c22545c7cd75eb83a09bd,Sound Bars,i-icons.50302365 - 2026-08-12T101819.633.svg,i icons.50302365 2026 08 12T101819.633,GLOBAL_ICON,https://ik.imagekit.io/0iaahkrcv/Sound%20Bars/i-icons.50302365%20-%202026-08-12T101819.633.svg?updatedAt=1786520148737
6a7c22545c7cd75eb83a09e9,Sound Bars,i-icons.50302365 - 2026-08-12T101820.452.svg,i icons.50302365 2026 08 12T101820.452,GLOBAL_ICON,https://ik.imagekit.io/0iaahkrcv/Sound%20Bars/i-icons.50302365%20-%202026-08-12T101820.452.svg?updatedAt=1786520148816
6a7c22535c7cd75eb83a07e2,Sound Bars,i-icons.50302365 - 2026-08-12T101820.584.svg,i icons.50302365 2026 08 12T101820.584,GLOBAL_ICON,https://ik.imagekit.io/0iaahkrcv/Sound%20Bars/i-icons.50302365%20-%202026-08-12T101820.584.svg?updatedAt=1786520148559
6a7c22545c7cd75eb83a0a64,Sound Bars,i-icons.50302365 - 2026-08-12T102013.352.svg,i icons.50302365 2026 08 12T102013.352,GLOBAL_ICON,https://ik.imagekit.io/0iaahkrcv/Sound%20Bars/i-icons.50302365%20-%202026-08-12T102013.352.svg?updatedAt=1786520148859
6a7c22545c7cd75eb83a0b05,Sound Bars,i-icons.50302365 - 2026-08-12T102013.594.svg,i icons.50302365 2026 08 12T102013.594,GLOBAL_ICON,https://ik.imagekit.io/0iaahkrcv/Sound%20Bars/i-icons.50302365%20-%202026-08-12T102013.594.svg?updatedAt=1786520148928
6a7c22535c7cd75eb83a0810,Sound Bars,i-icons.50302365 - 2026-08-12T102013.657.svg,i icons.50302365 2026 08 12T102013.657,GLOBAL_ICON,https://ik.imagekit.io/0iaahkrcv/Sound%20Bars/i-icons.50302365%20-%202026-08-12T102013.657.svg?updatedAt=1786520148671
6a7c22545c7cd75eb83a0a27,Sound Bars,i-icons.50302365 - 2026-08-12T102013.660.svg,i icons.50302365 2026 08 12T102013.660,GLOBAL_ICON,https://ik.imagekit.io/0iaahkrcv/Sound%20Bars/i-icons.50302365%20-%202026-08-12T102013.660.svg?updatedAt=1786520148803
6a7c22545c7cd75eb83a09a9,Sound Bars,i-icons.50302365 - 2026-08-12T102013.839.svg,i icons.50302365 2026 08 12T102013.839,GLOBAL_ICON,https://ik.imagekit.io/0iaahkrcv/Sound%20Bars/i-icons.50302365%20-%202026-08-12T102013.839.svg?updatedAt=1786520148738
6a7c22545c7cd75eb83a0a8a,Sound Bars,i-icons.50302365 - 2026-08-12T102013.864.svg,i icons.50302365 2026 08 12T102013.864,GLOBAL_ICON,https://ik.imagekit.io/0iaahkrcv/Sound%20Bars/i-icons.50302365%20-%202026-08-12T102013.864.svg?updatedAt=1786520148882
6a7c22545c7cd75eb83a0b1e,Sound Bars,i-icons.50302365 - 2026-08-12T102014.019.svg,i icons.50302365 2026 08 12T102014.019,GLOBAL_ICON,https://ik.imagekit.io/0iaahkrcv/Sound%20Bars/i-icons.50302365%20-%202026-08-12T102014.019.svg?updatedAt=1786520148918
6a7c22545c7cd75eb83a0af2,Sound Bars,i-icons.50302365 - 2026-08-12T102014.181.svg,i icons.50302365 2026 08 12T102014.181,GLOBAL_ICON,https://ik.imagekit.io/0iaahkrcv/Sound%20Bars/i-icons.50302365%20-%202026-08-12T102014.181.svg?updatedAt=1786520148892
6a7c22545c7cd75eb83a0a5f,Sound Bars,i-icons.50302365 - 2026-08-12T102014.258.svg,i icons.50302365 2026 08 12T102014.258,GLOBAL_ICON,https://ik.imagekit.io/0iaahkrcv/Sound%20Bars/i-icons.50302365%20-%202026-08-12T102014.258.svg?updatedAt=1786520148781
6a7c22545c7cd75eb83a0b6a,Sound Bars,i-icons.50302365 - 2026-08-12T102014.273.svg,i icons.50302365 2026 08 12T102014.273,GLOBAL_ICON,https://ik.imagekit.io/0iaahkrcv/Sound%20Bars/i-icons.50302365%20-%202026-08-12T102014.273.svg?updatedAt=1786520148941
6a7c22545c7cd75eb83a0b16,Sound Bars,i-icons.50302365 - 2026-08-12T102014.590.svg,i icons.50302365 2026 08 12T102014.590,GLOBAL_ICON,https://ik.imagekit.io/0iaahkrcv/Sound%20Bars/i-icons.50302365%20-%202026-08-12T102014.590.svg?updatedAt=1786520148929
6a7c22545c7cd75eb83a0b8a,Sound Bars,i-icons.50302365 - 2026-08-12T102014.660.svg,i icons.50302365 2026 08 12T102014.660,GLOBAL_ICON,https://ik.imagekit.io/0iaahkrcv/Sound%20Bars/i-icons.50302365%20-%202026-08-12T102014.660.svg?updatedAt=1786520148991
6a7c22545c7cd75eb83a0bf4,Sound Bars,i-icons.50302365 - 2026-08-12T102014.663.svg,i icons.50302365 2026 08 12T102014.663,GLOBAL_ICON,https://ik.imagekit.io/0iaahkrcv/Sound%20Bars/i-icons.50302365%20-%202026-08-12T102014.663.svg?updatedAt=1786520148993
6a7c22545c7cd75eb83a0f78,Sound Bars,i-icons.50302365 - 2026-08-12T102014.664.svg,i icons.50302365 2026 08 12T102014.664,GLOBAL_ICON,https://ik.imagekit.io/0iaahkrcv/Sound%20Bars/i-icons.50302365%20-%202026-08-12T102014.664.svg?updatedAt=1786520149468
6a7c22545c7cd75eb83a0f9a,Sound Bars,i-icons.50302365 - 2026-08-12T102014.804.svg,i icons.50302365 2026 08 12T102014.804,GLOBAL_ICON,https://ik.imagekit.io/0iaahkrcv/Sound%20Bars/i-icons.50302365%20-%202026-08-12T102014.804.svg?updatedAt=1786520149559
6a7c22545c7cd75eb83a0fc8,Sound Bars,i-icons.50302365 - 2026-08-12T102014.909.svg,i icons.50302365 2026 08 12T102014.909,GLOBAL_ICON,https://ik.imagekit.io/0iaahkrcv/Sound%20Bars/i-icons.50302365%20-%202026-08-12T102014.909.svg?updatedAt=1786520149520
6a7c22545c7cd75eb83a0fb9,Sound Bars,i-icons.50302365 - 2026-08-12T102015.097.svg,i icons.50302365 2026 08 12T102015.097,GLOBAL_ICON,https://ik.imagekit.io/0iaahkrcv/Sound%20Bars/i-icons.50302365%20-%202026-08-12T102015.097.svg?updatedAt=1786520149573
6a7c22545c7cd75eb83a1055,Sound Bars,i-icons.50302365 - 2026-08-12T102015.195.svg,i icons.50302365 2026 08 12T102015.195,GLOBAL_ICON,https://ik.imagekit.io/0iaahkrcv/Sound%20Bars/i-icons.50302365%20-%202026-08-12T102015.195.svg?updatedAt=1786520149643
6a7c22545c7cd75eb83a0fc2,Sound Bars,i-icons.50302365 - 2026-08-12T102015.260.svg,i icons.50302365 2026 08 12T102015.260,GLOBAL_ICON,https://ik.imagekit.io/0iaahkrcv/Sound%20Bars/i-icons.50302365%20-%202026-08-12T102015.260.svg?updatedAt=1786520149460
6a7c22555c7cd75eb83a10cd,Sound Bars,i-icons.50302365 - 2026-08-12T102015.353.svg,i icons.50302365 2026 08 12T102015.353,GLOBAL_ICON,https://ik.imagekit.io/0iaahkrcv/Sound%20Bars/i-icons.50302365%20-%202026-08-12T102015.353.svg?updatedAt=1786520149763
6a7c22545c7cd75eb83a1023,Sound Bars,i-icons.50302365 - 2026-08-12T102015.492.svg,i icons.50302365 2026 08 12T102015.492,GLOBAL_ICON,https://ik.imagekit.io/0iaahkrcv/Sound%20Bars/i-icons.50302365%20-%202026-08-12T102015.492.svg?updatedAt=1786520149536
6a7c22545c7cd75eb83a106f,Sound Bars,i-icons.50302365 - 2026-08-12T102015.553.svg,i icons.50302365 2026 08 12T102015.553,GLOBAL_ICON,https://ik.imagekit.io/0iaahkrcv/Sound%20Bars/i-icons.50302365%20-%202026-08-12T102015.553.svg?updatedAt=1786520149632
6a7c22545c7cd75eb83a1059,Sound Bars,i-icons.50302365 - 2026-08-12T102015.769.svg,i icons.50302365 2026 08 12T102015.769,GLOBAL_ICON,https://ik.imagekit.io/0iaahkrcv/Sound%20Bars/i-icons.50302365%20-%202026-08-12T102015.769.svg?updatedAt=1786520149651
6a7c22545c7cd75eb83a103e,Sound Bars,i-icons.50302365 - 2026-08-12T102015.841.svg,i icons.50302365 2026 08 12T102015.841,GLOBAL_ICON,https://ik.imagekit.io/0iaahkrcv/Sound%20Bars/i-icons.50302365%20-%202026-08-12T102015.841.svg?updatedAt=1786520149553
6a7c225a5c7cd75eb83a3ab9,Sound Bars,i-icons.50302365 - 2026-08-12T102016.121.svg,i icons.50302365 2026 08 12T102016.121,GLOBAL_ICON,https://ik.imagekit.io/0iaahkrcv/Sound%20Bars/i-icons.50302365%20-%202026-08-12T102016.121.svg?updatedAt=1786520155780
6a7c225b5c7cd75eb83a3c0e,Sound Bars,i-icons.50302365 - 2026-08-12T102016.229.svg,i icons.50302365 2026 08 12T102016.229,GLOBAL_ICON,https://ik.imagekit.io/0iaahkrcv/Sound%20Bars/i-icons.50302365%20-%202026-08-12T102016.229.svg?updatedAt=1786520156048
6a7c225b5c7cd75eb83a3b94,Sound Bars,i-icons.50302365 - 2026-08-12T102016.404.svg,i icons.50302365 2026 08 12T102016.404,GLOBAL_ICON,https://ik.imagekit.io/0iaahkrcv/Sound%20Bars/i-icons.50302365%20-%202026-08-12T102016.404.svg?updatedAt=1786520155836
6a7c225b5c7cd75eb83a3bb5,Sound Bars,i-icons.50302365 - 2026-08-12T102016.589.svg,i icons.50302365 2026 08 12T102016.589,GLOBAL_ICON,https://ik.imagekit.io/0iaahkrcv/Sound%20Bars/i-icons.50302365%20-%202026-08-12T102016.589.svg?updatedAt=1786520155863
6a7c225b5c7cd75eb83a3bcb,Sound Bars,i-icons.50302365 - 2026-08-12T102016.613.svg,i icons.50302365 2026 08 12T102016.613,GLOBAL_ICON,https://ik.imagekit.io/0iaahkrcv/Sound%20Bars/i-icons.50302365%20-%202026-08-12T102016.613.svg?updatedAt=1786520155940
6a7c225b5c7cd75eb83a3bc0,Sound Bars,i-icons.50302365 - 2026-08-12T102016.752.svg,i icons.50302365 2026 08 12T102016.752,GLOBAL_ICON,https://ik.imagekit.io/0iaahkrcv/Sound%20Bars/i-icons.50302365%20-%202026-08-12T102016.752.svg?updatedAt=1786520155884
6a7c225b5c7cd75eb83a3be3,Sound Bars,i-icons.50302365 - 2026-08-12T102016.889.svg,i icons.50302365 2026 08 12T102016.889,GLOBAL_ICON,https://ik.imagekit.io/0iaahkrcv/Sound%20Bars/i-icons.50302365%20-%202026-08-12T102016.889.svg?updatedAt=1786520155858
6a7c225b5c7cd75eb83a3bf1,Sound Bars,i-icons.50302365 - 2026-08-12T102016.990.svg,i icons.50302365 2026 08 12T102016.990,GLOBAL_ICON,https://ik.imagekit.io/0iaahkrcv/Sound%20Bars/i-icons.50302365%20-%202026-08-12T102016.990.svg?updatedAt=1786520156013
6a7c225b5c7cd75eb83a3c67,Sound Bars,i-icons.50302365 - 2026-08-12T102017.052.svg,i icons.50302365 2026 08 12T102017.052,GLOBAL_ICON,https://ik.imagekit.io/0iaahkrcv/Sound%20Bars/i-icons.50302365%20-%202026-08-12T102017.052.svg?updatedAt=1786520156074
6a7c225b5c7cd75eb83a3c1d,Sound Bars,i-icons.50302365 - 2026-08-12T102017.058.svg,i icons.50302365 2026 08 12T102017.058,GLOBAL_ICON,https://ik.imagekit.io/0iaahkrcv/Sound%20Bars/i-icons.50302365%20-%202026-08-12T102017.058.svg?updatedAt=1786520156059
6a7c225b5c7cd75eb83a3d01,Sound Bars,i-icons.50302365 - 2026-08-12T102017.164.svg,i icons.50302365 2026 08 12T102017.164,GLOBAL_ICON,https://ik.imagekit.io/0iaahkrcv/Sound%20Bars/i-icons.50302365%20-%202026-08-12T102017.164.svg?updatedAt=1786520156144
6a7c225b5c7cd75eb83a3b06,Sound Bars,i-icons.50302365 - 2026-08-12T102017.568.svg,i icons.50302365 2026 08 12T102017.568,GLOBAL_ICON,https://ik.imagekit.io/0iaahkrcv/Sound%20Bars/i-icons.50302365%20-%202026-08-12T102017.568.svg?updatedAt=1786520155759
6a7c225b5c7cd75eb83a3b09,Sound Bars,i-icons.50302365 - 2026-08-12T102018.013.svg,i icons.50302365 2026 08 12T102018.013,GLOBAL_ICON,https://ik.imagekit.io/0iaahkrcv/Sound%20Bars/i-icons.50302365%20-%202026-08-12T102018.013.svg?updatedAt=1786520155785
6a7c22235c7cd75eb83893c1,Sound Bars,i-icons.50302365 (1).svg,i icons.50302365 (1),GLOBAL_ICON,https://ik.imagekit.io/0iaahkrcv/Sound%20Bars/i-icons.50302365%20(1).svg?updatedAt=1786520099993
6a7c22195c7cd75eb838586e,Sound Bars,i-icons.50302365 (10).svg,i icons.50302365 (10),GLOBAL_ICON,https://ik.imagekit.io/0iaahkrcv/Sound%20Bars/i-icons.50302365%20(10).svg?updatedAt=1786520090075
6a7c22285c7cd75eb838b5f6,Sound Bars,i-icons.50302365 (100).svg,i icons.50302365 (100),GLOBAL_ICON,https://ik.imagekit.io/0iaahkrcv/Sound%20Bars/i-icons.50302365%20(100).svg?updatedAt=1786520105869
6a7c22145c7cd75eb83844d2,Sound Bars,i-icons.50302365 (11).svg,i icons.50302365 (11),GLOBAL_ICON,https://ik.imagekit.io/0iaahkrcv/Sound%20Bars/i-icons.50302365%20(11).svg?updatedAt=1786520084753
6a7c221e5c7cd75eb83874ba,Sound Bars,i-icons.50302365 (12).svg,i icons.50302365 (12),GLOBAL_ICON,https://ik.imagekit.io/0iaahkrcv/Sound%20Bars/i-icons.50302365%20(12).svg?updatedAt=1786520094856
6a7c22285c7cd75eb838b53f,Sound Bars,i-icons.50302365 (13).svg,i icons.50302365 (13),GLOBAL_ICON,https://ik.imagekit.io/0iaahkrcv/Sound%20Bars/i-icons.50302365%20(13).svg?updatedAt=1786520105626
6a7c221e5c7cd75eb83874e1,Sound Bars,i-icons.50302365 (14).svg,i icons.50302365 (14),GLOBAL_ICON,https://ik.imagekit.io/0iaahkrcv/Sound%20Bars/i-icons.50302365%20(14).svg?updatedAt=1786520094919
6a7c221e5c7cd75eb83874cb,Sound Bars,i-icons.50302365 (15).svg,i icons.50302365 (15),GLOBAL_ICON,https://ik.imagekit.io/0iaahkrcv/Sound%20Bars/i-icons.50302365%20(15).svg?updatedAt=1786520094919
6a7c22275c7cd75eb838aa8b,Sound Bars,i-icons.50302365 (16).svg,i icons.50302365 (16),GLOBAL_ICON,https://ik.imagekit.io/0iaahkrcv/Sound%20Bars/i-icons.50302365%20(16).svg?updatedAt=1786520103986
6a7c22235c7cd75eb83893e8,Sound Bars,i-icons.50302365 (17).svg,i icons.50302365 (17),GLOBAL_ICON,https://ik.imagekit.io/0iaahkrcv/Sound%20Bars/i-icons.50302365%20(17).svg?updatedAt=1786520100071
6a7c22265c7cd75eb838a49d,Sound Bars,i-icons.50302365 (18).svg,i icons.50302365 (18),GLOBAL_ICON,https://ik.imagekit.io/0iaahkrcv/Sound%20Bars/i-icons.50302365%20(18).svg?updatedAt=1786520102756
6a7c22275c7cd75eb838aaa5,Sound Bars,i-icons.50302365 (19).svg,i icons.50302365 (19),GLOBAL_ICON,https://ik.imagekit.io/0iaahkrcv/Sound%20Bars/i-icons.50302365%20(19).svg?updatedAt=1786520104103
6a7c22265c7cd75eb838a4a3,Sound Bars,i-icons.50302365 (2).svg,i icons.50302365 (2),GLOBAL_ICON,https://ik.imagekit.io/0iaahkrcv/Sound%20Bars/i-icons.50302365%20(2).svg?updatedAt=1786520102811
6a7c22275c7cd75eb838aa74,Sound Bars,i-icons.50302365 (20).svg,i icons.50302365 (20),GLOBAL_ICON,https://ik.imagekit.io/0iaahkrcv/Sound%20Bars/i-icons.50302365%20(20).svg?updatedAt=1786520103978
6a7c22295c7cd75eb838b68c,Sound Bars,i-icons.50302365 (21).svg,i icons.50302365 (21),GLOBAL_ICON,https://ik.imagekit.io/0iaahkrcv/Sound%20Bars/i-icons.50302365%20(21).svg?updatedAt=1786520106075
6a7c22275c7cd75eb838aa34,Sound Bars,i-icons.50302365 (22).svg,i icons.50302365 (22),GLOBAL_ICON,https://ik.imagekit.io/0iaahkrcv/Sound%20Bars/i-icons.50302365%20(22).svg?updatedAt=1786520103821
6a7c22265c7cd75eb838a493,Sound Bars,i-icons.50302365 (23).svg,i icons.50302365 (23),GLOBAL_ICON,https://ik.imagekit.io/0iaahkrcv/Sound%20Bars/i-icons.50302365%20(23).svg?updatedAt=1786520102749
6a7c22275c7cd75eb838aa4b,Sound Bars,i-icons.50302365 (24).svg,i icons.50302365 (24),GLOBAL_ICON,https://ik.imagekit.io/0iaahkrcv/Sound%20Bars/i-icons.50302365%20(24).svg?updatedAt=1786520103941
6a7c22275c7cd75eb838aa61,Sound Bars,i-icons.50302365 (25).svg,i icons.50302365 (25),GLOBAL_ICON,https://ik.imagekit.io/0iaahkrcv/Sound%20Bars/i-icons.50302365%20(25).svg?updatedAt=1786520104037
6a7c22275c7cd75eb838aa83,Sound Bars,i-icons.50302365 (26).svg,i icons.50302365 (26),GLOBAL_ICON,https://ik.imagekit.io/0iaahkrcv/Sound%20Bars/i-icons.50302365%20(26).svg?updatedAt=1786520104159
6a7c22275c7cd75eb838aa8e,Sound Bars,i-icons.50302365 (27).svg,i icons.50302365 (27),GLOBAL_ICON,https://ik.imagekit.io/0iaahkrcv/Sound%20Bars/i-icons.50302365%20(27).svg?updatedAt=1786520104097
6a7c22285c7cd75eb838b601,Sound Bars,i-icons.50302365 (28).svg,i icons.50302365 (28),GLOBAL_ICON,https://ik.imagekit.io/0iaahkrcv/Sound%20Bars/i-icons.50302365%20(28).svg?updatedAt=1786520105886
6a7c22275c7cd75eb838aaf5,Sound Bars,i-icons.50302365 (29).svg,i icons.50302365 (29),GLOBAL_ICON,https://ik.imagekit.io/0iaahkrcv/Sound%20Bars/i-icons.50302365%20(29).svg?updatedAt=1786520104023
6a7c22285c7cd75eb838b1a6,Sound Bars,i-icons.50302365 (3).svg,i icons.50302365 (3),GLOBAL_ICON,https://ik.imagekit.io/0iaahkrcv/Sound%20Bars/i-icons.50302365%20(3).svg?updatedAt=1786520105025
6a7c22275c7cd75eb838aacf,Sound Bars,i-icons.50302365 (30).svg,i icons.50302365 (30),GLOBAL_ICON,https://ik.imagekit.io/0iaahkrcv/Sound%20Bars/i-icons.50302365%20(30).svg?updatedAt=1786520104243
6a7c22275c7cd75eb838aa90,Sound Bars,i-icons.50302365 (31).svg,i icons.50302365 (31),GLOBAL_ICON,https://ik.imagekit.io/0iaahkrcv/Sound%20Bars/i-icons.50302365%20(31).svg?updatedAt=1786520104059
6a7c22275c7cd75eb838aae6,Sound Bars,i-icons.50302365 (32).svg,i icons.50302365 (32),GLOBAL_ICON,https://ik.imagekit.io/0iaahkrcv/Sound%20Bars/i-icons.50302365%20(32).svg?updatedAt=1786520104080
6a7c22275c7cd75eb838aa3c,Sound Bars,i-icons.50302365 (33).svg,i icons.50302365 (33),GLOBAL_ICON,https://ik.imagekit.io/0iaahkrcv/Sound%20Bars/i-icons.50302365%20(33).svg?updatedAt=1786520103851
6a7c22275c7cd75eb838aac6,Sound Bars,i-icons.50302365 (34).svg,i icons.50302365 (34),GLOBAL_ICON,https://ik.imagekit.io/0iaahkrcv/Sound%20Bars/i-icons.50302365%20(34).svg?updatedAt=1786520103974
6a7c22275c7cd75eb838aaa6,Sound Bars,i-icons.50302365 (35).svg,i icons.50302365 (35),GLOBAL_ICON,https://ik.imagekit.io/0iaahkrcv/Sound%20Bars/i-icons.50302365%20(35).svg?updatedAt=1786520104063
6a7c22275c7cd75eb838aaa0,Sound Bars,i-icons.50302365 (36).svg,i icons.50302365 (36),GLOBAL_ICON,https://ik.imagekit.io/0iaahkrcv/Sound%20Bars/i-icons.50302365%20(36).svg?updatedAt=1786520104052
6a7c22275c7cd75eb838aa5b,Sound Bars,i-icons.50302365 (37).svg,i icons.50302365 (37),GLOBAL_ICON,https://ik.imagekit.io/0iaahkrcv/Sound%20Bars/i-icons.50302365%20(37).svg?updatedAt=1786520103968
6a7c22275c7cd75eb838aa92,Sound Bars,i-icons.50302365 (38).svg,i icons.50302365 (38),GLOBAL_ICON,https://ik.imagekit.io/0iaahkrcv/Sound%20Bars/i-icons.50302365%20(38).svg?updatedAt=1786520103883
6a7c22275c7cd75eb838aab8,Sound Bars,i-icons.50302365 (39).svg,i icons.50302365 (39),GLOBAL_ICON,https://ik.imagekit.io/0iaahkrcv/Sound%20Bars/i-icons.50302365%20(39).svg?updatedAt=1786520104106
6a7c22285c7cd75eb838b5b7,Sound Bars,i-icons.50302365 (4).svg,i icons.50302365 (4),GLOBAL_ICON,https://ik.imagekit.io/0iaahkrcv/Sound%20Bars/i-icons.50302365%20(4).svg?updatedAt=1786520105731
6a7c22275c7cd75eb838aa5f,Sound Bars,i-icons.50302365 (40).svg,i icons.50302365 (40),GLOBAL_ICON,https://ik.imagekit.io/0iaahkrcv/Sound%20Bars/i-icons.50302365%20(40).svg?updatedAt=1786520103936
6a7c22285c7cd75eb838b4f5,Sound Bars,i-icons.50302365 (41).svg,i icons.50302365 (41),GLOBAL_ICON,https://ik.imagekit.io/0iaahkrcv/Sound%20Bars/i-icons.50302365%20(41).svg?updatedAt=1786520105614
6a7c22275c7cd75eb838aae2,Sound Bars,i-icons.50302365 (42).svg,i icons.50302365 (42),GLOBAL_ICON,https://ik.imagekit.io/0iaahkrcv/Sound%20Bars/i-icons.50302365%20(42).svg?updatedAt=1786520104095
6a7c22275c7cd75eb838aaae,Sound Bars,i-icons.50302365 (43).svg,i icons.50302365 (43),GLOBAL_ICON,https://ik.imagekit.io/0iaahkrcv/Sound%20Bars/i-icons.50302365%20(43).svg?updatedAt=1786520104110
6a7c22275c7cd75eb838aab1,Sound Bars,i-icons.50302365 (44).svg,i icons.50302365 (44),GLOBAL_ICON,https://ik.imagekit.io/0iaahkrcv/Sound%20Bars/i-icons.50302365%20(44).svg?updatedAt=1786520104068
6a7c22275c7cd75eb838ab14,Sound Bars,i-icons.50302365 (45).svg,i icons.50302365 (45),GLOBAL_ICON,https://ik.imagekit.io/0iaahkrcv/Sound%20Bars/i-icons.50302365%20(45).svg?updatedAt=1786520104117
6a7c22275c7cd75eb838aa50,Sound Bars,i-icons.50302365 (46).svg,i icons.50302365 (46),GLOBAL_ICON,https://ik.imagekit.io/0iaahkrcv/Sound%20Bars/i-icons.50302365%20(46).svg?updatedAt=1786520103885
6a7c22275c7cd75eb838aac4,Sound Bars,i-icons.50302365 (47).svg,i icons.50302365 (47),GLOBAL_ICON,https://ik.imagekit.io/0iaahkrcv/Sound%20Bars/i-icons.50302365%20(47).svg?updatedAt=1786520104014
6a7c22295c7cd75eb838b644,Sound Bars,i-icons.50302365 (48).svg,i icons.50302365 (48),GLOBAL_ICON,https://ik.imagekit.io/0iaahkrcv/Sound%20Bars/i-icons.50302365%20(48).svg?updatedAt=1786520105895
6a7c22285c7cd75eb838b3d4,Sound Bars,i-icons.50302365 (49).svg,i icons.50302365 (49),GLOBAL_ICON,https://ik.imagekit.io/0iaahkrcv/Sound%20Bars/i-icons.50302365%20(49).svg?updatedAt=1786520105436
6a7c22285c7cd75eb838b332,Sound Bars,i-icons.50302365 (5).svg,i icons.50302365 (5),GLOBAL_ICON,https://ik.imagekit.io/0iaahkrcv/Sound%20Bars/i-icons.50302365%20(5).svg?updatedAt=1786520105283
6a7c22275c7cd75eb838ab2f,Sound Bars,i-icons.50302365 (50).svg,i icons.50302365 (50),GLOBAL_ICON,https://ik.imagekit.io/0iaahkrcv/Sound%20Bars/i-icons.50302365%20(50).svg?updatedAt=1786520104143
6a7c22285c7cd75eb838b4e6,Sound Bars,i-icons.50302365 (51).svg,i icons.50302365 (51),GLOBAL_ICON,https://ik.imagekit.io/0iaahkrcv/Sound%20Bars/i-icons.50302365%20(51).svg?updatedAt=1786520105586
6a7c22275c7cd75eb838aaf7,Sound Bars,i-icons.50302365 (52).svg,i icons.50302365 (52),GLOBAL_ICON,https://ik.imagekit.io/0iaahkrcv/Sound%20Bars/i-icons.50302365%20(52).svg?updatedAt=1786520104080
6a7c22275c7cd75eb838ab25,Sound Bars,i-icons.50302365 (53).svg,i icons.50302365 (53),GLOBAL_ICON,https://ik.imagekit.io/0iaahkrcv/Sound%20Bars/i-icons.50302365%20(53).svg?updatedAt=1786520104217
6a7c22275c7cd75eb838ab29,Sound Bars,i-icons.50302365 (54).svg,i icons.50302365 (54),GLOBAL_ICON,https://ik.imagekit.io/0iaahkrcv/Sound%20Bars/i-icons.50302365%20(54).svg?updatedAt=1786520104059
6a7c22275c7cd75eb838aa65,Sound Bars,i-icons.50302365 (55).svg,i icons.50302365 (55),GLOBAL_ICON,https://ik.imagekit.io/0iaahkrcv/Sound%20Bars/i-icons.50302365%20(55).svg?updatedAt=1786520103961
6a7c22295c7cd75eb838b675,Sound Bars,i-icons.50302365 (56).svg,i icons.50302365 (56),GLOBAL_ICON,https://ik.imagekit.io/0iaahkrcv/Sound%20Bars/i-icons.50302365%20(56).svg?updatedAt=1786520105890
6a7c22285c7cd75eb838b1a3,Sound Bars,i-icons.50302365 (57).svg,i icons.50302365 (57),GLOBAL_ICON,https://ik.imagekit.io/0iaahkrcv/Sound%20Bars/i-icons.50302365%20(57).svg?updatedAt=1786520104987
6a7c22285c7cd75eb838b2ca,Sound Bars,i-icons.50302365 (58).svg,i icons.50302365 (58),GLOBAL_ICON,https://ik.imagekit.io/0iaahkrcv/Sound%20Bars/i-icons.50302365%20(58).svg?updatedAt=1786520105243
6a7c22285c7cd75eb838b4a8,Sound Bars,i-icons.50302365 (59).svg,i icons.50302365 (59),GLOBAL_ICON,https://ik.imagekit.io/0iaahkrcv/Sound%20Bars/i-icons.50302365%20(59).svg?updatedAt=1786520105638
6a7c22295c7cd75eb838b648,Sound Bars,i-icons.50302365 (6).svg,i icons.50302365 (6),GLOBAL_ICON,https://ik.imagekit.io/0iaahkrcv/Sound%20Bars/i-icons.50302365%20(6).svg?updatedAt=1786520106056
6a7c22285c7cd75eb838b44a,Sound Bars,i-icons.50302365 (60).svg,i icons.50302365 (60),GLOBAL_ICON,https://ik.imagekit.io/0iaahkrcv/Sound%20Bars/i-icons.50302365%20(60).svg?updatedAt=1786520105531
6a7c22285c7cd75eb838b572,Sound Bars,i-icons.50302365 (61).svg,i icons.50302365 (61),GLOBAL_ICON,https://ik.imagekit.io/0iaahkrcv/Sound%20Bars/i-icons.50302365%20(61).svg?updatedAt=1786520105636
6a7c22295c7cd75eb838b691,Sound Bars,i-icons.50302365 (62).svg,i icons.50302365 (62),GLOBAL_ICON,https://ik.imagekit.io/0iaahkrcv/Sound%20Bars/i-icons.50302365%20(62).svg?updatedAt=1786520106066
6a7c22285c7cd75eb838b5c7,Sound Bars,i-icons.50302365 (63).svg,i icons.50302365 (63),GLOBAL_ICON,https://ik.imagekit.io/0iaahkrcv/Sound%20Bars/i-icons.50302365%20(63).svg?updatedAt=1786520105737
6a7c22285c7cd75eb838b3c5,Sound Bars,i-icons.50302365 (64).svg,i icons.50302365 (64),GLOBAL_ICON,https://ik.imagekit.io/0iaahkrcv/Sound%20Bars/i-icons.50302365%20(64).svg?updatedAt=1786520105424
6a7c22285c7cd75eb838b41e,Sound Bars,i-icons.50302365 (65).svg,i icons.50302365 (65),GLOBAL_ICON,https://ik.imagekit.io/0iaahkrcv/Sound%20Bars/i-icons.50302365%20(65).svg?updatedAt=1786520105444
6a7c22295c7cd75eb838b6c3,Sound Bars,i-icons.50302365 (66).svg,i icons.50302365 (66),GLOBAL_ICON,https://ik.imagekit.io/0iaahkrcv/Sound%20Bars/i-icons.50302365%20(66).svg?updatedAt=1786520106088
6a7c22285c7cd75eb838b402,Sound Bars,i-icons.50302365 (67).svg,i icons.50302365 (67),GLOBAL_ICON,https://ik.imagekit.io/0iaahkrcv/Sound%20Bars/i-icons.50302365%20(67).svg?updatedAt=1786520105570
6a7c22285c7cd75eb838b4ef,Sound Bars,i-icons.50302365 (68).svg,i icons.50302365 (68),GLOBAL_ICON,https://ik.imagekit.io/0iaahkrcv/Sound%20Bars/i-icons.50302365%20(68).svg?updatedAt=1786520105620
6a7c22285c7cd75eb838b558,Sound Bars,i-icons.50302365 (69).svg,i icons.50302365 (69),GLOBAL_ICON,https://ik.imagekit.io/0iaahkrcv/Sound%20Bars/i-icons.50302365%20(69).svg?updatedAt=1786520105651
6a7c22285c7cd75eb838b583,Sound Bars,i-icons.50302365 (7).svg,i icons.50302365 (7),GLOBAL_ICON,https://ik.imagekit.io/0iaahkrcv/Sound%20Bars/i-icons.50302365%20(7).svg?updatedAt=1786520105833
6a7c22295c7cd75eb838b6d7,Sound Bars,i-icons.50302365 (70).svg,i icons.50302365 (70),GLOBAL_ICON,https://ik.imagekit.io/0iaahkrcv/Sound%20Bars/i-icons.50302365%20(70).svg?updatedAt=1786520106131
6a7c22295c7cd75eb838b681,Sound Bars,i-icons.50302365 (71).svg,i icons.50302365 (71),GLOBAL_ICON,https://ik.imagekit.io/0iaahkrcv/Sound%20Bars/i-icons.50302365%20(71).svg?updatedAt=1786520106071
6a7c22285c7cd75eb838b57f,Sound Bars,i-icons.50302365 (72).svg,i icons.50302365 (72),GLOBAL_ICON,https://ik.imagekit.io/0iaahkrcv/Sound%20Bars/i-icons.50302365%20(72).svg?updatedAt=1786520105873
6a7c22285c7cd75eb838b425,Sound Bars,i-icons.50302365 (73).svg,i icons.50302365 (73),GLOBAL_ICON,https://ik.imagekit.io/0iaahkrcv/Sound%20Bars/i-icons.50302365%20(73).svg?updatedAt=1786520105473
6a7c22285c7cd75eb838b607,Sound Bars,i-icons.50302365 (74).svg,i icons.50302365 (74),GLOBAL_ICON,https://ik.imagekit.io/0iaahkrcv/Sound%20Bars/i-icons.50302365%20(74).svg?updatedAt=1786520105883
6a7c22285c7cd75eb838b58c,Sound Bars,i-icons.50302365 (75).svg,i icons.50302365 (75),GLOBAL_ICON,https://ik.imagekit.io/0iaahkrcv/Sound%20Bars/i-icons.50302365%20(75).svg?updatedAt=1786520105728
6a7c22285c7cd75eb838b453,Sound Bars,i-icons.50302365 (76).svg,i icons.50302365 (76),GLOBAL_ICON,https://ik.imagekit.io/0iaahkrcv/Sound%20Bars/i-icons.50302365%20(76).svg?updatedAt=1786520105463
6a7c22295c7cd75eb838b642,Sound Bars,i-icons.50302365 (77).svg,i icons.50302365 (77),GLOBAL_ICON,https://ik.imagekit.io/0iaahkrcv/Sound%20Bars/i-icons.50302365%20(77).svg?updatedAt=1786520106062
6a7c22295c7cd75eb838b677,Sound Bars,i-icons.50302365 (78).svg,i icons.50302365 (78),GLOBAL_ICON,https://ik.imagekit.io/0iaahkrcv/Sound%20Bars/i-icons.50302365%20(78).svg?updatedAt=1786520105906
6a7c22285c7cd75eb838b4bf,Sound Bars,i-icons.50302365 (79).svg,i icons.50302365 (79),GLOBAL_ICON,https://ik.imagekit.io/0iaahkrcv/Sound%20Bars/i-icons.50302365%20(79).svg?updatedAt=1786520105583
6a7c22285c7cd75eb838b3d8,Sound Bars,i-icons.50302365 (8).svg,i icons.50302365 (8),GLOBAL_ICON,https://ik.imagekit.io/0iaahkrcv/Sound%20Bars/i-icons.50302365%20(8).svg?updatedAt=1786520105543
6a7c22295c7cd75eb838b6fa,Sound Bars,i-icons.50302365 (80).svg,i icons.50302365 (80),GLOBAL_ICON,https://ik.imagekit.io/0iaahkrcv/Sound%20Bars/i-icons.50302365%20(80).svg?updatedAt=1786520106111
6a7c22295c7cd75eb838b6d3,Sound Bars,i-icons.50302365 (81).svg,i icons.50302365 (81),GLOBAL_ICON,https://ik.imagekit.io/0iaahkrcv/Sound%20Bars/i-icons.50302365%20(81).svg?updatedAt=1786520106080
6a7c22295c7cd75eb838b672,Sound Bars,i-icons.50302365 (82).svg,i icons.50302365 (82),GLOBAL_ICON,https://ik.imagekit.io/0iaahkrcv/Sound%20Bars/i-icons.50302365%20(82).svg?updatedAt=1786520105930
6a7c22295c7cd75eb838b67d,Sound Bars,i-icons.50302365 (83).svg,i icons.50302365 (83),GLOBAL_ICON,https://ik.imagekit.io/0iaahkrcv/Sound%20Bars/i-icons.50302365%20(83).svg?updatedAt=1786520105969
6a7c22285c7cd75eb838b528,Sound Bars,i-icons.50302365 (84).svg,i icons.50302365 (84),GLOBAL_ICON,https://ik.imagekit.io/0iaahkrcv/Sound%20Bars/i-icons.50302365%20(84).svg?updatedAt=1786520105591
6a7c22285c7cd75eb838b46d,Sound Bars,i-icons.50302365 (85).svg,i icons.50302365 (85),GLOBAL_ICON,https://ik.imagekit.io/0iaahkrcv/Sound%20Bars/i-icons.50302365%20(85).svg?updatedAt=1786520105584
6a7c22295c7cd75eb838b7b5,Sound Bars,i-icons.50302365 (86).svg,i icons.50302365 (86),GLOBAL_ICON,https://ik.imagekit.io/0iaahkrcv/Sound%20Bars/i-icons.50302365%20(86).svg?updatedAt=1786520106169
6a7c22285c7cd75eb838b487,Sound Bars,i-icons.50302365 (87).svg,i icons.50302365 (87),GLOBAL_ICON,https://ik.imagekit.io/0iaahkrcv/Sound%20Bars/i-icons.50302365%20(87).svg?updatedAt=1786520105599
6a7c22285c7cd75eb838b42b,Sound Bars,i-icons.50302365 (88).svg,i icons.50302365 (88),GLOBAL_ICON,https://ik.imagekit.io/0iaahkrcv/Sound%20Bars/i-icons.50302365%20(88).svg?updatedAt=1786520105500
6a7c22285c7cd75eb838b41c,Sound Bars,i-icons.50302365 (89).svg,i icons.50302365 (89),GLOBAL_ICON,https://ik.imagekit.io/0iaahkrcv/Sound%20Bars/i-icons.50302365%20(89).svg?updatedAt=1786520105512
6a7c22285c7cd75eb838b5cb,Sound Bars,i-icons.50302365 (9).svg,i icons.50302365 (9),GLOBAL_ICON,https://ik.imagekit.io/0iaahkrcv/Sound%20Bars/i-icons.50302365%20(9).svg?updatedAt=1786520105700
6a7c22285c7cd75eb838b51c,Sound Bars,i-icons.50302365 (90).svg,i icons.50302365 (90),GLOBAL_ICON,https://ik.imagekit.io/0iaahkrcv/Sound%20Bars/i-icons.50302365%20(90).svg?updatedAt=1786520105713
6a7c22285c7cd75eb838b4ee,Sound Bars,i-icons.50302365 (91).svg,i icons.50302365 (91),GLOBAL_ICON,https://ik.imagekit.io/0iaahkrcv/Sound%20Bars/i-icons.50302365%20(91).svg?updatedAt=1786520105575
6a7c22285c7cd75eb838b505,Sound Bars,i-icons.50302365 (92).svg,i icons.50302365 (92),GLOBAL_ICON,https://ik.imagekit.io/0iaahkrcv/Sound%20Bars/i-icons.50302365%20(92).svg?updatedAt=1786520105601
6a7c22285c7cd75eb838b5ba,Sound Bars,i-icons.50302365 (93).svg,i icons.50302365 (93),GLOBAL_ICON,https://ik.imagekit.io/0iaahkrcv/Sound%20Bars/i-icons.50302365%20(93).svg?updatedAt=1786520105730
6a7c22295c7cd75eb838b68a,Sound Bars,i-icons.50302365 (94).svg,i icons.50302365 (94),GLOBAL_ICON,https://ik.imagekit.io/0iaahkrcv/Sound%20Bars/i-icons.50302365%20(94).svg?updatedAt=1786520105988
6a7c22295c7cd75eb838b688,Sound Bars,i-icons.50302365 (95).svg,i icons.50302365 (95),GLOBAL_ICON,https://ik.imagekit.io/0iaahkrcv/Sound%20Bars/i-icons.50302365%20(95).svg?updatedAt=1786520105871
6a7c22295c7cd75eb838b6f7,Sound Bars,i-icons.50302365 (96).svg,i icons.50302365 (96),GLOBAL_ICON,https://ik.imagekit.io/0iaahkrcv/Sound%20Bars/i-icons.50302365%20(96).svg?updatedAt=1786520106083
6a7c22295c7cd75eb838b633,Sound Bars,i-icons.50302365 (97).svg,i icons.50302365 (97),GLOBAL_ICON,https://ik.imagekit.io/0iaahkrcv/Sound%20Bars/i-icons.50302365%20(97).svg?updatedAt=1786520105740
6a7c22295c7cd75eb838b693,Sound Bars,i-icons.50302365 (98).svg,i icons.50302365 (98),GLOBAL_ICON,https://ik.imagekit.io/0iaahkrcv/Sound%20Bars/i-icons.50302365%20(98).svg?updatedAt=1786520106027
6a7c22295c7cd75eb838b629,Sound Bars,i-icons.50302365 (99).svg,i icons.50302365 (99),GLOBAL_ICON,https://ik.imagekit.io/0iaahkrcv/Sound%20Bars/i-icons.50302365%20(99).svg?updatedAt=1786520105724
6a7c225b5c7cd75eb83a3b21,Sound Bars,i-icons.50302365.svg,i icons.50302365,GLOBAL_ICON,https://ik.imagekit.io/0iaahkrcv/Sound%20Bars/i-icons.50302365.svg?updatedAt=1786520155791
6a7c225b5c7cd75eb83a3ac4,Sound Bars,i-shop-jumia.0072ec91 (1).svg,i shop jumia.0072ec91 (1),GLOBAL_ICON,https://ik.imagekit.io/0iaahkrcv/Sound%20Bars/i-shop-jumia.0072ec91%20(1).svg?updatedAt=1786520155614
6a7c225b5c7cd75eb83a3d1a,Sound Bars,i-shop-jumia.0072ec91 (10).svg,i shop jumia.0072ec91 (10),GLOBAL_ICON,https://ik.imagekit.io/0iaahkrcv/Sound%20Bars/i-shop-jumia.0072ec91%20(10).svg?updatedAt=1786520155941
6a7c225d5c7cd75eb83a43c2,Sound Bars,i-shop-jumia.0072ec91 (11).svg,i shop jumia.0072ec91 (11),GLOBAL_ICON,https://ik.imagekit.io/0iaahkrcv/Sound%20Bars/i-shop-jumia.0072ec91%20(11).svg?updatedAt=1786520157726
6a7c225d5c7cd75eb83a4462,Sound Bars,i-shop-jumia.0072ec91 (12).svg,i shop jumia.0072ec91 (12),GLOBAL_ICON,https://ik.imagekit.io/0iaahkrcv/Sound%20Bars/i-shop-jumia.0072ec91%20(12).svg?updatedAt=1786520157833
6a7c225f5c7cd75eb83a4ecb,Sound Bars,i-shop-jumia.0072ec91 (13).svg,i shop jumia.0072ec91 (13),GLOBAL_ICON,https://ik.imagekit.io/0iaahkrcv/Sound%20Bars/i-shop-jumia.0072ec91%20(13).svg?updatedAt=1786520159788
6a7c225d5c7cd75eb83a4701,Sound Bars,i-shop-jumia.0072ec91 (14).svg,i shop jumia.0072ec91 (14),GLOBAL_ICON,https://ik.imagekit.io/0iaahkrcv/Sound%20Bars/i-shop-jumia.0072ec91%20(14).svg?updatedAt=1786520158275
6a7c225f5c7cd75eb83a4ed4,Sound Bars,i-shop-jumia.0072ec91 (15).svg,i shop jumia.0072ec91 (15),GLOBAL_ICON,https://ik.imagekit.io/0iaahkrcv/Sound%20Bars/i-shop-jumia.0072ec91%20(15).svg?updatedAt=1786520159866
6a7c225f5c7cd75eb83a4e82,Sound Bars,i-shop-jumia.0072ec91 (16).svg,i shop jumia.0072ec91 (16),GLOBAL_ICON,https://ik.imagekit.io/0iaahkrcv/Sound%20Bars/i-shop-jumia.0072ec91%20(16).svg?updatedAt=1786520159674
6a7c225f5c7cd75eb83a4efa,Sound Bars,i-shop-jumia.0072ec91 (17).svg,i shop jumia.0072ec91 (17),GLOBAL_ICON,https://ik.imagekit.io/0iaahkrcv/Sound%20Bars/i-shop-jumia.0072ec91%20(17).svg?updatedAt=1786520159849
6a7c225f5c7cd75eb83a5bdf,Sound Bars,i-shop-jumia.0072ec91 (18).svg,i shop jumia.0072ec91 (18),GLOBAL_ICON,https://ik.imagekit.io/0iaahkrcv/Sound%20Bars/i-shop-jumia.0072ec91%20(18).svg?updatedAt=1786520160646
6a7c225f5c7cd75eb83a5a27,Sound Bars,i-shop-jumia.0072ec91 (19).svg,i shop jumia.0072ec91 (19),GLOBAL_ICON,https://ik.imagekit.io/0iaahkrcv/Sound%20Bars/i-shop-jumia.0072ec91%20(19).svg?updatedAt=1786520160454
6a7c225f5c7cd75eb83a5b02,Sound Bars,i-shop-jumia.0072ec91 (2).svg,i shop jumia.0072ec91 (2),GLOBAL_ICON,https://ik.imagekit.io/0iaahkrcv/Sound%20Bars/i-shop-jumia.0072ec91%20(2).svg?updatedAt=1786520160527
6a7c225f5c7cd75eb83a5ae2,Sound Bars,i-shop-jumia.0072ec91 (20).svg,i shop jumia.0072ec91 (20),GLOBAL_ICON,https://ik.imagekit.io/0iaahkrcv/Sound%20Bars/i-shop-jumia.0072ec91%20(20).svg?updatedAt=1786520160490
6a7c22605c7cd75eb83a5c80,Sound Bars,i-shop-jumia.0072ec91 (21).svg,i shop jumia.0072ec91 (21),GLOBAL_ICON,https://ik.imagekit.io/0iaahkrcv/Sound%20Bars/i-shop-jumia.0072ec91%20(21).svg?updatedAt=1786520160768
6a7c225f5c7cd75eb83a5b3a,Sound Bars,i-shop-jumia.0072ec91 (22).svg,i shop jumia.0072ec91 (22),GLOBAL_ICON,https://ik.imagekit.io/0iaahkrcv/Sound%20Bars/i-shop-jumia.0072ec91%20(22).svg?updatedAt=1786520160556
6a7c225f5c7cd75eb83a5af5,Sound Bars,i-shop-jumia.0072ec91 (23).svg,i shop jumia.0072ec91 (23),GLOBAL_ICON,https://ik.imagekit.io/0iaahkrcv/Sound%20Bars/i-shop-jumia.0072ec91%20(23).svg?updatedAt=1786520160524
6a7c225f5c7cd75eb83a5bf5,Sound Bars,i-shop-jumia.0072ec91 (24).svg,i shop jumia.0072ec91 (24),GLOBAL_ICON,https://ik.imagekit.io/0iaahkrcv/Sound%20Bars/i-shop-jumia.0072ec91%20(24).svg?updatedAt=1786520160668
6a7c225f5c7cd75eb83a5b8f,Sound Bars,i-shop-jumia.0072ec91 (25).svg,i shop jumia.0072ec91 (25),GLOBAL_ICON,https://ik.imagekit.io/0iaahkrcv/Sound%20Bars/i-shop-jumia.0072ec91%20(25).svg?updatedAt=1786520160550
6a7c225f5c7cd75eb83a5bae,Sound Bars,i-shop-jumia.0072ec91 (26).svg,i shop jumia.0072ec91 (26),GLOBAL_ICON,https://ik.imagekit.io/0iaahkrcv/Sound%20Bars/i-shop-jumia.0072ec91%20(26).svg?updatedAt=1786520160643
6a7c225f5c7cd75eb83a5bc7,Sound Bars,i-shop-jumia.0072ec91 (27).svg,i shop jumia.0072ec91 (27),GLOBAL_ICON,https://ik.imagekit.io/0iaahkrcv/Sound%20Bars/i-shop-jumia.0072ec91%20(27).svg?updatedAt=1786520160612
6a7c22605c7cd75eb83a5c85,Sound Bars,i-shop-jumia.0072ec91 (28).svg,i shop jumia.0072ec91 (28),GLOBAL_ICON,https://ik.imagekit.io/0iaahkrcv/Sound%20Bars/i-shop-jumia.0072ec91%20(28).svg?updatedAt=1786520160796
6a7c22605c7cd75eb83a5cbd,Sound Bars,i-shop-jumia.0072ec91 (29).svg,i shop jumia.0072ec91 (29),GLOBAL_ICON,https://ik.imagekit.io/0iaahkrcv/Sound%20Bars/i-shop-jumia.0072ec91%20(29).svg?updatedAt=1786520160788
6a7c225f5c7cd75eb83a5c04,Sound Bars,i-shop-jumia.0072ec91 (3).svg,i shop jumia.0072ec91 (3),GLOBAL_ICON,https://ik.imagekit.io/0iaahkrcv/Sound%20Bars/i-shop-jumia.0072ec91%20(3).svg?updatedAt=1786520160607
6a7c22605c7cd75eb83a5c08,Sound Bars,i-shop-jumia.0072ec91 (30).svg,i shop jumia.0072ec91 (30),GLOBAL_ICON,https://ik.imagekit.io/0iaahkrcv/Sound%20Bars/i-shop-jumia.0072ec91%20(30).svg?updatedAt=1786520160606
6a7c225f5c7cd75eb83a5b95,Sound Bars,i-shop-jumia.0072ec91 (31).svg,i shop jumia.0072ec91 (31),GLOBAL_ICON,https://ik.imagekit.io/0iaahkrcv/Sound%20Bars/i-shop-jumia.0072ec91%20(31).svg?updatedAt=1786520160608
6a7c22605c7cd75eb83a5c61,Sound Bars,i-shop-jumia.0072ec91 (32).svg,i shop jumia.0072ec91 (32),GLOBAL_ICON,https://ik.imagekit.io/0iaahkrcv/Sound%20Bars/i-shop-jumia.0072ec91%20(32).svg?updatedAt=1786520160695
6a7c22605c7cd75eb83a5c56,Sound Bars,i-shop-jumia.0072ec91 (33).svg,i shop jumia.0072ec91 (33),GLOBAL_ICON,https://ik.imagekit.io/0iaahkrcv/Sound%20Bars/i-shop-jumia.0072ec91%20(33).svg?updatedAt=1786520160637
6a7c22605c7cd75eb83a5c7e,Sound Bars,i-shop-jumia.0072ec91 (34).svg,i shop jumia.0072ec91 (34),GLOBAL_ICON,https://ik.imagekit.io/0iaahkrcv/Sound%20Bars/i-shop-jumia.0072ec91%20(34).svg?updatedAt=1786520160769
6a7c22605c7cd75eb83a5c7a,Sound Bars,i-shop-jumia.0072ec91 (35).svg,i shop jumia.0072ec91 (35),GLOBAL_ICON,https://ik.imagekit.io/0iaahkrcv/Sound%20Bars/i-shop-jumia.0072ec91%20(35).svg?updatedAt=1786520160695
6a7c22605c7cd75eb83a5c75,Sound Bars,i-shop-jumia.0072ec91 (36).svg,i shop jumia.0072ec91 (36),GLOBAL_ICON,https://ik.imagekit.io/0iaahkrcv/Sound%20Bars/i-shop-jumia.0072ec91%20(36).svg?updatedAt=1786520160756
6a7c22605c7cd75eb83a5cac,Sound Bars,i-shop-jumia.0072ec91 (37).svg,i shop jumia.0072ec91 (37),GLOBAL_ICON,https://ik.imagekit.io/0iaahkrcv/Sound%20Bars/i-shop-jumia.0072ec91%20(37).svg?updatedAt=1786520160829
6a7c22605c7cd75eb83a5cc7,Sound Bars,i-shop-jumia.0072ec91 (38).svg,i shop jumia.0072ec91 (38),GLOBAL_ICON,https://ik.imagekit.io/0iaahkrcv/Sound%20Bars/i-shop-jumia.0072ec91%20(38).svg?updatedAt=1786520160879
6a7c22605c7cd75eb83a5c99,Sound Bars,i-shop-jumia.0072ec91 (39).svg,i shop jumia.0072ec91 (39),GLOBAL_ICON,https://ik.imagekit.io/0iaahkrcv/Sound%20Bars/i-shop-jumia.0072ec91%20(39).svg?updatedAt=1786520160783
6a7c22605c7cd75eb83a5c16,Sound Bars,i-shop-jumia.0072ec91 (4).svg,i shop jumia.0072ec91 (4),GLOBAL_ICON,https://ik.imagekit.io/0iaahkrcv/Sound%20Bars/i-shop-jumia.0072ec91%20(4).svg?updatedAt=1786520160611
6a7c22605c7cd75eb83a5c92,Sound Bars,i-shop-jumia.0072ec91 (40).svg,i shop jumia.0072ec91 (40),GLOBAL_ICON,https://ik.imagekit.io/0iaahkrcv/Sound%20Bars/i-shop-jumia.0072ec91%20(40).svg?updatedAt=1786520160649
6a7c22605c7cd75eb83a5c9a,Sound Bars,i-shop-jumia.0072ec91 (41).svg,i shop jumia.0072ec91 (41),GLOBAL_ICON,https://ik.imagekit.io/0iaahkrcv/Sound%20Bars/i-shop-jumia.0072ec91%20(41).svg?updatedAt=1786520160696
6a7c22605c7cd75eb83a5cee,Sound Bars,i-shop-jumia.0072ec91 (42).svg,i shop jumia.0072ec91 (42),GLOBAL_ICON,https://ik.imagekit.io/0iaahkrcv/Sound%20Bars/i-shop-jumia.0072ec91%20(42).svg?updatedAt=1786520160738
6a7c22605c7cd75eb83a5dbe,Sound Bars,i-shop-jumia.0072ec91 (43).svg,i shop jumia.0072ec91 (43),GLOBAL_ICON,https://ik.imagekit.io/0iaahkrcv/Sound%20Bars/i-shop-jumia.0072ec91%20(43).svg?updatedAt=1786520160827
6a7c22605c7cd75eb83a5c95,Sound Bars,i-shop-jumia.0072ec91 (44).svg,i shop jumia.0072ec91 (44),GLOBAL_ICON,https://ik.imagekit.io/0iaahkrcv/Sound%20Bars/i-shop-jumia.0072ec91%20(44).svg?updatedAt=1786520160661
6a7c22605c7cd75eb83a5cf8,Sound Bars,i-shop-jumia.0072ec91 (45).svg,i shop jumia.0072ec91 (45),GLOBAL_ICON,https://ik.imagekit.io/0iaahkrcv/Sound%20Bars/i-shop-jumia.0072ec91%20(45).svg?updatedAt=1786520160693
6a7c22605c7cd75eb83a5ceb,Sound Bars,i-shop-jumia.0072ec91 (46).svg,i shop jumia.0072ec91 (46),GLOBAL_ICON,https://ik.imagekit.io/0iaahkrcv/Sound%20Bars/i-shop-jumia.0072ec91%20(46).svg?updatedAt=1786520160774
6a7c22605c7cd75eb83a5dec,Sound Bars,i-shop-jumia.0072ec91 (47).svg,i shop jumia.0072ec91 (47),GLOBAL_ICON,https://ik.imagekit.io/0iaahkrcv/Sound%20Bars/i-shop-jumia.0072ec91%20(47).svg?updatedAt=1786520160836
6a7c22605c7cd75eb83a5d3d,Sound Bars,i-shop-jumia.0072ec91 (48).svg,i shop jumia.0072ec91 (48),GLOBAL_ICON,https://ik.imagekit.io/0iaahkrcv/Sound%20Bars/i-shop-jumia.0072ec91%20(48).svg?updatedAt=1786520160774
6a7c22605c7cd75eb83a5cec,Sound Bars,i-shop-jumia.0072ec91 (49).svg,i shop jumia.0072ec91 (49),GLOBAL_ICON,https://ik.imagekit.io/0iaahkrcv/Sound%20Bars/i-shop-jumia.0072ec91%20(49).svg?updatedAt=1786520160705
6a7c22605c7cd75eb83a5e0a,Sound Bars,i-shop-jumia.0072ec91 (5).svg,i shop jumia.0072ec91 (5),GLOBAL_ICON,https://ik.imagekit.io/0iaahkrcv/Sound%20Bars/i-shop-jumia.0072ec91%20(5).svg?updatedAt=1786520160841
6a7c22605c7cd75eb83a5de0,Sound Bars,i-shop-jumia.0072ec91 (50).svg,i shop jumia.0072ec91 (50),GLOBAL_ICON,https://ik.imagekit.io/0iaahkrcv/Sound%20Bars/i-shop-jumia.0072ec91%20(50).svg?updatedAt=1786520160838
6a7c22605c7cd75eb83a5e45,Sound Bars,i-shop-jumia.0072ec91 (51).svg,i shop jumia.0072ec91 (51),GLOBAL_ICON,https://ik.imagekit.io/0iaahkrcv/Sound%20Bars/i-shop-jumia.0072ec91%20(51).svg?updatedAt=1786520160864
6a7c22605c7cd75eb83a5d8c,Sound Bars,i-shop-jumia.0072ec91 (52).svg,i shop jumia.0072ec91 (52),GLOBAL_ICON,https://ik.imagekit.io/0iaahkrcv/Sound%20Bars/i-shop-jumia.0072ec91%20(52).svg?updatedAt=1786520160804
6a7c22605c7cd75eb83a5d31,Sound Bars,i-shop-jumia.0072ec91 (53).svg,i shop jumia.0072ec91 (53),GLOBAL_ICON,https://ik.imagekit.io/0iaahkrcv/Sound%20Bars/i-shop-jumia.0072ec91%20(53).svg?updatedAt=1786520160713
6a7c22605c7cd75eb83a5ec5,Sound Bars,i-shop-jumia.0072ec91 (54).svg,i shop jumia.0072ec91 (54),GLOBAL_ICON,https://ik.imagekit.io/0iaahkrcv/Sound%20Bars/i-shop-jumia.0072ec91%20(54).svg?updatedAt=1786520160943
6a7c22605c7cd75eb83a5e4c,Sound Bars,i-shop-jumia.0072ec91 (55).svg,i shop jumia.0072ec91 (55),GLOBAL_ICON,https://ik.imagekit.io/0iaahkrcv/Sound%20Bars/i-shop-jumia.0072ec91%20(55).svg?updatedAt=1786520160890
6a7c22605c7cd75eb83a5e19,Sound Bars,i-shop-jumia.0072ec91 (56).svg,i shop jumia.0072ec91 (56),GLOBAL_ICON,https://ik.imagekit.io/0iaahkrcv/Sound%20Bars/i-shop-jumia.0072ec91%20(56).svg?updatedAt=1786520160863
6a7c22615c7cd75eb83a63a5,Sound Bars,i-shop-jumia.0072ec91 (57).svg,i shop jumia.0072ec91 (57),GLOBAL_ICON,https://ik.imagekit.io/0iaahkrcv/Sound%20Bars/i-shop-jumia.0072ec91%20(57).svg?updatedAt=1786520161764
6a7c22615c7cd75eb83a6573,Sound Bars,i-shop-jumia.0072ec91 (58).svg,i shop jumia.0072ec91 (58),GLOBAL_ICON,https://ik.imagekit.io/0iaahkrcv/Sound%20Bars/i-shop-jumia.0072ec91%20(58).svg?updatedAt=1786520162180
6a7c22615c7cd75eb83a6519,Sound Bars,i-shop-jumia.0072ec91 (59).svg,i shop jumia.0072ec91 (59),GLOBAL_ICON,https://ik.imagekit.io/0iaahkrcv/Sound%20Bars/i-shop-jumia.0072ec91%20(59).svg?updatedAt=1786520162078
6a7c22615c7cd75eb83a66e4,Sound Bars,i-shop-jumia.0072ec91 (6).svg,i shop jumia.0072ec91 (6),GLOBAL_ICON,https://ik.imagekit.io/0iaahkrcv/Sound%20Bars/i-shop-jumia.0072ec91%20(6).svg?updatedAt=1786520162564
6a7c22625c7cd75eb83a6755,Sound Bars,i-shop-jumia.0072ec91 (60).svg,i shop jumia.0072ec91 (60),GLOBAL_ICON,https://ik.imagekit.io/0iaahkrcv/Sound%20Bars/i-shop-jumia.0072ec91%20(60).svg?updatedAt=1786520162626
6a7c22625c7cd75eb83a6785,Sound Bars,i-shop-jumia.0072ec91 (61).svg,i shop jumia.0072ec91 (61),GLOBAL_ICON,https://ik.imagekit.io/0iaahkrcv/Sound%20Bars/i-shop-jumia.0072ec91%20(61).svg?updatedAt=1786520162723
6a7c22625c7cd75eb83a67cd,Sound Bars,i-shop-jumia.0072ec91 (62).svg,i shop jumia.0072ec91 (62),GLOBAL_ICON,https://ik.imagekit.io/0iaahkrcv/Sound%20Bars/i-shop-jumia.0072ec91%20(62).svg?updatedAt=1786520162821
6a7c22625c7cd75eb83a6819,Sound Bars,i-shop-jumia.0072ec91 (63).svg,i shop jumia.0072ec91 (63),GLOBAL_ICON,https://ik.imagekit.io/0iaahkrcv/Sound%20Bars/i-shop-jumia.0072ec91%20(63).svg?updatedAt=1786520162824
6a7c22625c7cd75eb83a685d,Sound Bars,i-shop-jumia.0072ec91 (64).svg,i shop jumia.0072ec91 (64),GLOBAL_ICON,https://ik.imagekit.io/0iaahkrcv/Sound%20Bars/i-shop-jumia.0072ec91%20(64).svg?updatedAt=1786520162862
6a7c22625c7cd75eb83a6845,Sound Bars,i-shop-jumia.0072ec91 (7).svg,i shop jumia.0072ec91 (7),GLOBAL_ICON,https://ik.imagekit.io/0iaahkrcv/Sound%20Bars/i-shop-jumia.0072ec91%20(7).svg?updatedAt=1786520162849
6a7c22625c7cd75eb83a68a0,Sound Bars,i-shop-jumia.0072ec91 (8).svg,i shop jumia.0072ec91 (8),GLOBAL_ICON,https://ik.imagekit.io/0iaahkrcv/Sound%20Bars/i-shop-jumia.0072ec91%20(8).svg?updatedAt=1786520162924
6a7c22625c7cd75eb83a68b9,Sound Bars,i-shop-jumia.0072ec91 (9).svg,i shop jumia.0072ec91 (9),GLOBAL_ICON,https://ik.imagekit.io/0iaahkrcv/Sound%20Bars/i-shop-jumia.0072ec91%20(9).svg?updatedAt=1786520162935
6a7c22625c7cd75eb83a68af,Sound Bars,i-shop-jumia.0072ec91.svg,i shop jumia.0072ec91,GLOBAL_ICON,https://ik.imagekit.io/0iaahkrcv/Sound%20Bars/i-shop-jumia.0072ec91.svg?updatedAt=1786520162914
6a7c22625c7cd75eb83a6860,Sound Bars,KE_ONS_HP_RVMP_0726_STB-1 (1).png,KE ONS HP RVMP 0726 STB 1 (1),UNKNOWN,https://ik.imagekit.io/0iaahkrcv/Sound%20Bars/KE_ONS_HP_RVMP_0726_STB-1%20(1).png?updatedAt=1786520162752
6a7c22625c7cd75eb83a69a5,Sound Bars,KE_ONS_HP_RVMP_0726_STB-1 (2).png,KE ONS HP RVMP 0726 STB 1 (2),UNKNOWN,https://ik.imagekit.io/0iaahkrcv/Sound%20Bars/KE_ONS_HP_RVMP_0726_STB-1%20(2).png?updatedAt=1786520162953
6a7c22625c7cd75eb83a68db,Sound Bars,KE_ONS_HP_RVMP_0726_STB-1 (3).png,KE ONS HP RVMP 0726 STB 1 (3),UNKNOWN,https://ik.imagekit.io/0iaahkrcv/Sound%20Bars/KE_ONS_HP_RVMP_0726_STB-1%20(3).png?updatedAt=1786520162842
6a7c22625c7cd75eb83a6922,Sound Bars,KE_ONS_HP_RVMP_0726_STB-1 (4).png,KE ONS HP RVMP 0726 STB 1 (4),UNKNOWN,https://ik.imagekit.io/0iaahkrcv/Sound%20Bars/KE_ONS_HP_RVMP_0726_STB-1%20(4).png?updatedAt=1786520162881
6a7c22625c7cd75eb83a6943,Sound Bars,KE_ONS_HP_RVMP_0726_STB-1 (5).png,KE ONS HP RVMP 0726 STB 1 (5),UNKNOWN,https://ik.imagekit.io/0iaahkrcv/Sound%20Bars/KE_ONS_HP_RVMP_0726_STB-1%20(5).png?updatedAt=1786520162907
6a7c22625c7cd75eb83a6972,Sound Bars,KE_ONS_HP_RVMP_0726_STB-1 (6).png,KE ONS HP RVMP 0726 STB 1 (6),UNKNOWN,https://ik.imagekit.io/0iaahkrcv/Sound%20Bars/KE_ONS_HP_RVMP_0726_STB-1%20(6).png?updatedAt=1786520162906
6a7c22625c7cd75eb83a69b8,Sound Bars,KE_ONS_HP_RVMP_0726_STB-1 (7).png,KE ONS HP RVMP 0726 STB 1 (7),UNKNOWN,https://ik.imagekit.io/0iaahkrcv/Sound%20Bars/KE_ONS_HP_RVMP_0726_STB-1%20(7).png?updatedAt=1786520162902
6a7c22625c7cd75eb83a6b53,Sound Bars,KE_ONS_HP_RVMP_0726_STB-1 (8).png,KE ONS HP RVMP 0726 STB 1 (8),UNKNOWN,https://ik.imagekit.io/0iaahkrcv/Sound%20Bars/KE_ONS_HP_RVMP_0726_STB-1%20(8).png?updatedAt=1786520163114
6a7c22625c7cd75eb83a6c16,Sound Bars,KE_ONS_HP_RVMP_0726_STB-1 (9).png,KE ONS HP RVMP 0726 STB 1 (9),UNKNOWN,https://ik.imagekit.io/0iaahkrcv/Sound%20Bars/KE_ONS_HP_RVMP_0726_STB-1%20(9).png?updatedAt=1786520163216
6a7c22625c7cd75eb83a6c1e,Sound Bars,KE_ONS_HP_RVMP_0726_STB-1.png,KE ONS HP RVMP 0726 STB 1,UNKNOWN,https://ik.imagekit.io/0iaahkrcv/Sound%20Bars/KE_ONS_HP_RVMP_0726_STB-1.png?updatedAt=1786520163235
6a7c22625c7cd75eb83a6ced,Sound Bars,logo_jumia (1).svg,logo jumia (1),BRAND_LOGO,https://ik.imagekit.io/0iaahkrcv/Sound%20Bars/logo_jumia%20(1).svg?updatedAt=1786520163398
6a7c22625c7cd75eb83a6ce9,Sound Bars,logo_jumia (10).svg,logo jumia (10),BRAND_LOGO,https://ik.imagekit.io/0iaahkrcv/Sound%20Bars/logo_jumia%20(10).svg?updatedAt=1786520163387
6a7c22625c7cd75eb83a6d03,Sound Bars,logo_jumia (2).svg,logo jumia (2),BRAND_LOGO,https://ik.imagekit.io/0iaahkrcv/Sound%20Bars/logo_jumia%20(2).svg?updatedAt=1786520163372
6a7c22625c7cd75eb83a6ea2,Sound Bars,logo_jumia (3).svg,logo jumia (3),BRAND_LOGO,https://ik.imagekit.io/0iaahkrcv/Sound%20Bars/logo_jumia%20(3).svg?updatedAt=1786520163580
6a7c22625c7cd75eb83a6dca,Sound Bars,logo_jumia (4).svg,logo jumia (4),BRAND_LOGO,https://ik.imagekit.io/0iaahkrcv/Sound%20Bars/logo_jumia%20(4).svg?updatedAt=1786520163438
6a7c22635c7cd75eb83a7570,Sound Bars,logo_jumia (5).svg,logo jumia (5),BRAND_LOGO,https://ik.imagekit.io/0iaahkrcv/Sound%20Bars/logo_jumia%20(5).svg?updatedAt=1786520164394
6a7c22625c7cd75eb83a6eb0,Sound Bars,logo_jumia (6).svg,logo jumia (6),BRAND_LOGO,https://ik.imagekit.io/0iaahkrcv/Sound%20Bars/logo_jumia%20(6).svg?updatedAt=1786520163571
6a7c22625c7cd75eb83a6e02,Sound Bars,logo_jumia (7).svg,logo jumia (7),BRAND_LOGO,https://ik.imagekit.io/0iaahkrcv/Sound%20Bars/logo_jumia%20(7).svg?updatedAt=1786520163458
6a7c22625c7cd75eb83a6ec1,Sound Bars,logo_jumia (8).svg,logo jumia (8),BRAND_LOGO,https://ik.imagekit.io/0iaahkrcv/Sound%20Bars/logo_jumia%20(8).svg?updatedAt=1786520163635
6a7c22695c7cd75eb83a955c,Sound Bars,logo_jumia (9).svg,logo jumia (9),BRAND_LOGO,https://ik.imagekit.io/0iaahkrcv/Sound%20Bars/logo_jumia%20(9).svg?updatedAt=1786520170504
6a7c22695c7cd75eb83a944a,Sound Bars,logo_jumia.svg,logo jumia,BRAND_LOGO,https://ik.imagekit.io/0iaahkrcv/Sound%20Bars/logo_jumia.svg?updatedAt=1786520170322
6a7c23535c7cd75eb8406c13,tvs,app-logo-desktop (1).svg,app logo desktop (1),BRAND_LOGO,https://ik.imagekit.io/0iaahkrcv/tvs/app-logo-desktop%20(1).svg?updatedAt=1786520403995
6a7c23535c7cd75eb8406c81,tvs,app-logo-desktop (2).svg,app logo desktop (2),BRAND_LOGO,https://ik.imagekit.io/0iaahkrcv/tvs/app-logo-desktop%20(2).svg?updatedAt=1786520404102
6a7c23535c7cd75eb8406cf4,tvs,app-logo-desktop (3).svg,app logo desktop (3),BRAND_LOGO,https://ik.imagekit.io/0iaahkrcv/tvs/app-logo-desktop%20(3).svg?updatedAt=1786520404164
6a7c23535c7cd75eb8406c5f,tvs,app-logo-desktop (4).svg,app logo desktop (4),BRAND_LOGO,https://ik.imagekit.io/0iaahkrcv/tvs/app-logo-desktop%20(4).svg?updatedAt=1786520404153
6a7c23535c7cd75eb8406c5d,tvs,app-logo-desktop.svg,app logo desktop,BRAND_LOGO,https://ik.imagekit.io/0iaahkrcv/tvs/app-logo-desktop.svg?updatedAt=1786520403980
6a7c23535c7cd75eb8406cfa,tvs,chevron-down.8ee3574 (1).svg,chevron down.8ee3574 (1),GLOBAL_ICON,https://ik.imagekit.io/0iaahkrcv/tvs/chevron-down.8ee3574%20(1).svg?updatedAt=1786520404016
6a7c23535c7cd75eb8406c71,tvs,chevron-down.8ee3574 (2).svg,chevron down.8ee3574 (2),GLOBAL_ICON,https://ik.imagekit.io/0iaahkrcv/tvs/chevron-down.8ee3574%20(2).svg?updatedAt=1786520404099
6a7c23535c7cd75eb8406d06,tvs,chevron-down.8ee3574 (3).svg,chevron down.8ee3574 (3),GLOBAL_ICON,https://ik.imagekit.io/0iaahkrcv/tvs/chevron-down.8ee3574%20(3).svg?updatedAt=1786520404069
6a7c23535c7cd75eb8406cea,tvs,chevron-down.8ee3574 (4).svg,chevron down.8ee3574 (4),GLOBAL_ICON,https://ik.imagekit.io/0iaahkrcv/tvs/chevron-down.8ee3574%20(4).svg?updatedAt=1786520404010
6a7c23535c7cd75eb8406cf9,tvs,chevron-down.8ee3574.svg,chevron down.8ee3574,GLOBAL_ICON,https://ik.imagekit.io/0iaahkrcv/tvs/chevron-down.8ee3574.svg?updatedAt=1786520404144
6a7c23535c7cd75eb8406c46,tvs,download (1).svg,download (1),GLOBAL_ICON,https://ik.imagekit.io/0iaahkrcv/tvs/download%20(1).svg?updatedAt=1786520403938
6a7c23535c7cd75eb8406d1c,tvs,download (10).svg,download (10),GLOBAL_ICON,https://ik.imagekit.io/0iaahkrcv/tvs/download%20(10).svg?updatedAt=1786520404088
6a7c23535c7cd75eb8406c7e,tvs,download (11).svg,download (11),GLOBAL_ICON,https://ik.imagekit.io/0iaahkrcv/tvs/download%20(11).svg?updatedAt=1786520404140
6a7c23535c7cd75eb8406c6d,tvs,download (12).svg,download (12),GLOBAL_ICON,https://ik.imagekit.io/0iaahkrcv/tvs/download%20(12).svg?updatedAt=1786520404015
6a7c23535c7cd75eb8406c86,tvs,download (13).svg,download (13),GLOBAL_ICON,https://ik.imagekit.io/0iaahkrcv/tvs/download%20(13).svg?updatedAt=1786520404238
6a7c23535c7cd75eb8406c9d,tvs,download (14).svg,download (14),GLOBAL_ICON,https://ik.imagekit.io/0iaahkrcv/tvs/download%20(14).svg?updatedAt=1786520404151
6a7c23535c7cd75eb8406c53,tvs,download (15).svg,download (15),GLOBAL_ICON,https://ik.imagekit.io/0iaahkrcv/tvs/download%20(15).svg?updatedAt=1786520404096
6a7c23535c7cd75eb8406d26,tvs,download (16).svg,download (16),GLOBAL_ICON,https://ik.imagekit.io/0iaahkrcv/tvs/download%20(16).svg?updatedAt=1786520404167
6a7c23535c7cd75eb8406cfd,tvs,download (17).svg,download (17),GLOBAL_ICON,https://ik.imagekit.io/0iaahkrcv/tvs/download%20(17).svg?updatedAt=1786520404110
6a7c23535c7cd75eb8406d52,tvs,download (18).svg,download (18),GLOBAL_ICON,https://ik.imagekit.io/0iaahkrcv/tvs/download%20(18).svg?updatedAt=1786520404078
6a7c23535c7cd75eb8406c95,tvs,download (19).svg,download (19),GLOBAL_ICON,https://ik.imagekit.io/0iaahkrcv/tvs/download%20(19).svg?updatedAt=1786520404024
6a7c23535c7cd75eb8406c77,tvs,download (2).svg,download (2),GLOBAL_ICON,https://ik.imagekit.io/0iaahkrcv/tvs/download%20(2).svg?updatedAt=1786520404130
6a7c23535c7cd75eb8406d11,tvs,download (20).svg,download (20),GLOBAL_ICON,https://ik.imagekit.io/0iaahkrcv/tvs/download%20(20).svg?updatedAt=1786520404031
6a7c23535c7cd75eb8406d25,tvs,download (21).svg,download (21),GLOBAL_ICON,https://ik.imagekit.io/0iaahkrcv/tvs/download%20(21).svg?updatedAt=1786520404041
6a7c23535c7cd75eb8406d45,tvs,download (22).svg,download (22),GLOBAL_ICON,https://ik.imagekit.io/0iaahkrcv/tvs/download%20(22).svg?updatedAt=1786520404167
6a7c23535c7cd75eb8406c49,tvs,download (23).svg,download (23),GLOBAL_ICON,https://ik.imagekit.io/0iaahkrcv/tvs/download%20(23).svg?updatedAt=1786520403943
6a7c23535c7cd75eb8406d32,tvs,download (24).svg,download (24),GLOBAL_ICON,https://ik.imagekit.io/0iaahkrcv/tvs/download%20(24).svg?updatedAt=1786520404083
6a7c23535c7cd75eb8406c90,tvs,download (25).svg,download (25),GLOBAL_ICON,https://ik.imagekit.io/0iaahkrcv/tvs/download%20(25).svg?updatedAt=1786520404243
6a7c23535c7cd75eb8406d38,tvs,download (26).svg,download (26),GLOBAL_ICON,https://ik.imagekit.io/0iaahkrcv/tvs/download%20(26).svg?updatedAt=1786520404201
6a7c23535c7cd75eb8406ce5,tvs,download (27).svg,download (27),GLOBAL_ICON,https://ik.imagekit.io/0iaahkrcv/tvs/download%20(27).svg?updatedAt=1786520404260
6a7c23535c7cd75eb8406d30,tvs,download (28).svg,download (28),GLOBAL_ICON,https://ik.imagekit.io/0iaahkrcv/tvs/download%20(28).svg?updatedAt=1786520404080
6a7c23535c7cd75eb8406c8b,tvs,download (29).svg,download (29),GLOBAL_ICON,https://ik.imagekit.io/0iaahkrcv/tvs/download%20(29).svg?updatedAt=1786520403996
6a7c23535c7cd75eb8406d33,tvs,download (3).svg,download (3),GLOBAL_ICON,https://ik.imagekit.io/0iaahkrcv/tvs/download%20(3).svg?updatedAt=1786520404276
6a7c23535c7cd75eb8406cab,tvs,download (30).svg,download (30),GLOBAL_ICON,https://ik.imagekit.io/0iaahkrcv/tvs/download%20(30).svg?updatedAt=1786520404146
6a7c23545c7cd75eb840731c,tvs,download (31).svg,download (31),GLOBAL_ICON,https://ik.imagekit.io/0iaahkrcv/tvs/download%20(31).svg?updatedAt=1786520404681
6a7c23535c7cd75eb8406d1d,tvs,download (32).svg,download (32),GLOBAL_ICON,https://ik.imagekit.io/0iaahkrcv/tvs/download%20(32).svg?updatedAt=1786520404114
6a7c23535c7cd75eb8406c94,tvs,download (33).svg,download (33),GLOBAL_ICON,https://ik.imagekit.io/0iaahkrcv/tvs/download%20(33).svg?updatedAt=1786520404005
6a7c23535c7cd75eb8406d07,tvs,download (34).svg,download (34),GLOBAL_ICON,https://ik.imagekit.io/0iaahkrcv/tvs/download%20(34).svg?updatedAt=1786520404148
6a7c23535c7cd75eb8406c7b,tvs,download (35).svg,download (35),GLOBAL_ICON,https://ik.imagekit.io/0iaahkrcv/tvs/download%20(35).svg?updatedAt=1786520403981
6a7c23535c7cd75eb8406d6e,tvs,download (36).svg,download (36),GLOBAL_ICON,https://ik.imagekit.io/0iaahkrcv/tvs/download%20(36).svg?updatedAt=1786520404114
6a7c23535c7cd75eb8406cdc,tvs,download (37).svg,download (37),GLOBAL_ICON,https://ik.imagekit.io/0iaahkrcv/tvs/download%20(37).svg?updatedAt=1786520404257
6a7c23535c7cd75eb8406c89,tvs,download (38).svg,download (38),GLOBAL_ICON,https://ik.imagekit.io/0iaahkrcv/tvs/download%20(38).svg?updatedAt=1786520404166
6a7c23535c7cd75eb8406c9a,tvs,download (39).svg,download (39),GLOBAL_ICON,https://ik.imagekit.io/0iaahkrcv/tvs/download%20(39).svg?updatedAt=1786520404029
6a7c23535c7cd75eb8406d4a,tvs,download (4).svg,download (4),GLOBAL_ICON,https://ik.imagekit.io/0iaahkrcv/tvs/download%20(4).svg?updatedAt=1786520404244
6a7c23535c7cd75eb8406ca2,tvs,download (40).svg,download (40),GLOBAL_ICON,https://ik.imagekit.io/0iaahkrcv/tvs/download%20(40).svg?updatedAt=1786520404180
6a7c23535c7cd75eb8406d66,tvs,download (41).svg,download (41),GLOBAL_ICON,https://ik.imagekit.io/0iaahkrcv/tvs/download%20(41).svg?updatedAt=1786520404200
6a7c23535c7cd75eb8406d95,tvs,download (42).svg,download (42),GLOBAL_ICON,https://ik.imagekit.io/0iaahkrcv/tvs/download%20(42).svg?updatedAt=1786520404170
6a7c23535c7cd75eb8406d3f,tvs,download (43).svg,download (43),GLOBAL_ICON,https://ik.imagekit.io/0iaahkrcv/tvs/download%20(43).svg?updatedAt=1786520404310
6a7c23535c7cd75eb8406cb3,tvs,download (44).svg,download (44),GLOBAL_ICON,https://ik.imagekit.io/0iaahkrcv/tvs/download%20(44).svg?updatedAt=1786520404155
6a7c23545c7cd75eb8407314,tvs,download (45).svg,download (45),GLOBAL_ICON,https://ik.imagekit.io/0iaahkrcv/tvs/download%20(45).svg?updatedAt=1786520404694
6a7c23535c7cd75eb8406d9b,tvs,download (46).svg,download (46),GLOBAL_ICON,https://ik.imagekit.io/0iaahkrcv/tvs/download%20(46).svg?updatedAt=1786520404229
6a7c23535c7cd75eb8406dbe,tvs,download (47).svg,download (47),GLOBAL_ICON,https://ik.imagekit.io/0iaahkrcv/tvs/download%20(47).svg?updatedAt=1786520404300
6a7c23535c7cd75eb8406d14,tvs,download (48).svg,download (48),GLOBAL_ICON,https://ik.imagekit.io/0iaahkrcv/tvs/download%20(48).svg?updatedAt=1786520404068
6a7c23535c7cd75eb8406d79,tvs,download (49).svg,download (49),GLOBAL_ICON,https://ik.imagekit.io/0iaahkrcv/tvs/download%20(49).svg?updatedAt=1786520404072
6a7c23535c7cd75eb8406d00,tvs,download (5).svg,download (5),GLOBAL_ICON,https://ik.imagekit.io/0iaahkrcv/tvs/download%20(5).svg?updatedAt=1786520404107
6a7c23535c7cd75eb8406dc9,tvs,download (50).svg,download (50),GLOBAL_ICON,https://ik.imagekit.io/0iaahkrcv/tvs/download%20(50).svg?updatedAt=1786520404148
6a7c23535c7cd75eb8406d51,tvs,download (51).svg,download (51),GLOBAL_ICON,https://ik.imagekit.io/0iaahkrcv/tvs/download%20(51).svg?updatedAt=1786520404220
6a7c23535c7cd75eb8406db5,tvs,download (52).svg,download (52),GLOBAL_ICON,https://ik.imagekit.io/0iaahkrcv/tvs/download%20(52).svg?updatedAt=1786520404154
6a7c23545c7cd75eb8407829,tvs,download (53).svg,download (53),GLOBAL_ICON,https://ik.imagekit.io/0iaahkrcv/tvs/download%20(53).svg?updatedAt=1786520405265
6a7c23545c7cd75eb8407904,tvs,download (54).svg,download (54),GLOBAL_ICON,https://ik.imagekit.io/0iaahkrcv/tvs/download%20(54).svg?updatedAt=1786520405380
6a7c23555c7cd75eb8407c37,tvs,download (55).svg,download (55),GLOBAL_ICON,https://ik.imagekit.io/0iaahkrcv/tvs/download%20(55).svg?updatedAt=1786520405881
6a7c23655c7cd75eb840e876,tvs,download (56).svg,download (56),GLOBAL_ICON,https://ik.imagekit.io/0iaahkrcv/tvs/download%20(56).svg?updatedAt=1786520422056
6a7c236d5c7cd75eb84130dd,tvs,download (57).svg,download (57),GLOBAL_ICON,https://ik.imagekit.io/0iaahkrcv/tvs/download%20(57).svg?updatedAt=1786520429702
6a7c236d5c7cd75eb8413107,tvs,download (58).svg,download (58),GLOBAL_ICON,https://ik.imagekit.io/0iaahkrcv/tvs/download%20(58).svg?updatedAt=1786520429704
6a7c236d5c7cd75eb8413080,tvs,download (59).svg,download (59),GLOBAL_ICON,https://ik.imagekit.io/0iaahkrcv/tvs/download%20(59).svg?updatedAt=1786520429624
6a7c236d5c7cd75eb84130f3,tvs,download (6).svg,download (6),GLOBAL_ICON,https://ik.imagekit.io/0iaahkrcv/tvs/download%20(6).svg?updatedAt=1786520429708
6a7c236d5c7cd75eb84130fa,tvs,download (60).svg,download (60),GLOBAL_ICON,https://ik.imagekit.io/0iaahkrcv/tvs/download%20(60).svg?updatedAt=1786520429741
6a7c236d5c7cd75eb8413110,tvs,download (61).svg,download (61),GLOBAL_ICON,https://ik.imagekit.io/0iaahkrcv/tvs/download%20(61).svg?updatedAt=1786520429742
6a7c236d5c7cd75eb84130f4,tvs,download (62).svg,download (62),GLOBAL_ICON,https://ik.imagekit.io/0iaahkrcv/tvs/download%20(62).svg?updatedAt=1786520429698
6a7c236c5c7cd75eb8413070,tvs,download (63).svg,download (63),GLOBAL_ICON,https://ik.imagekit.io/0iaahkrcv/tvs/download%20(63).svg?updatedAt=1786520429610
6a7c236d5c7cd75eb8413677,tvs,download (64).svg,download (64),GLOBAL_ICON,https://ik.imagekit.io/0iaahkrcv/tvs/download%20(64).svg?updatedAt=1786520430089
6a7c236d5c7cd75eb84135f5,tvs,download (65).svg,download (65),GLOBAL_ICON,https://ik.imagekit.io/0iaahkrcv/tvs/download%20(65).svg?updatedAt=1786520430205
6a7c236d5c7cd75eb84135e2,tvs,download (66).svg,download (66),GLOBAL_ICON,https://ik.imagekit.io/0iaahkrcv/tvs/download%20(66).svg?updatedAt=1786520430146
6a7c236d5c7cd75eb84135ee,tvs,download (67).svg,download (67),GLOBAL_ICON,https://ik.imagekit.io/0iaahkrcv/tvs/download%20(67).svg?updatedAt=1786520430174
6a7c236d5c7cd75eb84135da,tvs,download (68).svg,download (68),GLOBAL_ICON,https://ik.imagekit.io/0iaahkrcv/tvs/download%20(68).svg?updatedAt=1786520430138
6a7c236d5c7cd75eb841359d,tvs,download (69).svg,download (69),GLOBAL_ICON,https://ik.imagekit.io/0iaahkrcv/tvs/download%20(69).svg?updatedAt=1786520430029
6a7c236d5c7cd75eb84136d4,tvs,download (7).svg,download (7),GLOBAL_ICON,https://ik.imagekit.io/0iaahkrcv/tvs/download%20(7).svg?updatedAt=1786520430285
6a7c236d5c7cd75eb84136ab,tvs,download (70).svg,download (70),GLOBAL_ICON,https://ik.imagekit.io/0iaahkrcv/tvs/download%20(70).svg?updatedAt=1786520430146
6a7c236d5c7cd75eb84135a9,tvs,download (71).svg,download (71),GLOBAL_ICON,https://ik.imagekit.io/0iaahkrcv/tvs/download%20(71).svg?updatedAt=1786520430048
6a7c236d5c7cd75eb841357d,tvs,download (72).svg,download (72),GLOBAL_ICON,https://ik.imagekit.io/0iaahkrcv/tvs/download%20(72).svg?updatedAt=1786520429978
6a7c236d5c7cd75eb8413615,tvs,download (73).svg,download (73),GLOBAL_ICON,https://ik.imagekit.io/0iaahkrcv/tvs/download%20(73).svg?updatedAt=1786520430015
6a7c236d5c7cd75eb8413630,tvs,download (74).svg,download (74),GLOBAL_ICON,https://ik.imagekit.io/0iaahkrcv/tvs/download%20(74).svg?updatedAt=1786520430027
6a7c236d5c7cd75eb8413656,tvs,download (75).svg,download (75),GLOBAL_ICON,https://ik.imagekit.io/0iaahkrcv/tvs/download%20(75).svg?updatedAt=1786520430064
6a7c236d5c7cd75eb8413623,tvs,download (76).svg,download (76),GLOBAL_ICON,https://ik.imagekit.io/0iaahkrcv/tvs/download%20(76).svg?updatedAt=1786520430029
6a7c236d5c7cd75eb841364c,tvs,download (77).svg,download (77),GLOBAL_ICON,https://ik.imagekit.io/0iaahkrcv/tvs/download%20(77).svg?updatedAt=1786520430084
6a7c236d5c7cd75eb841365c,tvs,download (78).svg,download (78),GLOBAL_ICON,https://ik.imagekit.io/0iaahkrcv/tvs/download%20(78).svg?updatedAt=1786520430097
6a7c236d5c7cd75eb84138b8,tvs,download (79).svg,download (79),GLOBAL_ICON,https://ik.imagekit.io/0iaahkrcv/tvs/download%20(79).svg?updatedAt=1786520430372
6a7c236d5c7cd75eb841377a,tvs,download (8).svg,download (8),GLOBAL_ICON,https://ik.imagekit.io/0iaahkrcv/tvs/download%20(8).svg?updatedAt=1786520430185
6a7c236d5c7cd75eb8413745,tvs,download (80).svg,download (80),GLOBAL_ICON,https://ik.imagekit.io/0iaahkrcv/tvs/download%20(80).svg?updatedAt=1786520430172
6a7c236d5c7cd75eb8413a04,tvs,download (81).svg,download (81),GLOBAL_ICON,https://ik.imagekit.io/0iaahkrcv/tvs/download%20(81).svg?updatedAt=1786520430427
6a7c236d5c7cd75eb8413742,tvs,download (82).svg,download (82),GLOBAL_ICON,https://ik.imagekit.io/0iaahkrcv/tvs/download%20(82).svg?updatedAt=1786520430114
6a7c236d5c7cd75eb8413740,tvs,download (83).svg,download (83),GLOBAL_ICON,https://ik.imagekit.io/0iaahkrcv/tvs/download%20(83).svg?updatedAt=1786520430093
6a7c236d5c7cd75eb841388d,tvs,download (84).svg,download (84),GLOBAL_ICON,https://ik.imagekit.io/0iaahkrcv/tvs/download%20(84).svg?updatedAt=1786520430238
6a7c236d5c7cd75eb84137eb,tvs,download (9).svg,download (9),GLOBAL_ICON,https://ik.imagekit.io/0iaahkrcv/tvs/download%20(9).svg?updatedAt=1786520430171
6a7c236d5c7cd75eb8413751,tvs,download.svg,download,GLOBAL_ICON,https://ik.imagekit.io/0iaahkrcv/tvs/download.svg?updatedAt=1786520430155
6a7c236e5c7cd75eb8413f95,tvs,hisense-original (1).webp,hisense original (1),BRAND_LOGO,https://ik.imagekit.io/0iaahkrcv/tvs/hisense-original%20(1).webp?updatedAt=1786520430645
6a7c236e5c7cd75eb8414025,tvs,hisense-original (10).webp,hisense original (10),BRAND_LOGO,https://ik.imagekit.io/0iaahkrcv/tvs/hisense-original%20(10).webp?updatedAt=1786520430794
6a7c236e5c7cd75eb8414185,tvs,hisense-original (11).webp,hisense original (11),BRAND_LOGO,https://ik.imagekit.io/0iaahkrcv/tvs/hisense-original%20(11).webp?updatedAt=1786520430919
6a7c236e5c7cd75eb8413fd1,tvs,hisense-original (12).webp,hisense original (12),BRAND_LOGO,https://ik.imagekit.io/0iaahkrcv/tvs/hisense-original%20(12).webp?updatedAt=1786520430646
6a7c236e5c7cd75eb8414003,tvs,hisense-original (13).webp,hisense original (13),BRAND_LOGO,https://ik.imagekit.io/0iaahkrcv/tvs/hisense-original%20(13).webp?updatedAt=1786520430785
6a7c236e5c7cd75eb8413fd4,tvs,hisense-original (14).webp,hisense original (14),BRAND_LOGO,https://ik.imagekit.io/0iaahkrcv/tvs/hisense-original%20(14).webp?updatedAt=1786520430724
6a7c236e5c7cd75eb84140d0,tvs,hisense-original (2).webp,hisense original (2),BRAND_LOGO,https://ik.imagekit.io/0iaahkrcv/tvs/hisense-original%20(2).webp?updatedAt=1786520430825
6a7c236e5c7cd75eb84140ad,tvs,hisense-original (3).webp,hisense original (3),BRAND_LOGO,https://ik.imagekit.io/0iaahkrcv/tvs/hisense-original%20(3).webp?updatedAt=1786520430729
6a7c236e5c7cd75eb8414144,tvs,hisense-original (4).webp,hisense original (4),BRAND_LOGO,https://ik.imagekit.io/0iaahkrcv/tvs/hisense-original%20(4).webp?updatedAt=1786520430893
6a7c236e5c7cd75eb8414086,tvs,hisense-original (5).webp,hisense original (5),BRAND_LOGO,https://ik.imagekit.io/0iaahkrcv/tvs/hisense-original%20(5).webp?updatedAt=1786520430706
6a7c236e5c7cd75eb84140b2,tvs,hisense-original (6).webp,hisense original (6),BRAND_LOGO,https://ik.imagekit.io/0iaahkrcv/tvs/hisense-original%20(6).webp?updatedAt=1786520430798
6a7c236e5c7cd75eb84140cd,tvs,hisense-original (7).webp,hisense original (7),BRAND_LOGO,https://ik.imagekit.io/0iaahkrcv/tvs/hisense-original%20(7).webp?updatedAt=1786520430794
6a7c236e5c7cd75eb8414161,tvs,hisense-original (8).webp,hisense original (8),BRAND_LOGO,https://ik.imagekit.io/0iaahkrcv/tvs/hisense-original%20(8).webp?updatedAt=1786520430808
6a7c236e5c7cd75eb84140db,tvs,hisense-original (9).webp,hisense original (9),BRAND_LOGO,https://ik.imagekit.io/0iaahkrcv/tvs/hisense-original%20(9).webp?updatedAt=1786520430742
6a7c236e5c7cd75eb8414139,tvs,hisense-original.webp,hisense original,BRAND_LOGO,https://ik.imagekit.io/0iaahkrcv/tvs/hisense-original.webp?updatedAt=1786520430957
6a7c236e5c7cd75eb8414116,tvs,infinix-logo-original (1).webp,infinix logo original (1),BRAND_LOGO,https://ik.imagekit.io/0iaahkrcv/tvs/infinix-logo-original%20(1).webp?updatedAt=1786520430942
6a7c236e5c7cd75eb84140a2,tvs,infinix-logo-original (10).webp,infinix logo original (10),BRAND_LOGO,https://ik.imagekit.io/0iaahkrcv/tvs/infinix-logo-original%20(10).webp?updatedAt=1786520430765
6a7c236e5c7cd75eb8414121,tvs,infinix-logo-original (11).webp,infinix logo original (11),BRAND_LOGO,https://ik.imagekit.io/0iaahkrcv/tvs/infinix-logo-original%20(11).webp?updatedAt=1786520430801
6a7c236e5c7cd75eb8414132,tvs,infinix-logo-original (12).webp,infinix logo original (12),BRAND_LOGO,https://ik.imagekit.io/0iaahkrcv/tvs/infinix-logo-original%20(12).webp?updatedAt=1786520430845
6a7c236e5c7cd75eb84140c2,tvs,infinix-logo-original (13).webp,infinix logo original (13),BRAND_LOGO,https://ik.imagekit.io/0iaahkrcv/tvs/infinix-logo-original%20(13).webp?updatedAt=1786520430863
6a7c236e5c7cd75eb84141e1,tvs,infinix-logo-original (14).webp,infinix logo original (14),BRAND_LOGO,https://ik.imagekit.io/0iaahkrcv/tvs/infinix-logo-original%20(14).webp?updatedAt=1786520430923
6a7c236e5c7cd75eb841419f,tvs,infinix-logo-original (2).webp,infinix logo original (2),BRAND_LOGO,https://ik.imagekit.io/0iaahkrcv/tvs/infinix-logo-original%20(2).webp?updatedAt=1786520430954
6a7c236e5c7cd75eb8414160,tvs,infinix-logo-original (3).webp,infinix logo original (3),BRAND_LOGO,https://ik.imagekit.io/0iaahkrcv/tvs/infinix-logo-original%20(3).webp?updatedAt=1786520430952
6a7c236e5c7cd75eb8414349,tvs,infinix-logo-original (4).webp,infinix logo original (4),BRAND_LOGO,https://ik.imagekit.io/0iaahkrcv/tvs/infinix-logo-original%20(4).webp?updatedAt=1786520431113
6a7c236e5c7cd75eb84142bb,tvs,infinix-logo-original (5).webp,infinix logo original (5),BRAND_LOGO,https://ik.imagekit.io/0iaahkrcv/tvs/infinix-logo-original%20(5).webp?updatedAt=1786520431045
6a7c236e5c7cd75eb8414246,tvs,infinix-logo-original (6).webp,infinix logo original (6),BRAND_LOGO,https://ik.imagekit.io/0iaahkrcv/tvs/infinix-logo-original%20(6).webp?updatedAt=1786520431051
6a7c236e5c7cd75eb84141c4,tvs,infinix-logo-original (7).webp,infinix logo original (7),BRAND_LOGO,https://ik.imagekit.io/0iaahkrcv/tvs/infinix-logo-original%20(7).webp?updatedAt=1786520430879
6a7c236e5c7cd75eb8414298,tvs,infinix-logo-original (8).webp,infinix logo original (8),BRAND_LOGO,https://ik.imagekit.io/0iaahkrcv/tvs/infinix-logo-original%20(8).webp?updatedAt=1786520431030
6a7c236e5c7cd75eb8414213,tvs,infinix-logo-original (9).webp,infinix logo original (9),BRAND_LOGO,https://ik.imagekit.io/0iaahkrcv/tvs/infinix-logo-original%20(9).webp?updatedAt=1786520430918
6a7c236e5c7cd75eb8414317,tvs,infinix-logo-original.webp,infinix logo original,BRAND_LOGO,https://ik.imagekit.io/0iaahkrcv/tvs/infinix-logo-original.webp?updatedAt=1786520431165
6a7c236e5c7cd75eb8414334,tvs,itel-logo-original (1).webp,itel logo original (1),BRAND_LOGO,https://ik.imagekit.io/0iaahkrcv/tvs/itel-logo-original%20(1).webp?updatedAt=1786520431028
6a7c23705c7cd75eb8415c57,tvs,itel-logo-original (10).webp,itel logo original (10),BRAND_LOGO,https://ik.imagekit.io/0iaahkrcv/tvs/itel-logo-original%20(10).webp?updatedAt=1786520433188
6a7c23705c7cd75eb8415c59,tvs,itel-logo-original (11).webp,itel logo original (11),BRAND_LOGO,https://ik.imagekit.io/0iaahkrcv/tvs/itel-logo-original%20(11).webp?updatedAt=1786520433158
6a7c23705c7cd75eb8415d1e,tvs,itel-logo-original (12).webp,itel logo original (12),BRAND_LOGO,https://ik.imagekit.io/0iaahkrcv/tvs/itel-logo-original%20(12).webp?updatedAt=1786520433349
6a7c23705c7cd75eb8415c66,tvs,itel-logo-original (13).webp,itel logo original (13),BRAND_LOGO,https://ik.imagekit.io/0iaahkrcv/tvs/itel-logo-original%20(13).webp?updatedAt=1786520433220
6a7c23705c7cd75eb8415c85,tvs,itel-logo-original (14).webp,itel logo original (14),BRAND_LOGO,https://ik.imagekit.io/0iaahkrcv/tvs/itel-logo-original%20(14).webp?updatedAt=1786520433271
6a7c23755c7cd75eb8418bba,tvs,itel-logo-original (2).webp,itel logo original (2),BRAND_LOGO,https://ik.imagekit.io/0iaahkrcv/tvs/itel-logo-original%20(2).webp?updatedAt=1786520438001
6a7c23755c7cd75eb8418b7e,tvs,itel-logo-original (3).webp,itel logo original (3),BRAND_LOGO,https://ik.imagekit.io/0iaahkrcv/tvs/itel-logo-original%20(3).webp?updatedAt=1786520437913
6a7c23755c7cd75eb8418b91,tvs,itel-logo-original (4).webp,itel logo original (4),BRAND_LOGO,https://ik.imagekit.io/0iaahkrcv/tvs/itel-logo-original%20(4).webp?updatedAt=1786520438042
6a7c23755c7cd75eb8418ae4,tvs,itel-logo-original (5).webp,itel logo original (5),BRAND_LOGO,https://ik.imagekit.io/0iaahkrcv/tvs/itel-logo-original%20(5).webp?updatedAt=1786520437911
6a7c23755c7cd75eb8418b89,tvs,itel-logo-original (6).webp,itel logo original (6),BRAND_LOGO,https://ik.imagekit.io/0iaahkrcv/tvs/itel-logo-original%20(6).webp?updatedAt=1786520438017
6a7c238c5c7cd75eb8421a97,tvs,itel-logo-original (7).webp,itel logo original (7),BRAND_LOGO,https://ik.imagekit.io/0iaahkrcv/tvs/itel-logo-original%20(7).webp?updatedAt=1786520460677
6a7c238c5c7cd75eb8421bde,tvs,itel-logo-original (8).webp,itel logo original (8),BRAND_LOGO,https://ik.imagekit.io/0iaahkrcv/tvs/itel-logo-original%20(8).webp?updatedAt=1786520460967
6a7c238c5c7cd75eb8421aa6,tvs,itel-logo-original (9).webp,itel logo original (9),BRAND_LOGO,https://ik.imagekit.io/0iaahkrcv/tvs/itel-logo-original%20(9).webp?updatedAt=1786520460692
6a7c238c5c7cd75eb8421adc,tvs,itel-logo-original.webp,itel logo original,BRAND_LOGO,https://ik.imagekit.io/0iaahkrcv/tvs/itel-logo-original.webp?updatedAt=1786520460740
6a7c23ab5c7cd75eb842ec30,tvs,lg-logo-original (1).webp,lg logo original (1),BRAND_LOGO,https://ik.imagekit.io/0iaahkrcv/tvs/lg-logo-original%20(1).webp?updatedAt=1786520492070
6a7c23ab5c7cd75eb842ec7a,tvs,lg-logo-original (10).webp,lg logo original (10),BRAND_LOGO,https://ik.imagekit.io/0iaahkrcv/tvs/lg-logo-original%20(10).webp?updatedAt=1786520492028
6a7c23ab5c7cd75eb842ec86,tvs,lg-logo-original (11).webp,lg logo original (11),BRAND_LOGO,https://ik.imagekit.io/0iaahkrcv/tvs/lg-logo-original%20(11).webp?updatedAt=1786520492102
6a7c23ab5c7cd75eb842ecf5,tvs,lg-logo-original (12).webp,lg logo original (12),BRAND_LOGO,https://ik.imagekit.io/0iaahkrcv/tvs/lg-logo-original%20(12).webp?updatedAt=1786520492212
6a7c23ab5c7cd75eb842ece8,tvs,lg-logo-original (13).webp,lg logo original (13),BRAND_LOGO,https://ik.imagekit.io/0iaahkrcv/tvs/lg-logo-original%20(13).webp?updatedAt=1786520492148
6a7c23ab5c7cd75eb842ec83,tvs,lg-logo-original (14).webp,lg logo original (14),BRAND_LOGO,https://ik.imagekit.io/0iaahkrcv/tvs/lg-logo-original%20(14).webp?updatedAt=1786520492063
6a7c23ab5c7cd75eb842ece9,tvs,lg-logo-original (2).webp,lg logo original (2),BRAND_LOGO,https://ik.imagekit.io/0iaahkrcv/tvs/lg-logo-original%20(2).webp?updatedAt=1786520492149
6a7c23ab5c7cd75eb842ed06,tvs,lg-logo-original (3).webp,lg logo original (3),BRAND_LOGO,https://ik.imagekit.io/0iaahkrcv/tvs/lg-logo-original%20(3).webp?updatedAt=1786520492226
6a7c23ab5c7cd75eb842ecbf,tvs,lg-logo-original (4).webp,lg logo original (4),BRAND_LOGO,https://ik.imagekit.io/0iaahkrcv/tvs/lg-logo-original%20(4).webp?updatedAt=1786520492071
6a7c23ab5c7cd75eb842ecfe,tvs,lg-logo-original (5).webp,lg logo original (5),BRAND_LOGO,https://ik.imagekit.io/0iaahkrcv/tvs/lg-logo-original%20(5).webp?updatedAt=1786520492175
6a7c23ab5c7cd75eb842ed11,tvs,lg-logo-original (6).webp,lg logo original (6),BRAND_LOGO,https://ik.imagekit.io/0iaahkrcv/tvs/lg-logo-original%20(6).webp?updatedAt=1786520492181
6a7c23ab5c7cd75eb842ecc4,tvs,lg-logo-original (7).webp,lg logo original (7),BRAND_LOGO,https://ik.imagekit.io/0iaahkrcv/tvs/lg-logo-original%20(7).webp?updatedAt=1786520492157
6a7c23ab5c7cd75eb842ec97,tvs,lg-logo-original (8).webp,lg logo original (8),BRAND_LOGO,https://ik.imagekit.io/0iaahkrcv/tvs/lg-logo-original%20(8).webp?updatedAt=1786520492063
6a7c23ab5c7cd75eb842ec93,tvs,lg-logo-original (9).webp,lg logo original (9),BRAND_LOGO,https://ik.imagekit.io/0iaahkrcv/tvs/lg-logo-original%20(9).webp?updatedAt=1786520492056
6a7c23ab5c7cd75eb842ecfd,tvs,lg-logo-original.webp,lg logo original,BRAND_LOGO,https://ik.imagekit.io/0iaahkrcv/tvs/lg-logo-original.webp?updatedAt=1786520492115
6a7c23ab5c7cd75eb842ed63,tvs,loader.631b9ed (1).svg,loader.631b9ed (1),GLOBAL_ICON,https://ik.imagekit.io/0iaahkrcv/tvs/loader.631b9ed%20(1).svg?updatedAt=1786520492209
6a7c23ab5c7cd75eb842ed5a,tvs,loader.631b9ed (2).svg,loader.631b9ed (2),GLOBAL_ICON,https://ik.imagekit.io/0iaahkrcv/tvs/loader.631b9ed%20(2).svg?updatedAt=1786520492196
6a7c23ab5c7cd75eb842eca6,tvs,loader.631b9ed (3).svg,loader.631b9ed (3),GLOBAL_ICON,https://ik.imagekit.io/0iaahkrcv/tvs/loader.631b9ed%20(3).svg?updatedAt=1786520492037
6a7c23ab5c7cd75eb842eca0,tvs,loader.631b9ed (4).svg,loader.631b9ed (4),GLOBAL_ICON,https://ik.imagekit.io/0iaahkrcv/tvs/loader.631b9ed%20(4).svg?updatedAt=1786520492077
6a7c23ab5c7cd75eb842ed0d,tvs,loader.631b9ed.svg,loader.631b9ed,GLOBAL_ICON,https://ik.imagekit.io/0iaahkrcv/tvs/loader.631b9ed.svg?updatedAt=1786520492105
6a7c23de5c7cd75eb844b37b,tvs,samsung-logo-original (1).webp,samsung logo original (1),BRAND_LOGO,https://ik.imagekit.io/0iaahkrcv/tvs/samsung-logo-original%20(1).webp?updatedAt=1786520543440
6a7c23de5c7cd75eb844b2e5,tvs,samsung-logo-original (10).webp,samsung logo original (10),BRAND_LOGO,https://ik.imagekit.io/0iaahkrcv/tvs/samsung-logo-original%20(10).webp?updatedAt=1786520543534
6a7c23de5c7cd75eb844b39a,tvs,samsung-logo-original (11).webp,samsung logo original (11),BRAND_LOGO,https://ik.imagekit.io/0iaahkrcv/tvs/samsung-logo-original%20(11).webp?updatedAt=1786520543564
6a7c23de5c7cd75eb844b2d2,tvs,samsung-logo-original (12).webp,samsung logo original (12),BRAND_LOGO,https://ik.imagekit.io/0iaahkrcv/tvs/samsung-logo-original%20(12).webp?updatedAt=1786520543374
6a7c23de5c7cd75eb844b2e1,tvs,samsung-logo-original (13).webp,samsung logo original (13),BRAND_LOGO,https://ik.imagekit.io/0iaahkrcv/tvs/samsung-logo-original%20(13).webp?updatedAt=1786520543360
6a7c23de5c7cd75eb844b2ef,tvs,samsung-logo-original (14).webp,samsung logo original (14),BRAND_LOGO,https://ik.imagekit.io/0iaahkrcv/tvs/samsung-logo-original%20(14).webp?updatedAt=1786520543539
6a7c23de5c7cd75eb844b2fd,tvs,samsung-logo-original (2).webp,samsung logo original (2),BRAND_LOGO,https://ik.imagekit.io/0iaahkrcv/tvs/samsung-logo-original%20(2).webp?updatedAt=1786520543417
6a7c23de5c7cd75eb844b2f7,tvs,samsung-logo-original (3).webp,samsung logo original (3),BRAND_LOGO,https://ik.imagekit.io/0iaahkrcv/tvs/samsung-logo-original%20(3).webp?updatedAt=1786520543542
6a7c23de5c7cd75eb844b406,tvs,samsung-logo-original (4).webp,samsung logo original (4),BRAND_LOGO,https://ik.imagekit.io/0iaahkrcv/tvs/samsung-logo-original%20(4).webp?updatedAt=1786520543622
6a7c23de5c7cd75eb844b44b,tvs,samsung-logo-original (5).webp,samsung logo original (5),BRAND_LOGO,https://ik.imagekit.io/0iaahkrcv/tvs/samsung-logo-original%20(5).webp?updatedAt=1786520543633
6a7c23de5c7cd75eb844b3fd,tvs,samsung-logo-original (6).webp,samsung logo original (6),BRAND_LOGO,https://ik.imagekit.io/0iaahkrcv/tvs/samsung-logo-original%20(6).webp?updatedAt=1786520543533
6a7c23de5c7cd75eb844b3d5,tvs,samsung-logo-original (7).webp,samsung logo original (7),BRAND_LOGO,https://ik.imagekit.io/0iaahkrcv/tvs/samsung-logo-original%20(7).webp?updatedAt=1786520543582
6a7c23de5c7cd75eb844b314,tvs,samsung-logo-original (8).webp,samsung logo original (8),BRAND_LOGO,https://ik.imagekit.io/0iaahkrcv/tvs/samsung-logo-original%20(8).webp?updatedAt=1786520543446
6a7c23de5c7cd75eb844b5df,tvs,samsung-logo-original (9).webp,samsung logo original (9),BRAND_LOGO,https://ik.imagekit.io/0iaahkrcv/tvs/samsung-logo-original%20(9).webp?updatedAt=1786520543796
6a7c23df5c7cd75eb844b6d7,tvs,samsung-logo-original.webp,samsung logo original,BRAND_LOGO,https://ik.imagekit.io/0iaahkrcv/tvs/samsung-logo-original.webp?updatedAt=1786520543809
6a7c23df5c7cd75eb844b7ac,tvs,search.7d254c6 (1).svg,search.7d254c6 (1),GLOBAL_ICON,https://ik.imagekit.io/0iaahkrcv/tvs/search.7d254c6%20(1).svg?updatedAt=1786520543817
6a7c23df5c7cd75eb844b875,tvs,search.7d254c6 (2).svg,search.7d254c6 (2),GLOBAL_ICON,https://ik.imagekit.io/0iaahkrcv/tvs/search.7d254c6%20(2).svg?updatedAt=1786520544026
6a7c23df5c7cd75eb844b870,tvs,search.7d254c6 (3).svg,search.7d254c6 (3),GLOBAL_ICON,https://ik.imagekit.io/0iaahkrcv/tvs/search.7d254c6%20(3).svg?updatedAt=1786520543764
6a7c23df5c7cd75eb844b75b,tvs,search.7d254c6 (4).svg,search.7d254c6 (4),GLOBAL_ICON,https://ik.imagekit.io/0iaahkrcv/tvs/search.7d254c6%20(4).svg?updatedAt=1786520543712
6a7c23df5c7cd75eb844b851,tvs,search.7d254c6.svg,search.7d254c6,GLOBAL_ICON,https://ik.imagekit.io/0iaahkrcv/tvs/search.7d254c6.svg?updatedAt=1786520543741
6a7c23f95c7cd75eb845a6cb,tvs,sony-logo-original (1).webp,sony logo original (1),BRAND_LOGO,https://ik.imagekit.io/0iaahkrcv/tvs/sony-logo-original%20(1).webp?updatedAt=1786520570300
6a7c23f95c7cd75eb845a8e0,tvs,sony-logo-original (10).webp,sony logo original (10),BRAND_LOGO,https://ik.imagekit.io/0iaahkrcv/tvs/sony-logo-original%20(10).webp?updatedAt=1786520570529
6a7c23f95c7cd75eb845a754,tvs,sony-logo-original (11).webp,sony logo original (11),BRAND_LOGO,https://ik.imagekit.io/0iaahkrcv/tvs/sony-logo-original%20(11).webp?updatedAt=1786520570340
6a7c23f95c7cd75eb845a7ac,tvs,sony-logo-original (12).webp,sony logo original (12),BRAND_LOGO,https://ik.imagekit.io/0iaahkrcv/tvs/sony-logo-original%20(12).webp?updatedAt=1786520570463
6a7c23f95c7cd75eb845a74c,tvs,sony-logo-original (13).webp,sony logo original (13),BRAND_LOGO,https://ik.imagekit.io/0iaahkrcv/tvs/sony-logo-original%20(13).webp?updatedAt=1786520570263
6a7c23f95c7cd75eb845a72f,tvs,sony-logo-original (14).webp,sony logo original (14),BRAND_LOGO,https://ik.imagekit.io/0iaahkrcv/tvs/sony-logo-original%20(14).webp?updatedAt=1786520570330
6a7c23f95c7cd75eb845a854,tvs,sony-logo-original (2).webp,sony logo original (2),BRAND_LOGO,https://ik.imagekit.io/0iaahkrcv/tvs/sony-logo-original%20(2).webp?updatedAt=1786520570410
6a7c23f95c7cd75eb845a893,tvs,sony-logo-original (3).webp,sony logo original (3),BRAND_LOGO,https://ik.imagekit.io/0iaahkrcv/tvs/sony-logo-original%20(3).webp?updatedAt=1786520570463
6a7c23f95c7cd75eb845a85a,tvs,sony-logo-original (4).webp,sony logo original (4),BRAND_LOGO,https://ik.imagekit.io/0iaahkrcv/tvs/sony-logo-original%20(4).webp?updatedAt=1786520570460
6a7c23f95c7cd75eb845a79c,tvs,sony-logo-original (5).webp,sony logo original (5),BRAND_LOGO,https://ik.imagekit.io/0iaahkrcv/tvs/sony-logo-original%20(5).webp?updatedAt=1786520570308
6a7c23f95c7cd75eb845a836,tvs,sony-logo-original (6).webp,sony logo original (6),BRAND_LOGO,https://ik.imagekit.io/0iaahkrcv/tvs/sony-logo-original%20(6).webp?updatedAt=1786520570378
6a7c23f95c7cd75eb845a798,tvs,sony-logo-original (7).webp,sony logo original (7),BRAND_LOGO,https://ik.imagekit.io/0iaahkrcv/tvs/sony-logo-original%20(7).webp?updatedAt=1786520570373
6a7c23f95c7cd75eb845a76d,tvs,sony-logo-original (8).webp,sony logo original (8),BRAND_LOGO,https://ik.imagekit.io/0iaahkrcv/tvs/sony-logo-original%20(8).webp?updatedAt=1786520570292
6a7c23f95c7cd75eb845a853,tvs,sony-logo-original (9).webp,sony logo original (9),BRAND_LOGO,https://ik.imagekit.io/0iaahkrcv/tvs/sony-logo-original%20(9).webp?updatedAt=1786520570407
6a7c23f95c7cd75eb845a85f,tvs,sony-logo-original.webp,sony logo original,BRAND_LOGO,https://ik.imagekit.io/0iaahkrcv/tvs/sony-logo-original.webp?updatedAt=1786520570465
6a7c23fa5c7cd75eb845ac32,tvs,whatsapp (1).svg,whatsapp (1),GLOBAL_ICON,https://ik.imagekit.io/0iaahkrcv/tvs/whatsapp%20(1).svg?updatedAt=1786520570766
6a7c23fa5c7cd75eb845aea7,tvs,whatsapp (2).svg,whatsapp (2),GLOBAL_ICON,https://ik.imagekit.io/0iaahkrcv/tvs/whatsapp%20(2).svg?updatedAt=1786520570967
6a7c23fa5c7cd75eb845ae9b,tvs,whatsapp (3).svg,whatsapp (3),GLOBAL_ICON,https://ik.imagekit.io/0iaahkrcv/tvs/whatsapp%20(3).svg?updatedAt=1786520570824
6a7c23fa5c7cd75eb845b1c7,tvs,whatsapp (4).svg,whatsapp (4),GLOBAL_ICON,https://ik.imagekit.io/0iaahkrcv/tvs/whatsapp%20(4).svg?updatedAt=1786520570880
6a7c23fa5c7cd75eb845b1d8,tvs,whatsapp.svg,whatsapp,GLOBAL_ICON,https://ik.imagekit.io/0iaahkrcv/tvs/whatsapp.svg?updatedAt=1786520570944
6a7c23fa5c7cd75eb845b418,tvs,xiaomi-logo-original (1).webp,xiaomi logo original (1),BRAND_LOGO,https://ik.imagekit.io/0iaahkrcv/tvs/xiaomi-logo-original%20(1).webp?updatedAt=1786520571060
6a7c23fc5c7cd75eb845cc48,tvs,xiaomi-logo-original (10).webp,xiaomi logo original (10),BRAND_LOGO,https://ik.imagekit.io/0iaahkrcv/tvs/xiaomi-logo-original%20(10).webp?updatedAt=1786520573477
6a7c23fc5c7cd75eb845cc39,tvs,xiaomi-logo-original (11).webp,xiaomi logo original (11),BRAND_LOGO,https://ik.imagekit.io/0iaahkrcv/tvs/xiaomi-logo-original%20(11).webp?updatedAt=1786520573463
6a7c24055c7cd75eb845f3ed,tvs,xiaomi-logo-original (12).webp,xiaomi logo original (12),BRAND_LOGO,https://ik.imagekit.io/0iaahkrcv/tvs/xiaomi-logo-original%20(12).webp?updatedAt=1786520581691
6a7c24095c7cd75eb846126d,tvs,xiaomi-logo-original (13).webp,xiaomi logo original (13),BRAND_LOGO,https://ik.imagekit.io/0iaahkrcv/tvs/xiaomi-logo-original%20(13).webp?updatedAt=1786520586625
6a7c24055c7cd75eb845f67e,tvs,xiaomi-logo-original (14).webp,xiaomi logo original (14),BRAND_LOGO,https://ik.imagekit.io/0iaahkrcv/tvs/xiaomi-logo-original%20(14).webp?updatedAt=1786520582279
6a7c24065c7cd75eb845f8b7,tvs,xiaomi-logo-original (2).webp,xiaomi logo original (2),BRAND_LOGO,https://ik.imagekit.io/0iaahkrcv/tvs/xiaomi-logo-original%20(2).webp?updatedAt=1786520582734
6a7c24055c7cd75eb845f65e,tvs,xiaomi-logo-original (3).webp,xiaomi logo original (3),BRAND_LOGO,https://ik.imagekit.io/0iaahkrcv/tvs/xiaomi-logo-original%20(3).webp?updatedAt=1786520582204
6a7c240a5c7cd75eb846129d,tvs,xiaomi-logo-original (4).webp,xiaomi logo original (4),BRAND_LOGO,https://ik.imagekit.io/0iaahkrcv/tvs/xiaomi-logo-original%20(4).webp?updatedAt=1786520586713
6a7c240a5c7cd75eb84613a6,tvs,xiaomi-logo-original (5).webp,xiaomi logo original (5),BRAND_LOGO,https://ik.imagekit.io/0iaahkrcv/tvs/xiaomi-logo-original%20(5).webp?updatedAt=1786520586951
6a7c240a5c7cd75eb8461bc1,tvs,xiaomi-logo-original (6).webp,xiaomi logo original (6),BRAND_LOGO,https://ik.imagekit.io/0iaahkrcv/tvs/xiaomi-logo-original%20(6).webp?updatedAt=1786520587578
6a7c240a5c7cd75eb8461b2d,tvs,xiaomi-logo-original (7).webp,xiaomi logo original (7),BRAND_LOGO,https://ik.imagekit.io/0iaahkrcv/tvs/xiaomi-logo-original%20(7).webp?updatedAt=1786520587584
6a7c240a5c7cd75eb8461aff,tvs,xiaomi-logo-original (8).webp,xiaomi logo original (8),BRAND_LOGO,https://ik.imagekit.io/0iaahkrcv/tvs/xiaomi-logo-original%20(8).webp?updatedAt=1786520587464
6a7c240a5c7cd75eb8461a57,tvs,xiaomi-logo-original (9).webp,xiaomi logo original (9),BRAND_LOGO,https://ik.imagekit.io/0iaahkrcv/tvs/xiaomi-logo-original%20(9).webp?updatedAt=1786520587440
6a7c240c5c7cd75eb84623c8,tvs,xiaomi-logo-original.webp,xiaomi logo original,BRAND_LOGO,https://ik.imagekit.io/0iaahkrcv/tvs/xiaomi-logo-original.webp?updatedAt=1786520588687