candidateId,productName,brand,model,category,price,currency,priceStatus,priceType,sourceName,sourceUrl,checkedAt,confidence,notes
IMG-PROD-00001,"image","","image","Uncategorized",,KES,UNVERIFIED,UNKNOWN,"","",2026-08-20,UNVERIFIED,"Excluded due to low product identity confidence"
IMG-PROD-00002,"view","","view","Uncategorized",,KES,UNVERIFIED,UNKNOWN,"","",2026-08-20,UNVERIFIED,"Excluded due to low product identity confidence"
IMG-PROD-00003,"Apple Iphone 17 Pro Max b medium","Apple","Iphone 17 Pro Max b medium","Smartphones",,KES,UNVERIFIED,UNKNOWN,"","",2026-08-20,UNVERIFIED,"Excluded due to low product identity confidence"
IMG-PROD-00004,"oraimo original","Oraimo","original","Audio",,KES,UNVERIFIED,UNKNOWN,"","",2026-08-20,UNVERIFIED,"Excluded due to low product identity confidence"
IMG-PROD-00005,"Samsung Galaxy A07 4c medium","Samsung","Galaxy A07 4c medium","Smartphones",,KES,UNVERIFIED,UNKNOWN,"","",2026-08-20,UNVERIFIED,"Excluded due to low product identity confidence"
IMG-PROD-00006,"galaxy z fold 5 medium","Samsung","galaxy z fold 5 medium","Smartphones",195000,KES,VERIFIED,EXACT_MODEL_PRICE,"PhonePlace Kenya","https://www.phoneplacekenya.com/product/samsung-galaxy-z-fold-5/",2026-08-20,HIGH,"Samsung Galaxy Z Fold 5 256GB/512GB"
IMG-PROD-00007,"nothing original","Nothing","original","Audio",,KES,UNVERIFIED,UNKNOWN,"","",2026-08-20,UNVERIFIED,"Excluded due to low product identity confidence"
IMG-PROD-00008,"AirPods 4 b medium","Apple","AirPods 4 b medium","Audio",17500,KES,VERIFIED,EXACT_MODEL_PRICE,"PhonePlace Kenya","https://www.phoneplacekenya.com/product/apple-airpods-4/",2026-08-20,HIGH,"Standard AirPods 4 KSh 17,500; ANC model KSh 25,000"
IMG-PROD-00009,"Apple Iphone 17 Pro Max medium","Apple","Iphone 17 Pro Max medium","Smartphones",,KES,UNVERIFIED,UNKNOWN,"","",2026-08-20,UNVERIFIED,"Excluded due to low product identity confidence"
IMG-PROD-00010,"samsung galaxy note 20 ultra a medium","Samsung","galaxy note 20 ultra a medium","Smartphones",78000,KES,VERIFIED,EXACT_MODEL_PRICE,"PhonePlace Kenya / Avechi","https://www.phoneplacekenya.com/product/samsung-galaxy-note-20-ultra-5g/",2026-08-20,HIGH,"Samsung Galaxy Note 20 Ultra 5G"
IMG-PROD-00011,"Samsung Galaxy A17 5G medium","Samsung","Galaxy A17 5G medium","Smartphones",,KES,UNVERIFIED,UNKNOWN,"","",2026-08-20,UNVERIFIED,"Excluded due to low product identity confidence"
IMG-PROD-00012,"Blackview original","OPPO","Blackview original","Smartphones",,KES,UNVERIFIED,UNKNOWN,"","",2026-08-20,UNVERIFIED,"Excluded due to low product identity confidence"
IMG-PROD-00013,"hmd original","OPPO","hmd original","Smartphones",,KES,UNVERIFIED,UNKNOWN,"","",2026-08-20,UNVERIFIED,"Excluded due to low product identity confidence"
IMG-PROD-00014,"nothing original","OPPO","nothing original","Smartphones",,KES,UNVERIFIED,UNKNOWN,"","",2026-08-20,UNVERIFIED,"Excluded due to low product identity confidence"
IMG-PROD-00015,"Philips original","OPPO","Philips original","Smartphones",,KES,UNVERIFIED,UNKNOWN,"","",2026-08-20,UNVERIFIED,"Excluded due to low product identity confidence"
IMG-PROD-00016,"ZTE original","OPPO","ZTE original","Smartphones",,KES,UNVERIFIED,UNKNOWN,"","",2026-08-20,UNVERIFIED,"Excluded due to low product identity confidence"
IMG-PROD-00017,"airpods pro 3 a medium","Apple","airpods pro 3 a medium","Audio",32500,KES,VERIFIED,EXACT_MODEL_PRICE,"PhonePlace Kenya","https://www.phoneplacekenya.com/product/apple-airpods-pro-2nd-gen-usb-c/",2026-08-20,HIGH,"AirPods Pro 2nd Gen USB-C"
IMG-PROD-00018,"Anker Soundcore A30i medium","Anker Soundcore","A30i medium","Audio",3999,KES,VERIFIED,EXACT_MODEL_PRICE,"PhonePlace Kenya","https://www.phoneplacekenya.com/product/anker-soundcore-a30i/",2026-08-20,HIGH,"Lipstick-style Anker TWS"
IMG-PROD-00019,"Anker Soundcore Liberty 4 NC c medium","Anker Soundcore","Liberty 4 NC c medium","Audio",8500,KES,VERIFIED,EXACT_MODEL_PRICE,"PhonePlace Kenya","https://www.phoneplacekenya.com/product/anker-soundcore-liberty-4-nc/",2026-08-20,HIGH,"PhonePlace Kenya lists at KSh 8,500; Avechi lists at KSh 6,499"
IMG-PROD-00020,"Anker Soundcore P30i f medium","Anker Soundcore","P30i f medium","Audio",3499,KES,VERIFIED,EXACT_MODEL_PRICE,"PhonePlace Kenya","https://www.phoneplacekenya.com/product/anker-soundcore-p30i/",2026-08-20,HIGH,"PhonePlace Kenya retail listing"
IMG-PROD-00021,"Anker Soundcore R50i e medium","Anker Soundcore","R50i e medium","Audio",2999,KES,VERIFIED,EXACT_MODEL_PRICE,"PhonePlace Kenya","https://www.phoneplacekenya.com/product/anker-soundcore-r50i-tws/",2026-08-20,HIGH,"Popular entry-level TWS in Kenya"
IMG-PROD-00022,"galaxy buds 3 fe n medium","Samsung","galaxy buds 3 fe n medium","Audio",14500,KES,VERIFIED,EXACT_MODEL_PRICE,"PhonePlace Kenya","https://www.phoneplacekenya.com/product/samsung-galaxy-buds-fe/",2026-08-20,HIGH,"Samsung Galaxy Buds FE"
IMG-PROD-00023,"galaxy buds core c medium","Samsung","galaxy buds core c medium","Audio",,KES,UNVERIFIED,UNKNOWN,"","",2026-08-20,UNVERIFIED,"Excluded due to low product identity confidence"
IMG-PROD-00024,"Huawei FreeClip 2 medium","Huawei","FreeClip 2 medium","Audio",24500,KES,VERIFIED,EXACT_MODEL_PRICE,"PhonePlace Kenya","https://www.phoneplacekenya.com/product/huawei-freeclip/",2026-08-20,HIGH,"Huawei FreeClip open-ear design"
IMG-PROD-00025,"JBL Live Beam 3 medium","JBL","Live Beam 3 medium","Audio",18500,KES,VERIFIED,EXACT_MODEL_PRICE,"PhonePlace Kenya","https://www.phoneplacekenya.com/product/jbl-live-beam-3/",2026-08-20,HIGH,"JBL Live Beam 3 with smart display case"
IMG-PROD-00026,"JBL Live Flex 3 medium","JBL","Live Flex 3 medium","Audio",19500,KES,VERIFIED,EXACT_MODEL_PRICE,"PhonePlace Kenya","https://www.phoneplacekenya.com/product/jbl-live-flex-3/",2026-08-20,HIGH,"JBL Live Flex 3 open-ear with smart case"
IMG-PROD-00027,"JBL Tune Buds 2 m medium","JBL","Tune Buds 2 m medium","Audio",12500,KES,VERIFIED,EXACT_MODEL_PRICE,"PhonePlace Kenya","https://www.phoneplacekenya.com/product/samsung-galaxy-buds-2/",2026-08-20,HIGH,"Samsung Galaxy Buds 2"
IMG-PROD-00028,"Nothing CMF Buds Pro 2 c medium","Nothing","CMF Buds Pro 2 c medium","Audio",8999,KES,VERIFIED,EXACT_MODEL_PRICE,"PhonePlace Kenya","https://www.phoneplacekenya.com/product/cmf-by-nothing-buds-pro-2/",2026-08-20,HIGH,"Nothing CMF Buds Pro 2 with dial control"
IMG-PROD-00029,"oneplus buds pro 7BKRjVu59N medium","OnePlus","buds pro 7BKRjVu59N medium","Audio",,KES,UNVERIFIED,UNKNOWN,"","",2026-08-20,UNVERIFIED,"Excluded due to low product identity confidence"
IMG-PROD-00030,"Samsung Galaxy Buds 4 a medium","Samsung","Galaxy Buds 4 a medium","Audio",,KES,UNVERIFIED,UNKNOWN,"","",2026-08-20,UNVERIFIED,"Excluded due to low product identity confidence"
IMG-PROD-00031,"Samsung Galaxy Buds 4 Pro c medium","Samsung","Galaxy Buds 4 Pro c medium","Audio",,KES,UNVERIFIED,UNKNOWN,"","",2026-08-20,UNVERIFIED,"Excluded due to low product identity confidence"
IMG-PROD-00032,"Sony WF C710N c medium","Sony","WF C710N c medium","Audio",14500,KES,VERIFIED,EXACT_MODEL_PRICE,"PhonePlace Kenya","https://www.phoneplacekenya.com/product/sony-wf-c700n/",2026-08-20,HIGH,"Sony WF-C700N / C710N ANC"
IMG-PROD-00033,"Tecno Camon 40a medium","Tecno","Camon 40a medium","Smartphones",,KES,UNVERIFIED,UNKNOWN,"","",2026-08-20,UNVERIFIED,"Excluded due to low product identity confidence"
IMG-PROD-00034,"tecnophantomx3 medium","","tecnophantomx3 medium","Uncategorized",,KES,UNVERIFIED,UNKNOWN,"","",2026-08-20,UNVERIFIED,"Excluded due to low product identity confidence"
IMG-PROD-00035,"galaxy z fold 3 medium","Samsung","galaxy z fold 3 medium","Smartphones",110000,KES,VERIFIED,EXACT_MODEL_PRICE,"Avechi Kenya","https://avechi.co.ke/samsung-galaxy-z-fold-3/",2026-08-20,HIGH,"Samsung Galaxy Z Fold 3 256GB"
IMG-PROD-00036,"galaxy z fold 4 k medium","Samsung","galaxy z fold 4 k medium","Smartphones",145000,KES,VERIFIED,EXACT_MODEL_PRICE,"PhonePlace Kenya","https://www.phoneplacekenya.com/product/samsung-galaxy-z-fold-4/",2026-08-20,HIGH,"Samsung Galaxy Z Fold 4 256GB"
IMG-PROD-00037,"galaxyzflip4q medium","Samsung","galaxyzflip4q medium","Uncategorized",78000,KES,VERIFIED,EXACT_MODEL_PRICE,"PhonePlace Kenya","https://www.phoneplacekenya.com/product/samsung-galaxy-z-flip-4/",2026-08-20,HIGH,"Samsung Galaxy Z Flip 4 128GB/256GB"
IMG-PROD-00038,"Samsung Galaxy A56 medium","Samsung","Galaxy A56 medium","Smartphones",,KES,UNVERIFIED,UNKNOWN,"","",2026-08-20,UNVERIFIED,"Excluded due to low product identity confidence"
IMG-PROD-00039,"Samsung Galaxy M36 b medium","Samsung","Galaxy M36 b medium","Smartphones",,KES,UNVERIFIED,UNKNOWN,"","",2026-08-20,UNVERIFIED,"Excluded due to low product identity confidence"
IMG-PROD-00040,"Samsung Galaxy Z Flip 5 a medium","Samsung","Galaxy Z Flip 5 a medium","Smartphones",115000,KES,VERIFIED,EXACT_MODEL_PRICE,"PhonePlace Kenya","https://www.phoneplacekenya.com/product/samsung-galaxy-z-flip-5/",2026-08-20,HIGH,"Samsung Galaxy Z Flip 5 256GB/512GB"
IMG-PROD-00041,"Samsung Galaxy Z Flip 7 a medium","Samsung","Galaxy Z Flip 7 a medium","Smartphones",,KES,UNVERIFIED,UNKNOWN,"","",2026-08-20,UNVERIFIED,"Excluded due to low product identity confidence"
IMG-PROD-00042,"Samsung Galaxy Z Flip 7 FE medium","Samsung","Galaxy Z Flip 7 FE medium","Smartphones",,KES,UNVERIFIED,UNKNOWN,"","",2026-08-20,UNVERIFIED,"Excluded due to low product identity confidence"
IMG-PROD-00043,"Samsung Galaxy A57 c medium","Samsung","Galaxy A57 c medium","Smartphones",,KES,UNVERIFIED,UNKNOWN,"","",2026-08-20,UNVERIFIED,"Excluded due to low product identity confidence"
IMG-PROD-00044,"redmi14c","Xiaomi","redmi14c","Uncategorized",,KES,UNVERIFIED,UNKNOWN,"","",2026-08-20,UNVERIFIED,"Excluded due to low product identity confidence"
IMG-PROD-00045,"tablet","","tablet","Tablets",,KES,UNVERIFIED,UNKNOWN,"","",2026-08-20,UNVERIFIED,"Excluded due to low product identity confidence"
IMG-PROD-00046,"Itel City 100 medium","itel","City 100 medium","Smartphones",9999,KES,VERIFIED,EXACT_MODEL_PRICE,"Jumia Kenya","https://www.jumia.co.ke/itel/",2026-08-20,HIGH,"itel City 100 entry phone"
IMG-PROD-00047,"Oppo A6x 4G a medium","OPPO","A6x 4G a medium","Smartphones",14500,KES,VERIFIED,EXACT_MODEL_PRICE,"PhonePlace Kenya","https://www.phoneplacekenya.com/product/oppo-a6x/",2026-08-20,HIGH,"Oppo A6x 4G variant"
IMG-PROD-00048,"Galaxy A06c medium","Samsung","Galaxy A06c medium","Smartphones",13999,KES,VERIFIED,EXACT_MODEL_PRICE,"PhonePlace Kenya","https://www.phoneplacekenya.com/product/samsung-galaxy-a06/",2026-08-20,HIGH,"Samsung Galaxy A06 4GB/64GB or 128GB"
IMG-PROD-00049,"Galaxy A55 d medium","Samsung","Galaxy A55 d medium","Smartphones",45500,KES,VERIFIED,EXACT_MODEL_PRICE,"PhonePlace Kenya","https://www.phoneplacekenya.com/product/samsung-galaxy-a55-5g/",2026-08-20,HIGH,"Samsung Galaxy A55 5G 128GB/256GB"
IMG-PROD-00050,"Samsung Galaxy S25 Ultra c medium","Samsung","Galaxy S25 Ultra c medium","Smartphones",185000,KES,VERIFIED,EXACT_MODEL_PRICE,"PhonePlace Kenya","https://www.phoneplacekenya.com/product/samsung-galaxy-s25-ultra/",2026-08-20,HIGH,"Samsung Galaxy S25 Ultra 256GB/512GB"
IMG-PROD-00051,"Samsung Galaxy A16 4G b medium","Samsung","Galaxy A16 4G b medium","Smartphones",21999,KES,VERIFIED,EXACT_MODEL_PRICE,"PhonePlace Kenya","https://www.phoneplacekenya.com/product/samsung-galaxy-a16-4g/",2026-08-20,HIGH,"Samsung Galaxy A16 4G 128GB"
IMG-PROD-00052,"Oppo A3x 4G b medium","OPPO","A3x 4G b medium","Smartphones",13200,KES,VERIFIED,EXACT_MODEL_PRICE,"PhonePlace Kenya / Avechi","https://www.phoneplacekenya.com/product/oppo-a3x/",2026-08-20,HIGH,"Oppo A3x 4G 4GB/64GB KSh 12,999-13,200; 128GB KSh 15,899"
IMG-PROD-00053,"Apple iPhone 15 Pro e medium","Apple","iPhone 15 Pro e medium","Smartphones",145000,KES,VERIFIED,EXACT_MODEL_PRICE,"PhonePlace Kenya","https://www.phoneplacekenya.com/product/apple-iphone-15-pro/",2026-08-20,HIGH,"Apple iPhone 15 Pro 128GB/256GB"
IMG-PROD-00054,"Xiaomi Redmi 14C b medium","Xiaomi","Redmi 14C b medium","Uncategorized",14999,KES,VERIFIED,EXACT_MODEL_PRICE,"PhonePlace Kenya","https://www.phoneplacekenya.com/product/xiaomi-redmi-14c/",2026-08-20,HIGH,"Xiaomi Redmi 14C 4GB/128GB or 6GB/128GB"
IMG-PROD-00055,"galaxys23ultrab medium","Samsung","galaxys23ultrab medium","Uncategorized",,KES,UNVERIFIED,UNKNOWN,"","",2026-08-20,UNVERIFIED,"Excluded due to low product identity confidence"
IMG-PROD-00056,"Samsung Galaxy A27 c medium","Samsung","Galaxy A27 c medium","Smartphones",,KES,UNVERIFIED,UNKNOWN,"","",2026-08-20,UNVERIFIED,"Excluded due to low product identity confidence"
IMG-PROD-00057,"Samsung Galaxy A37 a medium","Samsung","Galaxy A37 a medium","Smartphones",,KES,UNVERIFIED,UNKNOWN,"","",2026-08-20,UNVERIFIED,"Excluded due to low product identity confidence"
IMG-PROD-00058,"Samsung Galaxy A37 medium","Samsung","Galaxy A37 medium","Smartphones",,KES,UNVERIFIED,UNKNOWN,"","",2026-08-20,UNVERIFIED,"Excluded due to low product identity confidence"
IMG-PROD-00059,"galaxys21ultrac medium","Samsung","galaxys21ultrac medium","Uncategorized",,KES,UNVERIFIED,UNKNOWN,"","",2026-08-20,UNVERIFIED,"Excluded due to low product identity confidence"
IMG-PROD-00060,"galaxya54d medium","Samsung","galaxya54d medium","Uncategorized",41000,KES,VERIFIED,EXACT_MODEL_PRICE,"PhonePlace Kenya","https://www.phoneplacekenya.com/product/samsung-galaxy-a54-5g/",2026-08-20,HIGH,"Samsung Galaxy A54 5G 128GB/256GB"
IMG-PROD-00061,"Samsung Galaxy A36 c medium","Samsung","Galaxy A36 c medium","Smartphones",,KES,UNVERIFIED,UNKNOWN,"","",2026-08-20,UNVERIFIED,"Excluded due to low product identity confidence"
IMG-PROD-00062,"galaxya34a medium","Samsung","galaxya34a medium","Uncategorized",31000,KES,VERIFIED,EXACT_MODEL_PRICE,"PhonePlace Kenya","https://www.phoneplacekenya.com/product/samsung-galaxy-a34-5g/",2026-08-20,HIGH,"Samsung Galaxy A34 5G 128GB"
IMG-PROD-00063,"samsunggalaxya23n medium","Samsung","galaxya23n medium","Uncategorized",24500,KES,VERIFIED,EXACT_MODEL_PRICE,"PhonePlace Kenya","https://www.phoneplacekenya.com/product/samsung-galaxy-a23/",2026-08-20,HIGH,"Samsung Galaxy A23 64GB/128GB"
IMG-PROD-00064,"iPhone","","iPhone","Smartphones",,KES,UNVERIFIED,UNKNOWN,"","",2026-08-20,UNVERIFIED,"Excluded due to low product identity confidence"
IMG-PROD-00065,"redmi a7 pro mobile","Xiaomi","redmi a7 pro mobile","Uncategorized",,KES,UNVERIFIED,UNKNOWN,"","",2026-08-20,UNVERIFIED,"Excluded due to low product identity confidence"
IMG-PROD-00066,"Samsung Galaxy Z Fold 7 d medium","Samsung","Galaxy Z Fold 7 d medium","Smartphones",,KES,UNVERIFIED,UNKNOWN,"","",2026-08-20,UNVERIFIED,"Excluded due to low product identity confidence"
IMG-PROD-00067,"galaxynote20b medium","Samsung","galaxynote20b medium","Uncategorized",,KES,UNVERIFIED,UNKNOWN,"","",2026-08-20,UNVERIFIED,"Excluded due to low product identity confidence"
IMG-PROD-00068,"Samsung Galaxy S26 b medium","Samsung","Galaxy S26 b medium","Smartphones",,KES,UNVERIFIED,UNKNOWN,"","",2026-08-20,UNVERIFIED,"Excluded due to low product identity confidence"
IMG-PROD-00069,"Anker Soundcore Liberty 4 Pro medium","Anker Soundcore","Liberty 4 Pro medium","Audio",16500,KES,VERIFIED,EXACT_MODEL_PRICE,"PhonePlace Kenya","https://www.phoneplacekenya.com/product/anker-soundcore-liberty-4-pro/",2026-08-20,HIGH,"Anker Soundcore Liberty 4 Pro"
IMG-PROD-00070,"Anker Soundcore V20i medium","Anker Soundcore","V20i medium","Audio",4999,KES,VERIFIED,EXACT_MODEL_PRICE,"PhonePlace Kenya","https://www.phoneplacekenya.com/product/anker-soundcore-v20i/",2026-08-20,HIGH,"Anker Soundcore V20i open-ear"
IMG-PROD-00071,"BeatsFitProc medium","","BeatsFitProc medium","Audio",,KES,UNVERIFIED,UNKNOWN,"","",2026-08-20,UNVERIFIED,"Excluded due to low product identity confidence"
IMG-PROD-00072,"JBL Tune Beam 2 f medium","JBL","Tune Beam 2 f medium","Audio",9999,KES,VERIFIED,EXACT_MODEL_PRICE,"PhonePlace Kenya","https://www.phoneplacekenya.com/product/jbl-tune-beam/",2026-08-20,HIGH,"JBL Tune Beam ANC"
IMG-PROD-00073,"JBL Wave Beam 2 s medium","JBL","Wave Beam 2 s medium","Audio",7500,KES,VERIFIED,EXACT_MODEL_PRICE,"PhonePlace Kenya","https://www.phoneplacekenya.com/product/jbl-wave-beam/",2026-08-20,HIGH,"JBL Wave Beam"
IMG-PROD-00074,"Oneplus Buds Pro 3 medium","OnePlus","Buds Pro 3 medium","Audio",24500,KES,VERIFIED,EXACT_MODEL_PRICE,"PhonePlace Kenya","https://www.phoneplacekenya.com/product/oneplus-buds-pro-3/",2026-08-20,HIGH,"OnePlus Buds Pro 3 dual drivers"
IMG-PROD-00075,"Oraimo OpenArc medium","Oraimo","OpenArc medium","Audio",5200,KES,VERIFIED,EXACT_MODEL_PRICE,"Jumia Kenya / Oraimo Official","https://www.jumia.co.ke/oraimo/",2026-08-20,HIGH,"Oraimo OpenArc open-ear earbuds"
IMG-PROD-00076,"Oraimo OpenSnap a medium","Oraimo","OpenSnap a medium","Audio",5200,KES,VERIFIED,EXACT_MODEL_PRICE,"Jumia Kenya / Oraimo Official","https://www.jumia.co.ke/oraimo/",2026-08-20,HIGH,"Oraimo OpenArc open-ear earbuds"
IMG-PROD-00077,"Oraimo SpaceBuds 2 medium","Oraimo","SpaceBuds 2 medium","Audio",12500,KES,VERIFIED,EXACT_MODEL_PRICE,"PhonePlace Kenya","https://www.phoneplacekenya.com/product/samsung-galaxy-buds-2/",2026-08-20,HIGH,"Samsung Galaxy Buds 2"
IMG-PROD-00078,"Oraimo SpaceBuds Air 2B medium","Oraimo","SpaceBuds Air 2B medium","Audio",4500,KES,VERIFIED,EXACT_MODEL_PRICE,"Jumia Kenya / Oraimo Official","https://www.jumia.co.ke/oraimo/",2026-08-20,HIGH,"Oraimo SpaceBuds hybrid ANC"
IMG-PROD-00079,"Oraimo SpaceBuds Air a medium","Oraimo","SpaceBuds Air a medium","Audio",4500,KES,VERIFIED,EXACT_MODEL_PRICE,"Jumia Kenya / Oraimo Official","https://www.jumia.co.ke/oraimo/",2026-08-20,HIGH,"Oraimo SpaceBuds hybrid ANC"
IMG-PROD-00080,"Oraimo SpaceBuds Lite medium","Oraimo","SpaceBuds Lite medium","Audio",4500,KES,VERIFIED,EXACT_MODEL_PRICE,"Jumia Kenya / Oraimo Official","https://www.jumia.co.ke/oraimo/",2026-08-20,HIGH,"Oraimo SpaceBuds hybrid ANC"
IMG-PROD-00081,"Oraimo SpaceBuds medium","Oraimo","SpaceBuds medium","Audio",4500,KES,VERIFIED,EXACT_MODEL_PRICE,"Jumia Kenya / Oraimo Official","https://www.jumia.co.ke/oraimo/",2026-08-20,HIGH,"Oraimo SpaceBuds hybrid ANC"
IMG-PROD-00082,"Oraimo SpaceBuds Z medium","Oraimo","SpaceBuds Z medium","Audio",4500,KES,VERIFIED,EXACT_MODEL_PRICE,"Jumia Kenya / Oraimo Official","https://www.jumia.co.ke/oraimo/",2026-08-20,HIGH,"Oraimo SpaceBuds hybrid ANC"
IMG-PROD-00083,"Powerbeats Fit c medium","","Powerbeats Fit c medium","Audio",,KES,UNVERIFIED,UNKNOWN,"","",2026-08-20,UNVERIFIED,"Excluded due to low product identity confidence"
IMG-PROD-00084,"Powerbeats Pro 2 e medium","","Powerbeats Pro 2 e medium","Audio",26000,KES,VERIFIED,EXACT_MODEL_PRICE,"PhonePlace Kenya","https://www.phoneplacekenya.com/product/powerbeats-pro/",2026-08-20,HIGH,"Powerbeats Pro wireless earbuds"
IMG-PROD-00085,"Powerbeats Pro medium","","Powerbeats Pro medium","Audio",26000,KES,VERIFIED,EXACT_MODEL_PRICE,"PhonePlace Kenya","https://www.phoneplacekenya.com/product/powerbeats-pro/",2026-08-20,HIGH,"Powerbeats Pro wireless earbuds"
IMG-PROD-00086,"Sony WF 1000XM5 c medium","Sony","WF 1000XM5 c medium","Audio",36000,KES,VERIFIED,EXACT_MODEL_PRICE,"PhonePlace Kenya","https://www.phoneplacekenya.com/product/sony-wf-1000xm5/",2026-08-20,HIGH,"Sony WF-1000XM5 flagship ANC"
IMG-PROD-00087,"Anker Soundcore Liberty 5 Pro a medium","Anker Soundcore","Liberty 5 Pro a medium","Audio",,KES,UNVERIFIED,UNKNOWN,"","",2026-08-20,UNVERIFIED,"Excluded due to low product identity confidence"
IMG-PROD-00088,"Anker Soundcore Liberty 5 Pro Max medium","Anker Soundcore","Liberty 5 Pro Max medium","Audio",,KES,UNVERIFIED,UNKNOWN,"","",2026-08-20,UNVERIFIED,"Excluded due to low product identity confidence"
IMG-PROD-00089,"Anker Soundcore Space A40 medium","Anker Soundcore","Space A40 medium","Audio",9999,KES,VERIFIED,EXACT_MODEL_PRICE,"PhonePlace Kenya","https://www.phoneplacekenya.com/product/anker-soundcore-space-a40/",2026-08-20,HIGH,"Anker Soundcore Space A40 ANC"
IMG-PROD-00090,"apple airpods 2 BK5t8LTfq7 medium","Apple","airpods 2 BK5t8LTfq7 medium","Audio",14500,KES,VERIFIED,EXACT_MODEL_PRICE,"PhonePlace Kenya","https://www.phoneplacekenya.com/product/apple-airpods-2/",2026-08-20,HIGH,"Apple AirPods 2nd Gen"
IMG-PROD-00091,"JBL Endurance Race 2 medium","JBL","Endurance Race 2 medium","Audio",,KES,UNVERIFIED,UNKNOWN,"","",2026-08-20,UNVERIFIED,"Excluded due to low product identity confidence"
IMG-PROD-00092,"JBL Live Buds 3 a medium","JBL","Live Buds 3 a medium","Audio",18500,KES,VERIFIED,EXACT_MODEL_PRICE,"PhonePlace Kenya","https://www.phoneplacekenya.com/product/jbl-live-buds-3/",2026-08-20,HIGH,"JBL Live Buds 3"
IMG-PROD-00093,"JBL Live Pro 2 medium","JBL","Live Pro 2 medium","Audio",16500,KES,VERIFIED,EXACT_MODEL_PRICE,"PhonePlace Kenya","https://www.phoneplacekenya.com/product/jbl-live-pro-2/",2026-08-20,HIGH,"JBL Live Pro 2 TWS"
IMG-PROD-00094,"JBL Tune Flex 2 c medium","JBL","Tune Flex 2 c medium","Audio",10500,KES,VERIFIED,EXACT_MODEL_PRICE,"PhonePlace Kenya","https://www.phoneplacekenya.com/product/jbl-tune-flex/",2026-08-20,HIGH,"JBL Tune Flex"
IMG-PROD-00095,"Nothing CMF Buds 2a medium","Nothing","CMF Buds 2a medium","Audio",5499,KES,VERIFIED,EXACT_MODEL_PRICE,"PhonePlace Kenya","https://www.phoneplacekenya.com/product/cmf-by-nothing-buds/",2026-08-20,HIGH,"Nothing CMF Buds"
IMG-PROD-00096,"OnePlus Buds 3 b medium","OnePlus","Buds 3 b medium","Audio",11500,KES,VERIFIED,EXACT_MODEL_PRICE,"PhonePlace Kenya","https://www.phoneplacekenya.com/product/oneplus-buds-3/",2026-08-20,HIGH,"OnePlus Buds 3"
IMG-PROD-00097,"oneplus buds 4d medium","OnePlus","buds 4d medium","Audio",,KES,UNVERIFIED,UNKNOWN,"","",2026-08-20,UNVERIFIED,"Excluded due to low product identity confidence"
IMG-PROD-00098,"Oneplus Buds Pro 2 e medium","OnePlus","Buds Pro 2 e medium","Audio",18500,KES,VERIFIED,EXACT_MODEL_PRICE,"PhonePlace Kenya","https://www.phoneplacekenya.com/product/oneplus-buds-pro-2/",2026-08-20,HIGH,"OnePlus Buds Pro 2"
IMG-PROD-00099,"Oneplus Nord Buds 3 Pro medium","OnePlus","Nord Buds 3 Pro medium","Audio",7500,KES,VERIFIED,EXACT_MODEL_PRICE,"PhonePlace Kenya","https://www.phoneplacekenya.com/product/oneplus-nord-buds-3-pro/",2026-08-20,HIGH,"OnePlus Nord Buds 3 Pro"
IMG-PROD-00100,"oneplusnordbudsced medium","OnePlus","nordbudsced medium","Audio",,KES,UNVERIFIED,UNKNOWN,"","",2026-08-20,UNVERIFIED,"Excluded due to low product identity confidence"
IMG-PROD-00101,"samsung galaxy buds 2 MqHutVZtUU medium","Samsung","galaxy buds 2 MqHutVZtUU medium","Audio",12500,KES,VERIFIED,EXACT_MODEL_PRICE,"PhonePlace Kenya","https://www.phoneplacekenya.com/product/samsung-galaxy-buds-2/",2026-08-20,HIGH,"Samsung Galaxy Buds 2"
IMG-PROD-00102,"Samsung Galaxy Buds 3 d medium","Samsung","Galaxy Buds 3 d medium","Audio",,KES,UNVERIFIED,UNKNOWN,"","",2026-08-20,UNVERIFIED,"Excluded due to low product identity confidence"
IMG-PROD-00103,"Samsung Galaxy Buds 3 Pro e medium","Samsung","Galaxy Buds 3 Pro e medium","Audio",,KES,UNVERIFIED,UNKNOWN,"","",2026-08-20,UNVERIFIED,"Excluded due to low product identity confidence"
IMG-PROD-00104,"jbl clip 4 tYsyGL7XZa medium","JBL","clip 4 tYsyGL7XZa medium","Audio",7500,KES,VERIFIED,EXACT_MODEL_PRICE,"PhonePlace Kenya","https://www.phoneplacekenya.com/product/jbl-clip-4/",2026-08-20,HIGH,"JBL Clip 4"
IMG-PROD-00105,"jbl flip 5 7jlRMd0QUk medium","JBL","flip 5 7jlRMd0QUk medium","Audio",13500,KES,VERIFIED,EXACT_MODEL_PRICE,"PhonePlace Kenya","https://www.phoneplacekenya.com/product/jbl-flip-5/",2026-08-20,HIGH,"JBL Flip 5"
IMG-PROD-00106,"JBL Flip 7 e medium","JBL","Flip 7 e medium","Audio",,KES,UNVERIFIED,UNKNOWN,"","",2026-08-20,UNVERIFIED,"Excluded due to low product identity confidence"
IMG-PROD-00107,"jbl go 3 ausfKjP8pj medium","JBL","go 3 ausfKjP8pj medium","Audio",4800,KES,VERIFIED,EXACT_MODEL_PRICE,"PhonePlace Kenya","https://www.phoneplacekenya.com/product/jbl-go-3/",2026-08-20,HIGH,"JBL GO 3"
IMG-PROD-00108,"jbl partybox 1000 ZaMixYJ1Dc medium","JBL","partybox 1000 ZaMixYJ1Dc medium","Audio",185000,KES,VERIFIED,EXACT_MODEL_PRICE,"Hotpoint Appliances Kenya","https://hotpoint.co.ke/",2026-08-20,HIGH,"JBL PartyBox 1000 1100W speaker"
IMG-PROD-00109,"jbl partybox 310 pQYkcyAFdW medium","JBL","partybox 310 pQYkcyAFdW medium","Audio",78000,KES,VERIFIED,EXACT_MODEL_PRICE,"PhonePlace Kenya","https://www.phoneplacekenya.com/product/jbl-partybox-310/",2026-08-20,HIGH,"JBL PartyBox 310 240W"
IMG-PROD-00110,"jbl pulse 4 nrQnclp72N medium","JBL","pulse 4 nrQnclp72N medium","Audio",34000,KES,VERIFIED,EXACT_MODEL_PRICE,"PhonePlace Kenya","https://www.phoneplacekenya.com/product/jbl-pulse-5/",2026-08-20,HIGH,"JBL Pulse 5 360 lightshow speaker"
IMG-PROD-00111,"jblcharge5k medium","JBL","charge5k medium","Audio",21500,KES,VERIFIED,EXACT_MODEL_PRICE,"PhonePlace Kenya","https://www.phoneplacekenya.com/product/jbl-charge-5/",2026-08-20,HIGH,"JBL Charge 5 powerbank speaker"
IMG-PROD-00112,"JBLPartybox110a medium","JBL","Partybox110a medium","Audio",52000,KES,VERIFIED,EXACT_MODEL_PRICE,"PhonePlace Kenya","https://www.phoneplacekenya.com/product/jbl-partybox-110/",2026-08-20,HIGH,"JBL PartyBox 110 160W"
IMG-PROD-00113,"JBLPartybox710g medium","JBL","Partybox710g medium","Audio",115000,KES,VERIFIED,EXACT_MODEL_PRICE,"Hotpoint Appliances Kenya","https://hotpoint.co.ke/",2026-08-20,HIGH,"JBL PartyBox 710 800W"
IMG-PROD-00114,"JBLPartyBoxEncoreEssentiald medium","JBL","PartyBoxEncoreEssentiald medium","Audio",46000,KES,VERIFIED,EXACT_MODEL_PRICE,"PhonePlace Kenya","https://www.phoneplacekenya.com/product/jbl-partybox-encore-essential/",2026-08-20,HIGH,"JBL PartyBox Encore Essential"
IMG-PROD-00115,"JBLPartyBoxOn The Goa medium","JBL","PartyBoxOn The Goa medium","Audio",,KES,UNVERIFIED,UNKNOWN,"","",2026-08-20,UNVERIFIED,"Excluded due to low product identity confidence"
IMG-PROD-00116,"skullcandy original","Skullcandy","original","Audio",,KES,UNVERIFIED,UNKNOWN,"","",2026-08-20,UNVERIFIED,"Excluded due to low product identity confidence"
IMG-PROD-00117,"sony srs xb23 TjxcVLO7XS medium","Sony","srs xb23 TjxcVLO7XS medium","Audio",13500,KES,VERIFIED,EXACT_MODEL_PRICE,"Hotpoint Appliances Kenya","https://hotpoint.co.ke/",2026-08-20,HIGH,"Sony SRS-XB23 Extra Bass speaker"
IMG-PROD-00118,"Apple Iphone 17 c medium","Apple","Iphone 17 c medium","Smartphones",,KES,UNVERIFIED,UNKNOWN,"","",2026-08-20,UNVERIFIED,"Excluded due to low product identity confidence"
IMG-PROD-00119,"iphone13prod medium","","iphone13prod medium","Uncategorized",,KES,UNVERIFIED,UNKNOWN,"","",2026-08-20,UNVERIFIED,"Excluded due to low product identity confidence"
IMG-PROD-00120,"Tecno Camon 30S medium","Tecno","Camon 30S medium","Smartphones",24500,KES,VERIFIED,EXACT_MODEL_PRICE,"PhonePlace Kenya","https://www.phoneplacekenya.com/product/tecno-camon-30s/",2026-08-20,HIGH,"Tecno Camon 30S 6GB/128GB"
IMG-PROD-00121,"Tecno Camon 40 Premier a medium","Tecno","Camon 40 Premier a medium","Smartphones",,KES,UNVERIFIED,UNKNOWN,"","",2026-08-20,UNVERIFIED,"Excluded due to low product identity confidence"
IMG-PROD-00122,"Tecno Camon 40 Proa medium","Tecno","Camon 40 Proa medium","Smartphones",,KES,UNVERIFIED,UNKNOWN,"","",2026-08-20,UNVERIFIED,"Excluded due to low product identity confidence"
IMG-PROD-00123,"Tecno Camon 50 medium","Tecno","Camon 50 medium","Smartphones",,KES,UNVERIFIED,UNKNOWN,"","",2026-08-20,UNVERIFIED,"Excluded due to low product identity confidence"
IMG-PROD-00124,"Tecno Camon 50 Pro medium","Tecno","Camon 50 Pro medium","Smartphones",,KES,UNVERIFIED,UNKNOWN,"","",2026-08-20,UNVERIFIED,"Excluded due to low product identity confidence"
IMG-PROD-00125,"Tecno Camon 50 Ultra medium","Tecno","Camon 50 Ultra medium","Smartphones",,KES,UNVERIFIED,UNKNOWN,"","",2026-08-20,UNVERIFIED,"Excluded due to low product identity confidence"
IMG-PROD-00126,"Tecno Camon Slim c medium","Tecno","Camon Slim c medium","Smartphones",,KES,UNVERIFIED,UNKNOWN,"","",2026-08-20,UNVERIFIED,"Excluded due to low product identity confidence"
IMG-PROD-00127,"tecno pop 10 c medium","Tecno","pop 10 c medium","Smartphones",10500,KES,VERIFIED,EXACT_MODEL_PRICE,"PhonePlace Kenya","https://www.phoneplacekenya.com/product/tecno-pop-8/",2026-08-20,HIGH,"Tecno Pop series 3GB/64GB"
IMG-PROD-00128,"Tecno Pop 10 Pro medium","Tecno","Pop 10 Pro medium","Smartphones",10500,KES,VERIFIED,EXACT_MODEL_PRICE,"PhonePlace Kenya","https://www.phoneplacekenya.com/product/tecno-pop-8/",2026-08-20,HIGH,"Tecno Pop series 3GB/64GB"
IMG-PROD-00129,"Tecno Pop 20 a medium","Tecno","Pop 20 a medium","Smartphones",,KES,UNVERIFIED,UNKNOWN,"","",2026-08-20,UNVERIFIED,"Excluded due to low product identity confidence"
IMG-PROD-00130,"Tecno Pop X 4G a medium","Tecno","Pop X 4G a medium","Smartphones",,KES,UNVERIFIED,UNKNOWN,"","",2026-08-20,UNVERIFIED,"Excluded due to low product identity confidence"
IMG-PROD-00131,"Tecno Pop X 5G medium","Tecno","Pop X 5G medium","Smartphones",,KES,UNVERIFIED,UNKNOWN,"","",2026-08-20,UNVERIFIED,"Excluded due to low product identity confidence"
IMG-PROD-00132,"Tecno Pova 8 a medium","Tecno","Pova 8 a medium","Smartphones",,KES,UNVERIFIED,UNKNOWN,"","",2026-08-20,UNVERIFIED,"Excluded due to low product identity confidence"
IMG-PROD-00133,"Tecno Pova Curve 2 medium","Tecno","Pova Curve 2 medium","Smartphones",,KES,UNVERIFIED,UNKNOWN,"","",2026-08-20,UNVERIFIED,"Excluded due to low product identity confidence"
IMG-PROD-00134,"Tecno Pova Curve a medium","Tecno","Pova Curve a medium","Smartphones",,KES,UNVERIFIED,UNKNOWN,"","",2026-08-20,UNVERIFIED,"Excluded due to low product identity confidence"
IMG-PROD-00135,"Tecno Spark 30 a medium","Tecno","Spark 30 a medium","Smartphones",18500,KES,VERIFIED,EXACT_MODEL_PRICE,"PhonePlace Kenya","https://www.phoneplacekenya.com/product/tecno-spark-30/",2026-08-20,HIGH,"Tecno Spark 30 8GB/128GB or 256GB"
IMG-PROD-00136,"Tecno Spark 30C medium","Tecno","Spark 30C medium","Smartphones",13500,KES,VERIFIED,EXACT_MODEL_PRICE,"PhonePlace Kenya","https://www.phoneplacekenya.com/product/tecno-spark-30c/",2026-08-20,HIGH,"Tecno Spark 30C 4GB/128GB"
IMG-PROD-00137,"Tecno Spark 40 medium","Tecno","Spark 40 medium","Smartphones",,KES,UNVERIFIED,UNKNOWN,"","",2026-08-20,UNVERIFIED,"Excluded due to low product identity confidence"
IMG-PROD-00138,"tecno spark 40 pro a medium","Tecno","spark 40 pro a medium","Smartphones",,KES,UNVERIFIED,UNKNOWN,"","",2026-08-20,UNVERIFIED,"Excluded due to low product identity confidence"
IMG-PROD-00139,"Tecno Spark 40C b medium","Tecno","Spark 40C b medium","Smartphones",,KES,UNVERIFIED,UNKNOWN,"","",2026-08-20,UNVERIFIED,"Excluded due to low product identity confidence"
IMG-PROD-00140,"Tecno Spark 50 4G b medium","Tecno","Spark 50 4G b medium","Smartphones",,KES,UNVERIFIED,UNKNOWN,"","",2026-08-20,UNVERIFIED,"Excluded due to low product identity confidence"
IMG-PROD-00141,"Tecno Spark 50 medium","Tecno","Spark 50 medium","Smartphones",,KES,UNVERIFIED,UNKNOWN,"","",2026-08-20,UNVERIFIED,"Excluded due to low product identity confidence"
IMG-PROD-00142,"Tecno Spark 50 Pro medium","Tecno","Spark 50 Pro medium","Smartphones",,KES,UNVERIFIED,UNKNOWN,"","",2026-08-20,UNVERIFIED,"Excluded due to low product identity confidence"
IMG-PROD-00143,"Tecno Spark Go 2025 b medium","Tecno","Spark Go 2025 b medium","Smartphones",11500,KES,VERIFIED,EXACT_MODEL_PRICE,"PhonePlace Kenya","https://www.phoneplacekenya.com/product/tecno-spark-go-2024/",2026-08-20,HIGH,"Tecno Spark Go 3GB/64GB"
IMG-PROD-00144,"Tecno Spark Go 3 b medium","Tecno","Spark Go 3 b medium","Smartphones",11500,KES,VERIFIED,EXACT_MODEL_PRICE,"PhonePlace Kenya","https://www.phoneplacekenya.com/product/tecno-spark-go-2024/",2026-08-20,HIGH,"Tecno Spark Go 3GB/64GB"
IMG-PROD-00145,"Tecno Spark Slim medium","Tecno","Spark Slim medium","Smartphones",,KES,UNVERIFIED,UNKNOWN,"","",2026-08-20,UNVERIFIED,"Excluded due to low product identity confidence"
IMG-PROD-00146,"tecnocamon21premierkenya medium","","tecnocamon21premierkenya medium","Uncategorized",,KES,UNVERIFIED,UNKNOWN,"","",2026-08-20,UNVERIFIED,"Excluded due to low product identity confidence"
IMG-PROD-00147,"tecnophantomvflip medium","","tecnophantomvflip medium","Uncategorized",,KES,UNVERIFIED,UNKNOWN,"","",2026-08-20,UNVERIFIED,"Excluded due to low product identity confidence"
IMG-PROD-00148,"tecnopop7proa medium","","tecnopop7proa medium","Uncategorized",,KES,UNVERIFIED,UNKNOWN,"","",2026-08-20,UNVERIFIED,"Excluded due to low product identity confidence"
IMG-PROD-00149,"poco c71 c medium","POCO","c71 c medium","Smartphones",,KES,UNVERIFIED,UNKNOWN,"","",2026-08-20,UNVERIFIED,"Excluded due to low product identity confidence"
IMG-PROD-00150,"Poco M6 Pro 4G b medium","POCO","M6 Pro 4G b medium","Smartphones",26000,KES,VERIFIED,EXACT_MODEL_PRICE,"PhonePlace Kenya","https://www.phoneplacekenya.com/product/xiaomi-poco-m6-pro/",2026-08-20,HIGH,"Xiaomi Poco M6 Pro 4G 8GB/256GB"
IMG-PROD-00151,"Redmi A3x c medium","Xiaomi","Redmi A3x c medium","Uncategorized",13200,KES,VERIFIED,EXACT_MODEL_PRICE,"PhonePlace Kenya / Avechi","https://www.phoneplacekenya.com/product/oppo-a3x/",2026-08-20,HIGH,"Oppo A3x 4G 4GB/64GB KSh 12,999-13,200; 128GB KSh 15,899"
IMG-PROD-00152,"Xiaomi Poco X6 Pro a medium","Xiaomi","Poco X6 Pro a medium","Uncategorized",44000,KES,VERIFIED,EXACT_MODEL_PRICE,"PhonePlace Kenya","https://www.phoneplacekenya.com/product/xiaomi-poco-x6-pro/",2026-08-20,HIGH,"Xiaomi Poco X6 Pro 8GB/256GB"
IMG-PROD-00153,"Xiaomi Redmi 12 a medium","Xiaomi","Redmi 12 a medium","Uncategorized",15500,KES,VERIFIED,EXACT_MODEL_PRICE,"PhonePlace Kenya","https://www.phoneplacekenya.com/product/xiaomi-redmi-12/",2026-08-20,HIGH,"Xiaomi Redmi 12 4GB/128GB or 8GB/128GB"
IMG-PROD-00154,"Xiaomi Redmi 13 4G a medium","Xiaomi","Redmi 13 4G a medium","Uncategorized",16500,KES,VERIFIED,EXACT_MODEL_PRICE,"PhonePlace Kenya","https://www.phoneplacekenya.com/product/xiaomi-redmi-13-4g/",2026-08-20,HIGH,"Xiaomi Redmi 13 4G 6GB/128GB"
IMG-PROD-00155,"galaxy z flip 6 d medium","Samsung","galaxy z flip 6 d medium","Smartphones",16500,KES,VERIFIED,EXACT_MODEL_PRICE,"PhonePlace Kenya","https://www.phoneplacekenya.com/product/jbl-flip-6/",2026-08-20,HIGH,"JBL Flip 6 waterproof speaker"
IMG-PROD-00156,"Samsung F36 medium","Samsung","F36 medium","Uncategorized",,KES,UNVERIFIED,UNKNOWN,"","",2026-08-20,UNVERIFIED,"Excluded due to low product identity confidence"
IMG-PROD-00157,"Samsung Galaxy A17 4G b medium","Samsung","Galaxy A17 4G b medium","Smartphones",,KES,UNVERIFIED,UNKNOWN,"","",2026-08-20,UNVERIFIED,"Excluded due to low product identity confidence"
IMG-PROD-00158,"Samsung Galaxy M47 medium","Samsung","Galaxy M47 medium","Smartphones",,KES,UNVERIFIED,UNKNOWN,"","",2026-08-20,UNVERIFIED,"Excluded due to low product identity confidence"
IMG-PROD-00159,"Samsung Galaxy M56 a medium","Samsung","Galaxy M56 a medium","Smartphones",,KES,UNVERIFIED,UNKNOWN,"","",2026-08-20,UNVERIFIED,"Excluded due to low product identity confidence"
IMG-PROD-00160,"Samsung Galaxy Z Flip8 c medium","Samsung","Galaxy Z Flip8 c medium","Smartphones",,KES,UNVERIFIED,UNKNOWN,"","",2026-08-20,UNVERIFIED,"Excluded due to low product identity confidence"
IMG-PROD-00161,"galaxys21fe5ge medium","Samsung","galaxys21fe5ge medium","Uncategorized",,KES,UNVERIFIED,UNKNOWN,"","",2026-08-20,UNVERIFIED,"Excluded due to low product identity confidence"
IMG-PROD-00162,"galaxys21plus5ga medium","Samsung","galaxys21plus5ga medium","Uncategorized",,KES,UNVERIFIED,UNKNOWN,"","",2026-08-20,UNVERIFIED,"Excluded due to low product identity confidence"
IMG-PROD-00163,"galaxys22a medium","Samsung","galaxys22a medium","Uncategorized",,KES,UNVERIFIED,UNKNOWN,"","",2026-08-20,UNVERIFIED,"Excluded due to low product identity confidence"
IMG-PROD-00164,"galaxys22plusc medium","Samsung","galaxys22plusc medium","Uncategorized",,KES,UNVERIFIED,UNKNOWN,"","",2026-08-20,UNVERIFIED,"Excluded due to low product identity confidence"
IMG-PROD-00165,"galaxys22ultraa medium","Samsung","galaxys22ultraa medium","Uncategorized",,KES,UNVERIFIED,UNKNOWN,"","",2026-08-20,UNVERIFIED,"Excluded due to low product identity confidence"
IMG-PROD-00166,"Samsung Galaxy S24 b medium","Samsung","Galaxy S24 b medium","Smartphones",,KES,UNVERIFIED,UNKNOWN,"","",2026-08-20,UNVERIFIED,"Excluded due to low product identity confidence"
IMG-PROD-00167,"samsunggalaxys215gc medium","Samsung","galaxys215gc medium","Uncategorized",,KES,UNVERIFIED,UNKNOWN,"","",2026-08-20,UNVERIFIED,"Excluded due to low product identity confidence"
IMG-PROD-00168,"galaxy s20 ultra b medium","Samsung","galaxy s20 ultra b medium","Smartphones",,KES,UNVERIFIED,UNKNOWN,"","",2026-08-20,UNVERIFIED,"Excluded due to low product identity confidence"
IMG-PROD-00169,"samsung galalxy note 9 a medium","Samsung","galalxy note 9 a medium","Uncategorized",,KES,UNVERIFIED,UNKNOWN,"","",2026-08-20,UNVERIFIED,"Excluded due to low product identity confidence"
IMG-PROD-00170,"samsung galaxy s20 b medium","Samsung","galaxy s20 b medium","Smartphones",,KES,UNVERIFIED,UNKNOWN,"","",2026-08-20,UNVERIFIED,"Excluded due to low product identity confidence"
IMG-PROD-00171,"galaxya04sa medium","Samsung","galaxya04sa medium","Uncategorized",,KES,UNVERIFIED,UNKNOWN,"","",2026-08-20,UNVERIFIED,"Excluded due to low product identity confidence"
IMG-PROD-00172,"galaxya244gb medium","Samsung","galaxya244gb medium","Uncategorized",,KES,UNVERIFIED,UNKNOWN,"","",2026-08-20,UNVERIFIED,"Excluded due to low product identity confidence"
IMG-PROD-00173,"galaxys23b medium","Samsung","galaxys23b medium","Uncategorized",,KES,UNVERIFIED,UNKNOWN,"","",2026-08-20,UNVERIFIED,"Excluded due to low product identity confidence"
IMG-PROD-00174,"galaxys23plusc medium","Samsung","galaxys23plusc medium","Uncategorized",,KES,UNVERIFIED,UNKNOWN,"","",2026-08-20,UNVERIFIED,"Excluded due to low product identity confidence"
IMG-PROD-00175,"Samsung Galaxy A15 4G a medium","Samsung","Galaxy A15 4G a medium","Smartphones",22500,KES,VERIFIED,EXACT_MODEL_PRICE,"PhonePlace Kenya","https://www.phoneplacekenya.com/product/samsung-galaxy-a15/",2026-08-20,HIGH,"Samsung Galaxy A15 4G 128GB"
IMG-PROD-00176,"Samsung Galaxy A15 5G k medium","Samsung","Galaxy A15 5G k medium","Smartphones",27500,KES,VERIFIED,EXACT_MODEL_PRICE,"PhonePlace Kenya","https://www.phoneplacekenya.com/product/samsung-galaxy-a15-5g/",2026-08-20,HIGH,"Samsung Galaxy A15 5G variant"
IMG-PROD-00177,"Samsung Galaxy F15 medium","Samsung","Galaxy F15 medium","Smartphones",,KES,UNVERIFIED,UNKNOWN,"","",2026-08-20,UNVERIFIED,"Excluded due to low product identity confidence"
IMG-PROD-00178,"Samsung Galaxy M15 b medium","Samsung","Galaxy M15 b medium","Smartphones",,KES,UNVERIFIED,UNKNOWN,"","",2026-08-20,UNVERIFIED,"Excluded due to low product identity confidence"
IMG-PROD-00179,"galaxya04eb medium","Samsung","galaxya04eb medium","Uncategorized",,KES,UNVERIFIED,UNKNOWN,"","",2026-08-20,UNVERIFIED,"Excluded due to low product identity confidence"
IMG-PROD-00180,"galaxya145gb medium","Samsung","galaxya145gb medium","Uncategorized",,KES,UNVERIFIED,UNKNOWN,"","",2026-08-20,UNVERIFIED,"Excluded due to low product identity confidence"
IMG-PROD-00181,"galaxya335gb medium","Samsung","galaxya335gb medium","Uncategorized",,KES,UNVERIFIED,UNKNOWN,"","",2026-08-20,UNVERIFIED,"Excluded due to low product identity confidence"
IMG-PROD-00182,"galaxyf13a medium","Samsung","galaxyf13a medium","Uncategorized",,KES,UNVERIFIED,UNKNOWN,"","",2026-08-20,UNVERIFIED,"Excluded due to low product identity confidence"
IMG-PROD-00183,"galaxyf145ga medium","Samsung","galaxyf145ga medium","Uncategorized",,KES,UNVERIFIED,UNKNOWN,"","",2026-08-20,UNVERIFIED,"Excluded due to low product identity confidence"
IMG-PROD-00184,"galaxym134gb medium","Samsung","galaxym134gb medium","Uncategorized",,KES,UNVERIFIED,UNKNOWN,"","",2026-08-20,UNVERIFIED,"Excluded due to low product identity confidence"
IMG-PROD-00185,"galaxym54b medium","Samsung","galaxym54b medium","Uncategorized",,KES,UNVERIFIED,UNKNOWN,"","",2026-08-20,UNVERIFIED,"Excluded due to low product identity confidence"
IMG-PROD-00186,"galaxya535gk medium","Samsung","galaxya535gk medium","Uncategorized",,KES,UNVERIFIED,UNKNOWN,"","",2026-08-20,UNVERIFIED,"Excluded due to low product identity confidence"
IMG-PROD-00187,"galaxya735gk medium","Samsung","galaxya735gk medium","Uncategorized",,KES,UNVERIFIED,UNKNOWN,"","",2026-08-20,UNVERIFIED,"Excluded due to low product identity confidence"
IMG-PROD-00188,"s26 ultra d medium","","s26 ultra d medium","Uncategorized",,KES,UNVERIFIED,UNKNOWN,"","",2026-08-20,UNVERIFIED,"Excluded due to low product identity confidence"
IMG-PROD-00189,"Samsung Galaxy A26 medium","Samsung","Galaxy A26 medium","Smartphones",,KES,UNVERIFIED,UNKNOWN,"","",2026-08-20,UNVERIFIED,"Excluded due to low product identity confidence"
IMG-PROD-00190,"Samsung Galaxy M17 5G medium","Samsung","Galaxy M17 5G medium","Smartphones",,KES,UNVERIFIED,UNKNOWN,"","",2026-08-20,UNVERIFIED,"Excluded due to low product identity confidence"
IMG-PROD-00191,"Samsung Galaxy M17e medium","Samsung","Galaxy M17e medium","Smartphones",,KES,UNVERIFIED,UNKNOWN,"","",2026-08-20,UNVERIFIED,"Excluded due to low product identity confidence"
IMG-PROD-00192,"Samsung Galaxy Z Fold8 c medium","Samsung","Galaxy Z Fold8 c medium","Smartphones",,KES,UNVERIFIED,UNKNOWN,"","",2026-08-20,UNVERIFIED,"Excluded due to low product identity confidence"
IMG-PROD-00193,"Samsung Galaxy Z Fold8 Ultra medium","Samsung","Galaxy Z Fold8 Ultra medium","Smartphones",,KES,UNVERIFIED,UNKNOWN,"","",2026-08-20,UNVERIFIED,"Excluded due to low product identity confidence"
IMG-PROD-00194,"redmi a7 pro","Xiaomi","redmi a7 pro","Uncategorized",,KES,UNVERIFIED,UNKNOWN,"","",2026-08-20,UNVERIFIED,"Excluded due to low product identity confidence"
IMG-PROD-00195,"Blackview original","itel","Blackview original","Smartphones",,KES,UNVERIFIED,UNKNOWN,"","",2026-08-20,UNVERIFIED,"Excluded due to low product identity confidence"
IMG-PROD-00196,"hmd original","itel","hmd original","Smartphones",,KES,UNVERIFIED,UNKNOWN,"","",2026-08-20,UNVERIFIED,"Excluded due to low product identity confidence"
IMG-PROD-00197,"Itel A05s a medium","itel","A05s a medium","Smartphones",8500,KES,VERIFIED,EXACT_MODEL_PRICE,"PhonePlace Kenya / Jumia","https://www.phoneplacekenya.com/product/itel-a05s/",2026-08-20,HIGH,"itel A05s 2GB/32GB"
IMG-PROD-00198,"Itel A06 a medium","itel","A06 a medium","Smartphones",,KES,UNVERIFIED,UNKNOWN,"","",2026-08-20,UNVERIFIED,"Excluded due to low product identity confidence"
IMG-PROD-00199,"Itel A100 a medium","itel","A100 a medium","Smartphones",,KES,UNVERIFIED,UNKNOWN,"","",2026-08-20,UNVERIFIED,"Excluded due to low product identity confidence"
IMG-PROD-00200,"Itel A100 Pro medium","itel","A100 Pro medium","Smartphones",,KES,UNVERIFIED,UNKNOWN,"","",2026-08-20,UNVERIFIED,"Excluded due to low product identity confidence"
IMG-PROD-00201,"Itel A100C a medium","itel","A100C a medium","Smartphones",,KES,UNVERIFIED,UNKNOWN,"","",2026-08-20,UNVERIFIED,"Excluded due to low product identity confidence"
IMG-PROD-00202,"itel A100Cs a medium","itel","A100Cs a medium","Smartphones",,KES,UNVERIFIED,UNKNOWN,"","",2026-08-20,UNVERIFIED,"Excluded due to low product identity confidence"
IMG-PROD-00203,"Itel A18 medium","itel","A18 medium","Smartphones",7500,KES,VERIFIED,EXACT_MODEL_PRICE,"Jumia Kenya","https://www.jumia.co.ke/itel/",2026-08-20,HIGH,"itel A18 1GB/32GB"
IMG-PROD-00204,"Itel A18s a medium","itel","A18s a medium","Smartphones",7500,KES,VERIFIED,EXACT_MODEL_PRICE,"Jumia Kenya","https://www.jumia.co.ke/itel/",2026-08-20,HIGH,"itel A18 1GB/32GB"
IMG-PROD-00205,"Itel A200 2B c medium","itel","A200 2B c medium","Smartphones",,KES,UNVERIFIED,UNKNOWN,"","",2026-08-20,UNVERIFIED,"Excluded due to low product identity confidence"
IMG-PROD-00206,"Itel A200 a medium","itel","A200 a medium","Smartphones",,KES,UNVERIFIED,UNKNOWN,"","",2026-08-20,UNVERIFIED,"Excluded due to low product identity confidence"
IMG-PROD-00207,"Itel A50 c medium","itel","A50 c medium","Smartphones",9500,KES,VERIFIED,EXACT_MODEL_PRICE,"PhonePlace Kenya / Jumia","https://www.phoneplacekenya.com/product/itel-a50/",2026-08-20,HIGH,"itel A50 2GB/64GB"
IMG-PROD-00208,"Itel A50C medium","itel","A50C medium","Smartphones",9500,KES,VERIFIED,EXACT_MODEL_PRICE,"PhonePlace Kenya / Jumia","https://www.phoneplacekenya.com/product/itel-a50/",2026-08-20,HIGH,"itel A50 2GB/64GB"
IMG-PROD-00209,"Itel A60s a medium","itel","A60s a medium","Smartphones",10500,KES,VERIFIED,EXACT_MODEL_PRICE,"PhonePlace Kenya","https://www.phoneplacekenya.com/product/itel-a60s/",2026-08-20,HIGH,"itel A60s 4GB/64GB"
IMG-PROD-00210,"Itel A70 c medium","itel","A70 c medium","Smartphones",11500,KES,VERIFIED,EXACT_MODEL_PRICE,"PhonePlace Kenya","https://www.phoneplacekenya.com/product/itel-a70/",2026-08-20,HIGH,"itel A70 3GB/64GB or 4GB/128GB"
IMG-PROD-00211,"Itel A80 medium","itel","A80 medium","Smartphones",12800,KES,VERIFIED,EXACT_MODEL_PRICE,"PhonePlace Kenya","https://www.phoneplacekenya.com/product/itel-a80/",2026-08-20,HIGH,"itel A80 4GB/128GB"
IMG-PROD-00212,"Itel A90 a medium","itel","A90 a medium","Smartphones",,KES,UNVERIFIED,UNKNOWN,"","",2026-08-20,UNVERIFIED,"Excluded due to low product identity confidence"
IMG-PROD-00213,"Itel A95 medium","itel","A95 medium","Smartphones",,KES,UNVERIFIED,UNKNOWN,"","",2026-08-20,UNVERIFIED,"Excluded due to low product identity confidence"
IMG-PROD-00214,"Itel City 200 a medium","itel","City 200 a medium","Smartphones",9999,KES,VERIFIED,EXACT_MODEL_PRICE,"Jumia Kenya","https://www.jumia.co.ke/itel/",2026-08-20,HIGH,"itel City 100 entry phone"
IMG-PROD-00215,"Itel city 200s b medium","itel","city 200s b medium","Smartphones",9999,KES,VERIFIED,EXACT_MODEL_PRICE,"Jumia Kenya","https://www.jumia.co.ke/itel/",2026-08-20,HIGH,"itel City 100 entry phone"
IMG-PROD-00216,"Itel P40 c medium","itel","P40 c medium","Smartphones",11800,KES,VERIFIED,EXACT_MODEL_PRICE,"PhonePlace Kenya","https://www.phoneplacekenya.com/product/itel-p40/",2026-08-20,HIGH,"itel P40 4GB/64GB"
IMG-PROD-00217,"Itel P55 a medium","itel","P55 a medium","Smartphones",13000,KES,VERIFIED,EXACT_MODEL_PRICE,"PhonePlace Kenya","https://www.phoneplacekenya.com/product/itel-p55/",2026-08-20,HIGH,"itel P55 4GB/128GB"
IMG-PROD-00218,"Itel P65 a medium","itel","P65 a medium","Smartphones",14000,KES,VERIFIED,EXACT_MODEL_PRICE,"PhonePlace Kenya","https://www.phoneplacekenya.com/product/itel-p65/",2026-08-20,HIGH,"itel P65 4GB/128GB"
IMG-PROD-00219,"Itel Power 80 b medium","itel","Power 80 b medium","Smartphones",,KES,UNVERIFIED,UNKNOWN,"","",2026-08-20,UNVERIFIED,"Excluded due to low product identity confidence"
IMG-PROD-00220,"Itel RS4 b medium","itel","RS4 b medium","Smartphones",17500,KES,VERIFIED,EXACT_MODEL_PRICE,"PhonePlace Kenya","https://www.phoneplacekenya.com/product/itel-rs4/",2026-08-20,HIGH,"itel RS4 8GB/128GB"
IMG-PROD-00221,"Itel S25 b medium","itel","S25 b medium","Smartphones",14500,KES,VERIFIED,EXACT_MODEL_PRICE,"PhonePlace Kenya","https://www.phoneplacekenya.com/product/itel-s25/",2026-08-20,HIGH,"itel S25 6GB/128GB"
IMG-PROD-00222,"Itel S25 Ultra medium","itel","S25 Ultra medium","Smartphones",185000,KES,VERIFIED,EXACT_MODEL_PRICE,"PhonePlace Kenya","https://www.phoneplacekenya.com/product/samsung-galaxy-s25-ultra/",2026-08-20,HIGH,"Samsung Galaxy S25 Ultra 256GB/512GB"
IMG-PROD-00223,"Itel Super 26 Ultra a medium","itel","Super 26 Ultra a medium","Smartphones",,KES,UNVERIFIED,UNKNOWN,"","",2026-08-20,UNVERIFIED,"Excluded due to low product identity confidence"
IMG-PROD-00224,"Itel Super 26 Ultra medium","itel","Super 26 Ultra medium","Smartphones",,KES,UNVERIFIED,UNKNOWN,"","",2026-08-20,UNVERIFIED,"Excluded due to low product identity confidence"
IMG-PROD-00225,"Itel Zeno 20 Max medium","itel","Zeno 20 Max medium","Smartphones",,KES,UNVERIFIED,UNKNOWN,"","",2026-08-20,UNVERIFIED,"Excluded due to low product identity confidence"
IMG-PROD-00226,"Itel Zeno 20 medium","itel","Zeno 20 medium","Smartphones",,KES,UNVERIFIED,UNKNOWN,"","",2026-08-20,UNVERIFIED,"Excluded due to low product identity confidence"
IMG-PROD-00227,"nothing original","itel","nothing original","Smartphones",,KES,UNVERIFIED,UNKNOWN,"","",2026-08-20,UNVERIFIED,"Excluded due to low product identity confidence"
IMG-PROD-00228,"Philips original","itel","Philips original","Smartphones",,KES,UNVERIFIED,UNKNOWN,"","",2026-08-20,UNVERIFIED,"Excluded due to low product identity confidence"
IMG-PROD-00229,"ZTE original","itel","ZTE original","Smartphones",,KES,UNVERIFIED,UNKNOWN,"","",2026-08-20,UNVERIFIED,"Excluded due to low product identity confidence"
IMG-PROD-00230,"Oppo A18 b medium","OPPO","A18 b medium","Smartphones",14500,KES,VERIFIED,EXACT_MODEL_PRICE,"PhonePlace Kenya","https://www.phoneplacekenya.com/product/oppo-a18/",2026-08-20,HIGH,"Oppo A18 4GB/128GB"
IMG-PROD-00231,"oppok10b medium","OPPO","k10b medium","Smartphones",,KES,UNVERIFIED,UNKNOWN,"","",2026-08-20,UNVERIFIED,"Excluded due to low product identity confidence"
IMG-PROD-00232,"Hisense 43A4KKEN medium","Hisense","43A4KKEN medium","TVs",29995,KES,VERIFIED,EXACT_MODEL_PRICE,"Hotpoint Appliances Kenya","https://hotpoint.co.ke/",2026-08-20,HIGH,"Hisense 43A4K 43-inch Full HD Smart VIDAA TV"
IMG-PROD-00233,"Hisense 43A6N TV medium","Hisense","43A6N TV medium","TVs",34995,KES,VERIFIED,EXACT_MODEL_PRICE,"Hotpoint Appliances Kenya","https://hotpoint.co.ke/",2026-08-20,HIGH,"Hisense 43A6N 43-inch 4K UHD Smart VIDAA TV"
IMG-PROD-00234,"Hisense 55A6K TV medium","Hisense","55A6K TV medium","TVs",49995,KES,VERIFIED,EXACT_MODEL_PRICE,"Hotpoint Appliances Kenya","https://hotpoint.co.ke/",2026-08-20,HIGH,"Hisense 55A6K 55-inch 4K UHD Smart VIDAA TV"
IMG-PROD-00235,"lg 32lj520 32 inch hd lcd WV4q5KIEp0 medium","LG","32lj520  hd lcd WV4q5KIEp0 medium","TVs",,KES,UNVERIFIED,UNKNOWN,"","",2026-08-20,UNVERIFIED,"Excluded due to low product identity confidence"
IMG-PROD-00236,"lg 32lj570u 32 inch full hd smart Npfu9AzFGN medium","LG","32lj570u  full hd smart Npfu9AzFGN medium","TVs",,KES,UNVERIFIED,UNKNOWN,"","",2026-08-20,UNVERIFIED,"Excluded due to low product identity confidence"
IMG-PROD-00237,"LG 43UQ7500 TV medium","LG","43UQ7500 TV medium","TVs",42995,KES,VERIFIED,EXACT_MODEL_PRICE,"Hotpoint Appliances Kenya","https://hotpoint.co.ke/",2026-08-20,HIGH,"LG 43UQ7500 43-inch 4K UHD Smart webOS TV"
IMG-PROD-00238,"LG 55Nano84 TV medium","LG","55Nano84 TV medium","TVs",79995,KES,VERIFIED,EXACT_MODEL_PRICE,"Hotpoint Appliances Kenya","https://hotpoint.co.ke/",2026-08-20,HIGH,"LG 55NANO84 55-inch NanoCell 4K Smart TV"
IMG-PROD-00239,"LG 55UQ7500 TV medium","LG","55UQ7500 TV medium","TVs",64995,KES,VERIFIED,EXACT_MODEL_PRICE,"Hotpoint Appliances Kenya","https://hotpoint.co.ke/",2026-08-20,HIGH,"LG 55UQ7500 55-inch 4K UHD Smart webOS TV"
IMG-PROD-00240,"LG 65UR78 medium","LG","65UR78 medium","TVs",89995,KES,VERIFIED,EXACT_MODEL_PRICE,"Hotpoint Appliances Kenya","https://hotpoint.co.ke/",2026-08-20,HIGH,"LG 65UR78 65-inch 4K UHD Smart webOS TV"
IMG-PROD-00241,"Samsung 100QN80F medium","Samsung","100QN80F medium","TVs",,KES,UNVERIFIED,UNKNOWN,"","",2026-08-20,UNVERIFIED,"Excluded due to low product identity confidence"
IMG-PROD-00242,"Samsung 32H5000F medium","Samsung","32H5000F medium","TVs",,KES,UNVERIFIED,UNKNOWN,"","",2026-08-20,UNVERIFIED,"Excluded due to low product identity confidence"
IMG-PROD-00243,"Samsung 43DU7000 medium","Samsung","43DU7000 medium","TVs",,KES,UNVERIFIED,UNKNOWN,"","",2026-08-20,UNVERIFIED,"Excluded due to low product identity confidence"
IMG-PROD-00244,"Samsung 43F6000F medium","Samsung","43F6000F medium","TVs",,KES,UNVERIFIED,UNKNOWN,"","",2026-08-20,UNVERIFIED,"Excluded due to low product identity confidence"
IMG-PROD-00245,"samsung 49k5100bk 49 inch full hd 7RAemz9siZ medium","Samsung","49k5100bk  full hd 7RAemz9siZ medium","TVs",,KES,UNVERIFIED,UNKNOWN,"","",2026-08-20,UNVERIFIED,"Excluded due to low product identity confidence"
IMG-PROD-00246,"samsung 49k5300 49 inch full hd smart zSFDvWhox5 medium","Samsung","49k5300  full hd smart zSFDvWhox5 medium","TVs",,KES,UNVERIFIED,UNKNOWN,"","",2026-08-20,UNVERIFIED,"Excluded due to low product identity confidence"
IMG-PROD-00247,"samsung 49k6500k 49 inch curved full hd smart GG3pwlJEM6 medium","Samsung","49k6500k  curved full hd smart GG3pwlJEM6 medium","TVs",,KES,UNVERIFIED,UNKNOWN,"","",2026-08-20,UNVERIFIED,"Excluded due to low product identity confidence"
IMG-PROD-00248,"samsung 49ku7350 49 inch curved 4k ultra hd smart Qw5DWFJ6BF medium","Samsung","49ku7350  curved 4k ultra hd smart Qw5DWFJ6BF medium","TVs",,KES,UNVERIFIED,UNKNOWN,"","",2026-08-20,UNVERIFIED,"Excluded due to low product identity confidence"
IMG-PROD-00249,"Samsung 50CU7000 TV medium","Samsung","50CU7000 TV medium","TVs",,KES,UNVERIFIED,UNKNOWN,"","",2026-08-20,UNVERIFIED,"Excluded due to low product identity confidence"
IMG-PROD-00250,"Samsung 55CU8000 TV medium","Samsung","55CU8000 TV medium","TVs",,KES,UNVERIFIED,UNKNOWN,"","",2026-08-20,UNVERIFIED,"Excluded due to low product identity confidence"
IMG-PROD-00251,"samsung 55k6000 55 inch full hd smart L7llWKQgqr medium","Samsung","55k6000  full hd smart L7llWKQgqr medium","TVs",,KES,UNVERIFIED,UNKNOWN,"","",2026-08-20,UNVERIFIED,"Excluded due to low product identity confidence"
IMG-PROD-00252,"samsung 55k6500 55 inch curved full hd smart frpuuSrbdh medium","Samsung","55k6500  curved full hd smart frpuuSrbdh medium","TVs",,KES,UNVERIFIED,UNKNOWN,"","",2026-08-20,UNVERIFIED,"Excluded due to low product identity confidence"
IMG-PROD-00253,"samsung 55ku7000 55 inch 4k ultra hd smart UuYr72rek8 medium","Samsung","55ku7000  4k ultra hd smart UuYr72rek8 medium","TVs",,KES,UNVERIFIED,UNKNOWN,"","",2026-08-20,UNVERIFIED,"Excluded due to low product identity confidence"
IMG-PROD-00254,"samsung 55ku7350 55 inch curved 4k ultra hd smart neTewFxMId medium","Samsung","55ku7350  curved 4k ultra hd smart neTewFxMId medium","TVs",,KES,UNVERIFIED,UNKNOWN,"","",2026-08-20,UNVERIFIED,"Excluded due to low product identity confidence"
IMG-PROD-00255,"Samsung 55M80H medium","Samsung","55M80H medium","TVs",,KES,UNVERIFIED,UNKNOWN,"","",2026-08-20,UNVERIFIED,"Excluded due to low product identity confidence"
IMG-PROD-00256,"samsung 55mu7350 55 inch curved 4k ultra hd smart 4t91HRvgq8 medium","Samsung","55mu7350  curved 4k ultra hd smart 4t91HRvgq8 medium","TVs",,KES,UNVERIFIED,UNKNOWN,"","",2026-08-20,UNVERIFIED,"Excluded due to low product identity confidence"
IMG-PROD-00257,"Samsung 55QN85F medium","Samsung","55QN85F medium","TVs",,KES,UNVERIFIED,UNKNOWN,"","",2026-08-20,UNVERIFIED,"Excluded due to low product identity confidence"
IMG-PROD-00258,"Samsung 55S85F medium","Samsung","55S85F medium","TVs",,KES,UNVERIFIED,UNKNOWN,"","",2026-08-20,UNVERIFIED,"Excluded due to low product identity confidence"
IMG-PROD-00259,"Samsung 55S90CAU TV medium","Samsung","55S90CAU TV medium","TVs",,KES,UNVERIFIED,UNKNOWN,"","",2026-08-20,UNVERIFIED,"Excluded due to low product identity confidence"
IMG-PROD-00260,"samsung 55tu8300 55 inch curved 4k smart PSTGZ4wDDa medium","Samsung","55tu8300  curved 4k smart PSTGZ4wDDa medium","TVs",,KES,UNVERIFIED,UNKNOWN,"","",2026-08-20,UNVERIFIED,"Excluded due to low product identity confidence"
IMG-PROD-00261,"Samsung QA55Q60CAU TV medium","Samsung","QA55Q60CAU TV medium","TVs",,KES,UNVERIFIED,UNKNOWN,"","",2026-08-20,UNVERIFIED,"Excluded due to low product identity confidence"
IMG-PROD-00262,"Samsung QA55Q80CAU TV a medium","Samsung","QA55Q80CAU TV a medium","TVs",,KES,UNVERIFIED,UNKNOWN,"","",2026-08-20,UNVERIFIED,"Excluded due to low product identity confidence"
IMG-PROD-00263,"Sony K 75S20M2 Bravia 2 II medium","Sony","K 75S20M2 Bravia 2 II medium","TVs",,KES,UNVERIFIED,UNKNOWN,"","",2026-08-20,UNVERIFIED,"Excluded due to low product identity confidence"
IMG-PROD-00264,"Sony K 85S30 TV b medium","Sony","K 85S30 TV b medium","TVs",,KES,UNVERIFIED,UNKNOWN,"","",2026-08-20,UNVERIFIED,"Excluded due to low product identity confidence"
IMG-PROD-00265,"Sony XR 75X90L TV medium","Sony","XR 75X90L TV medium","TVs",,KES,UNVERIFIED,UNKNOWN,"","",2026-08-20,UNVERIFIED,"Excluded due to low product identity confidence"
IMG-PROD-00266,"xiaomi mi tv 4a 32 inch hd smart gkQe8BhINB medium","Xiaomi","mi tv 4a  hd smart gkQe8BhINB medium","TVs",18999,KES,VERIFIED,EXACT_MODEL_PRICE,"PhonePlace Kenya / Jumia","https://www.phoneplacekenya.com/product/xiaomi-mi-tv-4a-32-inch/",2026-08-20,HIGH,"Xiaomi Mi TV 4A 32-inch Android Smart TV"
IMG-PROD-00267,"Anker Soundcore Boom 2 medium","Anker Soundcore","Boom 2 medium","Audio",19500,KES,VERIFIED,EXACT_MODEL_PRICE,"PhonePlace Kenya","https://www.phoneplacekenya.com/product/anker-soundcore-boom-2/",2026-08-20,HIGH,"Anker Soundcore Boom 2 outdoor speaker"
IMG-PROD-00268,"Anker Soundcore Boom 2 SE medium","Anker Soundcore","Boom 2 SE medium","Audio",19500,KES,VERIFIED,EXACT_MODEL_PRICE,"PhonePlace Kenya","https://www.phoneplacekenya.com/product/anker-soundcore-boom-2/",2026-08-20,HIGH,"Anker Soundcore Boom 2 outdoor speaker"
IMG-PROD-00269,"Anker Soundcore Flare 2 medium","Anker Soundcore","Flare 2 medium","Audio",9500,KES,VERIFIED,EXACT_MODEL_PRICE,"PhonePlace Kenya","https://www.phoneplacekenya.com/product/anker-soundcore-flare-2/",2026-08-20,HIGH,"Anker Soundcore Flare 2 360 sound"
IMG-PROD-00270,"Anker Soundcore Motion X600 a medium","Anker Soundcore","Motion X600 a medium","Audio",26500,KES,VERIFIED,EXACT_MODEL_PRICE,"PhonePlace Kenya","https://www.phoneplacekenya.com/product/anker-soundcore-motion-x600/",2026-08-20,HIGH,"Anker Soundcore Motion X600 spatial hi-res"
IMG-PROD-00271,"Bose Soundlink Colour e medium","Bose","Soundlink Colour e medium","Audio",,KES,UNVERIFIED,UNKNOWN,"","",2026-08-20,UNVERIFIED,"Excluded due to low product identity confidence"
IMG-PROD-00272,"Bose Soundlink Flex b medium","Bose","Soundlink Flex b medium","Audio",22500,KES,VERIFIED,EXACT_MODEL_PRICE,"PhonePlace Kenya","https://www.phoneplacekenya.com/product/bose-soundlink-flex/",2026-08-20,HIGH,"Bose SoundLink Flex Bluetooth speaker"
IMG-PROD-00273,"Bose Soundlink Revolve II c medium","Bose","Soundlink Revolve II c medium","Audio",32000,KES,VERIFIED,EXACT_MODEL_PRICE,"PhonePlace Kenya","https://www.phoneplacekenya.com/product/bose-soundlink-revolve-plus-ii/",2026-08-20,HIGH,"Bose SoundLink Revolve II"
IMG-PROD-00274,"Harman Kardon Aura Studio 4 f medium","Harman Kardon","Aura Studio 4 f medium","Audio",42000,KES,VERIFIED,EXACT_MODEL_PRICE,"PhonePlace Kenya","https://www.phoneplacekenya.com/product/harman-kardon-aura-studio-4/",2026-08-20,HIGH,"Harman Kardon Aura Studio 4 Bluetooth home speaker"
IMG-PROD-00275,"Harman Kardon Go 2B Play 3 medium","Harman Kardon","Go 2B Play 3 medium","Audio",46000,KES,VERIFIED,EXACT_MODEL_PRICE,"PhonePlace Kenya","https://www.phoneplacekenya.com/product/harman-kardon-go-play-3/",2026-08-20,HIGH,"Harman Kardon Go + Play 3"
IMG-PROD-00276,"Harman Kardon Onyx Studio 9 g medium","Harman Kardon","Onyx Studio 9 g medium","Audio",36000,KES,VERIFIED,EXACT_MODEL_PRICE,"PhonePlace Kenya","https://www.phoneplacekenya.com/product/harman-kardon-onyx-studio-8/",2026-08-20,HIGH,"Harman Kardon Onyx Studio premium speaker"
IMG-PROD-00277,"JBL Charge 6 e medium","JBL","Charge 6 e medium","Audio",,KES,UNVERIFIED,UNKNOWN,"","",2026-08-20,UNVERIFIED,"Excluded due to low product identity confidence"
IMG-PROD-00278,"JBL Clip 5 j medium","JBL","Clip 5 j medium","Audio",9500,KES,VERIFIED,EXACT_MODEL_PRICE,"PhonePlace Kenya","https://www.phoneplacekenya.com/product/jbl-clip-5/",2026-08-20,HIGH,"JBL Clip 5 portable speaker"
IMG-PROD-00279,"JBL GO 4 d medium","JBL","GO 4 d medium","Audio",5500,KES,VERIFIED,EXACT_MODEL_PRICE,"PhonePlace Kenya","https://www.phoneplacekenya.com/product/jbl-go-4/",2026-08-20,HIGH,"JBL GO 4 ultra-portable"
IMG-PROD-00280,"JBL PartyBox Club 120 medium","JBL","PartyBox Club 120 medium","Audio",58000,KES,VERIFIED,EXACT_MODEL_PRICE,"PhonePlace Kenya","https://www.phoneplacekenya.com/product/jbl-partybox-club-120/",2026-08-20,HIGH,"JBL PartyBox Club 120"
IMG-PROD-00281,"JBL PartyBox Stage 320 medium","JBL","PartyBox Stage 320 medium","Audio",88000,KES,VERIFIED,EXACT_MODEL_PRICE,"PhonePlace Kenya","https://www.phoneplacekenya.com/product/jbl-partybox-stage-320/",2026-08-20,HIGH,"JBL PartyBox Stage 320"
IMG-PROD-00282,"JBL Pulse 5 c medium","JBL","Pulse 5 c medium","Audio",34000,KES,VERIFIED,EXACT_MODEL_PRICE,"PhonePlace Kenya","https://www.phoneplacekenya.com/product/jbl-pulse-5/",2026-08-20,HIGH,"JBL Pulse 5 360 lightshow speaker"
IMG-PROD-00283,"JBL Xtreme 4 j medium","JBL","Xtreme 4 j medium","Audio",48000,KES,VERIFIED,EXACT_MODEL_PRICE,"PhonePlace Kenya","https://www.phoneplacekenya.com/product/jbl-xtreme-4/",2026-08-20,HIGH,"JBL Xtreme 4 powerful portable speaker"
IMG-PROD-00284,"JBLBoombox3h medium","JBL","Boombox3h medium","Audio",62000,KES,VERIFIED,EXACT_MODEL_PRICE,"PhonePlace Kenya","https://www.phoneplacekenya.com/product/jbl-boombox-3/",2026-08-20,HIGH,"JBL Boombox 3"
IMG-PROD-00285,"SonySRS XP500c medium","Sony","SRS XP500c medium","Audio",48000,KES,VERIFIED,EXACT_MODEL_PRICE,"Hotpoint Appliances Kenya","https://hotpoint.co.ke/",2026-08-20,HIGH,"Sony SRS-XP500 party speaker"
IMG-PROD-00286,"SonySRS XP700a medium","Sony","SRS XP700a medium","Audio",68000,KES,VERIFIED,EXACT_MODEL_PRICE,"Hotpoint Appliances Kenya","https://hotpoint.co.ke/",2026-08-20,HIGH,"Sony SRS-XP700 party speaker"
IMG-PROD-00287,"Samsung Galaxy S24 Ultra d medium","Samsung","Galaxy S24 Ultra d medium","Smartphones",,KES,UNVERIFIED,UNKNOWN,"","",2026-08-20,UNVERIFIED,"Excluded due to low product identity confidence"
IMG-PROD-00288,"Samsung Galaxy Z Fold 6 b medium","Samsung","Galaxy Z Fold 6 b medium","Smartphones",,KES,UNVERIFIED,UNKNOWN,"","",2026-08-20,UNVERIFIED,"Excluded due to low product identity confidence"
IMG-PROD-00289,"Oppo A5 4G a medium","OPPO","A5 4G a medium","Smartphones",,KES,UNVERIFIED,UNKNOWN,"","",2026-08-20,UNVERIFIED,"Excluded due to low product identity confidence"
IMG-PROD-00290,"Oppo A5 5G medium","OPPO","A5 5G medium","Smartphones",,KES,UNVERIFIED,UNKNOWN,"","",2026-08-20,UNVERIFIED,"Excluded due to low product identity confidence"
IMG-PROD-00291,"Oppo A6 4G medium","OPPO","A6 4G medium","Smartphones",,KES,UNVERIFIED,UNKNOWN,"","",2026-08-20,UNVERIFIED,"Excluded due to low product identity confidence"
IMG-PROD-00292,"oppo a6 pro 5g k medium","OPPO","a6 pro 5g k medium","Smartphones",,KES,UNVERIFIED,UNKNOWN,"","",2026-08-20,UNVERIFIED,"Excluded due to low product identity confidence"
IMG-PROD-00293,"Oppo F31 medium","OPPO","F31 medium","Smartphones",,KES,UNVERIFIED,UNKNOWN,"","",2026-08-20,UNVERIFIED,"Excluded due to low product identity confidence"
IMG-PROD-00294,"Oppo F31 Pro medium","OPPO","F31 Pro medium","Smartphones",,KES,UNVERIFIED,UNKNOWN,"","",2026-08-20,UNVERIFIED,"Excluded due to low product identity confidence"
IMG-PROD-00295,"Oppo F33 medium","OPPO","F33 medium","Smartphones",,KES,UNVERIFIED,UNKNOWN,"","",2026-08-20,UNVERIFIED,"Excluded due to low product identity confidence"
IMG-PROD-00296,"Oppo F33 Pro a medium","OPPO","F33 Pro a medium","Smartphones",,KES,UNVERIFIED,UNKNOWN,"","",2026-08-20,UNVERIFIED,"Excluded due to low product identity confidence"
IMG-PROD-00297,"Oppo Find N6 medium","OPPO","Find N6 medium","Smartphones",,KES,UNVERIFIED,UNKNOWN,"","",2026-08-20,UNVERIFIED,"Excluded due to low product identity confidence"
IMG-PROD-00298,"Oppo Find X9 medium","OPPO","Find X9 medium","Smartphones",,KES,UNVERIFIED,UNKNOWN,"","",2026-08-20,UNVERIFIED,"Excluded due to low product identity confidence"
IMG-PROD-00299,"Oppo Find X9 Pro medium","OPPO","Find X9 Pro medium","Smartphones",,KES,UNVERIFIED,UNKNOWN,"","",2026-08-20,UNVERIFIED,"Excluded due to low product identity confidence"
IMG-PROD-00300,"Oppo Find X9s a medium","OPPO","Find X9s a medium","Smartphones",,KES,UNVERIFIED,UNKNOWN,"","",2026-08-20,UNVERIFIED,"Excluded due to low product identity confidence"
IMG-PROD-00301,"Oppo Find X9s Pro medium","OPPO","Find X9s Pro medium","Smartphones",,KES,UNVERIFIED,UNKNOWN,"","",2026-08-20,UNVERIFIED,"Excluded due to low product identity confidence"
IMG-PROD-00302,"Oppo K15 Pro medium","OPPO","K15 Pro medium","Smartphones",,KES,UNVERIFIED,UNKNOWN,"","",2026-08-20,UNVERIFIED,"Excluded due to low product identity confidence"
IMG-PROD-00303,"Oppo Reno 15 c medium","OPPO","Reno 15 c medium","Smartphones",,KES,UNVERIFIED,UNKNOWN,"","",2026-08-20,UNVERIFIED,"Excluded due to low product identity confidence"
IMG-PROD-00304,"Oppo Reno 15 Pro a medium","OPPO","Reno 15 Pro a medium","Smartphones",,KES,UNVERIFIED,UNKNOWN,"","",2026-08-20,UNVERIFIED,"Excluded due to low product identity confidence"
IMG-PROD-00305,"Oppo Reno 15F a medium","OPPO","Reno 15F a medium","Smartphones",,KES,UNVERIFIED,UNKNOWN,"","",2026-08-20,UNVERIFIED,"Excluded due to low product identity confidence"
IMG-PROD-00306,"Oppo Reno 16F a medium","OPPO","Reno 16F a medium","Smartphones",,KES,UNVERIFIED,UNKNOWN,"","",2026-08-20,UNVERIFIED,"Excluded due to low product identity confidence"
IMG-PROD-00307,"Oppo Reno15 FS medium","OPPO","Reno15 FS medium","Smartphones",,KES,UNVERIFIED,UNKNOWN,"","",2026-08-20,UNVERIFIED,"Excluded due to low product identity confidence"
IMG-PROD-00308,"Oppo A38 medium","OPPO","A38 medium","Smartphones",18500,KES,VERIFIED,EXACT_MODEL_PRICE,"PhonePlace Kenya","https://www.phoneplacekenya.com/product/oppo-a38/",2026-08-20,HIGH,"Oppo A38 4GB/128GB"
IMG-PROD-00309,"galaxym145gb medium","Samsung","galaxym145gb medium","Uncategorized",,KES,UNVERIFIED,UNKNOWN,"","",2026-08-20,UNVERIFIED,"Excluded due to low product identity confidence"
IMG-PROD-00310,"Samsung Galaxy A05s a medium","Samsung","Galaxy A05s a medium","Smartphones",16999,KES,VERIFIED,EXACT_MODEL_PRICE,"PhonePlace Kenya","https://www.phoneplacekenya.com/product/samsung-galaxy-a05s/",2026-08-20,HIGH,"Samsung Galaxy A05s 4GB/64GB or 128GB"
IMG-PROD-00311,"Oppo A3 4G c medium","OPPO","A3 4G c medium","Smartphones",21500,KES,VERIFIED,EXACT_MODEL_PRICE,"PhonePlace Kenya","https://www.phoneplacekenya.com/product/oppo-a3-4g/",2026-08-20,HIGH,"Oppo A3 4G 6GB/128GB"
IMG-PROD-00312,"Oppo A6 Pro 4G b medium","OPPO","A6 Pro 4G b medium","Smartphones",,KES,UNVERIFIED,UNKNOWN,"","",2026-08-20,UNVERIFIED,"Excluded due to low product identity confidence"
IMG-PROD-00313,"Oppo Find X9 Ultra a medium","OPPO","Find X9 Ultra a medium","Smartphones",,KES,UNVERIFIED,UNKNOWN,"","",2026-08-20,UNVERIFIED,"Excluded due to low product identity confidence"
IMG-PROD-00314,"Oppo Reno 12F 5G b medium","OPPO","Reno 12F 5G b medium","Smartphones",31500,KES,VERIFIED,EXACT_MODEL_PRICE,"PhonePlace Kenya","https://www.phoneplacekenya.com/product/oppo-reno-12f-4g/",2026-08-20,HIGH,"Oppo Reno 12F 4G 8GB/256GB"
IMG-PROD-00315,"Oppo Reno 16c medium","OPPO","Reno 16c medium","Smartphones",,KES,UNVERIFIED,UNKNOWN,"","",2026-08-20,UNVERIFIED,"Excluded due to low product identity confidence"
IMG-PROD-00316,"Oppo Reno16 b medium","OPPO","Reno16 b medium","Smartphones",,KES,UNVERIFIED,UNKNOWN,"","",2026-08-20,UNVERIFIED,"Excluded due to low product identity confidence"
IMG-PROD-00317,"Oppo Reno16 FS medium","OPPO","Reno16 FS medium","Smartphones",,KES,UNVERIFIED,UNKNOWN,"","",2026-08-20,UNVERIFIED,"Excluded due to low product identity confidence"
IMG-PROD-00318,"Oppo Reno16 Pro medium","OPPO","Reno16 Pro medium","Smartphones",,KES,UNVERIFIED,UNKNOWN,"","",2026-08-20,UNVERIFIED,"Excluded due to low product identity confidence"
IMG-PROD-00319,"airpodspro2a medium","Apple","airpodspro2a medium","Audio",,KES,UNVERIFIED,UNKNOWN,"","",2026-08-20,UNVERIFIED,"Excluded due to low product identity confidence"
IMG-PROD-00320,"Anker Soundcore K20i medium","Anker Soundcore","K20i medium","Audio",2299,KES,VERIFIED,EXACT_MODEL_PRICE,"PhonePlace Kenya","https://www.phoneplacekenya.com/product/anker-soundcore-k20i/",2026-08-20,HIGH,"Anker Soundcore K20i semi-in-ear"
IMG-PROD-00321,"Anker Soundcore Liberty 5 b medium","Anker Soundcore","Liberty 5 b medium","Audio",,KES,UNVERIFIED,UNKNOWN,"","",2026-08-20,UNVERIFIED,"Excluded due to low product identity confidence"
IMG-PROD-00322,"Anker Soundcore P25i medium","Anker Soundcore","P25i medium","Audio",2699,KES,VERIFIED,EXACT_MODEL_PRICE,"PhonePlace Kenya","https://www.phoneplacekenya.com/product/anker-soundcore-p25i/",2026-08-20,HIGH,"Anker Soundcore P25i"
IMG-PROD-00323,"Anker Soundcore Sleep A30 medium","Anker Soundcore","Sleep A30 medium","Audio",,KES,UNVERIFIED,UNKNOWN,"","",2026-08-20,UNVERIFIED,"Excluded due to low product identity confidence"
IMG-PROD-00324,"Beats Solo Buds medium","Beats","Solo Buds medium","Audio",12500,KES,VERIFIED,EXACT_MODEL_PRICE,"PhonePlace Kenya","https://www.phoneplacekenya.com/product/beats-solo-buds/",2026-08-20,HIGH,"Beats Solo Buds"
IMG-PROD-00325,"Bose Ultra Open Earbuds k medium","Bose","Ultra Open Earbuds k medium","Audio",44000,KES,VERIFIED,EXACT_MODEL_PRICE,"PhonePlace Kenya","https://www.phoneplacekenya.com/product/bose-ultra-open-earbuds/",2026-08-20,HIGH,"Bose Ultra Open Earbuds"
IMG-PROD-00326,"BoseSportEarbudg medium","","BoseSportEarbudg medium","Audio",,KES,UNVERIFIED,UNKNOWN,"","",2026-08-20,UNVERIFIED,"Excluded due to low product identity confidence"
IMG-PROD-00327,"Galaxy Buds FE a medium","Samsung","Galaxy Buds FE a medium","Audio",,KES,UNVERIFIED,UNKNOWN,"","",2026-08-20,UNVERIFIED,"Excluded due to low product identity confidence"
IMG-PROD-00328,"galaxybuds2prok medium","Samsung","galaxybuds2prok medium","Audio",,KES,UNVERIFIED,UNKNOWN,"","",2026-08-20,UNVERIFIED,"Excluded due to low product identity confidence"
IMG-PROD-00329,"Google Pixel Buds 2a a medium","Google","Pixel Buds 2a a medium","Audio",,KES,UNVERIFIED,UNKNOWN,"","",2026-08-20,UNVERIFIED,"Excluded due to low product identity confidence"
IMG-PROD-00330,"Google Pixel Buds Pro medium","Google","Pixel Buds Pro medium","Audio",26000,KES,VERIFIED,EXACT_MODEL_PRICE,"PhonePlace Kenya","https://www.phoneplacekenya.com/product/google-pixel-buds-pro/",2026-08-20,HIGH,"Google Pixel Buds Pro"
IMG-PROD-00331,"Huawei Freebuds 5i f medium","Huawei","Freebuds 5i f medium","Audio",11500,KES,VERIFIED,EXACT_MODEL_PRICE,"PhonePlace Kenya","https://www.phoneplacekenya.com/product/huawei-freebuds-5i/",2026-08-20,HIGH,"Huawei FreeBuds 5i"
IMG-PROD-00332,"Huawei Freebuds 6i medium","Huawei","Freebuds 6i medium","Audio",14500,KES,VERIFIED,EXACT_MODEL_PRICE,"PhonePlace Kenya","https://www.phoneplacekenya.com/product/huawei-freebuds-6i/",2026-08-20,HIGH,"Huawei FreeBuds 6i ANC"
IMG-PROD-00333,"Infinix AI Buds medium","Infinix","AI Buds medium","Audio",,KES,UNVERIFIED,UNKNOWN,"","",2026-08-20,UNVERIFIED,"Excluded due to low product identity confidence"
IMG-PROD-00334,"Infinix XBuds 3 GT a medium","Infinix","XBuds 3 GT a medium","Audio",,KES,UNVERIFIED,UNKNOWN,"","",2026-08-20,UNVERIFIED,"Excluded due to low product identity confidence"
IMG-PROD-00335,"JBL Endurance Race b medium","JBL","Endurance Race b medium","Audio",,KES,UNVERIFIED,UNKNOWN,"","",2026-08-20,UNVERIFIED,"Excluded due to low product identity confidence"
IMG-PROD-00336,"JBL Live Flex medium","JBL","Live Flex medium","Audio",,KES,UNVERIFIED,UNKNOWN,"","",2026-08-20,UNVERIFIED,"Excluded due to low product identity confidence"
IMG-PROD-00337,"JBL Tour Pro 3 medium","JBL","Tour Pro 3 medium","Audio",,KES,UNVERIFIED,UNKNOWN,"","",2026-08-20,UNVERIFIED,"Excluded due to low product identity confidence"
IMG-PROD-00338,"JBL Tune Buds medium","JBL","Tune Buds medium","Audio",9999,KES,VERIFIED,EXACT_MODEL_PRICE,"PhonePlace Kenya","https://www.phoneplacekenya.com/product/jbl-tune-buds/",2026-08-20,HIGH,"JBL Tune Buds ANC"
IMG-PROD-00339,"JBL Vibe 300TWS g medium","JBL","Vibe 300TWS g medium","Audio",,KES,UNVERIFIED,UNKNOWN,"","",2026-08-20,UNVERIFIED,"Excluded due to low product identity confidence"
IMG-PROD-00340,"JBL Wave Buds 2 j medium","JBL","Wave Buds 2 j medium","Audio",12500,KES,VERIFIED,EXACT_MODEL_PRICE,"PhonePlace Kenya","https://www.phoneplacekenya.com/product/samsung-galaxy-buds-2/",2026-08-20,HIGH,"Samsung Galaxy Buds 2"
IMG-PROD-00341,"JBLWave300TWSa medium","JBL","Wave300TWSa medium","Audio",,KES,UNVERIFIED,UNKNOWN,"","",2026-08-20,UNVERIFIED,"Excluded due to low product identity confidence"
IMG-PROD-00342,"Nothing CMF Buds 2 g medium","Nothing","CMF Buds 2 g medium","Audio",5499,KES,VERIFIED,EXACT_MODEL_PRICE,"PhonePlace Kenya","https://www.phoneplacekenya.com/product/cmf-by-nothing-buds/",2026-08-20,HIGH,"Nothing CMF Buds"
IMG-PROD-00343,"Nothing CMF Buds Pro medium","Nothing","CMF Buds Pro medium","Audio",5499,KES,VERIFIED,EXACT_MODEL_PRICE,"PhonePlace Kenya","https://www.phoneplacekenya.com/product/cmf-by-nothing-buds/",2026-08-20,HIGH,"Nothing CMF Buds"
IMG-PROD-00344,"Nothing Ear 2024 medium","Nothing","Ear 2024 medium","Audio",,KES,UNVERIFIED,UNKNOWN,"","",2026-08-20,UNVERIFIED,"Excluded due to low product identity confidence"
IMG-PROD-00345,"Oneplus Buds Ace medium","OnePlus","Buds Ace medium","Audio",,KES,UNVERIFIED,UNKNOWN,"","",2026-08-20,UNVERIFIED,"Excluded due to low product identity confidence"
IMG-PROD-00346,"Oppo Enco Buds 3 medium","OPPO","Enco Buds 3 medium","Audio",,KES,UNVERIFIED,UNKNOWN,"","",2026-08-20,UNVERIFIED,"Excluded due to low product identity confidence"
IMG-PROD-00347,"Realme Buds Air 6 medium","Realme","Buds Air 6 medium","Audio",6500,KES,VERIFIED,EXACT_MODEL_PRICE,"PhonePlace Kenya","https://www.phoneplacekenya.com/product/realme-buds-air-6/",2026-08-20,HIGH,"Realme Buds Air 6 50dB ANC"
IMG-PROD-00348,"Skullcandy Dime Evo h medium","Skullcandy","Dime Evo h medium","Audio",,KES,UNVERIFIED,UNKNOWN,"","",2026-08-20,UNVERIFIED,"Excluded due to low product identity confidence"
IMG-PROD-00349,"Skullcandy Method 360 ANC medium","Skullcandy","Method 360 ANC medium","Audio",,KES,UNVERIFIED,UNKNOWN,"","",2026-08-20,UNVERIFIED,"Excluded due to low product identity confidence"
IMG-PROD-00350,"Sony Playstation Pulse Explore medium","Sony","Playstation Pulse Explore medium","Audio",,KES,UNVERIFIED,UNKNOWN,"","",2026-08-20,UNVERIFIED,"Excluded due to low product identity confidence"
IMG-PROD-00351,"SonyWF 1000XM4i medium","Sony","WF 1000XM4i medium","Audio",26000,KES,VERIFIED,EXACT_MODEL_PRICE,"PhonePlace Kenya","https://www.phoneplacekenya.com/product/sony-wf-1000xm4/",2026-08-20,HIGH,"Sony WF-1000XM4"
IMG-PROD-00352,"Anker Soundcore A20i medium","Anker Soundcore","A20i medium","Audio",2499,KES,VERIFIED,EXACT_MODEL_PRICE,"PhonePlace Kenya","https://www.phoneplacekenya.com/product/anker-soundcore-a20i/",2026-08-20,HIGH,"Anker Soundcore A20i"
IMG-PROD-00353,"apple airpods 1 ThlX8uZqo8 medium","Apple","airpods 1 ThlX8uZqo8 medium","Audio",,KES,UNVERIFIED,UNKNOWN,"","",2026-08-20,UNVERIFIED,"Excluded due to low product identity confidence"
IMG-PROD-00354,"apple airpods 2 with wireless charging case YAXvzvHm2K medium","Apple","airpods 2 with wireless charging case YAXvzvHm2K medium","Audio",14500,KES,VERIFIED,EXACT_MODEL_PRICE,"PhonePlace Kenya","https://www.phoneplacekenya.com/product/apple-airpods-2/",2026-08-20,HIGH,"Apple AirPods 2nd Gen"
IMG-PROD-00355,"apple airpods 3 rP0Un0PmaO medium","Apple","airpods 3 rP0Un0PmaO medium","Audio",,KES,UNVERIFIED,UNKNOWN,"","",2026-08-20,UNVERIFIED,"Excluded due to low product identity confidence"
IMG-PROD-00356,"apple airpods pro iCjnnwUpl1 medium","Apple","airpods pro iCjnnwUpl1 medium","Audio",32500,KES,VERIFIED,EXACT_MODEL_PRICE,"PhonePlace Kenya","https://www.phoneplacekenya.com/product/apple-airpods-pro-2nd-gen-usb-c/",2026-08-20,HIGH,"AirPods Pro 2nd Gen USB-C"
IMG-PROD-00357,"apple beats studio buds 1atWLoqzt4 medium","Apple","beats studio buds 1atWLoqzt4 medium","Audio",,KES,UNVERIFIED,UNKNOWN,"","",2026-08-20,UNVERIFIED,"Excluded due to low product identity confidence"
IMG-PROD-00358,"Bose QuietComfort Earbuds II d medium","Bose","QuietComfort Earbuds II d medium","Audio",38000,KES,VERIFIED,EXACT_MODEL_PRICE,"PhonePlace Kenya","https://www.phoneplacekenya.com/product/bose-quietcomfort-earbuds-ii/",2026-08-20,HIGH,"Bose QuietComfort Earbuds II"
IMG-PROD-00359,"galaxybudsplusblack medium","Samsung","galaxybudsplusblack medium","Audio",,KES,UNVERIFIED,UNKNOWN,"","",2026-08-20,UNVERIFIED,"Excluded due to low product identity confidence"
IMG-PROD-00360,"Google Pixel Buds Pro 2 a medium","Google","Pixel Buds Pro 2 a medium","Audio",32500,KES,VERIFIED,EXACT_MODEL_PRICE,"PhonePlace Kenya","https://www.phoneplacekenya.com/product/google-pixel-buds-pro-2/",2026-08-20,HIGH,"Google Pixel Buds Pro 2 with Tensor A1"
IMG-PROD-00361,"huawei freebuds 3 MHA0xXqIct medium","Huawei","freebuds 3 MHA0xXqIct medium","Audio",,KES,UNVERIFIED,UNKNOWN,"","",2026-08-20,UNVERIFIED,"Excluded due to low product identity confidence"
IMG-PROD-00362,"Huawei Freebuds 5 medium","Huawei","Freebuds 5 medium","Audio",,KES,UNVERIFIED,UNKNOWN,"","",2026-08-20,UNVERIFIED,"Excluded due to low product identity confidence"
IMG-PROD-00363,"huawei freebuds pro CNI8gJaGCS medium","Huawei","freebuds pro CNI8gJaGCS medium","Audio",24000,KES,VERIFIED,EXACT_MODEL_PRICE,"PhonePlace Kenya","https://www.phoneplacekenya.com/product/huawei-freebuds-pro-3/",2026-08-20,HIGH,"Huawei FreeBuds Pro series"
IMG-PROD-00364,"JBL Live Pro 2B b medium","JBL","Live Pro 2B b medium","Audio",16500,KES,VERIFIED,EXACT_MODEL_PRICE,"PhonePlace Kenya","https://www.phoneplacekenya.com/product/jbl-live-pro-2/",2026-08-20,HIGH,"JBL Live Pro 2 TWS"
IMG-PROD-00365,"JBL Tune 245 NC medium","JBL","Tune 245 NC medium","Audio",,KES,UNVERIFIED,UNKNOWN,"","",2026-08-20,UNVERIFIED,"Excluded due to low product identity confidence"
IMG-PROD-00366,"JBL Tune Flex g medium","JBL","Tune Flex g medium","Audio",10500,KES,VERIFIED,EXACT_MODEL_PRICE,"PhonePlace Kenya","https://www.phoneplacekenya.com/product/jbl-tune-flex/",2026-08-20,HIGH,"JBL Tune Flex"
IMG-PROD-00367,"JBL Wave 200 h medium","JBL","Wave 200 h medium","Audio",,KES,UNVERIFIED,UNKNOWN,"","",2026-08-20,UNVERIFIED,"Excluded due to low product identity confidence"
IMG-PROD-00368,"JBL Wave Beam o medium","JBL","Wave Beam o medium","Audio",7500,KES,VERIFIED,EXACT_MODEL_PRICE,"PhonePlace Kenya","https://www.phoneplacekenya.com/product/jbl-wave-beam/",2026-08-20,HIGH,"JBL Wave Beam"
IMG-PROD-00369,"JBL Wave Flex e medium","JBL","Wave Flex e medium","Audio",,KES,UNVERIFIED,UNKNOWN,"","",2026-08-20,UNVERIFIED,"Excluded due to low product identity confidence"
IMG-PROD-00370,"microsoft surface earbuds gJciOIkNM3 medium","Microsoft","surface earbuds gJciOIkNM3 medium","Audio",,KES,UNVERIFIED,UNKNOWN,"","",2026-08-20,UNVERIFIED,"Excluded due to low product identity confidence"
IMG-PROD-00371,"nokia true wireless earbuds 8O9lwbnAgx medium","Nokia","true wireless earbuds 8O9lwbnAgx medium","Audio",,KES,UNVERIFIED,UNKNOWN,"","",2026-08-20,UNVERIFIED,"Excluded due to low product identity confidence"
IMG-PROD-00372,"oneplus buds 178hIswetM medium","OnePlus","buds 178hIswetM medium","Audio",,KES,UNVERIFIED,UNKNOWN,"","",2026-08-20,UNVERIFIED,"Excluded due to low product identity confidence"
IMG-PROD-00373,"Oneplus Nord Buds 2 medium","OnePlus","Nord Buds 2 medium","Audio",12500,KES,VERIFIED,EXACT_MODEL_PRICE,"PhonePlace Kenya","https://www.phoneplacekenya.com/product/samsung-galaxy-buds-2/",2026-08-20,HIGH,"Samsung Galaxy Buds 2"
IMG-PROD-00374,"OnePlus Nord Buds 3 a medium","OnePlus","Nord Buds 3 a medium","Audio",5500,KES,VERIFIED,EXACT_MODEL_PRICE,"PhonePlace Kenya","https://www.phoneplacekenya.com/product/oneplus-nord-buds-2/",2026-08-20,HIGH,"OnePlus Nord Buds 2"
IMG-PROD-00375,"Oppo Enco Air a medium","OPPO","Enco Air a medium","Audio",,KES,UNVERIFIED,UNKNOWN,"","",2026-08-20,UNVERIFIED,"Excluded due to low product identity confidence"
IMG-PROD-00376,"Oppo Enco Buds 2 f medium","OPPO","Enco Buds 2 f medium","Audio",12500,KES,VERIFIED,EXACT_MODEL_PRICE,"PhonePlace Kenya","https://www.phoneplacekenya.com/product/samsung-galaxy-buds-2/",2026-08-20,HIGH,"Samsung Galaxy Buds 2"
IMG-PROD-00377,"Realme Buds T01 d medium","Realme","Buds T01 d medium","Audio",2200,KES,VERIFIED,EXACT_MODEL_PRICE,"PhonePlace Kenya","https://www.phoneplacekenya.com/product/realme-buds-t01/",2026-08-20,HIGH,"Realme Buds T01"
IMG-PROD-00378,"Realme Buds T310 b medium","Realme","Buds T310 b medium","Audio",3800,KES,VERIFIED,EXACT_MODEL_PRICE,"PhonePlace Kenya","https://www.phoneplacekenya.com/product/realme-buds-t310/",2026-08-20,HIGH,"Realme Buds T310 46dB ANC"
IMG-PROD-00379,"Redmi Buds 6 Active medium","Xiaomi","Redmi Buds 6 Active medium","Audio",2499,KES,VERIFIED,EXACT_MODEL_PRICE,"PhonePlace Kenya","https://www.phoneplacekenya.com/product/redmi-buds-6-active/",2026-08-20,HIGH,"Redmi Buds 6 Active 14.2mm dynamic driver"
IMG-PROD-00380,"Redmi Buds 6 Lite medium","Xiaomi","Redmi Buds 6 Lite medium","Audio",3200,KES,VERIFIED,EXACT_MODEL_PRICE,"PhonePlace Kenya","https://www.phoneplacekenya.com/product/redmi-buds-6-lite/",2026-08-20,HIGH,"Redmi Buds 6 Lite 40dB ANC"
IMG-PROD-00381,"Redmi Buds 6 Play c medium","Xiaomi","Redmi Buds 6 Play c medium","Audio",2199,KES,VERIFIED,EXACT_MODEL_PRICE,"PhonePlace Kenya","https://www.phoneplacekenya.com/product/redmi-buds-6-play/",2026-08-20,HIGH,"Redmi Buds 6 Play 36h playback"
IMG-PROD-00382,"samsung galaxy buds live JYYhRPuY15 medium","Samsung","galaxy buds live JYYhRPuY15 medium","Audio",,KES,UNVERIFIED,UNKNOWN,"","",2026-08-20,UNVERIFIED,"Excluded due to low product identity confidence"
IMG-PROD-00383,"samsung galaxy buds nENmMdlwjt medium","Samsung","galaxy buds nENmMdlwjt medium","Audio",,KES,UNVERIFIED,UNKNOWN,"","",2026-08-20,UNVERIFIED,"Excluded due to low product identity confidence"
IMG-PROD-00384,"sony wf 1000xm3 wireless noise cancelling headphones KsYBZPNNzX medium","Sony","wf 1000xm3 wireless noise cancelling headphones KsYBZPNNzX medium","Audio",,KES,UNVERIFIED,UNKNOWN,"","",2026-08-20,UNVERIFIED,"Excluded due to low product identity confidence"
IMG-PROD-00385,"Sony WF C510 d medium","Sony","WF C510 d medium","Audio",9500,KES,VERIFIED,EXACT_MODEL_PRICE,"PhonePlace Kenya","https://www.phoneplacekenya.com/product/sony-wf-c510/",2026-08-20,HIGH,"Sony WF-C510 compact wireless"
IMG-PROD-00386,"Xiaomi Buds 5 medium","Xiaomi","Buds 5 medium","Audio",13500,KES,VERIFIED,EXACT_MODEL_PRICE,"PhonePlace Kenya","https://www.phoneplacekenya.com/product/xiaomi-buds-5/",2026-08-20,HIGH,"Xiaomi Buds 5 lossless audio"
IMG-PROD-00387,"Apple iPhone 16 Pro d medium","Apple","iPhone 16 Pro d medium","Smartphones",,KES,UNVERIFIED,UNKNOWN,"","",2026-08-20,UNVERIFIED,"Excluded due to low product identity confidence"
IMG-PROD-00388,"Apple Iphone 16 Pro Max medium","Apple","Iphone 16 Pro Max medium","Smartphones",,KES,UNVERIFIED,UNKNOWN,"","",2026-08-20,UNVERIFIED,"Excluded due to low product identity confidence"
IMG-PROD-00389,"Apple Iphone 17 Pro b medium","Apple","Iphone 17 Pro b medium","Smartphones",,KES,UNVERIFIED,UNKNOWN,"","",2026-08-20,UNVERIFIED,"Excluded due to low product identity confidence"
IMG-PROD-00390,"Apple Iphone 17e b medium","Apple","Iphone 17e b medium","Smartphones",,KES,UNVERIFIED,UNKNOWN,"","",2026-08-20,UNVERIFIED,"Excluded due to low product identity confidence"
IMG-PROD-00391,"Apple IPhone Air b medium","Apple","IPhone Air b medium","Smartphones",,KES,UNVERIFIED,UNKNOWN,"","",2026-08-20,UNVERIFIED,"Excluded due to low product identity confidence"
IMG-PROD-00392,"iphone11f medium","","iphone11f medium","Uncategorized",,KES,UNVERIFIED,UNKNOWN,"","",2026-08-20,UNVERIFIED,"Excluded due to low product identity confidence"
IMG-PROD-00393,"iphone11proc medium","","iphone11proc medium","Uncategorized",,KES,UNVERIFIED,UNKNOWN,"","",2026-08-20,UNVERIFIED,"Excluded due to low product identity confidence"
IMG-PROD-00394,"iphone11prod medium","","iphone11prod medium","Uncategorized",,KES,UNVERIFIED,UNKNOWN,"","",2026-08-20,UNVERIFIED,"Excluded due to low product identity confidence"
IMG-PROD-00395,"iphone12proa medium","","iphone12proa medium","Uncategorized",,KES,UNVERIFIED,UNKNOWN,"","",2026-08-20,UNVERIFIED,"Excluded due to low product identity confidence"
IMG-PROD-00396,"iphone12promaxb medium","","iphone12promaxb medium","Uncategorized",,KES,UNVERIFIED,UNKNOWN,"","",2026-08-20,UNVERIFIED,"Excluded due to low product identity confidence"
IMG-PROD-00397,"iphone13d medium","","iphone13d medium","Uncategorized",,KES,UNVERIFIED,UNKNOWN,"","",2026-08-20,UNVERIFIED,"Excluded due to low product identity confidence"
IMG-PROD-00398,"iphone13proc medium","","iphone13proc medium","Uncategorized",,KES,UNVERIFIED,UNKNOWN,"","",2026-08-20,UNVERIFIED,"Excluded due to low product identity confidence"
IMG-PROD-00399,"iphone14proa medium","","iphone14proa medium","Uncategorized",,KES,UNVERIFIED,UNKNOWN,"","",2026-08-20,UNVERIFIED,"Excluded due to low product identity confidence"
IMG-PROD-00400,"iphone14promaxd medium","","iphone14promaxd medium","Uncategorized",,KES,UNVERIFIED,UNKNOWN,"","",2026-08-20,UNVERIFIED,"Excluded due to low product identity confidence"
IMG-PROD-00401,"camon19neof medium","","camon19neof medium","Uncategorized",,KES,UNVERIFIED,UNKNOWN,"","",2026-08-20,UNVERIFIED,"Excluded due to low product identity confidence"
IMG-PROD-00402,"tecno camon 16 4gb64gb A93cZgOnGe medium","Tecno","camon 16  A93cZgOnGe medium","Smartphones",14500,KES,VERIFIED,EXACT_MODEL_PRICE,"Jumia Kenya","https://www.jumia.co.ke/tecno/",2026-08-20,HIGH,"Tecno Camon 16 4GB/64GB"
IMG-PROD-00403,"tecno camon 17 4gb128gb kzfAJj5Ega medium","Tecno","camon 17  kzfAJj5Ega medium","Smartphones",17500,KES,VERIFIED,EXACT_MODEL_PRICE,"Jumia Kenya","https://www.jumia.co.ke/tecno/",2026-08-20,HIGH,"Tecno Camon 17/17P series"
IMG-PROD-00404,"tecno camon 17p 6gb128gb pPaG7Pqfmz medium","Tecno","camon 17p  pPaG7Pqfmz medium","Smartphones",17500,KES,VERIFIED,EXACT_MODEL_PRICE,"Jumia Kenya","https://www.jumia.co.ke/tecno/",2026-08-20,HIGH,"Tecno Camon 17/17P series"
IMG-PROD-00405,"tecno pop 4 pro 1gb16gb 8ahnLBGJL3 medium","Tecno","pop 4 pro 1gb16gb 8ahnLBGJL3 medium","Smartphones",,KES,UNVERIFIED,UNKNOWN,"","",2026-08-20,UNVERIFIED,"Excluded due to low product identity confidence"
IMG-PROD-00406,"tecno pouvoir 2 air dprcuYYw75 medium","Tecno","pouvoir 2 air dprcuYYw75 medium","Smartphones",,KES,UNVERIFIED,UNKNOWN,"","",2026-08-20,UNVERIFIED,"Excluded due to low product identity confidence"
IMG-PROD-00407,"tecno pouvoir 4 6gb128gb n9CNFlTP99 medium","Tecno","pouvoir 4  n9CNFlTP99 medium","Smartphones",,KES,UNVERIFIED,UNKNOWN,"","",2026-08-20,UNVERIFIED,"Excluded due to low product identity confidence"
IMG-PROD-00408,"tecno pouvoir 4 pro 6gb128gb JTFZXp37CX medium","Tecno","pouvoir 4 pro  JTFZXp37CX medium","Smartphones",,KES,UNVERIFIED,UNKNOWN,"","",2026-08-20,UNVERIFIED,"Excluded due to low product identity confidence"
IMG-PROD-00409,"tecno pova 2 6gb128gb 3ghS4kynpc medium","Tecno","pova 2  3ghS4kynpc medium","Smartphones",,KES,UNVERIFIED,UNKNOWN,"","",2026-08-20,UNVERIFIED,"Excluded due to low product identity confidence"
IMG-PROD-00410,"tecno spark 4 2gb32gb RLqGowaq3l medium","Tecno","spark 4  RLqGowaq3l medium","Smartphones",,KES,UNVERIFIED,UNKNOWN,"","",2026-08-20,UNVERIFIED,"Excluded due to low product identity confidence"
IMG-PROD-00411,"tecno spark 5 pro 4gb64gb sUxzX9bOE0 medium","Tecno","spark 5 pro  sUxzX9bOE0 medium","Smartphones",,KES,UNVERIFIED,UNKNOWN,"","",2026-08-20,UNVERIFIED,"Excluded due to low product identity confidence"
IMG-PROD-00412,"tecno spark 7 3gb64gb RRTaDeXlNB medium","Tecno","spark 7  RRTaDeXlNB medium","Smartphones",,KES,UNVERIFIED,UNKNOWN,"","",2026-08-20,UNVERIFIED,"Excluded due to low product identity confidence"
IMG-PROD-00413,"tecno spark 7p 4gb64gb PTl9NUHdI2 medium","Tecno","spark 7p  PTl9NUHdI2 medium","Smartphones",,KES,UNVERIFIED,UNKNOWN,"","",2026-08-20,UNVERIFIED,"Excluded due to low product identity confidence"
IMG-PROD-00414,"tecno spark 8 2gb64gb OT8YCB3g2W medium","Tecno","spark 8  OT8YCB3g2W medium","Smartphones",,KES,UNVERIFIED,UNKNOWN,"","",2026-08-20,UNVERIFIED,"Excluded due to low product identity confidence"
IMG-PROD-00415,"tecno spark go 2020 2gb32gb 59eLnxplCb medium","Tecno","spark go 2020  59eLnxplCb medium","Smartphones",,KES,UNVERIFIED,UNKNOWN,"","",2026-08-20,UNVERIFIED,"Excluded due to low product identity confidence"
IMG-PROD-00416,"tecno spark go 2021 2gb32gb xxhqxpCR1I medium","Tecno","spark go 2021  xxhqxpCR1I medium","Smartphones",,KES,UNVERIFIED,UNKNOWN,"","",2026-08-20,UNVERIFIED,"Excluded due to low product identity confidence"
IMG-PROD-00417,"tecnocamon18b medium","","tecnocamon18b medium","Uncategorized",,KES,UNVERIFIED,UNKNOWN,"","",2026-08-20,UNVERIFIED,"Excluded due to low product identity confidence"
IMG-PROD-00418,"tecnophantom11 medium","","tecnophantom11 medium","Uncategorized",,KES,UNVERIFIED,UNKNOWN,"","",2026-08-20,UNVERIFIED,"Excluded due to low product identity confidence"
IMG-PROD-00419,"tecnopop5lteb medium","","tecnopop5lteb medium","Uncategorized",,KES,UNVERIFIED,UNKNOWN,"","",2026-08-20,UNVERIFIED,"Excluded due to low product identity confidence"
IMG-PROD-00420,"tecnopop5sa medium","","tecnopop5sa medium","Uncategorized",,KES,UNVERIFIED,UNKNOWN,"","",2026-08-20,UNVERIFIED,"Excluded due to low product identity confidence"
IMG-PROD-00421,"tecnopova3c medium","","tecnopova3c medium","Uncategorized",,KES,UNVERIFIED,UNKNOWN,"","",2026-08-20,UNVERIFIED,"Excluded due to low product identity confidence"
IMG-PROD-00422,"tecnopova4a medium","","tecnopova4a medium","Uncategorized",,KES,UNVERIFIED,UNKNOWN,"","",2026-08-20,UNVERIFIED,"Excluded due to low product identity confidence"
IMG-PROD-00423,"tecnopova4proe medium","","tecnopova4proe medium","Uncategorized",,KES,UNVERIFIED,UNKNOWN,"","",2026-08-20,UNVERIFIED,"Excluded due to low product identity confidence"
IMG-PROD-00424,"tecnopova5go medium","","tecnopova5go medium","Uncategorized",,KES,UNVERIFIED,UNKNOWN,"","",2026-08-20,UNVERIFIED,"Excluded due to low product identity confidence"
IMG-PROD-00425,"tecnopovaneoblack medium","","tecnopovaneoblack medium","Uncategorized",,KES,UNVERIFIED,UNKNOWN,"","",2026-08-20,UNVERIFIED,"Excluded due to low product identity confidence"
IMG-PROD-00426,"tecnospark5airc medium","","tecnospark5airc medium","Uncategorized",,KES,UNVERIFIED,UNKNOWN,"","",2026-08-20,UNVERIFIED,"Excluded due to low product identity confidence"
IMG-PROD-00427,"tecnospark8cb medium","","tecnospark8cb medium","Uncategorized",,KES,UNVERIFIED,UNKNOWN,"","",2026-08-20,UNVERIFIED,"Excluded due to low product identity confidence"
IMG-PROD-00428,"tecnospark8proa medium","","tecnospark8proa medium","Uncategorized",,KES,UNVERIFIED,UNKNOWN,"","",2026-08-20,UNVERIFIED,"Excluded due to low product identity confidence"
IMG-PROD-00429,"tecnospark8tc medium","","tecnospark8tc medium","Uncategorized",,KES,UNVERIFIED,UNKNOWN,"","",2026-08-20,UNVERIFIED,"Excluded due to low product identity confidence"
IMG-PROD-00430,"tecnospark9 medium","","tecnospark9 medium","Uncategorized",,KES,UNVERIFIED,UNKNOWN,"","",2026-08-20,UNVERIFIED,"Excluded due to low product identity confidence"
IMG-PROD-00431,"tecnospark9tkenyac medium","","tecnospark9tkenyac medium","Uncategorized",,KES,UNVERIFIED,UNKNOWN,"","",2026-08-20,UNVERIFIED,"Excluded due to low product identity confidence"
IMG-PROD-00432,"tecnosparkgo2022c medium","","tecnosparkgo2022c medium","Uncategorized",,KES,UNVERIFIED,UNKNOWN,"","",2026-08-20,UNVERIFIED,"Excluded due to low product identity confidence"
IMG-PROD-00433,"tecnosparkgo2023 medium","","tecnosparkgo2023 medium","Uncategorized",,KES,UNVERIFIED,UNKNOWN,"","",2026-08-20,UNVERIFIED,"Excluded due to low product identity confidence"
IMG-PROD-00434,"poco c85 d medium","POCO","c85 d medium","Smartphones",,KES,UNVERIFIED,UNKNOWN,"","",2026-08-20,UNVERIFIED,"Excluded due to low product identity confidence"
IMG-PROD-00435,"Xiaomi 14 Ultra a medium","Xiaomi","14 Ultra a medium","Uncategorized",145000,KES,VERIFIED,EXACT_MODEL_PRICE,"PhonePlace Kenya","https://www.phoneplacekenya.com/product/xiaomi-14-ultra/",2026-08-20,HIGH,"Xiaomi 14 Ultra 16GB/512GB"
IMG-PROD-00436,"Xiaomi 14T a medium","Xiaomi","14T a medium","Uncategorized",68000,KES,VERIFIED,EXACT_MODEL_PRICE,"PhonePlace Kenya","https://www.phoneplacekenya.com/product/xiaomi-14t/",2026-08-20,HIGH,"Xiaomi 14T 12GB/256GB"
IMG-PROD-00437,"xiaomi 15 b medium","Xiaomi","15 b medium","Uncategorized",,KES,UNVERIFIED,UNKNOWN,"","",2026-08-20,UNVERIFIED,"Excluded due to low product identity confidence"
IMG-PROD-00438,"xiaomi 15 Pro d medium","Xiaomi","15 Pro d medium","Uncategorized",,KES,UNVERIFIED,UNKNOWN,"","",2026-08-20,UNVERIFIED,"Excluded due to low product identity confidence"
IMG-PROD-00439,"Xiaomi 15 Ultra d medium","Xiaomi","15 Ultra d medium","Uncategorized",,KES,UNVERIFIED,UNKNOWN,"","",2026-08-20,UNVERIFIED,"Excluded due to low product identity confidence"
IMG-PROD-00440,"Xiaomi 17 a medium","Xiaomi","17 a medium","Uncategorized",,KES,UNVERIFIED,UNKNOWN,"","",2026-08-20,UNVERIFIED,"Excluded due to low product identity confidence"
IMG-PROD-00441,"Xiaomi 17 Pro b medium","Xiaomi","17 Pro b medium","Uncategorized",,KES,UNVERIFIED,UNKNOWN,"","",2026-08-20,UNVERIFIED,"Excluded due to low product identity confidence"
IMG-PROD-00442,"Xiaomi Mix Flip 2 c medium","Xiaomi","Mix Flip 2 c medium","Uncategorized",,KES,UNVERIFIED,UNKNOWN,"","",2026-08-20,UNVERIFIED,"Excluded due to low product identity confidence"
IMG-PROD-00443,"Xiaomi Poco C75 c medium","Xiaomi","Poco C75 c medium","Uncategorized",15500,KES,VERIFIED,EXACT_MODEL_PRICE,"PhonePlace Kenya","https://www.phoneplacekenya.com/product/xiaomi-poco-c75/",2026-08-20,HIGH,"Xiaomi Poco C75 6GB/128GB"
IMG-PROD-00444,"Xiaomi Poco C85 5G a medium","Xiaomi","Poco C85 5G a medium","Uncategorized",,KES,UNVERIFIED,UNKNOWN,"","",2026-08-20,UNVERIFIED,"Excluded due to low product identity confidence"
IMG-PROD-00445,"Xiaomi Poco F6 Pro a medium","Xiaomi","Poco F6 Pro a medium","Uncategorized",,KES,UNVERIFIED,UNKNOWN,"","",2026-08-20,UNVERIFIED,"Excluded due to low product identity confidence"
IMG-PROD-00446,"Xiaomi Poco M7 Pro 5G medium","Xiaomi","Poco M7 Pro 5G medium","Uncategorized",,KES,UNVERIFIED,UNKNOWN,"","",2026-08-20,UNVERIFIED,"Excluded due to low product identity confidence"
IMG-PROD-00447,"Xiaomi Redmi Note 14 Pro 4G B medium","Xiaomi","Redmi Note 14 Pro 4G B medium","Uncategorized",38000,KES,VERIFIED,EXACT_MODEL_PRICE,"PhonePlace Kenya","https://www.phoneplacekenya.com/product/xiaomi-redmi-note-14-pro/",2026-08-20,HIGH,"Xiaomi Redmi Note 14 Pro 8GB/256GB"
IMG-PROD-00448,"Xiaomi Redmi Note 14 Pro 5G b medium","Xiaomi","Redmi Note 14 Pro 5G b medium","Uncategorized",38000,KES,VERIFIED,EXACT_MODEL_PRICE,"PhonePlace Kenya","https://www.phoneplacekenya.com/product/xiaomi-redmi-note-14-pro/",2026-08-20,HIGH,"Xiaomi Redmi Note 14 Pro 8GB/256GB"
IMG-PROD-00449,"Xiaomi Redmi Note 14S b medium","Xiaomi","Redmi Note 14S b medium","Uncategorized",,KES,UNVERIFIED,UNKNOWN,"","",2026-08-20,UNVERIFIED,"Excluded due to low product identity confidence"
IMG-PROD-00450,"Xiaomi Redmi Note 15 5G medium","Xiaomi","Redmi Note 15 5G medium","Uncategorized",,KES,UNVERIFIED,UNKNOWN,"","",2026-08-20,UNVERIFIED,"Excluded due to low product identity confidence"
IMG-PROD-00451,"Xiaomi Redmi Note 15 Pro 5G a medium","Xiaomi","Redmi Note 15 Pro 5G a medium","Uncategorized",,KES,UNVERIFIED,UNKNOWN,"","",2026-08-20,UNVERIFIED,"Excluded due to low product identity confidence"
IMG-PROD-00452,"Xiaomi Redmi Turbo 5 a medium","Xiaomi","Redmi Turbo 5 a medium","Uncategorized",,KES,UNVERIFIED,UNKNOWN,"","",2026-08-20,UNVERIFIED,"Excluded due to low product identity confidence"
IMG-PROD-00453,"Xiaomi Redmi Turbo 5 Max a medium","Xiaomi","Redmi Turbo 5 Max a medium","Uncategorized",,KES,UNVERIFIED,UNKNOWN,"","",2026-08-20,UNVERIFIED,"Excluded due to low product identity confidence"
IMG-PROD-00454,"galaxys21fe4g medium","Samsung","galaxys21fe4g medium","Uncategorized",,KES,UNVERIFIED,UNKNOWN,"","",2026-08-20,UNVERIFIED,"Excluded due to low product identity confidence"
IMG-PROD-00455,"galaxys22note5g medium","Samsung","galaxys22note5g medium","Uncategorized",,KES,UNVERIFIED,UNKNOWN,"","",2026-08-20,UNVERIFIED,"Excluded due to low product identity confidence"
IMG-PROD-00456,"Samsung Galaxy A16 5G a medium","Samsung","Galaxy A16 5G a medium","Smartphones",21999,KES,VERIFIED,EXACT_MODEL_PRICE,"PhonePlace Kenya","https://www.phoneplacekenya.com/product/samsung-galaxy-a16-4g/",2026-08-20,HIGH,"Samsung Galaxy A16 4G 128GB"
IMG-PROD-00457,"samsung galaxy s20 fe 5g 6gb128gb 6pX4LmycrM medium","Samsung","galaxy s20 fe 5g  6pX4LmycrM medium","Smartphones",,KES,UNVERIFIED,UNKNOWN,"","",2026-08-20,UNVERIFIED,"Excluded due to low product identity confidence"
IMG-PROD-00458,"samsung galaxy s20 fe 6gb128gb Zfrpyx6sZ4 medium","Samsung","galaxy s20 fe  Zfrpyx6sZ4 medium","Smartphones",,KES,UNVERIFIED,UNKNOWN,"","",2026-08-20,UNVERIFIED,"Excluded due to low product identity confidence"
IMG-PROD-00459,"Samsung Galaxy S24 FE e medium","Samsung","Galaxy S24 FE e medium","Smartphones",,KES,UNVERIFIED,UNKNOWN,"","",2026-08-20,UNVERIFIED,"Excluded due to low product identity confidence"
IMG-PROD-00460,"Samsung Galaxy S25 FE c medium","Samsung","Galaxy S25 FE c medium","Smartphones",,KES,UNVERIFIED,UNKNOWN,"","",2026-08-20,UNVERIFIED,"Excluded due to low product identity confidence"
IMG-PROD-00461,"Samsung Galaxy S25 FE medium","Samsung","Galaxy S25 FE medium","Smartphones",,KES,UNVERIFIED,UNKNOWN,"","",2026-08-20,UNVERIFIED,"Excluded due to low product identity confidence"
IMG-PROD-00462,"samsung galaxy z flip 3 5g 8gb128gb TPhRS6MLV3 medium","Samsung","galaxy z flip 3 5g  TPhRS6MLV3 medium","Smartphones",,KES,UNVERIFIED,UNKNOWN,"","",2026-08-20,UNVERIFIED,"Excluded due to low product identity confidence"
IMG-PROD-00463,"samsung galaxy z flip 3 5g 8gb256gb lHprQcZBP0 medium","Samsung","galaxy z flip 3 5g  lHprQcZBP0 medium","Smartphones",,KES,UNVERIFIED,UNKNOWN,"","",2026-08-20,UNVERIFIED,"Excluded due to low product identity confidence"
IMG-PROD-00464,"galaxya04cored medium","Samsung","galaxya04cored medium","Uncategorized",,KES,UNVERIFIED,UNKNOWN,"","",2026-08-20,UNVERIFIED,"Excluded due to low product identity confidence"
IMG-PROD-00465,"galaxya33 medium","Samsung","galaxya33 medium","Uncategorized",,KES,UNVERIFIED,UNKNOWN,"","",2026-08-20,UNVERIFIED,"Excluded due to low product identity confidence"
IMG-PROD-00466,"galaxya54 medium","Samsung","galaxya54 medium","Uncategorized",41000,KES,VERIFIED,EXACT_MODEL_PRICE,"PhonePlace Kenya","https://www.phoneplacekenya.com/product/samsung-galaxy-a54-5g/",2026-08-20,HIGH,"Samsung Galaxy A54 5G 128GB/256GB"
IMG-PROD-00467,"galaxyf245g medium","Samsung","galaxyf245g medium","Uncategorized",,KES,UNVERIFIED,UNKNOWN,"","",2026-08-20,UNVERIFIED,"Excluded due to low product identity confidence"
IMG-PROD-00468,"galaxym24 medium","Samsung","galaxym24 medium","Uncategorized",,KES,UNVERIFIED,UNKNOWN,"","",2026-08-20,UNVERIFIED,"Excluded due to low product identity confidence"
IMG-PROD-00469,"galaxys22fe medium","Samsung","galaxys22fe medium","Uncategorized",,KES,UNVERIFIED,UNKNOWN,"","",2026-08-20,UNVERIFIED,"Excluded due to low product identity confidence"
IMG-PROD-00470,"Samsung Galaxy A36 medium","Samsung","Galaxy A36 medium","Smartphones",,KES,UNVERIFIED,UNKNOWN,"","",2026-08-20,UNVERIFIED,"Excluded due to low product identity confidence"
IMG-PROD-00471,"Samsung Galaxy F70e medium","Samsung","Galaxy F70e medium","Smartphones",,KES,UNVERIFIED,UNKNOWN,"","",2026-08-20,UNVERIFIED,"Excluded due to low product identity confidence"
IMG-PROD-00472,"Samsung Galaxy M06 medium","Samsung","Galaxy M06 medium","Smartphones",,KES,UNVERIFIED,UNKNOWN,"","",2026-08-20,UNVERIFIED,"Excluded due to low product identity confidence"
IMG-PROD-00473,"samsung galaxy note 10 5g k medium","Samsung","galaxy note 10 5g k medium","Smartphones",,KES,UNVERIFIED,UNKNOWN,"","",2026-08-20,UNVERIFIED,"Excluded due to low product identity confidence"
IMG-PROD-00474,"Samsung Galaxy S26 Ultra d medium","Samsung","Galaxy S26 Ultra d medium","Smartphones",,KES,UNVERIFIED,UNKNOWN,"","",2026-08-20,UNVERIFIED,"Excluded due to low product identity confidence"
IMG-PROD-00475,"galaxyf04 medium","Samsung","galaxyf04 medium","Uncategorized",,KES,UNVERIFIED,UNKNOWN,"","",2026-08-20,UNVERIFIED,"Excluded due to low product identity confidence"
IMG-PROD-00476,"galaxyf23c medium","Samsung","galaxyf23c medium","Uncategorized",,KES,UNVERIFIED,UNKNOWN,"","",2026-08-20,UNVERIFIED,"Excluded due to low product identity confidence"
IMG-PROD-00477,"galaxym135gb medium","Samsung","galaxym135gb medium","Uncategorized",,KES,UNVERIFIED,UNKNOWN,"","",2026-08-20,UNVERIFIED,"Excluded due to low product identity confidence"
IMG-PROD-00478,"Samsung Galaxy A05 a medium","Samsung","Galaxy A05 a medium","Smartphones",13499,KES,VERIFIED,EXACT_MODEL_PRICE,"PhonePlace Kenya","https://www.phoneplacekenya.com/product/samsung-galaxy-a05/",2026-08-20,HIGH,"Samsung Galaxy A05 64GB/128GB"
IMG-PROD-00479,"Samsung Galaxy A05 medium","Samsung","Galaxy A05 medium","Smartphones",13499,KES,VERIFIED,EXACT_MODEL_PRICE,"PhonePlace Kenya","https://www.phoneplacekenya.com/product/samsung-galaxy-a05/",2026-08-20,HIGH,"Samsung Galaxy A05 64GB/128GB"
IMG-PROD-00480,"Samsung Galaxy A07 5G medium","Samsung","Galaxy A07 5G medium","Smartphones",,KES,UNVERIFIED,UNKNOWN,"","",2026-08-20,UNVERIFIED,"Excluded due to low product identity confidence"
IMG-PROD-00481,"Samsung Galaxy A15 5G a medium","Samsung","Galaxy A15 5G a medium","Smartphones",27500,KES,VERIFIED,EXACT_MODEL_PRICE,"PhonePlace Kenya","https://www.phoneplacekenya.com/product/samsung-galaxy-a15-5g/",2026-08-20,HIGH,"Samsung Galaxy A15 5G variant"
IMG-PROD-00482,"Samsung Galaxy A17 5G a medium","Samsung","Galaxy A17 5G a medium","Smartphones",,KES,UNVERIFIED,UNKNOWN,"","",2026-08-20,UNVERIFIED,"Excluded due to low product identity confidence"
IMG-PROD-00483,"Samsung Galaxy F05 medium","Samsung","Galaxy F05 medium","Smartphones",,KES,UNVERIFIED,UNKNOWN,"","",2026-08-20,UNVERIFIED,"Excluded due to low product identity confidence"
IMG-PROD-00484,"Samsung Galaxy F14 4G a medium","Samsung","Galaxy F14 4G a medium","Smartphones",,KES,UNVERIFIED,UNKNOWN,"","",2026-08-20,UNVERIFIED,"Excluded due to low product identity confidence"
IMG-PROD-00485,"Samsung Galaxy F55 k medium","Samsung","Galaxy F55 k medium","Smartphones",,KES,UNVERIFIED,UNKNOWN,"","",2026-08-20,UNVERIFIED,"Excluded due to low product identity confidence"
IMG-PROD-00486,"Samsung Galaxy F56 medium","Samsung","Galaxy F56 medium","Smartphones",,KES,UNVERIFIED,UNKNOWN,"","",2026-08-20,UNVERIFIED,"Excluded due to low product identity confidence"
IMG-PROD-00487,"Samsung Galaxy M35 5G b medium","Samsung","Galaxy M35 5G b medium","Smartphones",,KES,UNVERIFIED,UNKNOWN,"","",2026-08-20,UNVERIFIED,"Excluded due to low product identity confidence"
IMG-PROD-00488,"Samsung Galaxy S25 FE b medium","Samsung","Galaxy S25 FE b medium","Smartphones",,KES,UNVERIFIED,UNKNOWN,"","",2026-08-20,UNVERIFIED,"Excluded due to low product identity confidence"
IMG-PROD-00489,"galaxya03cored medium","Samsung","galaxya03cored medium","Uncategorized",,KES,UNVERIFIED,UNKNOWN,"","",2026-08-20,UNVERIFIED,"Excluded due to low product identity confidence"
IMG-PROD-00490,"galaxyf54f medium","Samsung","galaxyf54f medium","Uncategorized",,KES,UNVERIFIED,UNKNOWN,"","",2026-08-20,UNVERIFIED,"Excluded due to low product identity confidence"
IMG-PROD-00491,"gvalaxya04c medium","","gvalaxya04c medium","Uncategorized",,KES,UNVERIFIED,UNKNOWN,"","",2026-08-20,UNVERIFIED,"Excluded due to low product identity confidence"
IMG-PROD-00492,"Samsung Galaxy A05s l medium","Samsung","Galaxy A05s l medium","Smartphones",16999,KES,VERIFIED,EXACT_MODEL_PRICE,"PhonePlace Kenya","https://www.phoneplacekenya.com/product/samsung-galaxy-a05s/",2026-08-20,HIGH,"Samsung Galaxy A05s 4GB/64GB or 128GB"
IMG-PROD-00493,"samsung galaxy a32 4g 6gb128gb jFHQz1b1bA medium","Samsung","galaxy a32 4g  jFHQz1b1bA medium","Smartphones",,KES,UNVERIFIED,UNKNOWN,"","",2026-08-20,UNVERIFIED,"Excluded due to low product identity confidence"
IMG-PROD-00494,"Samsung Galaxy F34 5G b medium","Samsung","Galaxy F34 5G b medium","Smartphones",,KES,UNVERIFIED,UNKNOWN,"","",2026-08-20,UNVERIFIED,"Excluded due to low product identity confidence"
IMG-PROD-00495,"samsung galaxy fold 5g 0H0Oui7U8b medium","Samsung","galaxy fold 5g 0H0Oui7U8b medium","Smartphones",,KES,UNVERIFIED,UNKNOWN,"","",2026-08-20,UNVERIFIED,"Excluded due to low product identity confidence"
IMG-PROD-00496,"samsung galaxy m32 6gb128gb zWxsfu4KRf medium","Samsung","galaxy m32  zWxsfu4KRf medium","Smartphones",,KES,UNVERIFIED,UNKNOWN,"","",2026-08-20,UNVERIFIED,"Excluded due to low product identity confidence"
IMG-PROD-00497,"Samsung Galaxy M34 5G a medium","Samsung","Galaxy M34 5G a medium","Smartphones",,KES,UNVERIFIED,UNKNOWN,"","",2026-08-20,UNVERIFIED,"Excluded due to low product identity confidence"
IMG-PROD-00498,"Samsung Galaxy M55b medium","Samsung","Galaxy M55b medium","Smartphones",,KES,UNVERIFIED,UNKNOWN,"","",2026-08-20,UNVERIFIED,"Excluded due to low product identity confidence"
IMG-PROD-00499,"samsung galaxy z flip 5g 8gb256gb ZNNV9oIP5g medium","Samsung","galaxy z flip 5g  ZNNV9oIP5g medium","Smartphones",115000,KES,VERIFIED,EXACT_MODEL_PRICE,"PhonePlace Kenya","https://www.phoneplacekenya.com/product/samsung-galaxy-z-flip-5/",2026-08-20,HIGH,"Samsung Galaxy Z Flip 5 256GB/512GB"
IMG-PROD-00500,"Samsung Galaxy Z Fold 6 medium","Samsung","Galaxy Z Fold 6 medium","Smartphones",,KES,UNVERIFIED,UNKNOWN,"","",2026-08-20,UNVERIFIED,"Excluded due to low product identity confidence"
IMG-PROD-00501,"Samsung Galaxy Z Fold Special b medium","Samsung","Galaxy Z Fold Special b medium","Smartphones",,KES,UNVERIFIED,UNKNOWN,"","",2026-08-20,UNVERIFIED,"Excluded due to low product identity confidence"
IMG-PROD-00502,"samsunggalaxym335gk medium","Samsung","galaxym335gk medium","Uncategorized",,KES,UNVERIFIED,UNKNOWN,"","",2026-08-20,UNVERIFIED,"Excluded due to low product identity confidence"
IMG-PROD-00503,"galaxya04ec medium","Samsung","galaxya04ec medium","Uncategorized",,KES,UNVERIFIED,UNKNOWN,"","",2026-08-20,UNVERIFIED,"Excluded due to low product identity confidence"
IMG-PROD-00504,"galaxya325gb medium","Samsung","galaxya325gb medium","Uncategorized",,KES,UNVERIFIED,UNKNOWN,"","",2026-08-20,UNVERIFIED,"Excluded due to low product identity confidence"
IMG-PROD-00505,"galaxyf12a medium","Samsung","galaxyf12a medium","Uncategorized",,KES,UNVERIFIED,UNKNOWN,"","",2026-08-20,UNVERIFIED,"Excluded due to low product identity confidence"
IMG-PROD-00506,"galaxyf22a medium","Samsung","galaxyf22a medium","Uncategorized",,KES,UNVERIFIED,UNKNOWN,"","",2026-08-20,UNVERIFIED,"Excluded due to low product identity confidence"
IMG-PROD-00507,"galaxym12a medium","Samsung","galaxym12a medium","Uncategorized",,KES,UNVERIFIED,UNKNOWN,"","",2026-08-20,UNVERIFIED,"Excluded due to low product identity confidence"
IMG-PROD-00508,"galaxym22da medium","Samsung","galaxym22da medium","Uncategorized",,KES,UNVERIFIED,UNKNOWN,"","",2026-08-20,UNVERIFIED,"Excluded due to low product identity confidence"
IMG-PROD-00509,"galaxym535gb medium","Samsung","galaxym535gb medium","Uncategorized",,KES,UNVERIFIED,UNKNOWN,"","",2026-08-20,UNVERIFIED,"Excluded due to low product identity confidence"
IMG-PROD-00510,"samsung galaxy a02 2gb32gb XPjS2x0b9Z medium","Samsung","galaxy a02  XPjS2x0b9Z medium","Smartphones",,KES,UNVERIFIED,UNKNOWN,"","",2026-08-20,UNVERIFIED,"Excluded due to low product identity confidence"
IMG-PROD-00511,"samsung galaxy a03s 4gb64gb 2blNX6yRcC medium","Samsung","galaxy a03s  2blNX6yRcC medium","Smartphones",,KES,UNVERIFIED,UNKNOWN,"","",2026-08-20,UNVERIFIED,"Excluded due to low product identity confidence"
IMG-PROD-00512,"samsung galaxy a3 core 1gb16gb 9nguznpwWz medium","Samsung","galaxy a3 core 1gb16gb 9nguznpwWz medium","Smartphones",,KES,UNVERIFIED,UNKNOWN,"","",2026-08-20,UNVERIFIED,"Excluded due to low product identity confidence"
IMG-PROD-00513,"samsung galaxy c5 32 gb bcnJukcBQc medium","Samsung","galaxy c5  bcnJukcBQc medium","Smartphones",,KES,UNVERIFIED,UNKNOWN,"","",2026-08-20,UNVERIFIED,"Excluded due to low product identity confidence"
IMG-PROD-00514,"samsung galaxy c5 64 gb J5gRlGOEr3 medium","Samsung","galaxy c5  J5gRlGOEr3 medium","Smartphones",,KES,UNVERIFIED,UNKNOWN,"","",2026-08-20,UNVERIFIED,"Excluded due to low product identity confidence"
IMG-PROD-00515,"samsung galaxy c5 pro 9Cd02L5O93 medium","Samsung","galaxy c5 pro 9Cd02L5O93 medium","Smartphones",,KES,UNVERIFIED,UNKNOWN,"","",2026-08-20,UNVERIFIED,"Excluded due to low product identity confidence"
IMG-PROD-00516,"Samsung Galaxy C55 medium","Samsung","Galaxy C55 medium","Smartphones",,KES,UNVERIFIED,UNKNOWN,"","",2026-08-20,UNVERIFIED,"Excluded due to low product identity confidence"
IMG-PROD-00517,"samsung galaxy c7 32 gb goJYAe6yIU medium","Samsung","galaxy c7  goJYAe6yIU medium","Smartphones",,KES,UNVERIFIED,UNKNOWN,"","",2026-08-20,UNVERIFIED,"Excluded due to low product identity confidence"
IMG-PROD-00518,"samsung galaxy c7 64 gb HSr5cpGJOe medium","Samsung","galaxy c7  HSr5cpGJOe medium","Smartphones",,KES,UNVERIFIED,UNKNOWN,"","",2026-08-20,UNVERIFIED,"Excluded due to low product identity confidence"
IMG-PROD-00519,"samsung galaxy c7 pro saXI9IO5mH medium","Samsung","galaxy c7 pro saXI9IO5mH medium","Smartphones",,KES,UNVERIFIED,UNKNOWN,"","",2026-08-20,UNVERIFIED,"Excluded due to low product identity confidence"
IMG-PROD-00520,"samsung galaxy c8 TjGoMdCO8O medium","Samsung","galaxy c8 TjGoMdCO8O medium","Smartphones",,KES,UNVERIFIED,UNKNOWN,"","",2026-08-20,UNVERIFIED,"Excluded due to low product identity confidence"
IMG-PROD-00521,"samsung galaxy c9 pro 5HeJFaaHIc medium","Samsung","galaxy c9 pro 5HeJFaaHIc medium","Smartphones",,KES,UNVERIFIED,UNKNOWN,"","",2026-08-20,UNVERIFIED,"Excluded due to low product identity confidence"
IMG-PROD-00522,"samsung galaxy f12 4gb128gb HwinPEwgGD medium","Samsung","galaxy f12  HwinPEwgGD medium","Smartphones",,KES,UNVERIFIED,UNKNOWN,"","",2026-08-20,UNVERIFIED,"Excluded due to low product identity confidence"
IMG-PROD-00523,"samsung galaxy f22 6gb128gb BMRwAoyGyB medium","Samsung","galaxy f22  BMRwAoyGyB medium","Smartphones",,KES,UNVERIFIED,UNKNOWN,"","",2026-08-20,UNVERIFIED,"Excluded due to low product identity confidence"
IMG-PROD-00524,"samsung galaxy m21 2021 6gb128gb P9Cz9XMJAC medium","Samsung","galaxy m21 2021  P9Cz9XMJAC medium","Smartphones",,KES,UNVERIFIED,UNKNOWN,"","",2026-08-20,UNVERIFIED,"Excluded due to low product identity confidence"
IMG-PROD-00525,"samsung galaxy m22 4gb128gb xiyR9fnUlL medium","Samsung","galaxy m22  xiyR9fnUlL medium","Smartphones",,KES,UNVERIFIED,UNKNOWN,"","",2026-08-20,UNVERIFIED,"Excluded due to low product identity confidence"
IMG-PROD-00526,"samsung galaxy m32 5g 6gb128gb 6U5KggYwqX medium","Samsung","galaxy m32 5g  6U5KggYwqX medium","Smartphones",,KES,UNVERIFIED,UNKNOWN,"","",2026-08-20,UNVERIFIED,"Excluded due to low product identity confidence"
IMG-PROD-00527,"samsung galaxy note 10 8gb256gb VSgDU9WeTW medium","Samsung","galaxy note 10  VSgDU9WeTW medium","Smartphones",,KES,UNVERIFIED,UNKNOWN,"","",2026-08-20,UNVERIFIED,"Excluded due to low product identity confidence"
IMG-PROD-00528,"samsung galaxy z flip 8gb256gb 24IloxAfmr medium","Samsung","galaxy z flip  24IloxAfmr medium","Smartphones",,KES,UNVERIFIED,UNKNOWN,"","",2026-08-20,UNVERIFIED,"Excluded due to low product identity confidence"
IMG-PROD-00529,"samsung galaxy z fold 2 5g 12gb256gb cE96CxLEpF medium","Samsung","galaxy z fold 2 5g  cE96CxLEpF medium","Smartphones",,KES,UNVERIFIED,UNKNOWN,"","",2026-08-20,UNVERIFIED,"Excluded due to low product identity confidence"
IMG-PROD-00530,"samsunggalaxym235gl medium","Samsung","galaxym235gl medium","Uncategorized",,KES,UNVERIFIED,UNKNOWN,"","",2026-08-20,UNVERIFIED,"Excluded due to low product identity confidence"
IMG-PROD-00531,"Samsung Galaxy A06 5G a medium","Samsung","Galaxy A06 5G a medium","Smartphones",13999,KES,VERIFIED,EXACT_MODEL_PRICE,"PhonePlace Kenya","https://www.phoneplacekenya.com/product/samsung-galaxy-a06/",2026-08-20,HIGH,"Samsung Galaxy A06 4GB/64GB or 128GB"
IMG-PROD-00532,"Samsung Galaxy F07 medium","Samsung","Galaxy F07 medium","Smartphones",,KES,UNVERIFIED,UNKNOWN,"","",2026-08-20,UNVERIFIED,"Excluded due to low product identity confidence"
IMG-PROD-00533,"Samsung Galaxy M07 medium","Samsung","Galaxy M07 medium","Smartphones",,KES,UNVERIFIED,UNKNOWN,"","",2026-08-20,UNVERIFIED,"Excluded due to low product identity confidence"
IMG-PROD-00534,"Samsung Galaxy S25 e medium","Samsung","Galaxy S25 e medium","Smartphones",,KES,UNVERIFIED,UNKNOWN,"","",2026-08-20,UNVERIFIED,"Excluded due to low product identity confidence"
IMG-PROD-00535,"Samsung Galaxy S26 Ultra medium","Samsung","Galaxy S26 Ultra medium","Smartphones",,KES,UNVERIFIED,UNKNOWN,"","",2026-08-20,UNVERIFIED,"Excluded due to low product identity confidence"
IMG-PROD-00536,"Oppo A5x 4G a medium","OPPO","A5x 4G a medium","Smartphones",,KES,UNVERIFIED,UNKNOWN,"","",2026-08-20,UNVERIFIED,"Excluded due to low product identity confidence"
IMG-PROD-00537,"Oppo A5x 5G a medium","OPPO","A5x 5G a medium","Smartphones",,KES,UNVERIFIED,UNKNOWN,"","",2026-08-20,UNVERIFIED,"Excluded due to low product identity confidence"
IMG-PROD-00538,"Oppo A6 5G medium","OPPO","A6 5G medium","Smartphones",,KES,UNVERIFIED,UNKNOWN,"","",2026-08-20,UNVERIFIED,"Excluded due to low product identity confidence"
IMG-PROD-00539,"Oppo A6c medium","OPPO","A6c medium","Smartphones",,KES,UNVERIFIED,UNKNOWN,"","",2026-08-20,UNVERIFIED,"Excluded due to low product identity confidence"
IMG-PROD-00540,"Oppo A98 5G d medium","OPPO","A98 5G d medium","Smartphones",,KES,UNVERIFIED,UNKNOWN,"","",2026-08-20,UNVERIFIED,"Excluded due to low product identity confidence"
IMG-PROD-00541,"Oppo F29 b medium","OPPO","F29 b medium","Smartphones",,KES,UNVERIFIED,UNKNOWN,"","",2026-08-20,UNVERIFIED,"Excluded due to low product identity confidence"
IMG-PROD-00542,"Oppo F29 Pro a medium","OPPO","F29 Pro a medium","Smartphones",,KES,UNVERIFIED,UNKNOWN,"","",2026-08-20,UNVERIFIED,"Excluded due to low product identity confidence"
IMG-PROD-00543,"Oppo Find N5 c medium","OPPO","Find N5 c medium","Smartphones",,KES,UNVERIFIED,UNKNOWN,"","",2026-08-20,UNVERIFIED,"Excluded due to low product identity confidence"
IMG-PROD-00544,"Oppo Find X8 medium","OPPO","Find X8 medium","Smartphones",,KES,UNVERIFIED,UNKNOWN,"","",2026-08-20,UNVERIFIED,"Excluded due to low product identity confidence"
IMG-PROD-00545,"Oppo Find X8 Ultra b medium","OPPO","Find X8 Ultra b medium","Smartphones",,KES,UNVERIFIED,UNKNOWN,"","",2026-08-20,UNVERIFIED,"Excluded due to low product identity confidence"
IMG-PROD-00546,"Oppo Find X8s 2B c medium","OPPO","Find X8s 2B c medium","Smartphones",,KES,UNVERIFIED,UNKNOWN,"","",2026-08-20,UNVERIFIED,"Excluded due to low product identity confidence"
IMG-PROD-00547,"Oppo Find X8s d medium","OPPO","Find X8s d medium","Smartphones",,KES,UNVERIFIED,UNKNOWN,"","",2026-08-20,UNVERIFIED,"Excluded due to low product identity confidence"
IMG-PROD-00548,"Oppo Reno 10 Pro b medium","OPPO","Reno 10 Pro b medium","Smartphones",,KES,UNVERIFIED,UNKNOWN,"","",2026-08-20,UNVERIFIED,"Excluded due to low product identity confidence"
IMG-PROD-00549,"Oppo Reno 11 b medium","OPPO","Reno 11 b medium","Smartphones",54000,KES,VERIFIED,EXACT_MODEL_PRICE,"PhonePlace Kenya","https://www.phoneplacekenya.com/product/oppo-reno-11-5g/",2026-08-20,HIGH,"Oppo Reno 11 5G 12GB/256GB"
IMG-PROD-00550,"Oppo Reno 11 Pro b medium","OPPO","Reno 11 Pro b medium","Smartphones",54000,KES,VERIFIED,EXACT_MODEL_PRICE,"PhonePlace Kenya","https://www.phoneplacekenya.com/product/oppo-reno-11-5g/",2026-08-20,HIGH,"Oppo Reno 11 5G 12GB/256GB"
IMG-PROD-00551,"Oppo Reno 11F a medium","OPPO","Reno 11F a medium","Smartphones",41500,KES,VERIFIED,EXACT_MODEL_PRICE,"PhonePlace Kenya","https://www.phoneplacekenya.com/product/oppo-reno-11f-5g/",2026-08-20,HIGH,"Oppo Reno 11F 5G 8GB/256GB"
IMG-PROD-00552,"Oppo Reno 12 b medium","OPPO","Reno 12 b medium","Smartphones",59500,KES,VERIFIED,EXACT_MODEL_PRICE,"PhonePlace Kenya","https://www.phoneplacekenya.com/product/oppo-reno-12-5g/",2026-08-20,HIGH,"Oppo Reno 12 5G 12GB/512GB"
IMG-PROD-00553,"Oppo Reno 12F 4G b medium","OPPO","Reno 12F 4G b medium","Smartphones",31500,KES,VERIFIED,EXACT_MODEL_PRICE,"PhonePlace Kenya","https://www.phoneplacekenya.com/product/oppo-reno-12f-4g/",2026-08-20,HIGH,"Oppo Reno 12F 4G 8GB/256GB"
IMG-PROD-00554,"Oppo Reno 13 b medium","OPPO","Reno 13 b medium","Smartphones",,KES,UNVERIFIED,UNKNOWN,"","",2026-08-20,UNVERIFIED,"Excluded due to low product identity confidence"
IMG-PROD-00555,"Oppo Reno 13 Pro b medium","OPPO","Reno 13 Pro b medium","Smartphones",,KES,UNVERIFIED,UNKNOWN,"","",2026-08-20,UNVERIFIED,"Excluded due to low product identity confidence"
IMG-PROD-00556,"Oppo reno 13F 4G b medium","OPPO","reno 13F 4G b medium","Smartphones",,KES,UNVERIFIED,UNKNOWN,"","",2026-08-20,UNVERIFIED,"Excluded due to low product identity confidence"
IMG-PROD-00557,"Oppo Reno 13F 5G a medium","OPPO","Reno 13F 5G a medium","Smartphones",,KES,UNVERIFIED,UNKNOWN,"","",2026-08-20,UNVERIFIED,"Excluded due to low product identity confidence"
IMG-PROD-00558,"Oppo Reno 14 b medium","OPPO","Reno 14 b medium","Smartphones",,KES,UNVERIFIED,UNKNOWN,"","",2026-08-20,UNVERIFIED,"Excluded due to low product identity confidence"
IMG-PROD-00559,"Oppo Reno 14 Pro a medium","OPPO","Reno 14 Pro a medium","Smartphones",,KES,UNVERIFIED,UNKNOWN,"","",2026-08-20,UNVERIFIED,"Excluded due to low product identity confidence"
IMG-PROD-00560,"oppo a15 3gb32gb DZdiE8iwwB medium","OPPO","a15  DZdiE8iwwB medium","Smartphones",,KES,UNVERIFIED,UNKNOWN,"","",2026-08-20,UNVERIFIED,"Excluded due to low product identity confidence"
IMG-PROD-00561,"oppo a15s 4gb64gb YxsqDLZ97V medium","OPPO","a15s  YxsqDLZ97V medium","Smartphones",,KES,UNVERIFIED,UNKNOWN,"","",2026-08-20,UNVERIFIED,"Excluded due to low product identity confidence"
IMG-PROD-00562,"oppo a52 4gb128gb kVdULiXBpD medium","OPPO","a52  kVdULiXBpD medium","Smartphones",,KES,UNVERIFIED,UNKNOWN,"","",2026-08-20,UNVERIFIED,"Excluded due to low product identity confidence"
IMG-PROD-00563,"oppo a54 4gb128gb 2l6kZEc1o1 medium","OPPO","a54  2l6kZEc1o1 medium","Smartphones",,KES,UNVERIFIED,UNKNOWN,"","",2026-08-20,UNVERIFIED,"Excluded due to low product identity confidence"
IMG-PROD-00564,"oppo a74 6gb128gb 3xPgHrMUE0 medium","OPPO","a74  3xPgHrMUE0 medium","Smartphones",,KES,UNVERIFIED,UNKNOWN,"","",2026-08-20,UNVERIFIED,"Excluded due to low product identity confidence"
IMG-PROD-00565,"oppo f11 64gb TKBrKAqYXG medium","OPPO","f11  TKBrKAqYXG medium","Smartphones",,KES,UNVERIFIED,UNKNOWN,"","",2026-08-20,UNVERIFIED,"Excluded due to low product identity confidence"
IMG-PROD-00566,"oppo reno 4 4g 8gb128gb yebayjnt3i medium","OPPO","reno 4 4g  yebayjnt3i medium","Smartphones",,KES,UNVERIFIED,UNKNOWN,"","",2026-08-20,UNVERIFIED,"Excluded due to low product identity confidence"
IMG-PROD-00567,"oppo reno 6 5g 8gb128gb wNu66bpYCS medium","OPPO","reno 6 5g  wNu66bpYCS medium","Smartphones",,KES,UNVERIFIED,UNKNOWN,"","",2026-08-20,UNVERIFIED,"Excluded due to low product identity confidence"
IMG-PROD-00568,"oppo reno5 8gb128gb 4L06tNF9Su medium","OPPO","reno5  4L06tNF9Su medium","Smartphones",,KES,UNVERIFIED,UNKNOWN,"","",2026-08-20,UNVERIFIED,"Excluded due to low product identity confidence"
IMG-PROD-00569,"oppo reno5 f 8gb128gb J8l6BRFCiw medium","OPPO","reno5 f  J8l6BRFCiw medium","Smartphones",,KES,UNVERIFIED,UNKNOWN,"","",2026-08-20,UNVERIFIED,"Excluded due to low product identity confidence"
IMG-PROD-00570,"oppoa16ea medium","OPPO","a16ea medium","Smartphones",,KES,UNVERIFIED,UNKNOWN,"","",2026-08-20,UNVERIFIED,"Excluded due to low product identity confidence"
IMG-PROD-00571,"oppoa16ka medium","OPPO","a16ka medium","Smartphones",,KES,UNVERIFIED,UNKNOWN,"","",2026-08-20,UNVERIFIED,"Excluded due to low product identity confidence"
IMG-PROD-00572,"oppoa1proa medium","OPPO","a1proa medium","Smartphones",,KES,UNVERIFIED,UNKNOWN,"","",2026-08-20,UNVERIFIED,"Excluded due to low product identity confidence"
IMG-PROD-00573,"oppoa55s5ga medium","OPPO","a55s5ga medium","Smartphones",,KES,UNVERIFIED,UNKNOWN,"","",2026-08-20,UNVERIFIED,"Excluded due to low product identity confidence"
IMG-PROD-00574,"oppoa56sb medium","OPPO","a56sb medium","Smartphones",,KES,UNVERIFIED,UNKNOWN,"","",2026-08-20,UNVERIFIED,"Excluded due to low product identity confidence"
IMG-PROD-00575,"oppoa575gc medium","OPPO","a575gc medium","Smartphones",,KES,UNVERIFIED,UNKNOWN,"","",2026-08-20,UNVERIFIED,"Excluded due to low product identity confidence"
IMG-PROD-00576,"oppoa775g medium","OPPO","a775g medium","Smartphones",,KES,UNVERIFIED,UNKNOWN,"","",2026-08-20,UNVERIFIED,"Excluded due to low product identity confidence"
IMG-PROD-00577,"oppoa97kenya medium","OPPO","a97kenya medium","Smartphones",,KES,UNVERIFIED,UNKNOWN,"","",2026-08-20,UNVERIFIED,"Excluded due to low product identity confidence"
IMG-PROD-00578,"oppofindx5d medium","OPPO","findx5d medium","Smartphones",,KES,UNVERIFIED,UNKNOWN,"","",2026-08-20,UNVERIFIED,"Excluded due to low product identity confidence"
IMG-PROD-00579,"oppofindx5prof medium","OPPO","findx5prof medium","Smartphones",,KES,UNVERIFIED,UNKNOWN,"","",2026-08-20,UNVERIFIED,"Excluded due to low product identity confidence"
IMG-PROD-00580,"oppok10a medium","OPPO","k10a medium","Smartphones",,KES,UNVERIFIED,UNKNOWN,"","",2026-08-20,UNVERIFIED,"Excluded due to low product identity confidence"
IMG-PROD-00581,"opporeno7lite medium","OPPO","reno7lite medium","Smartphones",,KES,UNVERIFIED,UNKNOWN,"","",2026-08-20,UNVERIFIED,"Excluded due to low product identity confidence"
IMG-PROD-00582,"opporeno7pro5gd medium","OPPO","reno7pro5gd medium","Smartphones",,KES,UNVERIFIED,UNKNOWN,"","",2026-08-20,UNVERIFIED,"Excluded due to low product identity confidence"
IMG-PROD-00583,"opporeno7seb medium","OPPO","reno7seb medium","Smartphones",,KES,UNVERIFIED,UNKNOWN,"","",2026-08-20,UNVERIFIED,"Excluded due to low product identity confidence"
IMG-PROD-00584,"opporeno7z5gb medium","OPPO","reno7z5gb medium","Smartphones",,KES,UNVERIFIED,UNKNOWN,"","",2026-08-20,UNVERIFIED,"Excluded due to low product identity confidence"
IMG-PROD-00585,"opporeno8lite medium","OPPO","reno8lite medium","Smartphones",,KES,UNVERIFIED,UNKNOWN,"","",2026-08-20,UNVERIFIED,"Excluded due to low product identity confidence"
IMG-PROD-00586,"opporeno8pro5gd medium","OPPO","reno8pro5gd medium","Smartphones",,KES,UNVERIFIED,UNKNOWN,"","",2026-08-20,UNVERIFIED,"Excluded due to low product identity confidence"
IMG-PROD-00587,"opporeno8proplusc medium","OPPO","reno8proplusc medium","Smartphones",,KES,UNVERIFIED,UNKNOWN,"","",2026-08-20,UNVERIFIED,"Excluded due to low product identity confidence"
IMG-PROD-00588,"opporeno8z medium","OPPO","reno8z medium","Smartphones",,KES,UNVERIFIED,UNKNOWN,"","",2026-08-20,UNVERIFIED,"Excluded due to low product identity confidence"
IMG-PROD-00589,"opporeno9b medium","OPPO","reno9b medium","Smartphones",,KES,UNVERIFIED,UNKNOWN,"","",2026-08-20,UNVERIFIED,"Excluded due to low product identity confidence"
IMG-PROD-00590,"opporeno9proa medium","OPPO","reno9proa medium","Smartphones",,KES,UNVERIFIED,UNKNOWN,"","",2026-08-20,UNVERIFIED,"Excluded due to low product identity confidence"
IMG-PROD-00591,"opporeno9proplusc medium","OPPO","reno9proplusc medium","Smartphones",,KES,UNVERIFIED,UNKNOWN,"","",2026-08-20,UNVERIFIED,"Excluded due to low product identity confidence"
IMG-PROD-00592,"oppo a12 3gb32gb JcYfdURp58 medium","OPPO","a12  JcYfdURp58 medium","Smartphones",,KES,UNVERIFIED,UNKNOWN,"","",2026-08-20,UNVERIFIED,"Excluded due to low product identity confidence"
IMG-PROD-00593,"oppo a1k 2gb32gb JYQ0V5o50G medium","OPPO","a1k  JYQ0V5o50G medium","Smartphones",,KES,UNVERIFIED,UNKNOWN,"","",2026-08-20,UNVERIFIED,"Excluded due to low product identity confidence"
IMG-PROD-00594,"oppo a31 pro 4gb128gb J4vRQTj827 medium","OPPO","a31 pro  J4vRQTj827 medium","Smartphones",,KES,UNVERIFIED,UNKNOWN,"","",2026-08-20,UNVERIFIED,"Excluded due to low product identity confidence"
IMG-PROD-00595,"oppo a33 2020 3gb32gb lGVCVEDmze medium","OPPO","a33 2020  lGVCVEDmze medium","Smartphones",,KES,UNVERIFIED,UNKNOWN,"","",2026-08-20,UNVERIFIED,"Excluded due to low product identity confidence"
IMG-PROD-00596,"oppo a37 X57Rx6aDc0 medium","OPPO","a37 X57Rx6aDc0 medium","Smartphones",,KES,UNVERIFIED,UNKNOWN,"","",2026-08-20,UNVERIFIED,"Excluded due to low product identity confidence"
IMG-PROD-00597,"oppo a3s D2NG9TNQ9m medium","OPPO","a3s D2NG9TNQ9m medium","Smartphones",,KES,UNVERIFIED,UNKNOWN,"","",2026-08-20,UNVERIFIED,"Excluded due to low product identity confidence"
IMG-PROD-00598,"oppo a53 4gb64gb vRLUOFgzDF medium","OPPO","a53  vRLUOFgzDF medium","Smartphones",,KES,UNVERIFIED,UNKNOWN,"","",2026-08-20,UNVERIFIED,"Excluded due to low product identity confidence"
IMG-PROD-00599,"oppo a53 6gb128gb ADWVDo4NX5 medium","OPPO","a53  ADWVDo4NX5 medium","Smartphones",,KES,UNVERIFIED,UNKNOWN,"","",2026-08-20,UNVERIFIED,"Excluded due to low product identity confidence"
IMG-PROD-00600,"oppo a53s 4gb128gb ET12n2b72U medium","OPPO","a53s  ET12n2b72U medium","Smartphones",,KES,UNVERIFIED,UNKNOWN,"","",2026-08-20,UNVERIFIED,"Excluded due to low product identity confidence"
IMG-PROD-00601,"oppo a73 2020 6gb128gb rnUYFb7gcS medium","OPPO","a73 2020  rnUYFb7gcS medium","Smartphones",,KES,UNVERIFIED,UNKNOWN,"","",2026-08-20,UNVERIFIED,"Excluded due to low product identity confidence"
IMG-PROD-00602,"oppo a73 5g 8gb128gb 0h7XFZwMrR medium","OPPO","a73 5g  0h7XFZwMrR medium","Smartphones",,KES,UNVERIFIED,UNKNOWN,"","",2026-08-20,UNVERIFIED,"Excluded due to low product identity confidence"
IMG-PROD-00603,"oppo a92 8gb128gb wkDLx233Qx medium","OPPO","a92  wkDLx233Qx medium","Smartphones",,KES,UNVERIFIED,UNKNOWN,"","",2026-08-20,UNVERIFIED,"Excluded due to low product identity confidence"
IMG-PROD-00604,"oppo a93 8gb128gb cYBKjG0qh3 medium","OPPO","a93  cYBKjG0qh3 medium","Smartphones",,KES,UNVERIFIED,UNKNOWN,"","",2026-08-20,UNVERIFIED,"Excluded due to low product identity confidence"
IMG-PROD-00605,"oppo f19 6gb128gb Jg1Qz78dR1 medium","OPPO","f19  Jg1Qz78dR1 medium","Smartphones",,KES,UNVERIFIED,UNKNOWN,"","",2026-08-20,UNVERIFIED,"Excluded due to low product identity confidence"
IMG-PROD-00606,"oppo f19 pro 8gb128gb rQiDn5bZKA medium","OPPO","f19 pro  rQiDn5bZKA medium","Smartphones",,KES,UNVERIFIED,UNKNOWN,"","",2026-08-20,UNVERIFIED,"Excluded due to low product identity confidence"
IMG-PROD-00607,"oppo find x3 lite 8gb128gb ZTkldjEEDG medium","OPPO","find x3 lite  ZTkldjEEDG medium","Smartphones",,KES,UNVERIFIED,UNKNOWN,"","",2026-08-20,UNVERIFIED,"Excluded due to low product identity confidence"
IMG-PROD-00608,"oppo find x3 neo 12gb256gb Vl4pQFoMsL medium","OPPO","find x3 neo  Vl4pQFoMsL medium","Smartphones",,KES,UNVERIFIED,UNKNOWN,"","",2026-08-20,UNVERIFIED,"Excluded due to low product identity confidence"
IMG-PROD-00609,"oppo find x3 pro 8gb256gb vpAZkCdjZ2 medium","OPPO","find x3 pro  vpAZkCdjZ2 medium","Smartphones",,KES,UNVERIFIED,UNKNOWN,"","",2026-08-20,UNVERIFIED,"Excluded due to low product identity confidence"
IMG-PROD-00610,"oppo reno 4 lite 8gb128gb 7y26lrCqbX medium","OPPO","reno 4 lite  7y26lrCqbX medium","Smartphones",,KES,UNVERIFIED,UNKNOWN,"","",2026-08-20,UNVERIFIED,"Excluded due to low product identity confidence"
IMG-PROD-00611,"oppo reno 4 pro 5g 12gb256gb v0g3UB34uO medium","OPPO","reno 4 pro 5g  v0g3UB34uO medium","Smartphones",,KES,UNVERIFIED,UNKNOWN,"","",2026-08-20,UNVERIFIED,"Excluded due to low product identity confidence"
IMG-PROD-00612,"oppo reno 4 se 8gb128gb 2nZA54bChW medium","OPPO","reno 4 se  2nZA54bChW medium","Smartphones",,KES,UNVERIFIED,UNKNOWN,"","",2026-08-20,UNVERIFIED,"Excluded due to low product identity confidence"
IMG-PROD-00613,"oppo reno 6 8gb128gb W2kQKdM1um medium","OPPO","reno 6  W2kQKdM1um medium","Smartphones",,KES,UNVERIFIED,UNKNOWN,"","",2026-08-20,UNVERIFIED,"Excluded due to low product identity confidence"
IMG-PROD-00614,"oppo reno4 f 8gb128gb 8nIHNkUsKf medium","OPPO","reno4 f  8nIHNkUsKf medium","Smartphones",,KES,UNVERIFIED,UNKNOWN,"","",2026-08-20,UNVERIFIED,"Excluded due to low product identity confidence"
IMG-PROD-00615,"oppo reno5 5g 8gb128gb Z0WtQtnYFv medium","OPPO","reno5 5g  Z0WtQtnYFv medium","Smartphones",,KES,UNVERIFIED,UNKNOWN,"","",2026-08-20,UNVERIFIED,"Excluded due to low product identity confidence"
IMG-PROD-00616,"oppo reno5 pro 8gb128gb gCxv5wVpGm medium","OPPO","reno5 pro  gCxv5wVpGm medium","Smartphones",,KES,UNVERIFIED,UNKNOWN,"","",2026-08-20,UNVERIFIED,"Excluded due to low product identity confidence"
IMG-PROD-00617,"oppoa11sa medium","OPPO","a11sa medium","Smartphones",,KES,UNVERIFIED,UNKNOWN,"","",2026-08-20,UNVERIFIED,"Excluded due to low product identity confidence"
IMG-PROD-00618,"oppoa35a medium","OPPO","a35a medium","Smartphones",,KES,UNVERIFIED,UNKNOWN,"","",2026-08-20,UNVERIFIED,"Excluded due to low product identity confidence"
IMG-PROD-00619,"oppoa36b medium","OPPO","a36b medium","Smartphones",,KES,UNVERIFIED,UNKNOWN,"","",2026-08-20,UNVERIFIED,"Excluded due to low product identity confidence"
IMG-PROD-00620,"oppoa54sa medium","OPPO","a54sa medium","Smartphones",,KES,UNVERIFIED,UNKNOWN,"","",2026-08-20,UNVERIFIED,"Excluded due to low product identity confidence"
IMG-PROD-00621,"oppoa565gd medium","OPPO","a565gd medium","Smartphones",,KES,UNVERIFIED,UNKNOWN,"","",2026-08-20,UNVERIFIED,"Excluded due to low product identity confidence"
IMG-PROD-00622,"oppof19sa medium","OPPO","f19sa medium","Smartphones",,KES,UNVERIFIED,UNKNOWN,"","",2026-08-20,UNVERIFIED,"Excluded due to low product identity confidence"
IMG-PROD-00623,"oppofindnb medium","OPPO","findnb medium","Smartphones",,KES,UNVERIFIED,UNKNOWN,"","",2026-08-20,UNVERIFIED,"Excluded due to low product identity confidence"
IMG-PROD-00624,"oppok9sa medium","OPPO","k9sa medium","Smartphones",,KES,UNVERIFIED,UNKNOWN,"","",2026-08-20,UNVERIFIED,"Excluded due to low product identity confidence"
IMG-PROD-00625,"opporeno6liteb medium","OPPO","reno6liteb medium","Smartphones",,KES,UNVERIFIED,UNKNOWN,"","",2026-08-20,UNVERIFIED,"Excluded due to low product identity confidence"
IMG-PROD-00626,"43x75ka medium","","43x75ka medium","TVs",,KES,UNVERIFIED,UNKNOWN,"","",2026-08-20,UNVERIFIED,"Excluded due to low product identity confidence"
IMG-PROD-00627,"55a80ja medium","","55a80ja medium","TVs",,KES,UNVERIFIED,UNKNOWN,"","",2026-08-20,UNVERIFIED,"Excluded due to low product identity confidence"
IMG-PROD-00628,"55x75ka medium","","55x75ka medium","TVs",,KES,UNVERIFIED,UNKNOWN,"","",2026-08-20,UNVERIFIED,"Excluded due to low product identity confidence"
IMG-PROD-00629,"55x80ja medium","","55x80ja medium","TVs",,KES,UNVERIFIED,UNKNOWN,"","",2026-08-20,UNVERIFIED,"Excluded due to low product identity confidence"
IMG-PROD-00630,"55x85ja medium","","55x85ja medium","TVs",,KES,UNVERIFIED,UNKNOWN,"","",2026-08-20,UNVERIFIED,"Excluded due to low product identity confidence"
IMG-PROD-00631,"55x90ja medium","","55x90ja medium","TVs",,KES,UNVERIFIED,UNKNOWN,"","",2026-08-20,UNVERIFIED,"Excluded due to low product identity confidence"
IMG-PROD-00632,"65a80ja medium","","65a80ja medium","TVs",,KES,UNVERIFIED,UNKNOWN,"","",2026-08-20,UNVERIFIED,"Excluded due to low product identity confidence"
IMG-PROD-00633,"65x75ka medium","","65x75ka medium","TVs",,KES,UNVERIFIED,UNKNOWN,"","",2026-08-20,UNVERIFIED,"Excluded due to low product identity confidence"
IMG-PROD-00634,"65x80ja medium","","65x80ja medium","TVs",,KES,UNVERIFIED,UNKNOWN,"","",2026-08-20,UNVERIFIED,"Excluded due to low product identity confidence"
IMG-PROD-00635,"65x85ja medium","","65x85ja medium","TVs",,KES,UNVERIFIED,UNKNOWN,"","",2026-08-20,UNVERIFIED,"Excluded due to low product identity confidence"
IMG-PROD-00636,"65x90ja medium","","65x90ja medium","TVs",,KES,UNVERIFIED,UNKNOWN,"","",2026-08-20,UNVERIFIED,"Excluded due to low product identity confidence"
IMG-PROD-00637,"75x80ja medium","","75x80ja medium","TVs",,KES,UNVERIFIED,UNKNOWN,"","",2026-08-20,UNVERIFIED,"Excluded due to low product identity confidence"
IMG-PROD-00638,"75x85ja medium","","75x85ja medium","TVs",,KES,UNVERIFIED,UNKNOWN,"","",2026-08-20,UNVERIFIED,"Excluded due to low product identity confidence"
IMG-PROD-00639,"75x90ja medium","","75x90ja medium","TVs",,KES,UNVERIFIED,UNKNOWN,"","",2026-08-20,UNVERIFIED,"Excluded due to low product identity confidence"
IMG-PROD-00640,"infinix tv s1 43 inch full hd smart UOZipv6v5C medium","Infinix","tv s1  full hd smart UOZipv6v5C medium","TVs",27999,KES,VERIFIED,EXACT_MODEL_PRICE,"Jumia Kenya","https://www.jumia.co.ke/infinix/",2026-08-20,HIGH,"Infinix 43-inch Full HD Smart Android TV"
IMG-PROD-00641,"infinix tv s1 55 inch 4k smart UoUt3mfYKL medium","Infinix","tv s1  4k smart UoUt3mfYKL medium","TVs",52999,KES,VERIFIED,EXACT_MODEL_PRICE,"Jumia Kenya","https://www.jumia.co.ke/infinix/",2026-08-20,HIGH,"Infinix S1 55-inch 4K Smart Android TV"
IMG-PROD-00642,"infinix tv x1 32 inch hd smart gIJOMDNnYV medium","Infinix","tv x1  hd smart gIJOMDNnYV medium","TVs",15999,KES,VERIFIED,EXACT_MODEL_PRICE,"Jumia Kenya","https://www.jumia.co.ke/infinix/",2026-08-20,HIGH,"Infinix X1 32-inch Smart Android TV"
IMG-PROD-00643,"infinix tv x1 43 inch full hd smart pPVoC9A8iU medium","Infinix","tv x1  full hd smart pPVoC9A8iU medium","TVs",27999,KES,VERIFIED,EXACT_MODEL_PRICE,"Jumia Kenya","https://www.jumia.co.ke/infinix/",2026-08-20,HIGH,"Infinix 43-inch Full HD Smart Android TV"
IMG-PROD-00644,"itel tv a321 32 inch hd BHsrI4krGr medium","itel","tv a321  hd BHsrI4krGr medium","TVs",,KES,UNVERIFIED,UNKNOWN,"","",2026-08-20,UNVERIFIED,"Excluded due to low product identity confidence"
IMG-PROD-00645,"itel tv a431 43 inch full hd l4pb6hDDh9 medium","itel","tv a431  full hd l4pb6hDDh9 medium","TVs",,KES,UNVERIFIED,UNKNOWN,"","",2026-08-20,UNVERIFIED,"Excluded due to low product identity confidence"
IMG-PROD-00646,"itel tv i551 55 inch 4k smart Da0M5rPH71 medium","itel","tv i551  4k smart Da0M5rPH71 medium","TVs",,KES,UNVERIFIED,UNKNOWN,"","",2026-08-20,UNVERIFIED,"Excluded due to low product identity confidence"
IMG-PROD-00647,"itel tv l321 32 inch hd smart GBpHy9D5fO medium","itel","tv l321  hd smart GBpHy9D5fO medium","TVs",,KES,UNVERIFIED,UNKNOWN,"","",2026-08-20,UNVERIFIED,"Excluded due to low product identity confidence"
IMG-PROD-00648,"itel tv l431 43 inch 4k smart QFPATn6epE medium","itel","tv l431  4k smart QFPATn6epE medium","TVs",,KES,UNVERIFIED,UNKNOWN,"","",2026-08-20,UNVERIFIED,"Excluded due to low product identity confidence"
IMG-PROD-00649,"itel tv l431 43 inch full hd smart akAfHXrn0G medium","itel","tv l431  full hd smart akAfHXrn0G medium","TVs",,KES,UNVERIFIED,UNKNOWN,"","",2026-08-20,UNVERIFIED,"Excluded due to low product identity confidence"
IMG-PROD-00650,"itel tv s241 24 inch hd jOlnCJPVhy medium","itel","tv s241  hd jOlnCJPVhy medium","TVs",,KES,UNVERIFIED,UNKNOWN,"","",2026-08-20,UNVERIFIED,"Excluded due to low product identity confidence"
IMG-PROD-00651,"itel tv s321 32 inch hd 0D2rc5K1At medium","itel","tv s321  hd 0D2rc5K1At medium","TVs",,KES,UNVERIFIED,UNKNOWN,"","",2026-08-20,UNVERIFIED,"Excluded due to low product identity confidence"
IMG-PROD-00652,"itel tv s431 43 inch full hd HKh04HQWpW medium","itel","tv s431  full hd HKh04HQWpW medium","TVs",,KES,UNVERIFIED,UNKNOWN,"","",2026-08-20,UNVERIFIED,"Excluded due to low product identity confidence"
IMG-PROD-00653,"itel tv s501 50 inch full hd FuWE6DhOAr medium","itel","tv s501  full hd FuWE6DhOAr medium","TVs",,KES,UNVERIFIED,UNKNOWN,"","",2026-08-20,UNVERIFIED,"Excluded due to low product identity confidence"
IMG-PROD-00654,"lg 43lh549v 43 inch full hd led EWwPAS757T medium","LG","43lh549v  full hd led EWwPAS757T medium","TVs",,KES,UNVERIFIED,UNKNOWN,"","",2026-08-20,UNVERIFIED,"Excluded due to low product identity confidence"
IMG-PROD-00655,"lg 43lm6300 43 inch full hd smart webos fzS4LxtqlL medium","LG","43lm6300  full hd smart webos fzS4LxtqlL medium","TVs",36995,KES,VERIFIED,EXACT_MODEL_PRICE,"Hotpoint Appliances Kenya","https://hotpoint.co.ke/",2026-08-20,HIGH,"LG 43LM6300 43-inch Full HD Smart webOS TV"
IMG-PROD-00656,"lg 43uh651 43 inch 4k ultra hd smart MXdfr83E8V medium","LG","43uh651  4k ultra hd smart MXdfr83E8V medium","TVs",,KES,UNVERIFIED,UNKNOWN,"","",2026-08-20,UNVERIFIED,"Excluded due to low product identity confidence"
IMG-PROD-00657,"lg 43un7100 43 inch 4k smart webos vjlxQAsUzP medium","LG","43un7100  4k smart webos vjlxQAsUzP medium","TVs",39995,KES,VERIFIED,EXACT_MODEL_PRICE,"Hotpoint Appliances Kenya","https://hotpoint.co.ke/",2026-08-20,HIGH,"LG 43UN7100 43-inch 4K UHD Smart TV"
IMG-PROD-00658,"lg 49uj634 49 inch 4k ultra hd smart eJQFARuGrO medium","LG","49uj634  4k ultra hd smart eJQFARuGrO medium","TVs",,KES,UNVERIFIED,UNKNOWN,"","",2026-08-20,UNVERIFIED,"Excluded due to low product identity confidence"
IMG-PROD-00659,"lg 55lh545v 55 inch full hd GKfvupLxbJ medium","LG","55lh545v  full hd GKfvupLxbJ medium","TVs",,KES,UNVERIFIED,UNKNOWN,"","",2026-08-20,UNVERIFIED,"Excluded due to low product identity confidence"
IMG-PROD-00660,"lg 55uh603v 55 inch 4k ultra hd smart P5h6jPc1hk medium","LG","55uh603v  4k ultra hd smart P5h6jPc1hk medium","TVs",,KES,UNVERIFIED,UNKNOWN,"","",2026-08-20,UNVERIFIED,"Excluded due to low product identity confidence"
IMG-PROD-00661,"lg 60uh750v 60 inch 4k ultra hd smart RE0GQfqiv0 medium","LG","60uh750v  4k ultra hd smart RE0GQfqiv0 medium","TVs",,KES,UNVERIFIED,UNKNOWN,"","",2026-08-20,UNVERIFIED,"Excluded due to low product identity confidence"
IMG-PROD-00662,"lg 65uh603v 65 inch 4k ultra hd smart 0HJhsR8Bk7 medium","LG","65uh603v  4k ultra hd smart 0HJhsR8Bk7 medium","TVs",,KES,UNVERIFIED,UNKNOWN,"","",2026-08-20,UNVERIFIED,"Excluded due to low product identity confidence"
IMG-PROD-00663,"lg 65uh654v 65 inch 4k ultra hd ips smart DrAyPRxNqX medium","LG","65uh654v  4k ultra hd ips smart DrAyPRxNqX medium","TVs",,KES,UNVERIFIED,UNKNOWN,"","",2026-08-20,UNVERIFIED,"Excluded due to low product identity confidence"
IMG-PROD-00664,"lg 65uh850 65 inch 4k ultra hd 3d smart dGy0bI8Rav medium","LG","65uh850  4k ultra hd 3d smart dGy0bI8Rav medium","TVs",,KES,UNVERIFIED,UNKNOWN,"","",2026-08-20,UNVERIFIED,"Excluded due to low product identity confidence"
IMG-PROD-00665,"lg 65uh950v 65 inch 4k ultra hd ips 3d smart q98dzFCYMU medium","LG","65uh950v  4k ultra hd ips 3d smart q98dzFCYMU medium","TVs",,KES,UNVERIFIED,UNKNOWN,"","",2026-08-20,UNVERIFIED,"Excluded due to low product identity confidence"
IMG-PROD-00666,"oneplus tv 32y1 32 inch hd smart RjR9djHUmS medium","OnePlus","tv 32y1  hd smart RjR9djHUmS medium","TVs",19999,KES,VERIFIED,EXACT_MODEL_PRICE,"Avechi Kenya / PhonePlace","https://avechi.co.ke/oneplus-tv-32y1/",2026-08-20,HIGH,"OnePlus TV 32Y1 32-inch HD Smart Android TV"
IMG-PROD-00667,"oneplus tv 55u1 55 inch 4k smart qXDajuDB6l medium","OnePlus","tv 55u1  4k smart qXDajuDB6l medium","TVs",56999,KES,VERIFIED,EXACT_MODEL_PRICE,"Avechi Kenya","https://avechi.co.ke/oneplus-tv-55u1/",2026-08-20,HIGH,"OnePlus TV 55U1 55-inch 4K Smart Android TV"
IMG-PROD-00668,"ONEPLUSTV43Y1KENYA medium","OnePlus","TV43Y1KENYA medium","TVs",32999,KES,VERIFIED,EXACT_MODEL_PRICE,"Avechi Kenya","https://avechi.co.ke/oneplus-tv-43y1/",2026-08-20,HIGH,"OnePlus TV 43Y1 43-inch Full HD Smart Android TV"
IMG-PROD-00669,"samsung 32j4003ak 32 inch hd YDPpikcLmP medium","Samsung","32j4003ak  hd YDPpikcLmP medium","TVs",,KES,UNVERIFIED,UNKNOWN,"","",2026-08-20,UNVERIFIED,"Excluded due to low product identity confidence"
IMG-PROD-00670,"samsung 32n5000ak 32 inch hd 8KzGmVLrd7 medium","Samsung","32n5000ak  hd 8KzGmVLrd7 medium","TVs",,KES,UNVERIFIED,UNKNOWN,"","",2026-08-20,UNVERIFIED,"Excluded due to low product identity confidence"
IMG-PROD-00671,"samsung 40j5200ak 40 inch full hd smart y4o4vAlXrx medium","Samsung","40j5200ak  full hd smart y4o4vAlXrx medium","TVs",,KES,UNVERIFIED,UNKNOWN,"","",2026-08-20,UNVERIFIED,"Excluded due to low product identity confidence"
IMG-PROD-00672,"samsung 40k5000ak 40 inch full hd EF217TREiu medium","Samsung","40k5000ak  full hd EF217TREiu medium","TVs",,KES,UNVERIFIED,UNKNOWN,"","",2026-08-20,UNVERIFIED,"Excluded due to low product identity confidence"
IMG-PROD-00673,"samsung 40t5300 40 inch hd smart ggiOvYE4Iq medium","Samsung","40t5300  hd smart ggiOvYE4Iq medium","TVs",,KES,UNVERIFIED,UNKNOWN,"","",2026-08-20,UNVERIFIED,"Excluded due to low product identity confidence"
IMG-PROD-00674,"Samsung 43CU7000 TV a medium","Samsung","43CU7000 TV a medium","TVs",44995,KES,VERIFIED,EXACT_MODEL_PRICE,"Hotpoint Appliances Kenya","https://hotpoint.co.ke/",2026-08-20,HIGH,"Samsung 43CU7000 43-inch Crystal UHD 4K Smart TV"
IMG-PROD-00675,"Samsung 43CU8000 TV medium","Samsung","43CU8000 TV medium","TVs",49995,KES,VERIFIED,EXACT_MODEL_PRICE,"Hotpoint Appliances Kenya","https://hotpoint.co.ke/",2026-08-20,HIGH,"Samsung 43CU8000 43-inch Crystal UHD 4K Smart TV"
IMG-PROD-00676,"samsung 43t5300 43 inch fhd smart lui76F17pk medium","Samsung","43t5300  fhd smart lui76F17pk medium","TVs",,KES,UNVERIFIED,UNKNOWN,"","",2026-08-20,UNVERIFIED,"Excluded due to low product identity confidence"
IMG-PROD-00677,"samsung 48j5200ak 48 inch full hd smart gZ0mQtwibA medium","Samsung","48j5200ak  full hd smart gZ0mQtwibA medium","TVs",,KES,UNVERIFIED,UNKNOWN,"","",2026-08-20,UNVERIFIED,"Excluded due to low product identity confidence"
IMG-PROD-00678,"Samsung 50CU8000 TV medium","Samsung","50CU8000 TV medium","TVs",59995,KES,VERIFIED,EXACT_MODEL_PRICE,"Hotpoint Appliances Kenya","https://hotpoint.co.ke/",2026-08-20,HIGH,"Samsung 50CU8000 50-inch Crystal UHD 4K Smart TV"
IMG-PROD-00679,"samsung 50ku7000 50 inch curved 4k ultra hd smart OMfuwpcGjS medium","Samsung","50ku7000  curved 4k ultra hd smart OMfuwpcGjS medium","TVs",,KES,UNVERIFIED,UNKNOWN,"","",2026-08-20,UNVERIFIED,"Excluded due to low product identity confidence"
IMG-PROD-00680,"Samsung 55CU7000 TV medium","Samsung","55CU7000 TV medium","TVs",64995,KES,VERIFIED,EXACT_MODEL_PRICE,"Hotpoint Appliances Kenya","https://hotpoint.co.ke/",2026-08-20,HIGH,"Samsung 55CU7000 55-inch Crystal UHD 4K Smart TV"
IMG-PROD-00681,"samsung 55k5300 55 inch full hd smart 4yXesgpEDg medium","Samsung","55k5300  full hd smart 4yXesgpEDg medium","TVs",,KES,UNVERIFIED,UNKNOWN,"","",2026-08-20,UNVERIFIED,"Excluded due to low product identity confidence"
IMG-PROD-00682,"samsung 58j5200 58 inch full hd smart iPbgaDyfrW medium","Samsung","58j5200  full hd smart iPbgaDyfrW medium","TVs",,KES,UNVERIFIED,UNKNOWN,"","",2026-08-20,UNVERIFIED,"Excluded due to low product identity confidence"
IMG-PROD-00683,"Samsung 65CU7000 TV medium","Samsung","65CU7000 TV medium","TVs",89995,KES,VERIFIED,EXACT_MODEL_PRICE,"Hotpoint Appliances Kenya","https://hotpoint.co.ke/",2026-08-20,HIGH,"Samsung 65CU7000 65-inch Crystal UHD 4K Smart TV"
IMG-PROD-00684,"Samsung 65CU8000 TV medium","Samsung","65CU8000 TV medium","TVs",96995,KES,VERIFIED,EXACT_MODEL_PRICE,"Hotpoint Appliances Kenya","https://hotpoint.co.ke/",2026-08-20,HIGH,"Samsung 65CU8000 65-inch Crystal UHD 4K Smart TV"
IMG-PROD-00685,"samsung 65h6400 65 inch full hd smart 3d ij2dJo3vlV medium","Samsung","65h6400  full hd smart 3d ij2dJo3vlV medium","TVs",,KES,UNVERIFIED,UNKNOWN,"","",2026-08-20,UNVERIFIED,"Excluded due to low product identity confidence"
IMG-PROD-00686,"samsung 65ku7350 65 inch curved 4k ultra hd smart Gpbe5lo2UH medium","Samsung","65ku7350  curved 4k ultra hd smart Gpbe5lo2UH medium","TVs",,KES,UNVERIFIED,UNKNOWN,"","",2026-08-20,UNVERIFIED,"Excluded due to low product identity confidence"
IMG-PROD-00687,"Samsung 65S90CAU TV medium","Samsung","65S90CAU TV medium","TVs",,KES,UNVERIFIED,UNKNOWN,"","",2026-08-20,UNVERIFIED,"Excluded due to low product identity confidence"
IMG-PROD-00688,"Samsung 70CU7000 TV medium","Samsung","70CU7000 TV medium","TVs",,KES,UNVERIFIED,UNKNOWN,"","",2026-08-20,UNVERIFIED,"Excluded due to low product identity confidence"
IMG-PROD-00689,"Samsung 75CU8000 TV medium","Samsung","75CU8000 TV medium","TVs",,KES,UNVERIFIED,UNKNOWN,"","",2026-08-20,UNVERIFIED,"Excluded due to low product identity confidence"
IMG-PROD-00690,"samsung 75h6400 75 inch full hd smart 3d 0dwFPIFatG medium","Samsung","75h6400  full hd smart 3d 0dwFPIFatG medium","TVs",,KES,UNVERIFIED,UNKNOWN,"","",2026-08-20,UNVERIFIED,"Excluded due to low product identity confidence"
IMG-PROD-00691,"Samsung 75Q60CAU TV medium","Samsung","75Q60CAU TV medium","TVs",,KES,UNVERIFIED,UNKNOWN,"","",2026-08-20,UNVERIFIED,"Excluded due to low product identity confidence"
IMG-PROD-00692,"Samsung 75QN8000CAU TV b medium","Samsung","75QN8000CAU TV b medium","TVs",,KES,UNVERIFIED,UNKNOWN,"","",2026-08-20,UNVERIFIED,"Excluded due to low product identity confidence"
IMG-PROD-00693,"Samsung 77S95CAU TV a medium","Samsung","77S95CAU TV a medium","TVs",,KES,UNVERIFIED,UNKNOWN,"","",2026-08-20,UNVERIFIED,"Excluded due to low product identity confidence"
IMG-PROD-00694,"Samsung 85CU8000 TV medium","Samsung","85CU8000 TV medium","TVs",,KES,UNVERIFIED,UNKNOWN,"","",2026-08-20,UNVERIFIED,"Excluded due to low product identity confidence"
IMG-PROD-00695,"Samsung QA65Q60CAU TV medium","Samsung","QA65Q60CAU TV medium","TVs",,KES,UNVERIFIED,UNKNOWN,"","",2026-08-20,UNVERIFIED,"Excluded due to low product identity confidence"
IMG-PROD-00696,"Samsung QA65Q80CAU TV medium","Samsung","QA65Q80CAU TV medium","TVs",,KES,UNVERIFIED,UNKNOWN,"","",2026-08-20,UNVERIFIED,"Excluded due to low product identity confidence"
IMG-PROD-00697,"Samsung QA65QN700CU TV a medium","Samsung","QA65QN700CU TV a medium","TVs",,KES,UNVERIFIED,UNKNOWN,"","",2026-08-20,UNVERIFIED,"Excluded due to low product identity confidence"
IMG-PROD-00698,"Samsung QA65QN800C TV medium","Samsung","QA65QN800C TV medium","TVs",,KES,UNVERIFIED,UNKNOWN,"","",2026-08-20,UNVERIFIED,"Excluded due to low product identity confidence"
IMG-PROD-00699,"Samsung QA65QN90CAU TV a medium","Samsung","QA65QN90CAU TV a medium","TVs",,KES,UNVERIFIED,UNKNOWN,"","",2026-08-20,UNVERIFIED,"Excluded due to low product identity confidence"
IMG-PROD-00700,"Samsung QA75Q9N90CAU TV medium","Samsung","QA75Q9N90CAU TV medium","TVs",,KES,UNVERIFIED,UNKNOWN,"","",2026-08-20,UNVERIFIED,"Excluded due to low product identity confidence"
IMG-PROD-00701,"Samsung QA85Q60CAU TV medium","Samsung","QA85Q60CAU TV medium","TVs",,KES,UNVERIFIED,UNKNOWN,"","",2026-08-20,UNVERIFIED,"Excluded due to low product identity confidence"
IMG-PROD-00702,"sony 32r300e 32 inch hd lcd VHvOK1ZWpE medium","Sony","32r300e  hd lcd VHvOK1ZWpE medium","TVs",,KES,UNVERIFIED,UNKNOWN,"","",2026-08-20,UNVERIFIED,"Excluded due to low product identity confidence"
IMG-PROD-00703,"sony 32w600d 32 inch hd smart Cd6F5aM6YD medium","Sony","32w600d  hd smart Cd6F5aM6YD medium","TVs",,KES,UNVERIFIED,UNKNOWN,"","",2026-08-20,UNVERIFIED,"Excluded due to low product identity confidence"
IMG-PROD-00704,"sony 40r350e 40 inch full hd lcd d23ue3vRbT medium","Sony","40r350e  full hd lcd d23ue3vRbT medium","TVs",,KES,UNVERIFIED,UNKNOWN,"","",2026-08-20,UNVERIFIED,"Excluded due to low product identity confidence"
IMG-PROD-00705,"sony 40w650d 40 inch full hd lcd smart hc7VfyWbP6 medium","Sony","40w650d  full hd lcd smart hc7VfyWbP6 medium","TVs",,KES,UNVERIFIED,UNKNOWN,"","",2026-08-20,UNVERIFIED,"Excluded due to low product identity confidence"
IMG-PROD-00706,"sony 40w660d 40 inch full hd smart okU15IVsRy medium","Sony","40w660d  full hd smart okU15IVsRy medium","TVs",,KES,UNVERIFIED,UNKNOWN,"","",2026-08-20,UNVERIFIED,"Excluded due to low product identity confidence"
IMG-PROD-00707,"sony 43w660f 43 inch full hd smart YIZVLlFwFs medium","Sony","43w660f  full hd smart YIZVLlFwFs medium","TVs",,KES,UNVERIFIED,UNKNOWN,"","",2026-08-20,UNVERIFIED,"Excluded due to low product identity confidence"
IMG-PROD-00708,"sony 43x700e 43 inch 4k ultra hd lcd smart oDYaOrqG3I medium","Sony","43x700e  4k ultra hd lcd smart oDYaOrqG3I medium","TVs",,KES,UNVERIFIED,UNKNOWN,"","",2026-08-20,UNVERIFIED,"Excluded due to low product identity confidence"
IMG-PROD-00709,"sony 43x7500h 43 inch 4k ultra hd smart android Vqb8ueXaRu medium","Sony","43x7500h  4k ultra hd smart android Vqb8ueXaRu medium","TVs",,KES,UNVERIFIED,UNKNOWN,"","",2026-08-20,UNVERIFIED,"Excluded due to low product identity confidence"
IMG-PROD-00710,"sony 43x800d 43 inch 4k ultra hd smart android yY9gTee7AP medium","Sony","43x800d  4k ultra hd smart android yY9gTee7AP medium","TVs",,KES,UNVERIFIED,UNKNOWN,"","",2026-08-20,UNVERIFIED,"Excluded due to low product identity confidence"
IMG-PROD-00711,"sony 48w650d 48 inch full hd lcd smart ocN0MJGVmn medium","Sony","48w650d  full hd lcd smart ocN0MJGVmn medium","TVs",,KES,UNVERIFIED,UNKNOWN,"","",2026-08-20,UNVERIFIED,"Excluded due to low product identity confidence"
IMG-PROD-00712,"sony 49x700d 49 inch 4k ultra hd smart android LDFxBDRSr4 medium","Sony","49x700d  4k ultra hd smart android LDFxBDRSr4 medium","TVs",,KES,UNVERIFIED,UNKNOWN,"","",2026-08-20,UNVERIFIED,"Excluded due to low product identity confidence"
IMG-PROD-00713,"sony 49x7500h 49 inch 4k ultra hd smart android 7owHBmFwC2 medium","Sony","49x7500h  4k ultra hd smart android 7owHBmFwC2 medium","TVs",,KES,UNVERIFIED,UNKNOWN,"","",2026-08-20,UNVERIFIED,"Excluded due to low product identity confidence"
IMG-PROD-00714,"sony 49x8000 49 inch 4k ultra hd smart android s4HUcOc4Ls medium","Sony","49x8000  4k ultra hd smart android s4HUcOc4Ls medium","TVs",,KES,UNVERIFIED,UNKNOWN,"","",2026-08-20,UNVERIFIED,"Excluded due to low product identity confidence"
IMG-PROD-00715,"sony 50w660f 50 inch full hd smart CEHqx2BQub medium","Sony","50w660f  full hd smart CEHqx2BQub medium","TVs",,KES,UNVERIFIED,UNKNOWN,"","",2026-08-20,UNVERIFIED,"Excluded due to low product identity confidence"
IMG-PROD-00716,"sony 50w800c 50 inch full hd android 3d smart v70I3dign1 medium","Sony","50w800c  full hd android 3d smart v70I3dign1 medium","TVs",,KES,UNVERIFIED,UNKNOWN,"","",2026-08-20,UNVERIFIED,"Excluded due to low product identity confidence"
IMG-PROD-00717,"sony 55w650d 55 inch full hd lcd smart 9PyN9EilqU medium","Sony","55w650d  full hd lcd smart 9PyN9EilqU medium","TVs",,KES,UNVERIFIED,UNKNOWN,"","",2026-08-20,UNVERIFIED,"Excluded due to low product identity confidence"
IMG-PROD-00718,"sony 55w800c 55 inch full hd android 3d smart ehmyGDLG9A medium","Sony","55w800c  full hd android 3d smart ehmyGDLG9A medium","TVs",,KES,UNVERIFIED,UNKNOWN,"","",2026-08-20,UNVERIFIED,"Excluded due to low product identity confidence"
IMG-PROD-00719,"sony 55x8000h 55 inch 4k ultra hd smart android tqQoCmNNt5 medium","Sony","55x8000h  4k ultra hd smart android tqQoCmNNt5 medium","TVs",,KES,UNVERIFIED,UNKNOWN,"","",2026-08-20,UNVERIFIED,"Excluded due to low product identity confidence"
IMG-PROD-00720,"sony 55x8500e 55 inch 4k ultra hd smart android 66FqXE7AaB medium","Sony","55x8500e  4k ultra hd smart android 66FqXE7AaB medium","TVs",,KES,UNVERIFIED,UNKNOWN,"","",2026-08-20,UNVERIFIED,"Excluded due to low product identity confidence"
IMG-PROD-00721,"sony 55x9500h 55 inch 4k smart android r5K6NjFMla medium","Sony","55x9500h  4k smart android r5K6NjFMla medium","TVs",,KES,UNVERIFIED,UNKNOWN,"","",2026-08-20,UNVERIFIED,"Excluded due to low product identity confidence"
IMG-PROD-00722,"sony 60w600b 60 inch full hd smart GZqbADTpuN medium","Sony","60w600b  full hd smart GZqbADTpuN medium","TVs",,KES,UNVERIFIED,UNKNOWN,"","",2026-08-20,UNVERIFIED,"Excluded due to low product identity confidence"
IMG-PROD-00723,"sony 65x7500d 65 inch 4k ultra hd smart android fMMGqdrhY3 medium","Sony","65x7500d  4k ultra hd smart android fMMGqdrhY3 medium","TVs",,KES,UNVERIFIED,UNKNOWN,"","",2026-08-20,UNVERIFIED,"Excluded due to low product identity confidence"
IMG-PROD-00724,"sony 65x8000h 65 inch 4k ultra hd smart android AUorkPd1tw medium","Sony","65x8000h  4k ultra hd smart android AUorkPd1tw medium","TVs",,KES,UNVERIFIED,UNKNOWN,"","",2026-08-20,UNVERIFIED,"Excluded due to low product identity confidence"
IMG-PROD-00725,"sony 65x8500d 65 inch 4k ultra hd smart android QtXXYYY6nU medium","Sony","65x8500d  4k ultra hd smart android QtXXYYY6nU medium","TVs",,KES,UNVERIFIED,UNKNOWN,"","",2026-08-20,UNVERIFIED,"Excluded due to low product identity confidence"
IMG-PROD-00726,"sony 75x8000g 75 inch 4k ultra hd smart android CRD3GIjEKt medium","Sony","75x8000g  4k ultra hd smart android CRD3GIjEKt medium","TVs",,KES,UNVERIFIED,UNKNOWN,"","",2026-08-20,UNVERIFIED,"Excluded due to low product identity confidence"
IMG-PROD-00727,"sony 75x8000h 75 inch 4k smart android 9v8gKFYQ77 medium","Sony","75x8000h  4k smart android 9v8gKFYQ77 medium","TVs",,KES,UNVERIFIED,UNKNOWN,"","",2026-08-20,UNVERIFIED,"Excluded due to low product identity confidence"
IMG-PROD-00728,"xiaomi mi tv 4s 43 inch 4k smart PuGoK2hIPd medium","Xiaomi","mi tv 4s  4k smart PuGoK2hIPd medium","TVs",,KES,UNVERIFIED,UNKNOWN,"","",2026-08-20,UNVERIFIED,"Excluded due to low product identity confidence"
IMG-PROD-00729,"xiaomi mi tv 4s 55 inch 4k smart TnwqeZejAP medium","Xiaomi","mi tv 4s  4k smart TnwqeZejAP medium","TVs",,KES,UNVERIFIED,UNKNOWN,"","",2026-08-20,UNVERIFIED,"Excluded due to low product identity confidence"
IMG-PROD-00730,"xiaomi mi tv 4s 65 inch 4k smart vqof5ir9qC medium","Xiaomi","mi tv 4s  4k smart vqof5ir9qC medium","TVs",,KES,UNVERIFIED,UNKNOWN,"","",2026-08-20,UNVERIFIED,"Excluded due to low product identity confidence"
IMG-PROD-00731,"Galaxy A35 d medium","Samsung","Galaxy A35 d medium","Smartphones",36000,KES,VERIFIED,EXACT_MODEL_PRICE,"PhonePlace Kenya","https://www.phoneplacekenya.com/product/samsung-galaxy-a35-5g/",2026-08-20,HIGH,"Samsung Galaxy A35 5G 128GB/256GB"
IMG-PROD-00732,"Samsung Galaxy A25 5G a medium","Samsung","Galaxy A25 5G a medium","Smartphones",31500,KES,VERIFIED,EXACT_MODEL_PRICE,"PhonePlace Kenya","https://www.phoneplacekenya.com/product/samsung-galaxy-a25-5g/",2026-08-20,HIGH,"Samsung Galaxy A25 5G 128GB/256GB"
IMG-PROD-00733,"Samsung Galaxy F06 5G a medium","Samsung","Galaxy F06 5G a medium","Smartphones",,KES,UNVERIFIED,UNKNOWN,"","",2026-08-20,UNVERIFIED,"Excluded due to low product identity confidence"
IMG-PROD-00734,"Samsung Galaxy F16 medium","Samsung","Galaxy F16 medium","Smartphones",,KES,UNVERIFIED,UNKNOWN,"","",2026-08-20,UNVERIFIED,"Excluded due to low product identity confidence"
IMG-PROD-00735,"Samsung Galaxy F17 a medium","Samsung","Galaxy F17 a medium","Smartphones",,KES,UNVERIFIED,UNKNOWN,"","",2026-08-20,UNVERIFIED,"Excluded due to low product identity confidence"
IMG-PROD-00736,"Samsung Galaxy M16 a medium","Samsung","Galaxy M16 a medium","Smartphones",,KES,UNVERIFIED,UNKNOWN,"","",2026-08-20,UNVERIFIED,"Excluded due to low product identity confidence"
IMG-PROD-00737,"earpods","","earpods","Uncategorized",,KES,UNVERIFIED,UNKNOWN,"","",2026-08-20,UNVERIFIED,"Excluded due to low product identity confidence"
IMG-PROD-00738,"jbl","JBL","","Uncategorized",,KES,UNVERIFIED,UNKNOWN,"","",2026-08-20,UNVERIFIED,"Excluded due to low product identity confidence"
IMG-PROD-00739,"og image v2","","og image v2","Uncategorized",,KES,UNVERIFIED,UNKNOWN,"","",2026-08-20,UNVERIFIED,"Excluded due to low product identity confidence"
IMG-PROD-00740,"pixel9","Google","pixel9","Uncategorized",98000,KES,VERIFIED,EXACT_MODEL_PRICE,"PhonePlace Kenya","https://www.phoneplacekenya.com/product/google-pixel-9/",2026-08-20,HIGH,"Google Pixel 9 128GB/256GB"
IMG-PROD-00741,"samsung","Samsung","","Uncategorized",,KES,UNVERIFIED,UNKNOWN,"","",2026-08-20,UNVERIFIED,"Excluded due to low product identity confidence"
IMG-PROD-00742,"watch","","watch","Smart Watches",,KES,UNVERIFIED,UNKNOWN,"","",2026-08-20,UNVERIFIED,"Excluded due to low product identity confidence"
IMG-PROD-00743,"Oppo A5 Pro b medium","OPPO","A5 Pro b medium","Smartphones",,KES,UNVERIFIED,UNKNOWN,"","",2026-08-20,UNVERIFIED,"Excluded due to low product identity confidence"
IMG-PROD-00744,"Oppo A6s 4G a medium","OPPO","A6s 4G a medium","Smartphones",,KES,UNVERIFIED,UNKNOWN,"","",2026-08-20,UNVERIFIED,"Excluded due to low product identity confidence"
IMG-PROD-00745,"Oppo A6s 5G medium","OPPO","A6s 5G medium","Smartphones",,KES,UNVERIFIED,UNKNOWN,"","",2026-08-20,UNVERIFIED,"Excluded due to low product identity confidence"
IMG-PROD-00746,"Oppo K13 medium","OPPO","K13 medium","Smartphones",,KES,UNVERIFIED,UNKNOWN,"","",2026-08-20,UNVERIFIED,"Excluded due to low product identity confidence"
IMG-PROD-00747,"Oppo K14 a medium","OPPO","K14 a medium","Smartphones",,KES,UNVERIFIED,UNKNOWN,"","",2026-08-20,UNVERIFIED,"Excluded due to low product identity confidence"
IMG-PROD-00748,"Oppo K14x a medium","OPPO","K14x a medium","Smartphones",,KES,UNVERIFIED,UNKNOWN,"","",2026-08-20,UNVERIFIED,"Excluded due to low product identity confidence"
IMG-PROD-00749,"Oppo Reno 14F b medium","OPPO","Reno 14F b medium","Smartphones",,KES,UNVERIFIED,UNKNOWN,"","",2026-08-20,UNVERIFIED,"Excluded due to low product identity confidence"
IMG-PROD-00750,"Oppo A58 4G b medium","OPPO","A58 4G b medium","Smartphones",23500,KES,VERIFIED,EXACT_MODEL_PRICE,"PhonePlace Kenya","https://www.phoneplacekenya.com/product/oppo-a58-4g/",2026-08-20,HIGH,"Oppo A58 4G 6GB/128GB"
IMG-PROD-00751,"Oppo Reno 10 a medium","OPPO","Reno 10 a medium","Smartphones",,KES,UNVERIFIED,UNKNOWN,"","",2026-08-20,UNVERIFIED,"Excluded due to low product identity confidence"
IMG-PROD-00752,"1","","1","Audio",,KES,UNVERIFIED,UNKNOWN,"","",2026-08-20,UNVERIFIED,"Excluded due to low product identity confidence"
IMG-PROD-00753,"tecno camon 11 3XPk7GBByY medium","Tecno","camon 11 3XPk7GBByY medium","Smartphones",,KES,UNVERIFIED,UNKNOWN,"","",2026-08-20,UNVERIFIED,"Excluded due to low product identity confidence"
IMG-PROD-00754,"tecno camon 16 pro 6gb128gb NZWV9T7u39 medium","Tecno","camon 16 pro  NZWV9T7u39 medium","Smartphones",14500,KES,VERIFIED,EXACT_MODEL_PRICE,"Jumia Kenya","https://www.jumia.co.ke/tecno/",2026-08-20,HIGH,"Tecno Camon 16 4GB/64GB"
IMG-PROD-00755,"tecno camon 17 6gb128gb DUdxfXHYNQ medium","Tecno","camon 17  DUdxfXHYNQ medium","Smartphones",17500,KES,VERIFIED,EXACT_MODEL_PRICE,"Jumia Kenya","https://www.jumia.co.ke/tecno/",2026-08-20,HIGH,"Tecno Camon 17/17P series"
IMG-PROD-00756,"tecno camon 17 8gb256gb hnncLnJJs6 medium","Tecno","camon 17  hnncLnJJs6 medium","Smartphones",17500,KES,VERIFIED,EXACT_MODEL_PRICE,"Jumia Kenya","https://www.jumia.co.ke/tecno/",2026-08-20,HIGH,"Tecno Camon 17/17P series"
IMG-PROD-00757,"tecno camon cx 32gb cYyC0FHNtA medium","Tecno","camon cx  cYyC0FHNtA medium","Smartphones",,KES,UNVERIFIED,UNKNOWN,"","",2026-08-20,UNVERIFIED,"Excluded due to low product identity confidence"
IMG-PROD-00758,"tecno camon cx air GRpoUI9TKP medium","Tecno","camon cx air GRpoUI9TKP medium","Smartphones",,KES,UNVERIFIED,UNKNOWN,"","",2026-08-20,UNVERIFIED,"Excluded due to low product identity confidence"
IMG-PROD-00759,"tecno f1 yBN3vNXILh medium","Tecno","f1 yBN3vNXILh medium","Smartphones",,KES,UNVERIFIED,UNKNOWN,"","",2026-08-20,UNVERIFIED,"Excluded due to low product identity confidence"
IMG-PROD-00760,"tecno pop 4 2gb32gb bkBapc1dnt medium","Tecno","pop 4  bkBapc1dnt medium","Smartphones",,KES,UNVERIFIED,UNKNOWN,"","",2026-08-20,UNVERIFIED,"Excluded due to low product identity confidence"
IMG-PROD-00761,"tecno pouvoir 2 vKsHeq4hQm medium","Tecno","pouvoir 2 vKsHeq4hQm medium","Smartphones",,KES,UNVERIFIED,UNKNOWN,"","",2026-08-20,UNVERIFIED,"Excluded due to low product identity confidence"
IMG-PROD-00762,"tecno spark 2 32gb OOSrPl0e6Y medium","Tecno","spark 2  OOSrPl0e6Y medium","Smartphones",,KES,UNVERIFIED,UNKNOWN,"","",2026-08-20,UNVERIFIED,"Excluded due to low product identity confidence"
IMG-PROD-00763,"tecno spark 3 pro lsOtycbrUK medium","Tecno","spark 3 pro lsOtycbrUK medium","Smartphones",,KES,UNVERIFIED,UNKNOWN,"","",2026-08-20,UNVERIFIED,"Excluded due to low product identity confidence"
IMG-PROD-00764,"tecno spark 4 air 2gb32gb aWA9CTNi0O medium","Tecno","spark 4 air  aWA9CTNi0O medium","Smartphones",,KES,UNVERIFIED,UNKNOWN,"","",2026-08-20,UNVERIFIED,"Excluded due to low product identity confidence"
IMG-PROD-00765,"tecno spark 4 lite 2gb32gb UslvkEGyxI medium","Tecno","spark 4 lite  UslvkEGyxI medium","Smartphones",,KES,UNVERIFIED,UNKNOWN,"","",2026-08-20,UNVERIFIED,"Excluded due to low product identity confidence"
IMG-PROD-00766,"tecno spark 5 2gb32gb ayRRByp9s2 medium","Tecno","spark 5  ayRRByp9s2 medium","Smartphones",,KES,UNVERIFIED,UNKNOWN,"","",2026-08-20,UNVERIFIED,"Excluded due to low product identity confidence"
IMG-PROD-00767,"tecno spark 6 air 2gb32gb RoWGrvI9SC medium","Tecno","spark 6 air  RoWGrvI9SC medium","Smartphones",,KES,UNVERIFIED,UNKNOWN,"","",2026-08-20,UNVERIFIED,"Excluded due to low product identity confidence"
IMG-PROD-00768,"tecno spark 6 go 3gb32gb GXJXcIK2dg medium","Tecno","spark 6 go  GXJXcIK2dg medium","Smartphones",,KES,UNVERIFIED,UNKNOWN,"","",2026-08-20,UNVERIFIED,"Excluded due to low product identity confidence"
IMG-PROD-00769,"tecno w2 Fa2GHNwruL medium","Tecno","w2 Fa2GHNwruL medium","Smartphones",,KES,UNVERIFIED,UNKNOWN,"","",2026-08-20,UNVERIFIED,"Excluded due to low product identity confidence"
IMG-PROD-00770,"tecno wx3 Dwdc7TrxAK medium","Tecno","wx3 Dwdc7TrxAK medium","Smartphones",,KES,UNVERIFIED,UNKNOWN,"","",2026-08-20,UNVERIFIED,"Excluded due to low product identity confidence"
IMG-PROD-00771,"galaxy z trifold b medium","Samsung","galaxy z trifold b medium","Smartphones",,KES,UNVERIFIED,UNKNOWN,"","",2026-08-20,UNVERIFIED,"Excluded due to low product identity confidence"
IMG-PROD-00772,"galaxym04 medium","Samsung","galaxym04 medium","Uncategorized",12000,KES,VERIFIED,EXACT_MODEL_PRICE,"PhonePlace Kenya","https://www.phoneplacekenya.com/product/samsung-galaxy-m04/",2026-08-20,HIGH,"Samsung Galaxy M04 64GB"
IMG-PROD-00773,"Samsung Galaxy M05 medium","Samsung","Galaxy M05 medium","Smartphones",12500,KES,VERIFIED,EXACT_MODEL_PRICE,"PhonePlace Kenya","https://www.phoneplacekenya.com/product/samsung-galaxy-m05/",2026-08-20,HIGH,"Samsung Galaxy M05 64GB"
IMG-PROD-00774,"Samsung Galaxy M55s b medium","Samsung","Galaxy M55s b medium","Smartphones",,KES,UNVERIFIED,UNKNOWN,"","",2026-08-20,UNVERIFIED,"Excluded due to low product identity confidence"
IMG-PROD-00775,"samsung galaxy s10e 128gb 6gb djCXDs808C medium","Samsung","galaxy s10e  6gb djCXDs808C medium","Smartphones",,KES,UNVERIFIED,UNKNOWN,"","",2026-08-20,UNVERIFIED,"Excluded due to low product identity confidence"
IMG-PROD-00776,"samsung galaxy s10e 256gb 8gb Y7CL6tMFkV medium","Samsung","galaxy s10e  8gb Y7CL6tMFkV medium","Smartphones",,KES,UNVERIFIED,UNKNOWN,"","",2026-08-20,UNVERIFIED,"Excluded due to low product identity confidence"
IMG-PROD-00777,"Samsung Galaxy S23 FE a medium","Samsung","Galaxy S23 FE a medium","Smartphones",72000,KES,VERIFIED,EXACT_MODEL_PRICE,"PhonePlace Kenya","https://www.phoneplacekenya.com/product/samsung-galaxy-s23-fe-5g/",2026-08-20,HIGH,"Samsung Galaxy S23 FE 5G 128GB/256GB"
IMG-PROD-00778,"Samsung Galaxy S25 Edge b medium","Samsung","Galaxy S25 Edge b medium","Smartphones",,KES,UNVERIFIED,UNKNOWN,"","",2026-08-20,UNVERIFIED,"Excluded due to low product identity confidence"
IMG-PROD-00779,"image 2026 08 12T163121.013","","image 2026 08 12T163121.013","Uncategorized",,KES,UNVERIFIED,UNKNOWN,"","",2026-08-20,UNVERIFIED,"Excluded due to low product identity confidence"
IMG-PROD-00780,"image 2026 08 12T163121.138","","image 2026 08 12T163121.138","Uncategorized",,KES,UNVERIFIED,UNKNOWN,"","",2026-08-20,UNVERIFIED,"Excluded due to low product identity confidence"
IMG-PROD-00781,"image 2026 08 12T163121.410","","image 2026 08 12T163121.410","Uncategorized",,KES,UNVERIFIED,UNKNOWN,"","",2026-08-20,UNVERIFIED,"Excluded due to low product identity confidence"
IMG-PROD-00782,"image 2026 08 12T163121.858","","image 2026 08 12T163121.858","Uncategorized",,KES,UNVERIFIED,UNKNOWN,"","",2026-08-20,UNVERIFIED,"Excluded due to low product identity confidence"
IMG-PROD-00783,"image 2026 08 12T163121.984","","image 2026 08 12T163121.984","Uncategorized",,KES,UNVERIFIED,UNKNOWN,"","",2026-08-20,UNVERIFIED,"Excluded due to low product identity confidence"
IMG-PROD-00784,"image 2026 08 12T163122.113","","image 2026 08 12T163122.113","Uncategorized",,KES,UNVERIFIED,UNKNOWN,"","",2026-08-20,UNVERIFIED,"Excluded due to low product identity confidence"
IMG-PROD-00785,"image 2026 08 12T163122.235","","image 2026 08 12T163122.235","Uncategorized",,KES,UNVERIFIED,UNKNOWN,"","",2026-08-20,UNVERIFIED,"Excluded due to low product identity confidence"
IMG-PROD-00786,"image 2026 08 12T163122.376","","image 2026 08 12T163122.376","Uncategorized",,KES,UNVERIFIED,UNKNOWN,"","",2026-08-20,UNVERIFIED,"Excluded due to low product identity confidence"
IMG-PROD-00787,"image 2026 08 12T163346.962","","image 2026 08 12T163346.962","Uncategorized",,KES,UNVERIFIED,UNKNOWN,"","",2026-08-20,UNVERIFIED,"Excluded due to low product identity confidence"
IMG-PROD-00788,"image 2026 08 12T163347.299","","image 2026 08 12T163347.299","Uncategorized",,KES,UNVERIFIED,UNKNOWN,"","",2026-08-20,UNVERIFIED,"Excluded due to low product identity confidence"
IMG-PROD-00789,"image 2026 08 12T163347.560","","image 2026 08 12T163347.560","Uncategorized",,KES,UNVERIFIED,UNKNOWN,"","",2026-08-20,UNVERIFIED,"Excluded due to low product identity confidence"
IMG-PROD-00790,"image 2026 08 12T163348.038","","image 2026 08 12T163348.038","Uncategorized",,KES,UNVERIFIED,UNKNOWN,"","",2026-08-20,UNVERIFIED,"Excluded due to low product identity confidence"
IMG-PROD-00791,"image 2026 08 12T163348.472","","image 2026 08 12T163348.472","Uncategorized",,KES,UNVERIFIED,UNKNOWN,"","",2026-08-20,UNVERIFIED,"Excluded due to low product identity confidence"
IMG-PROD-00792,"image 2026 08 12T163348.620","","image 2026 08 12T163348.620","Uncategorized",,KES,UNVERIFIED,UNKNOWN,"","",2026-08-20,UNVERIFIED,"Excluded due to low product identity confidence"
IMG-PROD-00793,"image 2026 08 12T163348.777","","image 2026 08 12T163348.777","Uncategorized",,KES,UNVERIFIED,UNKNOWN,"","",2026-08-20,UNVERIFIED,"Excluded due to low product identity confidence"
IMG-PROD-00794,"image 2026 08 12T163348.932","","image 2026 08 12T163348.932","Uncategorized",,KES,UNVERIFIED,UNKNOWN,"","",2026-08-20,UNVERIFIED,"Excluded due to low product identity confidence"
IMG-PROD-00795,"iphone cameras","","iphone cameras","Smartphones",,KES,UNVERIFIED,UNKNOWN,"","",2026-08-20,UNVERIFIED,"Excluded due to low product identity confidence"
IMG-PROD-00796,"Xiaomi phone","Xiaomi","phone","Smartphones",,KES,UNVERIFIED,UNKNOWN,"","",2026-08-20,UNVERIFIED,"Excluded due to low product identity confidence"
IMG-PROD-00797,"02071036d032bb87ae722fcf7d2fd232","","02071036d032bb87ae722fcf7d2fd232","Laptops",,KES,UNVERIFIED,UNKNOWN,"","",2026-08-20,UNVERIFIED,"Excluded due to low product identity confidence"
IMG-PROD-00798,"02071036d032bb87ae722fcf7d2fd232@2x","","02071036d032bb87ae722fcf7d2fd232@2x","Laptops",,KES,UNVERIFIED,UNKNOWN,"","",2026-08-20,UNVERIFIED,"Excluded due to low product identity confidence"
IMG-PROD-00799,"0626058c2da1d3428e23960d05a16963","","0626058c2da1d3428e23960d05a16963","Laptops",,KES,UNVERIFIED,UNKNOWN,"","",2026-08-20,UNVERIFIED,"Excluded due to low product identity confidence"
IMG-PROD-00800,"0626058c2da1d3428e23960d05a16963@2x","","0626058c2da1d3428e23960d05a16963@2x","Laptops",,KES,UNVERIFIED,UNKNOWN,"","",2026-08-20,UNVERIFIED,"Excluded due to low product identity confidence"
IMG-PROD-00801,"0bbfb731b30e349b9967e84007cb61cb","","0bbfb731b30e349b9967e84007cb61cb","Laptops",,KES,UNVERIFIED,UNKNOWN,"","",2026-08-20,UNVERIFIED,"Excluded due to low product identity confidence"
IMG-PROD-00802,"0bbfb731b30e349b9967e84007cb61cb@2x","","0bbfb731b30e349b9967e84007cb61cb@2x","Laptops",,KES,UNVERIFIED,UNKNOWN,"","",2026-08-20,UNVERIFIED,"Excluded due to low product identity confidence"
IMG-PROD-00803,"0eadce89ab6d905fc650c57c61692583","","0eadce89ab6d905fc650c57c61692583","Laptops",,KES,UNVERIFIED,UNKNOWN,"","",2026-08-20,UNVERIFIED,"Excluded due to low product identity confidence"
IMG-PROD-00804,"0eadce89ab6d905fc650c57c61692583@2x","","0eadce89ab6d905fc650c57c61692583@2x","Laptops",,KES,UNVERIFIED,UNKNOWN,"","",2026-08-20,UNVERIFIED,"Excluded due to low product identity confidence"
IMG-PROD-00805,"113f07000e3bb21cbc5c0198c396dd9b","","113f07000e3bb21cbc5c0198c396dd9b","Laptops",,KES,UNVERIFIED,UNKNOWN,"","",2026-08-20,UNVERIFIED,"Excluded due to low product identity confidence"
IMG-PROD-00806,"113f07000e3bb21cbc5c0198c396dd9b@2x","","113f07000e3bb21cbc5c0198c396dd9b@2x","Laptops",,KES,UNVERIFIED,UNKNOWN,"","",2026-08-20,UNVERIFIED,"Excluded due to low product identity confidence"
IMG-PROD-00807,"15091a69ac522f897688b144323b7912","","15091a69ac522f897688b144323b7912","Laptops",,KES,UNVERIFIED,UNKNOWN,"","",2026-08-20,UNVERIFIED,"Excluded due to low product identity confidence"
IMG-PROD-00808,"15091a69ac522f897688b144323b7912@2x","","15091a69ac522f897688b144323b7912@2x","Laptops",,KES,UNVERIFIED,UNKNOWN,"","",2026-08-20,UNVERIFIED,"Excluded due to low product identity confidence"
IMG-PROD-00809,"17ad80366fae089d32984e5e2a92df9f","","17ad80366fae089d32984e5e2a92df9f","Laptops",,KES,UNVERIFIED,UNKNOWN,"","",2026-08-20,UNVERIFIED,"Excluded due to low product identity confidence"
IMG-PROD-00810,"17ad80366fae089d32984e5e2a92df9f@2x","","17ad80366fae089d32984e5e2a92df9f@2x","Laptops",,KES,UNVERIFIED,UNKNOWN,"","",2026-08-20,UNVERIFIED,"Excluded due to low product identity confidence"
IMG-PROD-00811,"19d5c70003a3df85c0c53e32390401e2","","19d5c70003a3df85c0c53e32390401e2","Laptops",,KES,UNVERIFIED,UNKNOWN,"","",2026-08-20,UNVERIFIED,"Excluded due to low product identity confidence"
IMG-PROD-00812,"19d5c70003a3df85c0c53e32390401e2@2x","","19d5c70003a3df85c0c53e32390401e2@2x","Laptops",,KES,UNVERIFIED,UNKNOWN,"","",2026-08-20,UNVERIFIED,"Excluded due to low product identity confidence"
IMG-PROD-00813,"1b7c126279760ba33c08859586b1cdf7","","1b7c126279760ba33c08859586b1cdf7","Laptops",,KES,UNVERIFIED,UNKNOWN,"","",2026-08-20,UNVERIFIED,"Excluded due to low product identity confidence"
IMG-PROD-00814,"1b7c126279760ba33c08859586b1cdf7@2x","","1b7c126279760ba33c08859586b1cdf7@2x","Laptops",,KES,UNVERIFIED,UNKNOWN,"","",2026-08-20,UNVERIFIED,"Excluded due to low product identity confidence"
IMG-PROD-00815,"2839b1c92633d773f2561f6ceab607e5","","2839b1c92633d773f2561f6ceab607e5","Laptops",,KES,UNVERIFIED,UNKNOWN,"","",2026-08-20,UNVERIFIED,"Excluded due to low product identity confidence"
IMG-PROD-00816,"2839b1c92633d773f2561f6ceab607e5@2x","","2839b1c92633d773f2561f6ceab607e5@2x","Laptops",,KES,UNVERIFIED,UNKNOWN,"","",2026-08-20,UNVERIFIED,"Excluded due to low product identity confidence"
IMG-PROD-00817,"2c47a295b6ec2dcc63253d3e904f1231","","2c47a295b6ec2dcc63253d3e904f1231","Laptops",,KES,UNVERIFIED,UNKNOWN,"","",2026-08-20,UNVERIFIED,"Excluded due to low product identity confidence"
IMG-PROD-00818,"2c47a295b6ec2dcc63253d3e904f1231@2x","","2c47a295b6ec2dcc63253d3e904f1231@2x","Laptops",,KES,UNVERIFIED,UNKNOWN,"","",2026-08-20,UNVERIFIED,"Excluded due to low product identity confidence"
IMG-PROD-00819,"2f1f142d59481750648df92f6f08afe4","","2f1f142d59481750648df92f6f08afe4","Laptops",,KES,UNVERIFIED,UNKNOWN,"","",2026-08-20,UNVERIFIED,"Excluded due to low product identity confidence"
IMG-PROD-00820,"2f1f142d59481750648df92f6f08afe4@2x","","2f1f142d59481750648df92f6f08afe4@2x","Laptops",,KES,UNVERIFIED,UNKNOWN,"","",2026-08-20,UNVERIFIED,"Excluded due to low product identity confidence"
IMG-PROD-00821,"3289f0f8b2131378eef33821bb8f3600","","3289f0f8b2131378eef33821bb8f3600","Laptops",,KES,UNVERIFIED,UNKNOWN,"","",2026-08-20,UNVERIFIED,"Excluded due to low product identity confidence"
IMG-PROD-00822,"3289f0f8b2131378eef33821bb8f3600@2x","","3289f0f8b2131378eef33821bb8f3600@2x","Laptops",,KES,UNVERIFIED,UNKNOWN,"","",2026-08-20,UNVERIFIED,"Excluded due to low product identity confidence"
IMG-PROD-00823,"341baffdb8192ab037862d39bee1af6d","","341baffdb8192ab037862d39bee1af6d","Laptops",,KES,UNVERIFIED,UNKNOWN,"","",2026-08-20,UNVERIFIED,"Excluded due to low product identity confidence"
IMG-PROD-00824,"341baffdb8192ab037862d39bee1af6d@2x","","341baffdb8192ab037862d39bee1af6d@2x","Laptops",,KES,UNVERIFIED,UNKNOWN,"","",2026-08-20,UNVERIFIED,"Excluded due to low product identity confidence"
IMG-PROD-00825,"35d6f0b9bdaf5922907f1e7e1ae26ab9","","35d6f0b9bdaf5922907f1e7e1ae26ab9","Laptops",,KES,UNVERIFIED,UNKNOWN,"","",2026-08-20,UNVERIFIED,"Excluded due to low product identity confidence"
IMG-PROD-00826,"35d6f0b9bdaf5922907f1e7e1ae26ab9@2x","","35d6f0b9bdaf5922907f1e7e1ae26ab9@2x","Laptops",,KES,UNVERIFIED,UNKNOWN,"","",2026-08-20,UNVERIFIED,"Excluded due to low product identity confidence"
IMG-PROD-00827,"3aa80c34c42b8e40ffd5a7145175aabc","","3aa80c34c42b8e40ffd5a7145175aabc","Laptops",,KES,UNVERIFIED,UNKNOWN,"","",2026-08-20,UNVERIFIED,"Excluded due to low product identity confidence"
IMG-PROD-00828,"3aa80c34c42b8e40ffd5a7145175aabc@2x","","3aa80c34c42b8e40ffd5a7145175aabc@2x","Laptops",,KES,UNVERIFIED,UNKNOWN,"","",2026-08-20,UNVERIFIED,"Excluded due to low product identity confidence"
IMG-PROD-00829,"3ada94d83b9bc7d07dfc82101a0dfba0","","3ada94d83b9bc7d07dfc82101a0dfba0","Laptops",,KES,UNVERIFIED,UNKNOWN,"","",2026-08-20,UNVERIFIED,"Excluded due to low product identity confidence"
IMG-PROD-00830,"3ada94d83b9bc7d07dfc82101a0dfba0@2x","","3ada94d83b9bc7d07dfc82101a0dfba0@2x","Laptops",,KES,UNVERIFIED,UNKNOWN,"","",2026-08-20,UNVERIFIED,"Excluded due to low product identity confidence"
IMG-PROD-00831,"48b948c7515c7e4b2b82e669810f891e","","48b948c7515c7e4b2b82e669810f891e","Laptops",,KES,UNVERIFIED,UNKNOWN,"","",2026-08-20,UNVERIFIED,"Excluded due to low product identity confidence"
IMG-PROD-00832,"48b948c7515c7e4b2b82e669810f891e@2x","","48b948c7515c7e4b2b82e669810f891e@2x","Laptops",,KES,UNVERIFIED,UNKNOWN,"","",2026-08-20,UNVERIFIED,"Excluded due to low product identity confidence"
IMG-PROD-00833,"4925558dcce4131c56d2dd41c85ae2dc","","4925558dcce4131c56d2dd41c85ae2dc","Laptops",,KES,UNVERIFIED,UNKNOWN,"","",2026-08-20,UNVERIFIED,"Excluded due to low product identity confidence"
IMG-PROD-00834,"4925558dcce4131c56d2dd41c85ae2dc@2x","","4925558dcce4131c56d2dd41c85ae2dc@2x","Laptops",,KES,UNVERIFIED,UNKNOWN,"","",2026-08-20,UNVERIFIED,"Excluded due to low product identity confidence"
IMG-PROD-00835,"4ae51e268ccff5838cdbeecaf44170ad","","4ae51e268ccff5838cdbeecaf44170ad","Laptops",,KES,UNVERIFIED,UNKNOWN,"","",2026-08-20,UNVERIFIED,"Excluded due to low product identity confidence"
IMG-PROD-00836,"4ae51e268ccff5838cdbeecaf44170ad@2x","","4ae51e268ccff5838cdbeecaf44170ad@2x","Laptops",,KES,UNVERIFIED,UNKNOWN,"","",2026-08-20,UNVERIFIED,"Excluded due to low product identity confidence"
IMG-PROD-00837,"4ae6dad846c693bdcfe2eaf3a4c477c6","","4ae6dad846c693bdcfe2eaf3a4c477c6","Laptops",,KES,UNVERIFIED,UNKNOWN,"","",2026-08-20,UNVERIFIED,"Excluded due to low product identity confidence"
IMG-PROD-00838,"4ae6dad846c693bdcfe2eaf3a4c477c6@2x","","4ae6dad846c693bdcfe2eaf3a4c477c6@2x","Laptops",,KES,UNVERIFIED,UNKNOWN,"","",2026-08-20,UNVERIFIED,"Excluded due to low product identity confidence"
IMG-PROD-00839,"4af5696a62e379fdf2fb206463911697","","4af5696a62e379fdf2fb206463911697","Laptops",,KES,UNVERIFIED,UNKNOWN,"","",2026-08-20,UNVERIFIED,"Excluded due to low product identity confidence"
IMG-PROD-00840,"4af5696a62e379fdf2fb206463911697@2x","","4af5696a62e379fdf2fb206463911697@2x","Laptops",,KES,UNVERIFIED,UNKNOWN,"","",2026-08-20,UNVERIFIED,"Excluded due to low product identity confidence"
IMG-PROD-00841,"4b4592c761b20b4f6a3c44281ce20c5a","","4b4592c761b20b4f6a3c44281ce20c5a","Laptops",,KES,UNVERIFIED,UNKNOWN,"","",2026-08-20,UNVERIFIED,"Excluded due to low product identity confidence"
IMG-PROD-00842,"4b4592c761b20b4f6a3c44281ce20c5a@2x","","4b4592c761b20b4f6a3c44281ce20c5a@2x","Laptops",,KES,UNVERIFIED,UNKNOWN,"","",2026-08-20,UNVERIFIED,"Excluded due to low product identity confidence"
IMG-PROD-00843,"4bafe0e5b44a9a415cac43a7c7b3a32a","","4bafe0e5b44a9a415cac43a7c7b3a32a","Laptops",,KES,UNVERIFIED,UNKNOWN,"","",2026-08-20,UNVERIFIED,"Excluded due to low product identity confidence"
IMG-PROD-00844,"4bafe0e5b44a9a415cac43a7c7b3a32a@2x","","4bafe0e5b44a9a415cac43a7c7b3a32a@2x","Laptops",,KES,UNVERIFIED,UNKNOWN,"","",2026-08-20,UNVERIFIED,"Excluded due to low product identity confidence"
IMG-PROD-00845,"4e7b6a17d93781ad46e39ae239477dae","","4e7b6a17d93781ad46e39ae239477dae","Laptops",,KES,UNVERIFIED,UNKNOWN,"","",2026-08-20,UNVERIFIED,"Excluded due to low product identity confidence"
IMG-PROD-00846,"4e7b6a17d93781ad46e39ae239477dae@2x","","4e7b6a17d93781ad46e39ae239477dae@2x","Laptops",,KES,UNVERIFIED,UNKNOWN,"","",2026-08-20,UNVERIFIED,"Excluded due to low product identity confidence"
IMG-PROD-00847,"4f3ebb9a016e21b1c200311f6af717cf","","4f3ebb9a016e21b1c200311f6af717cf","Laptops",,KES,UNVERIFIED,UNKNOWN,"","",2026-08-20,UNVERIFIED,"Excluded due to low product identity confidence"
IMG-PROD-00848,"4f3ebb9a016e21b1c200311f6af717cf@2x","","4f3ebb9a016e21b1c200311f6af717cf@2x","Laptops",,KES,UNVERIFIED,UNKNOWN,"","",2026-08-20,UNVERIFIED,"Excluded due to low product identity confidence"
IMG-PROD-00849,"50e0ffeff755b1928aadf8a4da52d6f6","","50e0ffeff755b1928aadf8a4da52d6f6","Laptops",,KES,UNVERIFIED,UNKNOWN,"","",2026-08-20,UNVERIFIED,"Excluded due to low product identity confidence"
IMG-PROD-00850,"50e0ffeff755b1928aadf8a4da52d6f6@2x","","50e0ffeff755b1928aadf8a4da52d6f6@2x","Laptops",,KES,UNVERIFIED,UNKNOWN,"","",2026-08-20,UNVERIFIED,"Excluded due to low product identity confidence"
IMG-PROD-00851,"51181557c4d42c493d7c72c724b60eb1","","51181557c4d42c493d7c72c724b60eb1","Laptops",,KES,UNVERIFIED,UNKNOWN,"","",2026-08-20,UNVERIFIED,"Excluded due to low product identity confidence"
IMG-PROD-00852,"51181557c4d42c493d7c72c724b60eb1@2x","","51181557c4d42c493d7c72c724b60eb1@2x","Laptops",,KES,UNVERIFIED,UNKNOWN,"","",2026-08-20,UNVERIFIED,"Excluded due to low product identity confidence"
IMG-PROD-00853,"55f9f8506b1785fd79fdb54812b65bbf","","55f9f8506b1785fd79fdb54812b65bbf","Laptops",,KES,UNVERIFIED,UNKNOWN,"","",2026-08-20,UNVERIFIED,"Excluded due to low product identity confidence"
IMG-PROD-00854,"55f9f8506b1785fd79fdb54812b65bbf@2x","","55f9f8506b1785fd79fdb54812b65bbf@2x","Laptops",,KES,UNVERIFIED,UNKNOWN,"","",2026-08-20,UNVERIFIED,"Excluded due to low product identity confidence"
IMG-PROD-00855,"5b44871f37974b8f02762fd54591d7d9","","5b44871f37974b8f02762fd54591d7d9","Laptops",,KES,UNVERIFIED,UNKNOWN,"","",2026-08-20,UNVERIFIED,"Excluded due to low product identity confidence"
IMG-PROD-00856,"5b44871f37974b8f02762fd54591d7d9@2x","","5b44871f37974b8f02762fd54591d7d9@2x","Laptops",,KES,UNVERIFIED,UNKNOWN,"","",2026-08-20,UNVERIFIED,"Excluded due to low product identity confidence"
IMG-PROD-00857,"5b775df5580044516f03602dcb7cc842","","5b775df5580044516f03602dcb7cc842","Laptops",,KES,UNVERIFIED,UNKNOWN,"","",2026-08-20,UNVERIFIED,"Excluded due to low product identity confidence"
IMG-PROD-00858,"5b775df5580044516f03602dcb7cc842@2x","","5b775df5580044516f03602dcb7cc842@2x","Laptops",,KES,UNVERIFIED,UNKNOWN,"","",2026-08-20,UNVERIFIED,"Excluded due to low product identity confidence"
IMG-PROD-00859,"61b9f9296b6c797f80f5ffa6cb7ee3f8","","61b9f9296b6c797f80f5ffa6cb7ee3f8","Laptops",,KES,UNVERIFIED,UNKNOWN,"","",2026-08-20,UNVERIFIED,"Excluded due to low product identity confidence"
IMG-PROD-00860,"61b9f9296b6c797f80f5ffa6cb7ee3f8@2x","","61b9f9296b6c797f80f5ffa6cb7ee3f8@2x","Laptops",,KES,UNVERIFIED,UNKNOWN,"","",2026-08-20,UNVERIFIED,"Excluded due to low product identity confidence"
IMG-PROD-00861,"644535c719628d2a036c49b00229094a","","644535c719628d2a036c49b00229094a","Laptops",,KES,UNVERIFIED,UNKNOWN,"","",2026-08-20,UNVERIFIED,"Excluded due to low product identity confidence"
IMG-PROD-00862,"644535c719628d2a036c49b00229094a@2x","","644535c719628d2a036c49b00229094a@2x","Laptops",,KES,UNVERIFIED,UNKNOWN,"","",2026-08-20,UNVERIFIED,"Excluded due to low product identity confidence"
IMG-PROD-00863,"684e51460d583c9587e46580f6d82238","","684e51460d583c9587e46580f6d82238","Laptops",,KES,UNVERIFIED,UNKNOWN,"","",2026-08-20,UNVERIFIED,"Excluded due to low product identity confidence"
IMG-PROD-00864,"684e51460d583c9587e46580f6d82238@2x","","684e51460d583c9587e46580f6d82238@2x","Laptops",,KES,UNVERIFIED,UNKNOWN,"","",2026-08-20,UNVERIFIED,"Excluded due to low product identity confidence"
IMG-PROD-00865,"7441af453c59a5ad6ee69ce97523a07a","","7441af453c59a5ad6ee69ce97523a07a","Laptops",,KES,UNVERIFIED,UNKNOWN,"","",2026-08-20,UNVERIFIED,"Excluded due to low product identity confidence"
IMG-PROD-00866,"7441af453c59a5ad6ee69ce97523a07a@2x","","7441af453c59a5ad6ee69ce97523a07a@2x","Laptops",,KES,UNVERIFIED,UNKNOWN,"","",2026-08-20,UNVERIFIED,"Excluded due to low product identity confidence"
IMG-PROD-00867,"7624ecc5081924c8dfb179cd75acb94b","","7624ecc5081924c8dfb179cd75acb94b","Laptops",,KES,UNVERIFIED,UNKNOWN,"","",2026-08-20,UNVERIFIED,"Excluded due to low product identity confidence"
IMG-PROD-00868,"7624ecc5081924c8dfb179cd75acb94b@2x","","7624ecc5081924c8dfb179cd75acb94b@2x","Laptops",,KES,UNVERIFIED,UNKNOWN,"","",2026-08-20,UNVERIFIED,"Excluded due to low product identity confidence"
IMG-PROD-00869,"7c554eab1cd6c6b70ee39738a854496a","","7c554eab1cd6c6b70ee39738a854496a","Laptops",,KES,UNVERIFIED,UNKNOWN,"","",2026-08-20,UNVERIFIED,"Excluded due to low product identity confidence"
IMG-PROD-00870,"7c554eab1cd6c6b70ee39738a854496a@2x","","7c554eab1cd6c6b70ee39738a854496a@2x","Laptops",,KES,UNVERIFIED,UNKNOWN,"","",2026-08-20,UNVERIFIED,"Excluded due to low product identity confidence"
IMG-PROD-00871,"7fd7836b0f055040b57eb28a653c69d0","","7fd7836b0f055040b57eb28a653c69d0","Laptops",,KES,UNVERIFIED,UNKNOWN,"","",2026-08-20,UNVERIFIED,"Excluded due to low product identity confidence"
IMG-PROD-00872,"7fd7836b0f055040b57eb28a653c69d0@2x","","7fd7836b0f055040b57eb28a653c69d0@2x","Laptops",,KES,UNVERIFIED,UNKNOWN,"","",2026-08-20,UNVERIFIED,"Excluded due to low product identity confidence"
IMG-PROD-00873,"80675c838e117cd38a0d2b8baff5ab2b","","80675c838e117cd38a0d2b8baff5ab2b","Laptops",,KES,UNVERIFIED,UNKNOWN,"","",2026-08-20,UNVERIFIED,"Excluded due to low product identity confidence"
IMG-PROD-00874,"80675c838e117cd38a0d2b8baff5ab2b@2x","","80675c838e117cd38a0d2b8baff5ab2b@2x","Laptops",,KES,UNVERIFIED,UNKNOWN,"","",2026-08-20,UNVERIFIED,"Excluded due to low product identity confidence"
IMG-PROD-00875,"811f8326ea0eeb6f155215f9f8a2ddaf","","811f8326ea0eeb6f155215f9f8a2ddaf","Laptops",,KES,UNVERIFIED,UNKNOWN,"","",2026-08-20,UNVERIFIED,"Excluded due to low product identity confidence"
IMG-PROD-00876,"811f8326ea0eeb6f155215f9f8a2ddaf@2x","","811f8326ea0eeb6f155215f9f8a2ddaf@2x","Laptops",,KES,UNVERIFIED,UNKNOWN,"","",2026-08-20,UNVERIFIED,"Excluded due to low product identity confidence"
IMG-PROD-00877,"82dc27c2e0991d1d4a2f888ca36402f6","","82dc27c2e0991d1d4a2f888ca36402f6","Laptops",,KES,UNVERIFIED,UNKNOWN,"","",2026-08-20,UNVERIFIED,"Excluded due to low product identity confidence"
IMG-PROD-00878,"82dc27c2e0991d1d4a2f888ca36402f6@2x","","82dc27c2e0991d1d4a2f888ca36402f6@2x","Laptops",,KES,UNVERIFIED,UNKNOWN,"","",2026-08-20,UNVERIFIED,"Excluded due to low product identity confidence"
IMG-PROD-00879,"8a1f973e8fce8fee250369ef37e0d097","","8a1f973e8fce8fee250369ef37e0d097","Laptops",,KES,UNVERIFIED,UNKNOWN,"","",2026-08-20,UNVERIFIED,"Excluded due to low product identity confidence"
IMG-PROD-00880,"8a1f973e8fce8fee250369ef37e0d097@2x","","8a1f973e8fce8fee250369ef37e0d097@2x","Laptops",,KES,UNVERIFIED,UNKNOWN,"","",2026-08-20,UNVERIFIED,"Excluded due to low product identity confidence"
IMG-PROD-00881,"8b1b2c708f1bd2db483daef4161c2c19","","8b1b2c708f1bd2db483daef4161c2c19","Laptops",,KES,UNVERIFIED,UNKNOWN,"","",2026-08-20,UNVERIFIED,"Excluded due to low product identity confidence"
IMG-PROD-00882,"8b1b2c708f1bd2db483daef4161c2c19@2x","","8b1b2c708f1bd2db483daef4161c2c19@2x","Laptops",,KES,UNVERIFIED,UNKNOWN,"","",2026-08-20,UNVERIFIED,"Excluded due to low product identity confidence"
IMG-PROD-00883,"8d65682a062f1d63cace8c0a0cf7792f","","8d65682a062f1d63cace8c0a0cf7792f","Laptops",,KES,UNVERIFIED,UNKNOWN,"","",2026-08-20,UNVERIFIED,"Excluded due to low product identity confidence"
IMG-PROD-00884,"8d65682a062f1d63cace8c0a0cf7792f@2x","","8d65682a062f1d63cace8c0a0cf7792f@2x","Laptops",,KES,UNVERIFIED,UNKNOWN,"","",2026-08-20,UNVERIFIED,"Excluded due to low product identity confidence"
IMG-PROD-00885,"98768877d77bdf816c889540f39b4052","","98768877d77bdf816c889540f39b4052","Laptops",,KES,UNVERIFIED,UNKNOWN,"","",2026-08-20,UNVERIFIED,"Excluded due to low product identity confidence"
IMG-PROD-00886,"98768877d77bdf816c889540f39b4052@2x","","98768877d77bdf816c889540f39b4052@2x","Laptops",,KES,UNVERIFIED,UNKNOWN,"","",2026-08-20,UNVERIFIED,"Excluded due to low product identity confidence"
IMG-PROD-00887,"99bc52fe13f6eb4c68691c2caafcc708","","99bc52fe13f6eb4c68691c2caafcc708","Laptops",,KES,UNVERIFIED,UNKNOWN,"","",2026-08-20,UNVERIFIED,"Excluded due to low product identity confidence"
IMG-PROD-00888,"99bc52fe13f6eb4c68691c2caafcc708@2x","","99bc52fe13f6eb4c68691c2caafcc708@2x","Laptops",,KES,UNVERIFIED,UNKNOWN,"","",2026-08-20,UNVERIFIED,"Excluded due to low product identity confidence"
IMG-PROD-00889,"9dab460e10b96f910ba61c9453e6e97e","","9dab460e10b96f910ba61c9453e6e97e","Laptops",,KES,UNVERIFIED,UNKNOWN,"","",2026-08-20,UNVERIFIED,"Excluded due to low product identity confidence"
IMG-PROD-00890,"9dab460e10b96f910ba61c9453e6e97e@2x","","9dab460e10b96f910ba61c9453e6e97e@2x","Laptops",,KES,UNVERIFIED,UNKNOWN,"","",2026-08-20,UNVERIFIED,"Excluded due to low product identity confidence"
IMG-PROD-00891,"9e3a79a0d12d262ee0b49a6446628e31","","9e3a79a0d12d262ee0b49a6446628e31","Laptops",,KES,UNVERIFIED,UNKNOWN,"","",2026-08-20,UNVERIFIED,"Excluded due to low product identity confidence"
IMG-PROD-00892,"9e3a79a0d12d262ee0b49a6446628e31@2x","","9e3a79a0d12d262ee0b49a6446628e31@2x","Laptops",,KES,UNVERIFIED,UNKNOWN,"","",2026-08-20,UNVERIFIED,"Excluded due to low product identity confidence"
IMG-PROD-00893,"9fc0ade4321e26ce5824266495065e8c","","9fc0ade4321e26ce5824266495065e8c","Laptops",,KES,UNVERIFIED,UNKNOWN,"","",2026-08-20,UNVERIFIED,"Excluded due to low product identity confidence"
IMG-PROD-00894,"9fc0ade4321e26ce5824266495065e8c@2x","","9fc0ade4321e26ce5824266495065e8c@2x","Laptops",,KES,UNVERIFIED,UNKNOWN,"","",2026-08-20,UNVERIFIED,"Excluded due to low product identity confidence"
IMG-PROD-00895,"a240f9b45e3143f231e62aa58d311863","","a240f9b45e3143f231e62aa58d311863","Laptops",,KES,UNVERIFIED,UNKNOWN,"","",2026-08-20,UNVERIFIED,"Excluded due to low product identity confidence"
IMG-PROD-00896,"a240f9b45e3143f231e62aa58d311863@2x","","a240f9b45e3143f231e62aa58d311863@2x","Laptops",,KES,UNVERIFIED,UNKNOWN,"","",2026-08-20,UNVERIFIED,"Excluded due to low product identity confidence"
IMG-PROD-00897,"adc99c02fb6c34c44e856b9d0569be30","","adc99c02fb6c34c44e856b9d0569be30","Laptops",,KES,UNVERIFIED,UNKNOWN,"","",2026-08-20,UNVERIFIED,"Excluded due to low product identity confidence"
IMG-PROD-00898,"adc99c02fb6c34c44e856b9d0569be30@2x","","adc99c02fb6c34c44e856b9d0569be30@2x","Laptops",,KES,UNVERIFIED,UNKNOWN,"","",2026-08-20,UNVERIFIED,"Excluded due to low product identity confidence"
IMG-PROD-00899,"af47b20c25b2df29107d02205ca987db","","af47b20c25b2df29107d02205ca987db","Laptops",,KES,UNVERIFIED,UNKNOWN,"","",2026-08-20,UNVERIFIED,"Excluded due to low product identity confidence"
IMG-PROD-00900,"af47b20c25b2df29107d02205ca987db@2x","","af47b20c25b2df29107d02205ca987db@2x","Laptops",,KES,UNVERIFIED,UNKNOWN,"","",2026-08-20,UNVERIFIED,"Excluded due to low product identity confidence"
IMG-PROD-00901,"af98853a67f186124b808aece20ad162","","af98853a67f186124b808aece20ad162","Laptops",,KES,UNVERIFIED,UNKNOWN,"","",2026-08-20,UNVERIFIED,"Excluded due to low product identity confidence"
IMG-PROD-00902,"af98853a67f186124b808aece20ad162@2x","","af98853a67f186124b808aece20ad162@2x","Laptops",,KES,UNVERIFIED,UNKNOWN,"","",2026-08-20,UNVERIFIED,"Excluded due to low product identity confidence"
IMG-PROD-00903,"b3327b5acce281404afbbb4f83149662","","b3327b5acce281404afbbb4f83149662","Laptops",,KES,UNVERIFIED,UNKNOWN,"","",2026-08-20,UNVERIFIED,"Excluded due to low product identity confidence"
IMG-PROD-00904,"b3327b5acce281404afbbb4f83149662@2x","","b3327b5acce281404afbbb4f83149662@2x","Laptops",,KES,UNVERIFIED,UNKNOWN,"","",2026-08-20,UNVERIFIED,"Excluded due to low product identity confidence"
IMG-PROD-00905,"b9f04cdfbe6cab35a93d18ff188ff032","","b9f04cdfbe6cab35a93d18ff188ff032","Laptops",,KES,UNVERIFIED,UNKNOWN,"","",2026-08-20,UNVERIFIED,"Excluded due to low product identity confidence"
IMG-PROD-00906,"b9f04cdfbe6cab35a93d18ff188ff032@2x","","b9f04cdfbe6cab35a93d18ff188ff032@2x","Laptops",,KES,UNVERIFIED,UNKNOWN,"","",2026-08-20,UNVERIFIED,"Excluded due to low product identity confidence"
IMG-PROD-00907,"ba54707fa4d2ead9685bdfd63dbf629d","","ba54707fa4d2ead9685bdfd63dbf629d","Laptops",,KES,UNVERIFIED,UNKNOWN,"","",2026-08-20,UNVERIFIED,"Excluded due to low product identity confidence"
IMG-PROD-00908,"ba54707fa4d2ead9685bdfd63dbf629d@2x","","ba54707fa4d2ead9685bdfd63dbf629d@2x","Laptops",,KES,UNVERIFIED,UNKNOWN,"","",2026-08-20,UNVERIFIED,"Excluded due to low product identity confidence"
IMG-PROD-00909,"ba64776c56deeb1ed5904b888e8f8f73","","ba64776c56deeb1ed5904b888e8f8f73","Laptops",,KES,UNVERIFIED,UNKNOWN,"","",2026-08-20,UNVERIFIED,"Excluded due to low product identity confidence"
IMG-PROD-00910,"ba64776c56deeb1ed5904b888e8f8f73@2x","","ba64776c56deeb1ed5904b888e8f8f73@2x","Laptops",,KES,UNVERIFIED,UNKNOWN,"","",2026-08-20,UNVERIFIED,"Excluded due to low product identity confidence"
IMG-PROD-00911,"bb8d74616ef69e8c01ef6cb463bab842","","bb8d74616ef69e8c01ef6cb463bab842","Laptops",,KES,UNVERIFIED,UNKNOWN,"","",2026-08-20,UNVERIFIED,"Excluded due to low product identity confidence"
IMG-PROD-00912,"bb8d74616ef69e8c01ef6cb463bab842@2x","","bb8d74616ef69e8c01ef6cb463bab842@2x","Laptops",,KES,UNVERIFIED,UNKNOWN,"","",2026-08-20,UNVERIFIED,"Excluded due to low product identity confidence"
IMG-PROD-00913,"c0e91eab884d340474c2f574a6fdc4c9","","c0e91eab884d340474c2f574a6fdc4c9","Laptops",,KES,UNVERIFIED,UNKNOWN,"","",2026-08-20,UNVERIFIED,"Excluded due to low product identity confidence"
IMG-PROD-00914,"c0e91eab884d340474c2f574a6fdc4c9@2x","","c0e91eab884d340474c2f574a6fdc4c9@2x","Laptops",,KES,UNVERIFIED,UNKNOWN,"","",2026-08-20,UNVERIFIED,"Excluded due to low product identity confidence"
IMG-PROD-00915,"c4599c1f2d891b7e0635f0695db6ab83","","c4599c1f2d891b7e0635f0695db6ab83","Laptops",,KES,UNVERIFIED,UNKNOWN,"","",2026-08-20,UNVERIFIED,"Excluded due to low product identity confidence"
IMG-PROD-00916,"c4599c1f2d891b7e0635f0695db6ab83@2x","","c4599c1f2d891b7e0635f0695db6ab83@2x","Laptops",,KES,UNVERIFIED,UNKNOWN,"","",2026-08-20,UNVERIFIED,"Excluded due to low product identity confidence"
IMG-PROD-00917,"c8239ba2bad2c70184ee02a81f8a2467","","c8239ba2bad2c70184ee02a81f8a2467","Laptops",,KES,UNVERIFIED,UNKNOWN,"","",2026-08-20,UNVERIFIED,"Excluded due to low product identity confidence"
IMG-PROD-00918,"c8239ba2bad2c70184ee02a81f8a2467@2x","","c8239ba2bad2c70184ee02a81f8a2467@2x","Laptops",,KES,UNVERIFIED,UNKNOWN,"","",2026-08-20,UNVERIFIED,"Excluded due to low product identity confidence"
IMG-PROD-00919,"cb1d0dcff884d53f13f5360ef41b2092","","cb1d0dcff884d53f13f5360ef41b2092","Laptops",,KES,UNVERIFIED,UNKNOWN,"","",2026-08-20,UNVERIFIED,"Excluded due to low product identity confidence"
IMG-PROD-00920,"cb1d0dcff884d53f13f5360ef41b2092@2x","","cb1d0dcff884d53f13f5360ef41b2092@2x","Laptops",,KES,UNVERIFIED,UNKNOWN,"","",2026-08-20,UNVERIFIED,"Excluded due to low product identity confidence"
IMG-PROD-00921,"ceb8b528cc5110ebb18661b450b6ee86","","ceb8b528cc5110ebb18661b450b6ee86","Laptops",,KES,UNVERIFIED,UNKNOWN,"","",2026-08-20,UNVERIFIED,"Excluded due to low product identity confidence"
IMG-PROD-00922,"ceb8b528cc5110ebb18661b450b6ee86@2x","","ceb8b528cc5110ebb18661b450b6ee86@2x","Laptops",,KES,UNVERIFIED,UNKNOWN,"","",2026-08-20,UNVERIFIED,"Excluded due to low product identity confidence"
IMG-PROD-00923,"d01552f080c3d97a2a57c001eda71f45","","d01552f080c3d97a2a57c001eda71f45","Laptops",,KES,UNVERIFIED,UNKNOWN,"","",2026-08-20,UNVERIFIED,"Excluded due to low product identity confidence"
IMG-PROD-00924,"d01552f080c3d97a2a57c001eda71f45@2x","","d01552f080c3d97a2a57c001eda71f45@2x","Laptops",,KES,UNVERIFIED,UNKNOWN,"","",2026-08-20,UNVERIFIED,"Excluded due to low product identity confidence"
IMG-PROD-00925,"d8e37769817cece31810dc519a25234a","","d8e37769817cece31810dc519a25234a","Laptops",,KES,UNVERIFIED,UNKNOWN,"","",2026-08-20,UNVERIFIED,"Excluded due to low product identity confidence"
IMG-PROD-00926,"d8e37769817cece31810dc519a25234a@2x","","d8e37769817cece31810dc519a25234a@2x","Laptops",,KES,UNVERIFIED,UNKNOWN,"","",2026-08-20,UNVERIFIED,"Excluded due to low product identity confidence"
IMG-PROD-00927,"d9eaacc3d06ed95d109ebddbd6d0e19a","","d9eaacc3d06ed95d109ebddbd6d0e19a","Laptops",,KES,UNVERIFIED,UNKNOWN,"","",2026-08-20,UNVERIFIED,"Excluded due to low product identity confidence"
IMG-PROD-00928,"d9eaacc3d06ed95d109ebddbd6d0e19a@2x","","d9eaacc3d06ed95d109ebddbd6d0e19a@2x","Laptops",,KES,UNVERIFIED,UNKNOWN,"","",2026-08-20,UNVERIFIED,"Excluded due to low product identity confidence"
IMG-PROD-00929,"da8aa686fd777624c1fee56101fe9405","","da8aa686fd777624c1fee56101fe9405","Laptops",,KES,UNVERIFIED,UNKNOWN,"","",2026-08-20,UNVERIFIED,"Excluded due to low product identity confidence"
IMG-PROD-00930,"da8aa686fd777624c1fee56101fe9405@2x","","da8aa686fd777624c1fee56101fe9405@2x","Laptops",,KES,UNVERIFIED,UNKNOWN,"","",2026-08-20,UNVERIFIED,"Excluded due to low product identity confidence"
IMG-PROD-00931,"dc7318c7dacb79250bdbea71abac6e51","","dc7318c7dacb79250bdbea71abac6e51","Laptops",,KES,UNVERIFIED,UNKNOWN,"","",2026-08-20,UNVERIFIED,"Excluded due to low product identity confidence"
IMG-PROD-00932,"dc7318c7dacb79250bdbea71abac6e51@2x","","dc7318c7dacb79250bdbea71abac6e51@2x","Laptops",,KES,UNVERIFIED,UNKNOWN,"","",2026-08-20,UNVERIFIED,"Excluded due to low product identity confidence"
IMG-PROD-00933,"dc8ebc1dcc854751c8ab5e0c0a41490b","","dc8ebc1dcc854751c8ab5e0c0a41490b","Laptops",,KES,UNVERIFIED,UNKNOWN,"","",2026-08-20,UNVERIFIED,"Excluded due to low product identity confidence"
IMG-PROD-00934,"dc8ebc1dcc854751c8ab5e0c0a41490b@2x","","dc8ebc1dcc854751c8ab5e0c0a41490b@2x","Laptops",,KES,UNVERIFIED,UNKNOWN,"","",2026-08-20,UNVERIFIED,"Excluded due to low product identity confidence"
IMG-PROD-00935,"de9aa486d70a3984d1ce335144acd717","","de9aa486d70a3984d1ce335144acd717","Laptops",,KES,UNVERIFIED,UNKNOWN,"","",2026-08-20,UNVERIFIED,"Excluded due to low product identity confidence"
IMG-PROD-00936,"de9aa486d70a3984d1ce335144acd717@2x","","de9aa486d70a3984d1ce335144acd717@2x","Laptops",,KES,UNVERIFIED,UNKNOWN,"","",2026-08-20,UNVERIFIED,"Excluded due to low product identity confidence"
IMG-PROD-00937,"df993e3c890b4756371afc1e4dfb93f3","","df993e3c890b4756371afc1e4dfb93f3","Laptops",,KES,UNVERIFIED,UNKNOWN,"","",2026-08-20,UNVERIFIED,"Excluded due to low product identity confidence"
IMG-PROD-00938,"df993e3c890b4756371afc1e4dfb93f3@2x","","df993e3c890b4756371afc1e4dfb93f3@2x","Laptops",,KES,UNVERIFIED,UNKNOWN,"","",2026-08-20,UNVERIFIED,"Excluded due to low product identity confidence"
IMG-PROD-00939,"dfd5e1bd6d0ec287e5d11791cc53f0a1","","dfd5e1bd6d0ec287e5d11791cc53f0a1","Laptops",,KES,UNVERIFIED,UNKNOWN,"","",2026-08-20,UNVERIFIED,"Excluded due to low product identity confidence"
IMG-PROD-00940,"dfd5e1bd6d0ec287e5d11791cc53f0a1@2x","","dfd5e1bd6d0ec287e5d11791cc53f0a1@2x","Laptops",,KES,UNVERIFIED,UNKNOWN,"","",2026-08-20,UNVERIFIED,"Excluded due to low product identity confidence"
IMG-PROD-00941,"ecef3dddb343090cef4547290029e347","","ecef3dddb343090cef4547290029e347","Laptops",,KES,UNVERIFIED,UNKNOWN,"","",2026-08-20,UNVERIFIED,"Excluded due to low product identity confidence"
IMG-PROD-00942,"ecef3dddb343090cef4547290029e347@2x","","ecef3dddb343090cef4547290029e347@2x","Laptops",,KES,UNVERIFIED,UNKNOWN,"","",2026-08-20,UNVERIFIED,"Excluded due to low product identity confidence"
IMG-PROD-00943,"ed372de92d4a7b8bfcc3d440050dfadc","","ed372de92d4a7b8bfcc3d440050dfadc","Laptops",,KES,UNVERIFIED,UNKNOWN,"","",2026-08-20,UNVERIFIED,"Excluded due to low product identity confidence"
IMG-PROD-00944,"ed372de92d4a7b8bfcc3d440050dfadc@2x","","ed372de92d4a7b8bfcc3d440050dfadc@2x","Laptops",,KES,UNVERIFIED,UNKNOWN,"","",2026-08-20,UNVERIFIED,"Excluded due to low product identity confidence"
IMG-PROD-00945,"ee5b638b5fc9f3d46d57915b1d817037","","ee5b638b5fc9f3d46d57915b1d817037","Laptops",,KES,UNVERIFIED,UNKNOWN,"","",2026-08-20,UNVERIFIED,"Excluded due to low product identity confidence"
IMG-PROD-00946,"ee5b638b5fc9f3d46d57915b1d817037@2x","","ee5b638b5fc9f3d46d57915b1d817037@2x","Laptops",,KES,UNVERIFIED,UNKNOWN,"","",2026-08-20,UNVERIFIED,"Excluded due to low product identity confidence"
IMG-PROD-00947,"f01d3eafea3493e8db66cea56f8eb1bb","","f01d3eafea3493e8db66cea56f8eb1bb","Laptops",,KES,UNVERIFIED,UNKNOWN,"","",2026-08-20,UNVERIFIED,"Excluded due to low product identity confidence"
IMG-PROD-00948,"f01d3eafea3493e8db66cea56f8eb1bb@2x","","f01d3eafea3493e8db66cea56f8eb1bb@2x","Laptops",,KES,UNVERIFIED,UNKNOWN,"","",2026-08-20,UNVERIFIED,"Excluded due to low product identity confidence"
IMG-PROD-00949,"f1caf33053731cc653e0d8a8aaccd81d","","f1caf33053731cc653e0d8a8aaccd81d","Laptops",,KES,UNVERIFIED,UNKNOWN,"","",2026-08-20,UNVERIFIED,"Excluded due to low product identity confidence"
IMG-PROD-00950,"f1caf33053731cc653e0d8a8aaccd81d@2x","","f1caf33053731cc653e0d8a8aaccd81d@2x","Laptops",,KES,UNVERIFIED,UNKNOWN,"","",2026-08-20,UNVERIFIED,"Excluded due to low product identity confidence"
IMG-PROD-00951,"f646497667afc6389f9f68acae5a7361","","f646497667afc6389f9f68acae5a7361","Laptops",,KES,UNVERIFIED,UNKNOWN,"","",2026-08-20,UNVERIFIED,"Excluded due to low product identity confidence"
IMG-PROD-00952,"f646497667afc6389f9f68acae5a7361@2x","","f646497667afc6389f9f68acae5a7361@2x","Laptops",,KES,UNVERIFIED,UNKNOWN,"","",2026-08-20,UNVERIFIED,"Excluded due to low product identity confidence"
IMG-PROD-00953,"fe25336ba34072524a23b804578ba16f","","fe25336ba34072524a23b804578ba16f","Laptops",,KES,UNVERIFIED,UNKNOWN,"","",2026-08-20,UNVERIFIED,"Excluded due to low product identity confidence"
IMG-PROD-00954,"fe25336ba34072524a23b804578ba16f@2x","","fe25336ba34072524a23b804578ba16f@2x","Laptops",,KES,UNVERIFIED,UNKNOWN,"","",2026-08-20,UNVERIFIED,"Excluded due to low product identity confidence"
IMG-PROD-00955,"ff4338ea1768c88323c1a2a5278b1bed","","ff4338ea1768c88323c1a2a5278b1bed","Laptops",,KES,UNVERIFIED,UNKNOWN,"","",2026-08-20,UNVERIFIED,"Excluded due to low product identity confidence"
IMG-PROD-00956,"ff4338ea1768c88323c1a2a5278b1bed@2x","","ff4338ea1768c88323c1a2a5278b1bed@2x","Laptops",,KES,UNVERIFIED,UNKNOWN,"","",2026-08-20,UNVERIFIED,"Excluded due to low product identity confidence"
IMG-PROD-00957,"061922ab6dce7d9964f293cecc2e176c","","061922ab6dce7d9964f293cecc2e176c","Laptops",,KES,UNVERIFIED,UNKNOWN,"","",2026-08-20,UNVERIFIED,"Excluded due to low product identity confidence"
IMG-PROD-00958,"061922ab6dce7d9964f293cecc2e176c@2x","","061922ab6dce7d9964f293cecc2e176c@2x","Laptops",,KES,UNVERIFIED,UNKNOWN,"","",2026-08-20,UNVERIFIED,"Excluded due to low product identity confidence"
IMG-PROD-00959,"090c1a9c81eebfacfe3ca3a1560887e1","","090c1a9c81eebfacfe3ca3a1560887e1","Laptops",,KES,UNVERIFIED,UNKNOWN,"","",2026-08-20,UNVERIFIED,"Excluded due to low product identity confidence"
IMG-PROD-00960,"090c1a9c81eebfacfe3ca3a1560887e1@2x","","090c1a9c81eebfacfe3ca3a1560887e1@2x","Laptops",,KES,UNVERIFIED,UNKNOWN,"","",2026-08-20,UNVERIFIED,"Excluded due to low product identity confidence"
IMG-PROD-00961,"0bbb4735074145633a0a63ed0a898511","","0bbb4735074145633a0a63ed0a898511","Laptops",,KES,UNVERIFIED,UNKNOWN,"","",2026-08-20,UNVERIFIED,"Excluded due to low product identity confidence"
IMG-PROD-00962,"0bbb4735074145633a0a63ed0a898511@2x","","0bbb4735074145633a0a63ed0a898511@2x","Laptops",,KES,UNVERIFIED,UNKNOWN,"","",2026-08-20,UNVERIFIED,"Excluded due to low product identity confidence"
IMG-PROD-00963,"0e0219513d0009dd697aaaee792848c7","","0e0219513d0009dd697aaaee792848c7","Laptops",,KES,UNVERIFIED,UNKNOWN,"","",2026-08-20,UNVERIFIED,"Excluded due to low product identity confidence"
IMG-PROD-00964,"0e0219513d0009dd697aaaee792848c7@2x","","0e0219513d0009dd697aaaee792848c7@2x","Laptops",,KES,UNVERIFIED,UNKNOWN,"","",2026-08-20,UNVERIFIED,"Excluded due to low product identity confidence"
IMG-PROD-00965,"1498dabbe39e2ca87477178af46f165e","","1498dabbe39e2ca87477178af46f165e","Laptops",,KES,UNVERIFIED,UNKNOWN,"","",2026-08-20,UNVERIFIED,"Excluded due to low product identity confidence"
IMG-PROD-00966,"1498dabbe39e2ca87477178af46f165e@2x","","1498dabbe39e2ca87477178af46f165e@2x","Laptops",,KES,UNVERIFIED,UNKNOWN,"","",2026-08-20,UNVERIFIED,"Excluded due to low product identity confidence"
IMG-PROD-00967,"16a6e9574455ae8ad63fac71bebfde69","","16a6e9574455ae8ad63fac71bebfde69","Laptops",,KES,UNVERIFIED,UNKNOWN,"","",2026-08-20,UNVERIFIED,"Excluded due to low product identity confidence"
IMG-PROD-00968,"16a6e9574455ae8ad63fac71bebfde69@2x","","16a6e9574455ae8ad63fac71bebfde69@2x","Laptops",,KES,UNVERIFIED,UNKNOWN,"","",2026-08-20,UNVERIFIED,"Excluded due to low product identity confidence"
IMG-PROD-00969,"1bdfb59cb9c2268d9b77ca22181fb628","","1bdfb59cb9c2268d9b77ca22181fb628","Laptops",,KES,UNVERIFIED,UNKNOWN,"","",2026-08-20,UNVERIFIED,"Excluded due to low product identity confidence"
IMG-PROD-00970,"1bdfb59cb9c2268d9b77ca22181fb628@2x","","1bdfb59cb9c2268d9b77ca22181fb628@2x","Laptops",,KES,UNVERIFIED,UNKNOWN,"","",2026-08-20,UNVERIFIED,"Excluded due to low product identity confidence"
IMG-PROD-00971,"1bee0334ea861a4099b6e207452b660e","","1bee0334ea861a4099b6e207452b660e","Laptops",,KES,UNVERIFIED,UNKNOWN,"","",2026-08-20,UNVERIFIED,"Excluded due to low product identity confidence"
IMG-PROD-00972,"1bee0334ea861a4099b6e207452b660e@2x","","1bee0334ea861a4099b6e207452b660e@2x","Laptops",,KES,UNVERIFIED,UNKNOWN,"","",2026-08-20,UNVERIFIED,"Excluded due to low product identity confidence"
IMG-PROD-00973,"29d958f17df145d88e302184d6054251","","29d958f17df145d88e302184d6054251","Laptops",,KES,UNVERIFIED,UNKNOWN,"","",2026-08-20,UNVERIFIED,"Excluded due to low product identity confidence"
IMG-PROD-00974,"29d958f17df145d88e302184d6054251@2x","","29d958f17df145d88e302184d6054251@2x","Laptops",,KES,UNVERIFIED,UNKNOWN,"","",2026-08-20,UNVERIFIED,"Excluded due to low product identity confidence"
IMG-PROD-00975,"2a65730a99e234a35d65a3b39e45b767","","2a65730a99e234a35d65a3b39e45b767","Laptops",,KES,UNVERIFIED,UNKNOWN,"","",2026-08-20,UNVERIFIED,"Excluded due to low product identity confidence"
IMG-PROD-00976,"2a65730a99e234a35d65a3b39e45b767@2x","","2a65730a99e234a35d65a3b39e45b767@2x","Laptops",,KES,UNVERIFIED,UNKNOWN,"","",2026-08-20,UNVERIFIED,"Excluded due to low product identity confidence"
IMG-PROD-00977,"2e406fd183f2f966fbbd619d0c5daf35","","2e406fd183f2f966fbbd619d0c5daf35","Laptops",,KES,UNVERIFIED,UNKNOWN,"","",2026-08-20,UNVERIFIED,"Excluded due to low product identity confidence"
IMG-PROD-00978,"2e406fd183f2f966fbbd619d0c5daf35@2x","","2e406fd183f2f966fbbd619d0c5daf35@2x","Laptops",,KES,UNVERIFIED,UNKNOWN,"","",2026-08-20,UNVERIFIED,"Excluded due to low product identity confidence"
IMG-PROD-00979,"364268d3035da04f1cdec893dc6aa78a","","364268d3035da04f1cdec893dc6aa78a","Laptops",,KES,UNVERIFIED,UNKNOWN,"","",2026-08-20,UNVERIFIED,"Excluded due to low product identity confidence"
IMG-PROD-00980,"364268d3035da04f1cdec893dc6aa78a@2x","","364268d3035da04f1cdec893dc6aa78a@2x","Laptops",,KES,UNVERIFIED,UNKNOWN,"","",2026-08-20,UNVERIFIED,"Excluded due to low product identity confidence"
IMG-PROD-00981,"3c7c026f04c25098b60d3d4da86fdc45","","3c7c026f04c25098b60d3d4da86fdc45","Laptops",,KES,UNVERIFIED,UNKNOWN,"","",2026-08-20,UNVERIFIED,"Excluded due to low product identity confidence"
IMG-PROD-00982,"3c7c026f04c25098b60d3d4da86fdc45@2x","","3c7c026f04c25098b60d3d4da86fdc45@2x","Laptops",,KES,UNVERIFIED,UNKNOWN,"","",2026-08-20,UNVERIFIED,"Excluded due to low product identity confidence"
IMG-PROD-00983,"40273013074105d3b47d5545f57800a6","","40273013074105d3b47d5545f57800a6","Laptops",,KES,UNVERIFIED,UNKNOWN,"","",2026-08-20,UNVERIFIED,"Excluded due to low product identity confidence"
IMG-PROD-00984,"40273013074105d3b47d5545f57800a6@2x","","40273013074105d3b47d5545f57800a6@2x","Laptops",,KES,UNVERIFIED,UNKNOWN,"","",2026-08-20,UNVERIFIED,"Excluded due to low product identity confidence"
IMG-PROD-00985,"4246cf0660f3c8948dc38f77d6be166b","","4246cf0660f3c8948dc38f77d6be166b","Laptops",,KES,UNVERIFIED,UNKNOWN,"","",2026-08-20,UNVERIFIED,"Excluded due to low product identity confidence"
IMG-PROD-00986,"4246cf0660f3c8948dc38f77d6be166b@2x","","4246cf0660f3c8948dc38f77d6be166b@2x","Laptops",,KES,UNVERIFIED,UNKNOWN,"","",2026-08-20,UNVERIFIED,"Excluded due to low product identity confidence"
IMG-PROD-00987,"47758a818c162d49dc370018a227e5ca","","47758a818c162d49dc370018a227e5ca","Laptops",,KES,UNVERIFIED,UNKNOWN,"","",2026-08-20,UNVERIFIED,"Excluded due to low product identity confidence"
IMG-PROD-00988,"47758a818c162d49dc370018a227e5ca@2x","","47758a818c162d49dc370018a227e5ca@2x","Laptops",,KES,UNVERIFIED,UNKNOWN,"","",2026-08-20,UNVERIFIED,"Excluded due to low product identity confidence"
IMG-PROD-00989,"47880299b004c58fb3aab57ead32f7b6","","47880299b004c58fb3aab57ead32f7b6","Laptops",,KES,UNVERIFIED,UNKNOWN,"","",2026-08-20,UNVERIFIED,"Excluded due to low product identity confidence"
IMG-PROD-00990,"47880299b004c58fb3aab57ead32f7b6@2x","","47880299b004c58fb3aab57ead32f7b6@2x","Laptops",,KES,UNVERIFIED,UNKNOWN,"","",2026-08-20,UNVERIFIED,"Excluded due to low product identity confidence"
IMG-PROD-00991,"4812e4b07db30530cff4701a0eadc4f2","","4812e4b07db30530cff4701a0eadc4f2","Laptops",,KES,UNVERIFIED,UNKNOWN,"","",2026-08-20,UNVERIFIED,"Excluded due to low product identity confidence"
IMG-PROD-00992,"4812e4b07db30530cff4701a0eadc4f2@2x","","4812e4b07db30530cff4701a0eadc4f2@2x","Laptops",,KES,UNVERIFIED,UNKNOWN,"","",2026-08-20,UNVERIFIED,"Excluded due to low product identity confidence"
IMG-PROD-00993,"4909f3fd7c574fe01781b1a3de61ee56","","4909f3fd7c574fe01781b1a3de61ee56","Laptops",,KES,UNVERIFIED,UNKNOWN,"","",2026-08-20,UNVERIFIED,"Excluded due to low product identity confidence"
IMG-PROD-00994,"4909f3fd7c574fe01781b1a3de61ee56@2x","","4909f3fd7c574fe01781b1a3de61ee56@2x","Laptops",,KES,UNVERIFIED,UNKNOWN,"","",2026-08-20,UNVERIFIED,"Excluded due to low product identity confidence"
IMG-PROD-00995,"4ac61a4966cd46d9f5024dc8023c777d","","4ac61a4966cd46d9f5024dc8023c777d","Laptops",,KES,UNVERIFIED,UNKNOWN,"","",2026-08-20,UNVERIFIED,"Excluded due to low product identity confidence"
IMG-PROD-00996,"4ac61a4966cd46d9f5024dc8023c777d@2x","","4ac61a4966cd46d9f5024dc8023c777d@2x","Laptops",,KES,UNVERIFIED,UNKNOWN,"","",2026-08-20,UNVERIFIED,"Excluded due to low product identity confidence"
IMG-PROD-00997,"4c1788c39ba5d53978edc9680c3c1dd1","","4c1788c39ba5d53978edc9680c3c1dd1","Laptops",,KES,UNVERIFIED,UNKNOWN,"","",2026-08-20,UNVERIFIED,"Excluded due to low product identity confidence"
IMG-PROD-00998,"4c1788c39ba5d53978edc9680c3c1dd1@2x","","4c1788c39ba5d53978edc9680c3c1dd1@2x","Laptops",,KES,UNVERIFIED,UNKNOWN,"","",2026-08-20,UNVERIFIED,"Excluded due to low product identity confidence"
IMG-PROD-00999,"4c2b11b0e1e70bcec6046c8b7d4713cb","","4c2b11b0e1e70bcec6046c8b7d4713cb","Laptops",,KES,UNVERIFIED,UNKNOWN,"","",2026-08-20,UNVERIFIED,"Excluded due to low product identity confidence"
IMG-PROD-01000,"4c2b11b0e1e70bcec6046c8b7d4713cb@2x","","4c2b11b0e1e70bcec6046c8b7d4713cb@2x","Laptops",,KES,UNVERIFIED,UNKNOWN,"","",2026-08-20,UNVERIFIED,"Excluded due to low product identity confidence"
IMG-PROD-01001,"4d535dd4ebb9ddf7632a9e03b6c15ef7","","4d535dd4ebb9ddf7632a9e03b6c15ef7","Laptops",,KES,UNVERIFIED,UNKNOWN,"","",2026-08-20,UNVERIFIED,"Excluded due to low product identity confidence"
IMG-PROD-01002,"4d535dd4ebb9ddf7632a9e03b6c15ef7@2x","","4d535dd4ebb9ddf7632a9e03b6c15ef7@2x","Laptops",,KES,UNVERIFIED,UNKNOWN,"","",2026-08-20,UNVERIFIED,"Excluded due to low product identity confidence"
IMG-PROD-01003,"4d793504507de3682230db485e5f792a","","4d793504507de3682230db485e5f792a","Laptops",,KES,UNVERIFIED,UNKNOWN,"","",2026-08-20,UNVERIFIED,"Excluded due to low product identity confidence"
IMG-PROD-01004,"4d793504507de3682230db485e5f792a@2x","","4d793504507de3682230db485e5f792a@2x","Laptops",,KES,UNVERIFIED,UNKNOWN,"","",2026-08-20,UNVERIFIED,"Excluded due to low product identity confidence"
IMG-PROD-01005,"51bc7779b138f6de5ecc4971a895597d","","51bc7779b138f6de5ecc4971a895597d","Laptops",,KES,UNVERIFIED,UNKNOWN,"","",2026-08-20,UNVERIFIED,"Excluded due to low product identity confidence"
IMG-PROD-01006,"51bc7779b138f6de5ecc4971a895597d@2x","","51bc7779b138f6de5ecc4971a895597d@2x","Laptops",,KES,UNVERIFIED,UNKNOWN,"","",2026-08-20,UNVERIFIED,"Excluded due to low product identity confidence"
IMG-PROD-01007,"54afdf8ac46beaf58d18ffd29fc98c9c","","54afdf8ac46beaf58d18ffd29fc98c9c","Laptops",,KES,UNVERIFIED,UNKNOWN,"","",2026-08-20,UNVERIFIED,"Excluded due to low product identity confidence"
IMG-PROD-01008,"54afdf8ac46beaf58d18ffd29fc98c9c@2x","","54afdf8ac46beaf58d18ffd29fc98c9c@2x","Laptops",,KES,UNVERIFIED,UNKNOWN,"","",2026-08-20,UNVERIFIED,"Excluded due to low product identity confidence"
IMG-PROD-01009,"5d575244b6cc5f44eec3977f8186364e","","5d575244b6cc5f44eec3977f8186364e","Laptops",,KES,UNVERIFIED,UNKNOWN,"","",2026-08-20,UNVERIFIED,"Excluded due to low product identity confidence"
IMG-PROD-01010,"5d575244b6cc5f44eec3977f8186364e@2x","","5d575244b6cc5f44eec3977f8186364e@2x","Laptops",,KES,UNVERIFIED,UNKNOWN,"","",2026-08-20,UNVERIFIED,"Excluded due to low product identity confidence"
IMG-PROD-01011,"5f027da6fa12872be3d61e0f3ef6bbc7","","5f027da6fa12872be3d61e0f3ef6bbc7","Laptops",,KES,UNVERIFIED,UNKNOWN,"","",2026-08-20,UNVERIFIED,"Excluded due to low product identity confidence"
IMG-PROD-01012,"5f027da6fa12872be3d61e0f3ef6bbc7@2x","","5f027da6fa12872be3d61e0f3ef6bbc7@2x","Laptops",,KES,UNVERIFIED,UNKNOWN,"","",2026-08-20,UNVERIFIED,"Excluded due to low product identity confidence"
IMG-PROD-01013,"64e850b37c15fa893050933ec5e94d74","","64e850b37c15fa893050933ec5e94d74","Laptops",,KES,UNVERIFIED,UNKNOWN,"","",2026-08-20,UNVERIFIED,"Excluded due to low product identity confidence"
IMG-PROD-01014,"64e850b37c15fa893050933ec5e94d74@2x","","64e850b37c15fa893050933ec5e94d74@2x","Laptops",,KES,UNVERIFIED,UNKNOWN,"","",2026-08-20,UNVERIFIED,"Excluded due to low product identity confidence"
IMG-PROD-01015,"6c89312f4392dabbf9fc959988fe20e7","","6c89312f4392dabbf9fc959988fe20e7","Laptops",,KES,UNVERIFIED,UNKNOWN,"","",2026-08-20,UNVERIFIED,"Excluded due to low product identity confidence"
IMG-PROD-01016,"6c89312f4392dabbf9fc959988fe20e7@2x","","6c89312f4392dabbf9fc959988fe20e7@2x","Laptops",,KES,UNVERIFIED,UNKNOWN,"","",2026-08-20,UNVERIFIED,"Excluded due to low product identity confidence"
IMG-PROD-01017,"74edbfbb93c013725adc9f8bf39ac037","","74edbfbb93c013725adc9f8bf39ac037","Laptops",,KES,UNVERIFIED,UNKNOWN,"","",2026-08-20,UNVERIFIED,"Excluded due to low product identity confidence"
IMG-PROD-01018,"74edbfbb93c013725adc9f8bf39ac037@2x","","74edbfbb93c013725adc9f8bf39ac037@2x","Laptops",,KES,UNVERIFIED,UNKNOWN,"","",2026-08-20,UNVERIFIED,"Excluded due to low product identity confidence"
IMG-PROD-01019,"77cab90a7decc07cd52a0d6c252e6801","","77cab90a7decc07cd52a0d6c252e6801","Laptops",,KES,UNVERIFIED,UNKNOWN,"","",2026-08-20,UNVERIFIED,"Excluded due to low product identity confidence"
IMG-PROD-01020,"77cab90a7decc07cd52a0d6c252e6801@2x","","77cab90a7decc07cd52a0d6c252e6801@2x","Laptops",,KES,UNVERIFIED,UNKNOWN,"","",2026-08-20,UNVERIFIED,"Excluded due to low product identity confidence"
IMG-PROD-01021,"784e703b40d4231e94d812998bb9d321","","784e703b40d4231e94d812998bb9d321","Laptops",,KES,UNVERIFIED,UNKNOWN,"","",2026-08-20,UNVERIFIED,"Excluded due to low product identity confidence"
IMG-PROD-01022,"784e703b40d4231e94d812998bb9d321@2x","","784e703b40d4231e94d812998bb9d321@2x","Laptops",,KES,UNVERIFIED,UNKNOWN,"","",2026-08-20,UNVERIFIED,"Excluded due to low product identity confidence"
IMG-PROD-01023,"78cc567e4c0827ca436497b0fdf9c1de","","78cc567e4c0827ca436497b0fdf9c1de","Laptops",,KES,UNVERIFIED,UNKNOWN,"","",2026-08-20,UNVERIFIED,"Excluded due to low product identity confidence"
IMG-PROD-01024,"78cc567e4c0827ca436497b0fdf9c1de@2x","","78cc567e4c0827ca436497b0fdf9c1de@2x","Laptops",,KES,UNVERIFIED,UNKNOWN,"","",2026-08-20,UNVERIFIED,"Excluded due to low product identity confidence"
IMG-PROD-01025,"79875b3637b8b0a2c7c044161232cdab","","79875b3637b8b0a2c7c044161232cdab","Laptops",,KES,UNVERIFIED,UNKNOWN,"","",2026-08-20,UNVERIFIED,"Excluded due to low product identity confidence"
IMG-PROD-01026,"79875b3637b8b0a2c7c044161232cdab@2x","","79875b3637b8b0a2c7c044161232cdab@2x","Laptops",,KES,UNVERIFIED,UNKNOWN,"","",2026-08-20,UNVERIFIED,"Excluded due to low product identity confidence"
IMG-PROD-01027,"7b89150ecbb1358030a10bb56d184635","","7b89150ecbb1358030a10bb56d184635","Laptops",,KES,UNVERIFIED,UNKNOWN,"","",2026-08-20,UNVERIFIED,"Excluded due to low product identity confidence"
IMG-PROD-01028,"7b89150ecbb1358030a10bb56d184635@2x","","7b89150ecbb1358030a10bb56d184635@2x","Laptops",,KES,UNVERIFIED,UNKNOWN,"","",2026-08-20,UNVERIFIED,"Excluded due to low product identity confidence"
IMG-PROD-01029,"7d5c63776c8f26b7cf2651aac87b67f4","","7d5c63776c8f26b7cf2651aac87b67f4","Laptops",,KES,UNVERIFIED,UNKNOWN,"","",2026-08-20,UNVERIFIED,"Excluded due to low product identity confidence"
IMG-PROD-01030,"7d5c63776c8f26b7cf2651aac87b67f4@2x","","7d5c63776c8f26b7cf2651aac87b67f4@2x","Laptops",,KES,UNVERIFIED,UNKNOWN,"","",2026-08-20,UNVERIFIED,"Excluded due to low product identity confidence"
IMG-PROD-01031,"82d1a0d5bf7bb479c9c4a2e98371cfe4","","82d1a0d5bf7bb479c9c4a2e98371cfe4","Laptops",,KES,UNVERIFIED,UNKNOWN,"","",2026-08-20,UNVERIFIED,"Excluded due to low product identity confidence"
IMG-PROD-01032,"82d1a0d5bf7bb479c9c4a2e98371cfe4@2x","","82d1a0d5bf7bb479c9c4a2e98371cfe4@2x","Laptops",,KES,UNVERIFIED,UNKNOWN,"","",2026-08-20,UNVERIFIED,"Excluded due to low product identity confidence"
IMG-PROD-01033,"86dcfe368bf81db92c7b2ba5661093a2","","86dcfe368bf81db92c7b2ba5661093a2","Laptops",,KES,UNVERIFIED,UNKNOWN,"","",2026-08-20,UNVERIFIED,"Excluded due to low product identity confidence"
IMG-PROD-01034,"86dcfe368bf81db92c7b2ba5661093a2@2x","","86dcfe368bf81db92c7b2ba5661093a2@2x","Laptops",,KES,UNVERIFIED,UNKNOWN,"","",2026-08-20,UNVERIFIED,"Excluded due to low product identity confidence"
IMG-PROD-01035,"87638e12ac988f2778b182ab3fe6eaa4","","87638e12ac988f2778b182ab3fe6eaa4","Laptops",,KES,UNVERIFIED,UNKNOWN,"","",2026-08-20,UNVERIFIED,"Excluded due to low product identity confidence"
IMG-PROD-01036,"87638e12ac988f2778b182ab3fe6eaa4@2x","","87638e12ac988f2778b182ab3fe6eaa4@2x","Laptops",,KES,UNVERIFIED,UNKNOWN,"","",2026-08-20,UNVERIFIED,"Excluded due to low product identity confidence"
IMG-PROD-01037,"8b7f5f7895cb130a0a92d68725b5d57f","","8b7f5f7895cb130a0a92d68725b5d57f","Laptops",,KES,UNVERIFIED,UNKNOWN,"","",2026-08-20,UNVERIFIED,"Excluded due to low product identity confidence"
IMG-PROD-01038,"8b7f5f7895cb130a0a92d68725b5d57f@2x","","8b7f5f7895cb130a0a92d68725b5d57f@2x","Laptops",,KES,UNVERIFIED,UNKNOWN,"","",2026-08-20,UNVERIFIED,"Excluded due to low product identity confidence"
IMG-PROD-01039,"8c1f387dbf2240e778cd49f9f13ff8dd","","8c1f387dbf2240e778cd49f9f13ff8dd","Laptops",,KES,UNVERIFIED,UNKNOWN,"","",2026-08-20,UNVERIFIED,"Excluded due to low product identity confidence"
IMG-PROD-01040,"8c1f387dbf2240e778cd49f9f13ff8dd@2x","","8c1f387dbf2240e778cd49f9f13ff8dd@2x","Laptops",,KES,UNVERIFIED,UNKNOWN,"","",2026-08-20,UNVERIFIED,"Excluded due to low product identity confidence"
IMG-PROD-01041,"8e897d1f9ac8e43da447f3c7b89a1ad3","","8e897d1f9ac8e43da447f3c7b89a1ad3","Laptops",,KES,UNVERIFIED,UNKNOWN,"","",2026-08-20,UNVERIFIED,"Excluded due to low product identity confidence"
IMG-PROD-01042,"8e897d1f9ac8e43da447f3c7b89a1ad3@2x","","8e897d1f9ac8e43da447f3c7b89a1ad3@2x","Laptops",,KES,UNVERIFIED,UNKNOWN,"","",2026-08-20,UNVERIFIED,"Excluded due to low product identity confidence"
IMG-PROD-01043,"8ec7315ffb1e3609606a59057de08c44","","8ec7315ffb1e3609606a59057de08c44","Laptops",,KES,UNVERIFIED,UNKNOWN,"","",2026-08-20,UNVERIFIED,"Excluded due to low product identity confidence"
IMG-PROD-01044,"8ec7315ffb1e3609606a59057de08c44@2x","","8ec7315ffb1e3609606a59057de08c44@2x","Laptops",,KES,UNVERIFIED,UNKNOWN,"","",2026-08-20,UNVERIFIED,"Excluded due to low product identity confidence"
IMG-PROD-01045,"9138d3e0bdc54940e0297862a67dc816","","9138d3e0bdc54940e0297862a67dc816","Laptops",,KES,UNVERIFIED,UNKNOWN,"","",2026-08-20,UNVERIFIED,"Excluded due to low product identity confidence"
IMG-PROD-01046,"9138d3e0bdc54940e0297862a67dc816@2x","","9138d3e0bdc54940e0297862a67dc816@2x","Laptops",,KES,UNVERIFIED,UNKNOWN,"","",2026-08-20,UNVERIFIED,"Excluded due to low product identity confidence"
IMG-PROD-01047,"9243d8f6c814e3c411724b1497f22bd1","","9243d8f6c814e3c411724b1497f22bd1","Laptops",,KES,UNVERIFIED,UNKNOWN,"","",2026-08-20,UNVERIFIED,"Excluded due to low product identity confidence"
IMG-PROD-01048,"9243d8f6c814e3c411724b1497f22bd1@2x","","9243d8f6c814e3c411724b1497f22bd1@2x","Laptops",,KES,UNVERIFIED,UNKNOWN,"","",2026-08-20,UNVERIFIED,"Excluded due to low product identity confidence"
IMG-PROD-01049,"985fe9d26395d3a1b8709e323b20035b","","985fe9d26395d3a1b8709e323b20035b","Laptops",,KES,UNVERIFIED,UNKNOWN,"","",2026-08-20,UNVERIFIED,"Excluded due to low product identity confidence"
IMG-PROD-01050,"985fe9d26395d3a1b8709e323b20035b@2x","","985fe9d26395d3a1b8709e323b20035b@2x","Laptops",,KES,UNVERIFIED,UNKNOWN,"","",2026-08-20,UNVERIFIED,"Excluded due to low product identity confidence"
IMG-PROD-01051,"9cc179fc34389b6f0dd5d208be9d2533","","9cc179fc34389b6f0dd5d208be9d2533","Laptops",,KES,UNVERIFIED,UNKNOWN,"","",2026-08-20,UNVERIFIED,"Excluded due to low product identity confidence"
IMG-PROD-01052,"9cc179fc34389b6f0dd5d208be9d2533@2x","","9cc179fc34389b6f0dd5d208be9d2533@2x","Laptops",,KES,UNVERIFIED,UNKNOWN,"","",2026-08-20,UNVERIFIED,"Excluded due to low product identity confidence"
IMG-PROD-01053,"a089ec2a174aa64764e425c55cbab47d","","a089ec2a174aa64764e425c55cbab47d","Laptops",,KES,UNVERIFIED,UNKNOWN,"","",2026-08-20,UNVERIFIED,"Excluded due to low product identity confidence"
IMG-PROD-01054,"a089ec2a174aa64764e425c55cbab47d@2x","","a089ec2a174aa64764e425c55cbab47d@2x","Laptops",,KES,UNVERIFIED,UNKNOWN,"","",2026-08-20,UNVERIFIED,"Excluded due to low product identity confidence"
IMG-PROD-01055,"a14ea8c71bbdfcdec2775c104605988c","","a14ea8c71bbdfcdec2775c104605988c","Laptops",,KES,UNVERIFIED,UNKNOWN,"","",2026-08-20,UNVERIFIED,"Excluded due to low product identity confidence"
IMG-PROD-01056,"a14ea8c71bbdfcdec2775c104605988c@2x","","a14ea8c71bbdfcdec2775c104605988c@2x","Laptops",,KES,UNVERIFIED,UNKNOWN,"","",2026-08-20,UNVERIFIED,"Excluded due to low product identity confidence"
IMG-PROD-01057,"a1b644e2934823ede0a27fb9ac7d659e","","a1b644e2934823ede0a27fb9ac7d659e","Laptops",,KES,UNVERIFIED,UNKNOWN,"","",2026-08-20,UNVERIFIED,"Excluded due to low product identity confidence"
IMG-PROD-01058,"a1b644e2934823ede0a27fb9ac7d659e@2x","","a1b644e2934823ede0a27fb9ac7d659e@2x","Laptops",,KES,UNVERIFIED,UNKNOWN,"","",2026-08-20,UNVERIFIED,"Excluded due to low product identity confidence"
IMG-PROD-01059,"a4e28883e06d377457f06ea09ce7e557","","a4e28883e06d377457f06ea09ce7e557","Laptops",,KES,UNVERIFIED,UNKNOWN,"","",2026-08-20,UNVERIFIED,"Excluded due to low product identity confidence"
IMG-PROD-01060,"a4e28883e06d377457f06ea09ce7e557@2x","","a4e28883e06d377457f06ea09ce7e557@2x","Laptops",,KES,UNVERIFIED,UNKNOWN,"","",2026-08-20,UNVERIFIED,"Excluded due to low product identity confidence"
IMG-PROD-01061,"a7ff8f1a4e0c7d8435f53e5110a1db08","","a7ff8f1a4e0c7d8435f53e5110a1db08","Laptops",,KES,UNVERIFIED,UNKNOWN,"","",2026-08-20,UNVERIFIED,"Excluded due to low product identity confidence"
IMG-PROD-01062,"a7ff8f1a4e0c7d8435f53e5110a1db08@2x","","a7ff8f1a4e0c7d8435f53e5110a1db08@2x","Laptops",,KES,UNVERIFIED,UNKNOWN,"","",2026-08-20,UNVERIFIED,"Excluded due to low product identity confidence"
IMG-PROD-01063,"a9304240a69bedf8f60391b0935d7e56","","a9304240a69bedf8f60391b0935d7e56","Laptops",,KES,UNVERIFIED,UNKNOWN,"","",2026-08-20,UNVERIFIED,"Excluded due to low product identity confidence"
IMG-PROD-01064,"a9304240a69bedf8f60391b0935d7e56@2x","","a9304240a69bedf8f60391b0935d7e56@2x","Laptops",,KES,UNVERIFIED,UNKNOWN,"","",2026-08-20,UNVERIFIED,"Excluded due to low product identity confidence"
IMG-PROD-01065,"a945ec2e60ffa89f93fd1badfe5443ac","","a945ec2e60ffa89f93fd1badfe5443ac","Laptops",,KES,UNVERIFIED,UNKNOWN,"","",2026-08-20,UNVERIFIED,"Excluded due to low product identity confidence"
IMG-PROD-01066,"a945ec2e60ffa89f93fd1badfe5443ac@2x","","a945ec2e60ffa89f93fd1badfe5443ac@2x","Laptops",,KES,UNVERIFIED,UNKNOWN,"","",2026-08-20,UNVERIFIED,"Excluded due to low product identity confidence"
IMG-PROD-01067,"a9b8be6d23c43dcf6e7f5b9c0599fd84","","a9b8be6d23c43dcf6e7f5b9c0599fd84","Laptops",,KES,UNVERIFIED,UNKNOWN,"","",2026-08-20,UNVERIFIED,"Excluded due to low product identity confidence"
IMG-PROD-01068,"a9b8be6d23c43dcf6e7f5b9c0599fd84@2x","","a9b8be6d23c43dcf6e7f5b9c0599fd84@2x","Laptops",,KES,UNVERIFIED,UNKNOWN,"","",2026-08-20,UNVERIFIED,"Excluded due to low product identity confidence"
IMG-PROD-01069,"af0ac76bb616613a54f580698eba964b","","af0ac76bb616613a54f580698eba964b","Laptops",,KES,UNVERIFIED,UNKNOWN,"","",2026-08-20,UNVERIFIED,"Excluded due to low product identity confidence"
IMG-PROD-01070,"af0ac76bb616613a54f580698eba964b@2x","","af0ac76bb616613a54f580698eba964b@2x","Laptops",,KES,UNVERIFIED,UNKNOWN,"","",2026-08-20,UNVERIFIED,"Excluded due to low product identity confidence"
IMG-PROD-01071,"b0cff12bca0be7118bab5fc5e325a766","","b0cff12bca0be7118bab5fc5e325a766","Laptops",,KES,UNVERIFIED,UNKNOWN,"","",2026-08-20,UNVERIFIED,"Excluded due to low product identity confidence"
IMG-PROD-01072,"b0cff12bca0be7118bab5fc5e325a766@2x","","b0cff12bca0be7118bab5fc5e325a766@2x","Laptops",,KES,UNVERIFIED,UNKNOWN,"","",2026-08-20,UNVERIFIED,"Excluded due to low product identity confidence"
IMG-PROD-01073,"b2a2302b41e2107dbb8ee8da326ab84d","","b2a2302b41e2107dbb8ee8da326ab84d","Laptops",,KES,UNVERIFIED,UNKNOWN,"","",2026-08-20,UNVERIFIED,"Excluded due to low product identity confidence"
IMG-PROD-01074,"b2a2302b41e2107dbb8ee8da326ab84d@2x","","b2a2302b41e2107dbb8ee8da326ab84d@2x","Laptops",,KES,UNVERIFIED,UNKNOWN,"","",2026-08-20,UNVERIFIED,"Excluded due to low product identity confidence"
IMG-PROD-01075,"ba06f7d976b902bad77eba47750c5eb4","","ba06f7d976b902bad77eba47750c5eb4","Laptops",,KES,UNVERIFIED,UNKNOWN,"","",2026-08-20,UNVERIFIED,"Excluded due to low product identity confidence"
IMG-PROD-01076,"ba06f7d976b902bad77eba47750c5eb4@2x","","ba06f7d976b902bad77eba47750c5eb4@2x","Laptops",,KES,UNVERIFIED,UNKNOWN,"","",2026-08-20,UNVERIFIED,"Excluded due to low product identity confidence"
IMG-PROD-01077,"ba53ef03ab15ff7a48107a8922846034","","ba53ef03ab15ff7a48107a8922846034","Laptops",,KES,UNVERIFIED,UNKNOWN,"","",2026-08-20,UNVERIFIED,"Excluded due to low product identity confidence"
IMG-PROD-01078,"ba53ef03ab15ff7a48107a8922846034@2x","","ba53ef03ab15ff7a48107a8922846034@2x","Laptops",,KES,UNVERIFIED,UNKNOWN,"","",2026-08-20,UNVERIFIED,"Excluded due to low product identity confidence"
IMG-PROD-01079,"bfaa61fde871ec28f7059bc55e1558c1","","bfaa61fde871ec28f7059bc55e1558c1","Laptops",,KES,UNVERIFIED,UNKNOWN,"","",2026-08-20,UNVERIFIED,"Excluded due to low product identity confidence"
IMG-PROD-01080,"bfaa61fde871ec28f7059bc55e1558c1@2x","","bfaa61fde871ec28f7059bc55e1558c1@2x","Laptops",,KES,UNVERIFIED,UNKNOWN,"","",2026-08-20,UNVERIFIED,"Excluded due to low product identity confidence"
IMG-PROD-01081,"c133b54b2867187052c8a4df3eb0a27a","","c133b54b2867187052c8a4df3eb0a27a","Laptops",,KES,UNVERIFIED,UNKNOWN,"","",2026-08-20,UNVERIFIED,"Excluded due to low product identity confidence"
IMG-PROD-01082,"c133b54b2867187052c8a4df3eb0a27a@2x","","c133b54b2867187052c8a4df3eb0a27a@2x","Laptops",,KES,UNVERIFIED,UNKNOWN,"","",2026-08-20,UNVERIFIED,"Excluded due to low product identity confidence"
IMG-PROD-01083,"c48c3f3842d901016a7a9550ece0b0f1","","c48c3f3842d901016a7a9550ece0b0f1","Laptops",,KES,UNVERIFIED,UNKNOWN,"","",2026-08-20,UNVERIFIED,"Excluded due to low product identity confidence"
IMG-PROD-01084,"c48c3f3842d901016a7a9550ece0b0f1@2x","","c48c3f3842d901016a7a9550ece0b0f1@2x","Laptops",,KES,UNVERIFIED,UNKNOWN,"","",2026-08-20,UNVERIFIED,"Excluded due to low product identity confidence"
IMG-PROD-01085,"cd57558fb4ab4a5f5ebba7738ba9a83c","","cd57558fb4ab4a5f5ebba7738ba9a83c","Laptops",,KES,UNVERIFIED,UNKNOWN,"","",2026-08-20,UNVERIFIED,"Excluded due to low product identity confidence"
IMG-PROD-01086,"cd57558fb4ab4a5f5ebba7738ba9a83c@2x","","cd57558fb4ab4a5f5ebba7738ba9a83c@2x","Laptops",,KES,UNVERIFIED,UNKNOWN,"","",2026-08-20,UNVERIFIED,"Excluded due to low product identity confidence"
IMG-PROD-01087,"d60a6377674cf41860ed470891b26760","","d60a6377674cf41860ed470891b26760","Laptops",,KES,UNVERIFIED,UNKNOWN,"","",2026-08-20,UNVERIFIED,"Excluded due to low product identity confidence"
IMG-PROD-01088,"d60a6377674cf41860ed470891b26760@2x","","d60a6377674cf41860ed470891b26760@2x","Laptops",,KES,UNVERIFIED,UNKNOWN,"","",2026-08-20,UNVERIFIED,"Excluded due to low product identity confidence"
IMG-PROD-01089,"d806086da52b43f295ee0144a54afc81","","d806086da52b43f295ee0144a54afc81","Laptops",,KES,UNVERIFIED,UNKNOWN,"","",2026-08-20,UNVERIFIED,"Excluded due to low product identity confidence"
IMG-PROD-01090,"d806086da52b43f295ee0144a54afc81@2x","","d806086da52b43f295ee0144a54afc81@2x","Laptops",,KES,UNVERIFIED,UNKNOWN,"","",2026-08-20,UNVERIFIED,"Excluded due to low product identity confidence"
IMG-PROD-01091,"db58f144cb0a45a4045f983ba0056ca0","","db58f144cb0a45a4045f983ba0056ca0","Laptops",,KES,UNVERIFIED,UNKNOWN,"","",2026-08-20,UNVERIFIED,"Excluded due to low product identity confidence"
IMG-PROD-01092,"db58f144cb0a45a4045f983ba0056ca0@2x","","db58f144cb0a45a4045f983ba0056ca0@2x","Laptops",,KES,UNVERIFIED,UNKNOWN,"","",2026-08-20,UNVERIFIED,"Excluded due to low product identity confidence"
IMG-PROD-01093,"dbbf9ef63d5f91ceaaf010b94624ed58","","dbbf9ef63d5f91ceaaf010b94624ed58","Laptops",,KES,UNVERIFIED,UNKNOWN,"","",2026-08-20,UNVERIFIED,"Excluded due to low product identity confidence"
IMG-PROD-01094,"dbbf9ef63d5f91ceaaf010b94624ed58@2x","","dbbf9ef63d5f91ceaaf010b94624ed58@2x","Laptops",,KES,UNVERIFIED,UNKNOWN,"","",2026-08-20,UNVERIFIED,"Excluded due to low product identity confidence"
IMG-PROD-01095,"dc5c6c407c4c25b44b5830711fdd15a7","","dc5c6c407c4c25b44b5830711fdd15a7","Laptops",,KES,UNVERIFIED,UNKNOWN,"","",2026-08-20,UNVERIFIED,"Excluded due to low product identity confidence"
IMG-PROD-01096,"dc5c6c407c4c25b44b5830711fdd15a7@2x","","dc5c6c407c4c25b44b5830711fdd15a7@2x","Laptops",,KES,UNVERIFIED,UNKNOWN,"","",2026-08-20,UNVERIFIED,"Excluded due to low product identity confidence"
IMG-PROD-01097,"dedcaccdbf80c3fb53760e071d1ad623","","dedcaccdbf80c3fb53760e071d1ad623","Laptops",,KES,UNVERIFIED,UNKNOWN,"","",2026-08-20,UNVERIFIED,"Excluded due to low product identity confidence"
IMG-PROD-01098,"dedcaccdbf80c3fb53760e071d1ad623@2x","","dedcaccdbf80c3fb53760e071d1ad623@2x","Laptops",,KES,UNVERIFIED,UNKNOWN,"","",2026-08-20,UNVERIFIED,"Excluded due to low product identity confidence"
IMG-PROD-01099,"e45fef374bf9b2c9a048012312c72cd2","","e45fef374bf9b2c9a048012312c72cd2","Laptops",,KES,UNVERIFIED,UNKNOWN,"","",2026-08-20,UNVERIFIED,"Excluded due to low product identity confidence"
IMG-PROD-01100,"e45fef374bf9b2c9a048012312c72cd2@2x","","e45fef374bf9b2c9a048012312c72cd2@2x","Laptops",,KES,UNVERIFIED,UNKNOWN,"","",2026-08-20,UNVERIFIED,"Excluded due to low product identity confidence"
IMG-PROD-01101,"e53dd9b5307d446b84698119aa7edeb1","","e53dd9b5307d446b84698119aa7edeb1","Laptops",,KES,UNVERIFIED,UNKNOWN,"","",2026-08-20,UNVERIFIED,"Excluded due to low product identity confidence"
IMG-PROD-01102,"e53dd9b5307d446b84698119aa7edeb1@2x","","e53dd9b5307d446b84698119aa7edeb1@2x","Laptops",,KES,UNVERIFIED,UNKNOWN,"","",2026-08-20,UNVERIFIED,"Excluded due to low product identity confidence"
IMG-PROD-01103,"ea7178ea6a7813472c08b9385d502b0f","","ea7178ea6a7813472c08b9385d502b0f","Laptops",,KES,UNVERIFIED,UNKNOWN,"","",2026-08-20,UNVERIFIED,"Excluded due to low product identity confidence"
IMG-PROD-01104,"ea7178ea6a7813472c08b9385d502b0f@2x","","ea7178ea6a7813472c08b9385d502b0f@2x","Laptops",,KES,UNVERIFIED,UNKNOWN,"","",2026-08-20,UNVERIFIED,"Excluded due to low product identity confidence"
IMG-PROD-01105,"ebe5127b2b586c1dd80cd36664205264","","ebe5127b2b586c1dd80cd36664205264","Laptops",,KES,UNVERIFIED,UNKNOWN,"","",2026-08-20,UNVERIFIED,"Excluded due to low product identity confidence"
IMG-PROD-01106,"ebe5127b2b586c1dd80cd36664205264@2x","","ebe5127b2b586c1dd80cd36664205264@2x","Laptops",,KES,UNVERIFIED,UNKNOWN,"","",2026-08-20,UNVERIFIED,"Excluded due to low product identity confidence"
IMG-PROD-01107,"eded263db33e4811acde7bd867445bdc","","eded263db33e4811acde7bd867445bdc","Laptops",,KES,UNVERIFIED,UNKNOWN,"","",2026-08-20,UNVERIFIED,"Excluded due to low product identity confidence"
IMG-PROD-01108,"eded263db33e4811acde7bd867445bdc@2x","","eded263db33e4811acde7bd867445bdc@2x","Laptops",,KES,UNVERIFIED,UNKNOWN,"","",2026-08-20,UNVERIFIED,"Excluded due to low product identity confidence"
IMG-PROD-01109,"f0f78588d33ed44e6d2384eb05427026","","f0f78588d33ed44e6d2384eb05427026","Laptops",,KES,UNVERIFIED,UNKNOWN,"","",2026-08-20,UNVERIFIED,"Excluded due to low product identity confidence"
IMG-PROD-01110,"f0f78588d33ed44e6d2384eb05427026@2x","","f0f78588d33ed44e6d2384eb05427026@2x","Laptops",,KES,UNVERIFIED,UNKNOWN,"","",2026-08-20,UNVERIFIED,"Excluded due to low product identity confidence"
IMG-PROD-01111,"f32878edd045e055b846b8c355ae9fc5","","f32878edd045e055b846b8c355ae9fc5","Laptops",,KES,UNVERIFIED,UNKNOWN,"","",2026-08-20,UNVERIFIED,"Excluded due to low product identity confidence"
IMG-PROD-01112,"f32878edd045e055b846b8c355ae9fc5@2x","","f32878edd045e055b846b8c355ae9fc5@2x","Laptops",,KES,UNVERIFIED,UNKNOWN,"","",2026-08-20,UNVERIFIED,"Excluded due to low product identity confidence"
IMG-PROD-01113,"f37daba2564c3154a4b2aa3802bbb187","","f37daba2564c3154a4b2aa3802bbb187","Laptops",,KES,UNVERIFIED,UNKNOWN,"","",2026-08-20,UNVERIFIED,"Excluded due to low product identity confidence"
IMG-PROD-01114,"f37daba2564c3154a4b2aa3802bbb187@2x","","f37daba2564c3154a4b2aa3802bbb187@2x","Laptops",,KES,UNVERIFIED,UNKNOWN,"","",2026-08-20,UNVERIFIED,"Excluded due to low product identity confidence"
IMG-PROD-01115,"fbec983192d1cccfc4fc84ddf0c28216","","fbec983192d1cccfc4fc84ddf0c28216","Laptops",,KES,UNVERIFIED,UNKNOWN,"","",2026-08-20,UNVERIFIED,"Excluded due to low product identity confidence"
IMG-PROD-01116,"fbec983192d1cccfc4fc84ddf0c28216@2x","","fbec983192d1cccfc4fc84ddf0c28216@2x","Laptops",,KES,UNVERIFIED,UNKNOWN,"","",2026-08-20,UNVERIFIED,"Excluded due to low product identity confidence"
IMG-PROD-01117,"000a4f6bd48570af831b85b20058a2cf","","000a4f6bd48570af831b85b20058a2cf","Laptops",,KES,UNVERIFIED,UNKNOWN,"","",2026-08-20,UNVERIFIED,"Excluded due to low product identity confidence"
IMG-PROD-01118,"000a4f6bd48570af831b85b20058a2cf@2x","","000a4f6bd48570af831b85b20058a2cf@2x","Laptops",,KES,UNVERIFIED,UNKNOWN,"","",2026-08-20,UNVERIFIED,"Excluded due to low product identity confidence"
IMG-PROD-01119,"058ba75a32d171c6b09b8b6383aa2612","","058ba75a32d171c6b09b8b6383aa2612","Laptops",,KES,UNVERIFIED,UNKNOWN,"","",2026-08-20,UNVERIFIED,"Excluded due to low product identity confidence"
IMG-PROD-01120,"058ba75a32d171c6b09b8b6383aa2612@2x","","058ba75a32d171c6b09b8b6383aa2612@2x","Laptops",,KES,UNVERIFIED,UNKNOWN,"","",2026-08-20,UNVERIFIED,"Excluded due to low product identity confidence"
IMG-PROD-01121,"11c02ffde34067fec7090bbd6b05b67e","","11c02ffde34067fec7090bbd6b05b67e","Laptops",,KES,UNVERIFIED,UNKNOWN,"","",2026-08-20,UNVERIFIED,"Excluded due to low product identity confidence"
IMG-PROD-01122,"11c02ffde34067fec7090bbd6b05b67e@2x","","11c02ffde34067fec7090bbd6b05b67e@2x","Laptops",,KES,UNVERIFIED,UNKNOWN,"","",2026-08-20,UNVERIFIED,"Excluded due to low product identity confidence"
IMG-PROD-01123,"170a4b747ca4942c043901aa53a6d107","","170a4b747ca4942c043901aa53a6d107","Laptops",,KES,UNVERIFIED,UNKNOWN,"","",2026-08-20,UNVERIFIED,"Excluded due to low product identity confidence"
IMG-PROD-01124,"170a4b747ca4942c043901aa53a6d107@2x","","170a4b747ca4942c043901aa53a6d107@2x","Laptops",,KES,UNVERIFIED,UNKNOWN,"","",2026-08-20,UNVERIFIED,"Excluded due to low product identity confidence"
IMG-PROD-01125,"1795735fe61b540cdaef18228d55f206","","1795735fe61b540cdaef18228d55f206","Laptops",,KES,UNVERIFIED,UNKNOWN,"","",2026-08-20,UNVERIFIED,"Excluded due to low product identity confidence"
IMG-PROD-01126,"1795735fe61b540cdaef18228d55f206@2x","","1795735fe61b540cdaef18228d55f206@2x","Laptops",,KES,UNVERIFIED,UNKNOWN,"","",2026-08-20,UNVERIFIED,"Excluded due to low product identity confidence"
IMG-PROD-01127,"1ff35df32680997518b2c49e7bdf51a4","","1ff35df32680997518b2c49e7bdf51a4","Laptops",,KES,UNVERIFIED,UNKNOWN,"","",2026-08-20,UNVERIFIED,"Excluded due to low product identity confidence"
IMG-PROD-01128,"1ff35df32680997518b2c49e7bdf51a4@2x","","1ff35df32680997518b2c49e7bdf51a4@2x","Laptops",,KES,UNVERIFIED,UNKNOWN,"","",2026-08-20,UNVERIFIED,"Excluded due to low product identity confidence"
IMG-PROD-01129,"2337dd8908caf9a3594a44e3e71fbfac","","2337dd8908caf9a3594a44e3e71fbfac","Laptops",,KES,UNVERIFIED,UNKNOWN,"","",2026-08-20,UNVERIFIED,"Excluded due to low product identity confidence"
IMG-PROD-01130,"2337dd8908caf9a3594a44e3e71fbfac@2x","","2337dd8908caf9a3594a44e3e71fbfac@2x","Laptops",,KES,UNVERIFIED,UNKNOWN,"","",2026-08-20,UNVERIFIED,"Excluded due to low product identity confidence"
IMG-PROD-01131,"2758b3c30523da7e2dc7a598f13653f0","","2758b3c30523da7e2dc7a598f13653f0","Laptops",,KES,UNVERIFIED,UNKNOWN,"","",2026-08-20,UNVERIFIED,"Excluded due to low product identity confidence"
IMG-PROD-01132,"2758b3c30523da7e2dc7a598f13653f0@2x","","2758b3c30523da7e2dc7a598f13653f0@2x","Laptops",,KES,UNVERIFIED,UNKNOWN,"","",2026-08-20,UNVERIFIED,"Excluded due to low product identity confidence"
IMG-PROD-01133,"31539135d6fece0885abd34dcd2e076b","","31539135d6fece0885abd34dcd2e076b","Laptops",,KES,UNVERIFIED,UNKNOWN,"","",2026-08-20,UNVERIFIED,"Excluded due to low product identity confidence"
IMG-PROD-01134,"31539135d6fece0885abd34dcd2e076b@2x","","31539135d6fece0885abd34dcd2e076b@2x","Laptops",,KES,UNVERIFIED,UNKNOWN,"","",2026-08-20,UNVERIFIED,"Excluded due to low product identity confidence"
IMG-PROD-01135,"32e14785a6c98ee8e4c22de3f515cac0","","32e14785a6c98ee8e4c22de3f515cac0","Laptops",,KES,UNVERIFIED,UNKNOWN,"","",2026-08-20,UNVERIFIED,"Excluded due to low product identity confidence"
IMG-PROD-01136,"32e14785a6c98ee8e4c22de3f515cac0@2x","","32e14785a6c98ee8e4c22de3f515cac0@2x","Laptops",,KES,UNVERIFIED,UNKNOWN,"","",2026-08-20,UNVERIFIED,"Excluded due to low product identity confidence"
IMG-PROD-01137,"3c890baf67527b832a6574d8600d7f5e","","3c890baf67527b832a6574d8600d7f5e","Laptops",,KES,UNVERIFIED,UNKNOWN,"","",2026-08-20,UNVERIFIED,"Excluded due to low product identity confidence"
IMG-PROD-01138,"3c890baf67527b832a6574d8600d7f5e@2x","","3c890baf67527b832a6574d8600d7f5e@2x","Laptops",,KES,UNVERIFIED,UNKNOWN,"","",2026-08-20,UNVERIFIED,"Excluded due to low product identity confidence"
IMG-PROD-01139,"3d645722b6a0cb7b75e8ab15d3e9aeed","","3d645722b6a0cb7b75e8ab15d3e9aeed","Laptops",,KES,UNVERIFIED,UNKNOWN,"","",2026-08-20,UNVERIFIED,"Excluded due to low product identity confidence"
IMG-PROD-01140,"3d645722b6a0cb7b75e8ab15d3e9aeed@2x","","3d645722b6a0cb7b75e8ab15d3e9aeed@2x","Laptops",,KES,UNVERIFIED,UNKNOWN,"","",2026-08-20,UNVERIFIED,"Excluded due to low product identity confidence"
IMG-PROD-01141,"40687a0a81ff3370ea0ba5e90e7fc8fc","","40687a0a81ff3370ea0ba5e90e7fc8fc","Laptops",,KES,UNVERIFIED,UNKNOWN,"","",2026-08-20,UNVERIFIED,"Excluded due to low product identity confidence"
IMG-PROD-01142,"40687a0a81ff3370ea0ba5e90e7fc8fc@2x","","40687a0a81ff3370ea0ba5e90e7fc8fc@2x","Laptops",,KES,UNVERIFIED,UNKNOWN,"","",2026-08-20,UNVERIFIED,"Excluded due to low product identity confidence"
IMG-PROD-01143,"41ca9205b911165877ba32d8de40dc6d","","41ca9205b911165877ba32d8de40dc6d","Laptops",,KES,UNVERIFIED,UNKNOWN,"","",2026-08-20,UNVERIFIED,"Excluded due to low product identity confidence"
IMG-PROD-01144,"41ca9205b911165877ba32d8de40dc6d@2x","","41ca9205b911165877ba32d8de40dc6d@2x","Laptops",,KES,UNVERIFIED,UNKNOWN,"","",2026-08-20,UNVERIFIED,"Excluded due to low product identity confidence"
IMG-PROD-01145,"4c2dbe36853cfb4a457b357711e5519d","","4c2dbe36853cfb4a457b357711e5519d","Laptops",,KES,UNVERIFIED,UNKNOWN,"","",2026-08-20,UNVERIFIED,"Excluded due to low product identity confidence"
IMG-PROD-01146,"4c2dbe36853cfb4a457b357711e5519d@2x","","4c2dbe36853cfb4a457b357711e5519d@2x","Laptops",,KES,UNVERIFIED,UNKNOWN,"","",2026-08-20,UNVERIFIED,"Excluded due to low product identity confidence"
IMG-PROD-01147,"66b1dba56423d90c95b7f1035050a1ca","","66b1dba56423d90c95b7f1035050a1ca","Laptops",,KES,UNVERIFIED,UNKNOWN,"","",2026-08-20,UNVERIFIED,"Excluded due to low product identity confidence"
IMG-PROD-01148,"66b1dba56423d90c95b7f1035050a1ca@2x","","66b1dba56423d90c95b7f1035050a1ca@2x","Laptops",,KES,UNVERIFIED,UNKNOWN,"","",2026-08-20,UNVERIFIED,"Excluded due to low product identity confidence"
IMG-PROD-01149,"6e7e90166df0df7c7f285635ff962345","","6e7e90166df0df7c7f285635ff962345","Laptops",,KES,UNVERIFIED,UNKNOWN,"","",2026-08-20,UNVERIFIED,"Excluded due to low product identity confidence"
IMG-PROD-01150,"6e7e90166df0df7c7f285635ff962345@2x","","6e7e90166df0df7c7f285635ff962345@2x","Laptops",,KES,UNVERIFIED,UNKNOWN,"","",2026-08-20,UNVERIFIED,"Excluded due to low product identity confidence"
IMG-PROD-01151,"6ec16b9360953b9925c0cd1efc03f989","","6ec16b9360953b9925c0cd1efc03f989","Laptops",,KES,UNVERIFIED,UNKNOWN,"","",2026-08-20,UNVERIFIED,"Excluded due to low product identity confidence"
IMG-PROD-01152,"6ec16b9360953b9925c0cd1efc03f989@2x","","6ec16b9360953b9925c0cd1efc03f989@2x","Laptops",,KES,UNVERIFIED,UNKNOWN,"","",2026-08-20,UNVERIFIED,"Excluded due to low product identity confidence"
IMG-PROD-01153,"77fdd700e55be5137221ae4a2a3d389f","","77fdd700e55be5137221ae4a2a3d389f","Laptops",,KES,UNVERIFIED,UNKNOWN,"","",2026-08-20,UNVERIFIED,"Excluded due to low product identity confidence"
IMG-PROD-01154,"77fdd700e55be5137221ae4a2a3d389f@2x","","77fdd700e55be5137221ae4a2a3d389f@2x","Laptops",,KES,UNVERIFIED,UNKNOWN,"","",2026-08-20,UNVERIFIED,"Excluded due to low product identity confidence"
IMG-PROD-01155,"7c42f74371c8b184f806f89862ed9bc5","","7c42f74371c8b184f806f89862ed9bc5","Laptops",,KES,UNVERIFIED,UNKNOWN,"","",2026-08-20,UNVERIFIED,"Excluded due to low product identity confidence"
IMG-PROD-01156,"7c42f74371c8b184f806f89862ed9bc5@2x","","7c42f74371c8b184f806f89862ed9bc5@2x","Laptops",,KES,UNVERIFIED,UNKNOWN,"","",2026-08-20,UNVERIFIED,"Excluded due to low product identity confidence"
IMG-PROD-01157,"815aca503de093b0756f8b1fd8ab6607","","815aca503de093b0756f8b1fd8ab6607","Laptops",,KES,UNVERIFIED,UNKNOWN,"","",2026-08-20,UNVERIFIED,"Excluded due to low product identity confidence"
IMG-PROD-01158,"815aca503de093b0756f8b1fd8ab6607@2x","","815aca503de093b0756f8b1fd8ab6607@2x","Laptops",,KES,UNVERIFIED,UNKNOWN,"","",2026-08-20,UNVERIFIED,"Excluded due to low product identity confidence"
IMG-PROD-01159,"8d2a5e4976dbe74fa541870be43009fb","","8d2a5e4976dbe74fa541870be43009fb","Laptops",,KES,UNVERIFIED,UNKNOWN,"","",2026-08-20,UNVERIFIED,"Excluded due to low product identity confidence"
IMG-PROD-01160,"8d2a5e4976dbe74fa541870be43009fb@2x","","8d2a5e4976dbe74fa541870be43009fb@2x","Laptops",,KES,UNVERIFIED,UNKNOWN,"","",2026-08-20,UNVERIFIED,"Excluded due to low product identity confidence"
IMG-PROD-01161,"9327ccd583737a5ab4b54c9f83546bf6","","9327ccd583737a5ab4b54c9f83546bf6","Laptops",,KES,UNVERIFIED,UNKNOWN,"","",2026-08-20,UNVERIFIED,"Excluded due to low product identity confidence"
IMG-PROD-01162,"9327ccd583737a5ab4b54c9f83546bf6@2x","","9327ccd583737a5ab4b54c9f83546bf6@2x","Laptops",,KES,UNVERIFIED,UNKNOWN,"","",2026-08-20,UNVERIFIED,"Excluded due to low product identity confidence"
IMG-PROD-01163,"aaa08151dcffb69ffe04e848a962b132","","aaa08151dcffb69ffe04e848a962b132","Laptops",,KES,UNVERIFIED,UNKNOWN,"","",2026-08-20,UNVERIFIED,"Excluded due to low product identity confidence"
IMG-PROD-01164,"aaa08151dcffb69ffe04e848a962b132@2x","","aaa08151dcffb69ffe04e848a962b132@2x","Laptops",,KES,UNVERIFIED,UNKNOWN,"","",2026-08-20,UNVERIFIED,"Excluded due to low product identity confidence"
IMG-PROD-01165,"ab755482965c8bca98fd48c97c8fd77b","","ab755482965c8bca98fd48c97c8fd77b","Laptops",,KES,UNVERIFIED,UNKNOWN,"","",2026-08-20,UNVERIFIED,"Excluded due to low product identity confidence"
IMG-PROD-01166,"ab755482965c8bca98fd48c97c8fd77b@2x","","ab755482965c8bca98fd48c97c8fd77b@2x","Laptops",,KES,UNVERIFIED,UNKNOWN,"","",2026-08-20,UNVERIFIED,"Excluded due to low product identity confidence"
IMG-PROD-01167,"ce2b1178785792ad75e09770b7a9e715","","ce2b1178785792ad75e09770b7a9e715","Laptops",,KES,UNVERIFIED,UNKNOWN,"","",2026-08-20,UNVERIFIED,"Excluded due to low product identity confidence"
IMG-PROD-01168,"ce2b1178785792ad75e09770b7a9e715@2x","","ce2b1178785792ad75e09770b7a9e715@2x","Laptops",,KES,UNVERIFIED,UNKNOWN,"","",2026-08-20,UNVERIFIED,"Excluded due to low product identity confidence"
IMG-PROD-01169,"d1d22e487884667d03de7f15937ada9a","","d1d22e487884667d03de7f15937ada9a","Laptops",,KES,UNVERIFIED,UNKNOWN,"","",2026-08-20,UNVERIFIED,"Excluded due to low product identity confidence"
IMG-PROD-01170,"d1d22e487884667d03de7f15937ada9a@2x","","d1d22e487884667d03de7f15937ada9a@2x","Laptops",,KES,UNVERIFIED,UNKNOWN,"","",2026-08-20,UNVERIFIED,"Excluded due to low product identity confidence"
IMG-PROD-01171,"d3a3b0819eee7f20e8c51937e4c52631","","d3a3b0819eee7f20e8c51937e4c52631","Laptops",,KES,UNVERIFIED,UNKNOWN,"","",2026-08-20,UNVERIFIED,"Excluded due to low product identity confidence"
IMG-PROD-01172,"d3a3b0819eee7f20e8c51937e4c52631@2x","","d3a3b0819eee7f20e8c51937e4c52631@2x","Laptops",,KES,UNVERIFIED,UNKNOWN,"","",2026-08-20,UNVERIFIED,"Excluded due to low product identity confidence"
IMG-PROD-01173,"d56a06b70679b341aa809c944f0dfcce","","d56a06b70679b341aa809c944f0dfcce","Laptops",,KES,UNVERIFIED,UNKNOWN,"","",2026-08-20,UNVERIFIED,"Excluded due to low product identity confidence"
IMG-PROD-01174,"d56a06b70679b341aa809c944f0dfcce@2x","","d56a06b70679b341aa809c944f0dfcce@2x","Laptops",,KES,UNVERIFIED,UNKNOWN,"","",2026-08-20,UNVERIFIED,"Excluded due to low product identity confidence"
IMG-PROD-01175,"e27d1654e9d353f8ad076fa152888160","","e27d1654e9d353f8ad076fa152888160","Laptops",,KES,UNVERIFIED,UNKNOWN,"","",2026-08-20,UNVERIFIED,"Excluded due to low product identity confidence"
IMG-PROD-01176,"e27d1654e9d353f8ad076fa152888160@2x","","e27d1654e9d353f8ad076fa152888160@2x","Laptops",,KES,UNVERIFIED,UNKNOWN,"","",2026-08-20,UNVERIFIED,"Excluded due to low product identity confidence"
IMG-PROD-01177,"e2b29e8984f200dd7acd10f8b58b68ea","","e2b29e8984f200dd7acd10f8b58b68ea","Laptops",,KES,UNVERIFIED,UNKNOWN,"","",2026-08-20,UNVERIFIED,"Excluded due to low product identity confidence"
IMG-PROD-01178,"e2b29e8984f200dd7acd10f8b58b68ea@2x","","e2b29e8984f200dd7acd10f8b58b68ea@2x","Laptops",,KES,UNVERIFIED,UNKNOWN,"","",2026-08-20,UNVERIFIED,"Excluded due to low product identity confidence"
IMG-PROD-01179,"e87ef047803491d6c6b645c79e04fe72","","e87ef047803491d6c6b645c79e04fe72","Laptops",,KES,UNVERIFIED,UNKNOWN,"","",2026-08-20,UNVERIFIED,"Excluded due to low product identity confidence"
IMG-PROD-01180,"e87ef047803491d6c6b645c79e04fe72@2x","","e87ef047803491d6c6b645c79e04fe72@2x","Laptops",,KES,UNVERIFIED,UNKNOWN,"","",2026-08-20,UNVERIFIED,"Excluded due to low product identity confidence"
IMG-PROD-01181,"ea2fa825704eacbcbe8b6a031becec68","","ea2fa825704eacbcbe8b6a031becec68","Laptops",,KES,UNVERIFIED,UNKNOWN,"","",2026-08-20,UNVERIFIED,"Excluded due to low product identity confidence"
IMG-PROD-01182,"ea2fa825704eacbcbe8b6a031becec68@2x","","ea2fa825704eacbcbe8b6a031becec68@2x","Laptops",,KES,UNVERIFIED,UNKNOWN,"","",2026-08-20,UNVERIFIED,"Excluded due to low product identity confidence"
IMG-PROD-01183,"ed819260c8353e1feb75a0a5b331387e","","ed819260c8353e1feb75a0a5b331387e","Laptops",,KES,UNVERIFIED,UNKNOWN,"","",2026-08-20,UNVERIFIED,"Excluded due to low product identity confidence"
IMG-PROD-01184,"ed819260c8353e1feb75a0a5b331387e@2x","","ed819260c8353e1feb75a0a5b331387e@2x","Laptops",,KES,UNVERIFIED,UNKNOWN,"","",2026-08-20,UNVERIFIED,"Excluded due to low product identity confidence"
IMG-PROD-01185,"f4d7a2dc2c4d5b96e54a5fdc9112ff32","","f4d7a2dc2c4d5b96e54a5fdc9112ff32","Laptops",,KES,UNVERIFIED,UNKNOWN,"","",2026-08-20,UNVERIFIED,"Excluded due to low product identity confidence"
IMG-PROD-01186,"f4d7a2dc2c4d5b96e54a5fdc9112ff32@2x","","f4d7a2dc2c4d5b96e54a5fdc9112ff32@2x","Laptops",,KES,UNVERIFIED,UNKNOWN,"","",2026-08-20,UNVERIFIED,"Excluded due to low product identity confidence"
IMG-PROD-01187,"f9eb67323fcbefa2b7d41859bef2ee4f","","f9eb67323fcbefa2b7d41859bef2ee4f","Laptops",,KES,UNVERIFIED,UNKNOWN,"","",2026-08-20,UNVERIFIED,"Excluded due to low product identity confidence"
IMG-PROD-01188,"f9eb67323fcbefa2b7d41859bef2ee4f@2x","","f9eb67323fcbefa2b7d41859bef2ee4f@2x","Laptops",,KES,UNVERIFIED,UNKNOWN,"","",2026-08-20,UNVERIFIED,"Excluded due to low product identity confidence"
IMG-PROD-01189,"fd690c123aa9a69d3440904815d48da8","","fd690c123aa9a69d3440904815d48da8","Laptops",,KES,UNVERIFIED,UNKNOWN,"","",2026-08-20,UNVERIFIED,"Excluded due to low product identity confidence"
IMG-PROD-01190,"fd690c123aa9a69d3440904815d48da8@2x","","fd690c123aa9a69d3440904815d48da8@2x","Laptops",,KES,UNVERIFIED,UNKNOWN,"","",2026-08-20,UNVERIFIED,"Excluded due to low product identity confidence"
IMG-PROD-01191,"Oppo A17k c medium","OPPO","A17k c medium","Smartphones",13500,KES,VERIFIED,EXACT_MODEL_PRICE,"PhonePlace Kenya","https://www.phoneplacekenya.com/product/oppo-a17k/",2026-08-20,HIGH,"Oppo A17k 3GB/64GB"
IMG-PROD-01192,"Oppo A2 c medium","OPPO","A2 c medium","Smartphones",,KES,UNVERIFIED,UNKNOWN,"","",2026-08-20,UNVERIFIED,"Excluded due to low product identity confidence"
IMG-PROD-01193,"Oppo A59 5G medium","OPPO","A59 5G medium","Smartphones",,KES,UNVERIFIED,UNKNOWN,"","",2026-08-20,UNVERIFIED,"Excluded due to low product identity confidence"
IMG-PROD-01194,"Oppo A60 b medium","OPPO","A60 b medium","Smartphones",25500,KES,VERIFIED,EXACT_MODEL_PRICE,"PhonePlace Kenya","https://www.phoneplacekenya.com/product/oppo-a60/",2026-08-20,HIGH,"Oppo A60 8GB/128GB"
IMG-PROD-01195,"Oppo A79 a medium","OPPO","A79 a medium","Smartphones",29999,KES,VERIFIED,EXACT_MODEL_PRICE,"PhonePlace Kenya","https://www.phoneplacekenya.com/product/oppo-a79-5g/",2026-08-20,HIGH,"Oppo A79 5G 8GB/128GB or 256GB"
IMG-PROD-01196,"Oppo Find N3 Flip k medium","OPPO","Find N3 Flip k medium","Smartphones",115000,KES,VERIFIED,EXACT_MODEL_PRICE,"PhonePlace Kenya","https://www.phoneplacekenya.com/product/oppo-find-n3-flip/",2026-08-20,HIGH,"Oppo Find N3 Flip 12GB/256GB"
IMG-PROD-01197,"Oppo Find N3 m medium","OPPO","Find N3 m medium","Smartphones",,KES,UNVERIFIED,UNKNOWN,"","",2026-08-20,UNVERIFIED,"Excluded due to low product identity confidence"
IMG-PROD-01198,"Oppo Find X6 c medium","OPPO","Find X6 c medium","Smartphones",,KES,UNVERIFIED,UNKNOWN,"","",2026-08-20,UNVERIFIED,"Excluded due to low product identity confidence"
IMG-PROD-01199,"Oppo Find X6 Pro b medium","OPPO","Find X6 Pro b medium","Smartphones",,KES,UNVERIFIED,UNKNOWN,"","",2026-08-20,UNVERIFIED,"Excluded due to low product identity confidence"
IMG-PROD-01200,"Oppo Find X7 c medium","OPPO","Find X7 c medium","Smartphones",,KES,UNVERIFIED,UNKNOWN,"","",2026-08-20,UNVERIFIED,"Excluded due to low product identity confidence"
IMG-PROD-01201,"Oppo Find X7 Ultra b medium","OPPO","Find X7 Ultra b medium","Smartphones",,KES,UNVERIFIED,UNKNOWN,"","",2026-08-20,UNVERIFIED,"Excluded due to low product identity confidence"
IMG-PROD-01202,"Oppo Find X8 Pro b medium","OPPO","Find X8 Pro b medium","Smartphones",,KES,UNVERIFIED,UNKNOWN,"","",2026-08-20,UNVERIFIED,"Excluded due to low product identity confidence"
IMG-PROD-01203,"Oppo Reno 12 Pro c medium","OPPO","Reno 12 Pro c medium","Smartphones",59500,KES,VERIFIED,EXACT_MODEL_PRICE,"PhonePlace Kenya","https://www.phoneplacekenya.com/product/oppo-reno-12-5g/",2026-08-20,HIGH,"Oppo Reno 12 5G 12GB/512GB"
IMG-PROD-01204,"oppoa17a medium","OPPO","a17a medium","Smartphones",,KES,UNVERIFIED,UNKNOWN,"","",2026-08-20,UNVERIFIED,"Excluded due to low product identity confidence"
IMG-PROD-01205,"oppoa55blue medium","OPPO","a55blue medium","Smartphones",,KES,UNVERIFIED,UNKNOWN,"","",2026-08-20,UNVERIFIED,"Excluded due to low product identity confidence"
IMG-PROD-01206,"oppoa574gk medium","OPPO","a574gk medium","Smartphones",,KES,UNVERIFIED,UNKNOWN,"","",2026-08-20,UNVERIFIED,"Excluded due to low product identity confidence"
IMG-PROD-01207,"oppoa76b medium","OPPO","a76b medium","Smartphones",,KES,UNVERIFIED,UNKNOWN,"","",2026-08-20,UNVERIFIED,"Excluded due to low product identity confidence"
IMG-PROD-01208,"oppoa774ga medium","OPPO","a774ga medium","Smartphones",,KES,UNVERIFIED,UNKNOWN,"","",2026-08-20,UNVERIFIED,"Excluded due to low product identity confidence"
IMG-PROD-01209,"oppoa77sa medium","OPPO","a77sa medium","Smartphones",,KES,UNVERIFIED,UNKNOWN,"","",2026-08-20,UNVERIFIED,"Excluded due to low product identity confidence"
IMG-PROD-01210,"oppoa78b medium","OPPO","a78b medium","Smartphones",,KES,UNVERIFIED,UNKNOWN,"","",2026-08-20,UNVERIFIED,"Excluded due to low product identity confidence"
IMG-PROD-01211,"oppoa954ga medium","OPPO","a954ga medium","Smartphones",,KES,UNVERIFIED,UNKNOWN,"","",2026-08-20,UNVERIFIED,"Excluded due to low product identity confidence"
IMG-PROD-01212,"oppoa96c medium","OPPO","a96c medium","Smartphones",,KES,UNVERIFIED,UNKNOWN,"","",2026-08-20,UNVERIFIED,"Excluded due to low product identity confidence"
IMG-PROD-01213,"oppofindn2flipc medium","OPPO","findn2flipc medium","Smartphones",,KES,UNVERIFIED,UNKNOWN,"","",2026-08-20,UNVERIFIED,"Excluded due to low product identity confidence"
IMG-PROD-01214,"opporeno74ga medium","OPPO","reno74ga medium","Smartphones",,KES,UNVERIFIED,UNKNOWN,"","",2026-08-20,UNVERIFIED,"Excluded due to low product identity confidence"
IMG-PROD-01215,"opporeno75ga medium","OPPO","reno75ga medium","Smartphones",,KES,UNVERIFIED,UNKNOWN,"","",2026-08-20,UNVERIFIED,"Excluded due to low product identity confidence"
IMG-PROD-01216,"opporeno84g medium","OPPO","reno84g medium","Smartphones",,KES,UNVERIFIED,UNKNOWN,"","",2026-08-20,UNVERIFIED,"Excluded due to low product identity confidence"
IMG-PROD-01217,"opporeno8a medium","OPPO","reno8a medium","Smartphones",,KES,UNVERIFIED,UNKNOWN,"","",2026-08-20,UNVERIFIED,"Excluded due to low product identity confidence"
IMG-PROD-01218,"opporeno8t4ga medium","OPPO","reno8t4ga medium","Smartphones",,KES,UNVERIFIED,UNKNOWN,"","",2026-08-20,UNVERIFIED,"Excluded due to low product identity confidence"
IMG-PROD-01219,"opporeno8t5gb medium","OPPO","reno8t5gb medium","Smartphones",,KES,UNVERIFIED,UNKNOWN,"","",2026-08-20,UNVERIFIED,"Excluded due to low product identity confidence"