ID,SOURCE_FOLDER,FILENAME,DISPLAY_NAME,BRAND,CAT_ID,CAT_NAME,CONFIDENCE,REASONS,URL
6a7ca9d55c7cd75eb83056d0,airbuds,app-logo-desktop.svg,app logo desktop,,C08,Audio,HIGH,folder mapping: airbuds -> Audio,https://ik.imagekit.io/0iaahkrcv/airbuds/app-logo-desktop.svg?updatedAt=1786554837878
6a7ca9d55c7cd75eb83059ab,airbuds,BeatsFitProc-medium (1).webp,BeatsFitProc medium,,C08,Audio,HIGH,folder mapping: airbuds -> Audio,https://ik.imagekit.io/0iaahkrcv/airbuds/BeatsFitProc-medium%20(1).webp?updatedAt=1786554838215
6a7ca9d55c7cd75eb83064c7,airbuds,BeatsFitProc-medium (2).webp,BeatsFitProc medium,,C08,Audio,HIGH,folder mapping: airbuds -> Audio,https://ik.imagekit.io/0iaahkrcv/airbuds/BeatsFitProc-medium%20(2).webp?updatedAt=1786554838669
6a7ca9d55c7cd75eb8305884,airbuds,BeatsFitProc-medium (3).webp,BeatsFitProc medium,,C08,Audio,HIGH,folder mapping: airbuds -> Audio,https://ik.imagekit.io/0iaahkrcv/airbuds/BeatsFitProc-medium%20(3).webp?updatedAt=1786554838137
6a7ca9d65c7cd75eb83066be,airbuds,BeatsFitProc-medium (4).webp,BeatsFitProc medium,,C08,Audio,HIGH,folder mapping: airbuds -> Audio,https://ik.imagekit.io/0iaahkrcv/airbuds/BeatsFitProc-medium%20(4).webp?updatedAt=1786554838695
6a7ca9d55c7cd75eb8305d09,airbuds,BeatsFitProc-medium (5).webp,BeatsFitProc medium,,C08,Audio,HIGH,folder mapping: airbuds -> Audio,https://ik.imagekit.io/0iaahkrcv/airbuds/BeatsFitProc-medium%20(5).webp?updatedAt=1786554838315
6a7ca9d55c7cd75eb83058d3,airbuds,BeatsFitProc-medium.webp,BeatsFitProc medium,,C08,Audio,HIGH,folder mapping: airbuds -> Audio,https://ik.imagekit.io/0iaahkrcv/airbuds/BeatsFitProc-medium.webp?updatedAt=1786554838164
6a7ca9d65c7cd75eb8306dd7,airbuds,chevron-down.8ee3574 (1).svg,chevron down.8ee3574,,C08,Audio,HIGH,folder mapping: airbuds -> Audio,https://ik.imagekit.io/0iaahkrcv/airbuds/chevron-down.8ee3574%20(1).svg?updatedAt=1786554838962
6a7ca9d65c7cd75eb8306df6,airbuds,chevron-down.8ee3574.svg,chevron down.8ee3574,,C08,Audio,HIGH,folder mapping: airbuds -> Audio,https://ik.imagekit.io/0iaahkrcv/airbuds/chevron-down.8ee3574.svg?updatedAt=1786554838997
6a7ca9d55c7cd75eb8305f2a,airbuds,download (1).svg,download,,C08,Audio,HIGH,folder mapping: airbuds -> Audio,https://ik.imagekit.io/0iaahkrcv/airbuds/download%20(1).svg?updatedAt=1786554838346
6a7ca9d55c7cd75eb830581c,airbuds,download (10).svg,download,,C08,Audio,HIGH,folder mapping: airbuds -> Audio,https://ik.imagekit.io/0iaahkrcv/airbuds/download%20(10).svg?updatedAt=1786554837985
6a7ca9d65c7cd75eb8306ab5,airbuds,download (11).svg,download,,C08,Audio,HIGH,folder mapping: airbuds -> Audio,https://ik.imagekit.io/0iaahkrcv/airbuds/download%20(11).svg?updatedAt=1786554838908
6a7ca9d55c7cd75eb83062b4,airbuds,download (12).svg,download,,C08,Audio,HIGH,folder mapping: airbuds -> Audio,https://ik.imagekit.io/0iaahkrcv/airbuds/download%20(12).svg?updatedAt=1786554838426
6a7ca9d55c7cd75eb83063b5,airbuds,download (13).svg,download,,C08,Audio,HIGH,folder mapping: airbuds -> Audio,https://ik.imagekit.io/0iaahkrcv/airbuds/download%20(13).svg?updatedAt=1786554838630
6a7ca9d55c7cd75eb8305914,airbuds,download (14).svg,download,,C08,Audio,HIGH,folder mapping: airbuds -> Audio,https://ik.imagekit.io/0iaahkrcv/airbuds/download%20(14).svg?updatedAt=1786554838238
6a7ca9d55c7cd75eb8306561,airbuds,download (15).svg,download,,C08,Audio,HIGH,folder mapping: airbuds -> Audio,https://ik.imagekit.io/0iaahkrcv/airbuds/download%20(15).svg?updatedAt=1786554838549
6a7ca9d55c7cd75eb8305d9d,airbuds,download (16).svg,download,,C08,Audio,HIGH,folder mapping: airbuds -> Audio,https://ik.imagekit.io/0iaahkrcv/airbuds/download%20(16).svg?updatedAt=1786554838269
6a7ca9d65c7cd75eb8306696,airbuds,download (17).svg,download,,C08,Audio,HIGH,folder mapping: airbuds -> Audio,https://ik.imagekit.io/0iaahkrcv/airbuds/download%20(17).svg?updatedAt=1786554838689
6a7ca9d65c7cd75eb8306f5a,airbuds,download (18).svg,download,,C08,Audio,HIGH,folder mapping: airbuds -> Audio,https://ik.imagekit.io/0iaahkrcv/airbuds/download%20(18).svg?updatedAt=1786554839090
6a7ca9d65c7cd75eb8306cab,airbuds,download (19).svg,download,,C08,Audio,HIGH,folder mapping: airbuds -> Audio,https://ik.imagekit.io/0iaahkrcv/airbuds/download%20(19).svg?updatedAt=1786554838922
6a7ca9d55c7cd75eb8305803,airbuds,download (2).svg,download,,C08,Audio,HIGH,folder mapping: airbuds -> Audio,https://ik.imagekit.io/0iaahkrcv/airbuds/download%20(2).svg?updatedAt=1786554837939
6a7ca9d55c7cd75eb83059ca,airbuds,download (20).svg,download,,C08,Audio,HIGH,folder mapping: airbuds -> Audio,https://ik.imagekit.io/0iaahkrcv/airbuds/download%20(20).svg?updatedAt=1786554838251
6a7ca9d65c7cd75eb8306c2d,airbuds,download (21).svg,download,,C08,Audio,HIGH,folder mapping: airbuds -> Audio,https://ik.imagekit.io/0iaahkrcv/airbuds/download%20(21).svg?updatedAt=1786554838965
6a7ca9d55c7cd75eb83058a0,airbuds,download (22).svg,download,,C08,Audio,HIGH,folder mapping: airbuds -> Audio,https://ik.imagekit.io/0iaahkrcv/airbuds/download%20(22).svg?updatedAt=1786554838142
6a7ca9d65c7cd75eb830778c,airbuds,download (23).svg,download,,C08,Audio,HIGH,folder mapping: airbuds -> Audio,https://ik.imagekit.io/0iaahkrcv/airbuds/download%20(23).svg?updatedAt=1786554839631
6a7ca9d55c7cd75eb8305978,airbuds,download (24).svg,download,,C08,Audio,HIGH,folder mapping: airbuds -> Audio,https://ik.imagekit.io/0iaahkrcv/airbuds/download%20(24).svg?updatedAt=1786554838181
6a7ca9d65c7cd75eb8306f18,airbuds,download (25).svg,download,,C08,Audio,HIGH,folder mapping: airbuds -> Audio,https://ik.imagekit.io/0iaahkrcv/airbuds/download%20(25).svg?updatedAt=1786554839044
6a7ca9d65c7cd75eb8306ab4,airbuds,download (26).svg,download,,C08,Audio,HIGH,folder mapping: airbuds -> Audio,https://ik.imagekit.io/0iaahkrcv/airbuds/download%20(26).svg?updatedAt=1786554838897
6a7ca9d55c7cd75eb83058c1,airbuds,download (27).svg,download,,C08,Audio,HIGH,folder mapping: airbuds -> Audio,https://ik.imagekit.io/0iaahkrcv/airbuds/download%20(27).svg?updatedAt=1786554838224
6a7ca9d65c7cd75eb8306c1b,airbuds,download (28).svg,download,,C08,Audio,HIGH,folder mapping: airbuds -> Audio,https://ik.imagekit.io/0iaahkrcv/airbuds/download%20(28).svg?updatedAt=1786554838923
6a7ca9d65c7cd75eb8306e1d,airbuds,download (29).svg,download,,C08,Audio,HIGH,folder mapping: airbuds -> Audio,https://ik.imagekit.io/0iaahkrcv/airbuds/download%20(29).svg?updatedAt=1786554839007
6a7ca9d65c7cd75eb8306ca6,airbuds,download (3).svg,download,,C08,Audio,HIGH,folder mapping: airbuds -> Audio,https://ik.imagekit.io/0iaahkrcv/airbuds/download%20(3).svg?updatedAt=1786554838980
6a7ca9d55c7cd75eb83058b1,airbuds,download (30).svg,download,,C08,Audio,HIGH,folder mapping: airbuds -> Audio,https://ik.imagekit.io/0iaahkrcv/airbuds/download%20(30).svg?updatedAt=1786554838177
6a7ca9d65c7cd75eb8306ab8,airbuds,download (31).svg,download,,C08,Audio,HIGH,folder mapping: airbuds -> Audio,https://ik.imagekit.io/0iaahkrcv/airbuds/download%20(31).svg?updatedAt=1786554838939
6a7ca9d55c7cd75eb8305ba2,airbuds,download (32).svg,download,,C08,Audio,HIGH,folder mapping: airbuds -> Audio,https://ik.imagekit.io/0iaahkrcv/airbuds/download%20(32).svg?updatedAt=1786554838193
6a7ca9d65c7cd75eb8306c59,airbuds,download (33).svg,download,,C08,Audio,HIGH,folder mapping: airbuds -> Audio,https://ik.imagekit.io/0iaahkrcv/airbuds/download%20(33).svg?updatedAt=1786554838945
6a7ca9d75c7cd75eb8307ad4,airbuds,download (34).svg,download,,C08,Audio,HIGH,folder mapping: airbuds -> Audio,https://ik.imagekit.io/0iaahkrcv/airbuds/download%20(34).svg?updatedAt=1786554839732
6a7ca9d75c7cd75eb8307bd9,airbuds,download (4).svg,download,,C08,Audio,HIGH,folder mapping: airbuds -> Audio,https://ik.imagekit.io/0iaahkrcv/airbuds/download%20(4).svg?updatedAt=1786554839795
6a7ca9d75c7cd75eb8308363,airbuds,download (5).svg,download,,C08,Audio,HIGH,folder mapping: airbuds -> Audio,https://ik.imagekit.io/0iaahkrcv/airbuds/download%20(5).svg?updatedAt=1786554840221
6a7ca9d75c7cd75eb830882f,airbuds,download (6).svg,download,,C08,Audio,HIGH,folder mapping: airbuds -> Audio,https://ik.imagekit.io/0iaahkrcv/airbuds/download%20(6).svg?updatedAt=1786554840532
6a7ca9d85c7cd75eb8309218,airbuds,download (7).svg,download,,C08,Audio,HIGH,folder mapping: airbuds -> Audio,https://ik.imagekit.io/0iaahkrcv/airbuds/download%20(7).svg?updatedAt=1786554841187
6a7ca9d75c7cd75eb83083d0,airbuds,download (8).svg,download,,C08,Audio,HIGH,folder mapping: airbuds -> Audio,https://ik.imagekit.io/0iaahkrcv/airbuds/download%20(8).svg?updatedAt=1786554840311
6a7ca9d85c7cd75eb8308bf7,airbuds,download (9).svg,download,,C08,Audio,HIGH,folder mapping: airbuds -> Audio,https://ik.imagekit.io/0iaahkrcv/airbuds/download%20(9).svg?updatedAt=1786554840706
6a7ca9d85c7cd75eb830921e,airbuds,download.svg,download,,C08,Audio,HIGH,folder mapping: airbuds -> Audio,https://ik.imagekit.io/0iaahkrcv/airbuds/download.svg?updatedAt=1786554841217
6a7ca9de5c7cd75eb830ff21,airbuds,loader.631b9ed (1).svg,loader.631b9ed,,C08,Audio,HIGH,folder mapping: airbuds -> Audio,https://ik.imagekit.io/0iaahkrcv/airbuds/loader.631b9ed%20(1).svg?updatedAt=1786554847227
6a7ca9de5c7cd75eb830fef5,airbuds,loader.631b9ed.svg,loader.631b9ed,,C08,Audio,HIGH,folder mapping: airbuds -> Audio,https://ik.imagekit.io/0iaahkrcv/airbuds/loader.631b9ed.svg?updatedAt=1786554847236
6a7ca9de5c7cd75eb83102bc,airbuds,Oneplus-Buds-Pro-3-medium (1).webp,Oneplus Buds Pro 3 medium,OnePlus,C08,Audio,LOW,folder mapping: airbuds -> Audio | CONFLICT: folder maps to Audio but brand OnePlus belongs to Smartphones,https://ik.imagekit.io/0iaahkrcv/airbuds/Oneplus-Buds-Pro-3-medium%20(1).webp?updatedAt=1786554847767
6a7ca9de5c7cd75eb8310283,airbuds,Oneplus-Buds-Pro-3-medium (2).webp,Oneplus Buds Pro 3 medium,OnePlus,C08,Audio,LOW,folder mapping: airbuds -> Audio | CONFLICT: folder maps to Audio but brand OnePlus belongs to Smartphones,https://ik.imagekit.io/0iaahkrcv/airbuds/Oneplus-Buds-Pro-3-medium%20(2).webp?updatedAt=1786554847699
6a7ca9de5c7cd75eb83102ac,airbuds,Oneplus-Buds-Pro-3-medium (3).webp,Oneplus Buds Pro 3 medium,OnePlus,C08,Audio,LOW,folder mapping: airbuds -> Audio | CONFLICT: folder maps to Audio but brand OnePlus belongs to Smartphones,https://ik.imagekit.io/0iaahkrcv/airbuds/Oneplus-Buds-Pro-3-medium%20(3).webp?updatedAt=1786554847582
6a7ca9df5c7cd75eb83105ef,airbuds,Oneplus-Buds-Pro-3-medium (4).webp,Oneplus Buds Pro 3 medium,OnePlus,C08,Audio,LOW,folder mapping: airbuds -> Audio | CONFLICT: folder maps to Audio but brand OnePlus belongs to Smartphones,https://ik.imagekit.io/0iaahkrcv/airbuds/Oneplus-Buds-Pro-3-medium%20(4).webp?updatedAt=1786554847895
6a7ca9de5c7cd75eb8310298,airbuds,Oneplus-Buds-Pro-3-medium (5).webp,Oneplus Buds Pro 3 medium,OnePlus,C08,Audio,LOW,folder mapping: airbuds -> Audio | CONFLICT: folder maps to Audio but brand OnePlus belongs to Smartphones,https://ik.imagekit.io/0iaahkrcv/airbuds/Oneplus-Buds-Pro-3-medium%20(5).webp?updatedAt=1786554847669
6a7ca9de5c7cd75eb831037b,airbuds,Oneplus-Buds-Pro-3-medium.webp,Oneplus Buds Pro 3 medium,OnePlus,C08,Audio,LOW,folder mapping: airbuds -> Audio | CONFLICT: folder maps to Audio but brand OnePlus belongs to Smartphones,https://ik.imagekit.io/0iaahkrcv/airbuds/Oneplus-Buds-Pro-3-medium.webp?updatedAt=1786554847680
6a7ca9de5c7cd75eb83102c6,airbuds,oneplus-buds-pro-7BKRjVu59N-medium (1).webp,oneplus buds pro 7BKRjVu59N medium,OnePlus,C08,Audio,LOW,folder mapping: airbuds -> Audio | CONFLICT: folder maps to Audio but brand OnePlus belongs to Smartphones,https://ik.imagekit.io/0iaahkrcv/airbuds/oneplus-buds-pro-7BKRjVu59N-medium%20(1).webp?updatedAt=1786554847710
6a7ca9de5c7cd75eb8310450,airbuds,oneplus-buds-pro-7BKRjVu59N-medium (2).webp,oneplus buds pro 7BKRjVu59N medium,OnePlus,C08,Audio,LOW,folder mapping: airbuds -> Audio | CONFLICT: folder maps to Audio but brand OnePlus belongs to Smartphones,https://ik.imagekit.io/0iaahkrcv/airbuds/oneplus-buds-pro-7BKRjVu59N-medium%20(2).webp?updatedAt=1786554847696
6a7ca9de5c7cd75eb83102ed,airbuds,oneplus-buds-pro-7BKRjVu59N-medium (3).webp,oneplus buds pro 7BKRjVu59N medium,OnePlus,C08,Audio,LOW,folder mapping: airbuds -> Audio | CONFLICT: folder maps to Audio but brand OnePlus belongs to Smartphones,https://ik.imagekit.io/0iaahkrcv/airbuds/oneplus-buds-pro-7BKRjVu59N-medium%20(3).webp?updatedAt=1786554847637
6a7ca9de5c7cd75eb8310394,airbuds,oneplus-buds-pro-7BKRjVu59N-medium (4).webp,oneplus buds pro 7BKRjVu59N medium,OnePlus,C08,Audio,LOW,folder mapping: airbuds -> Audio | CONFLICT: folder maps to Audio but brand OnePlus belongs to Smartphones,https://ik.imagekit.io/0iaahkrcv/airbuds/oneplus-buds-pro-7BKRjVu59N-medium%20(4).webp?updatedAt=1786554847757
6a7ca9df5c7cd75eb83105e2,airbuds,oneplus-buds-pro-7BKRjVu59N-medium (5).webp,oneplus buds pro 7BKRjVu59N medium,OnePlus,C08,Audio,LOW,folder mapping: airbuds -> Audio | CONFLICT: folder maps to Audio but brand OnePlus belongs to Smartphones,https://ik.imagekit.io/0iaahkrcv/airbuds/oneplus-buds-pro-7BKRjVu59N-medium%20(5).webp?updatedAt=1786554847888
6a7ca9df5c7cd75eb8310ce7,airbuds,oneplus-buds-pro-7BKRjVu59N-medium.webp,oneplus buds pro 7BKRjVu59N medium,OnePlus,C08,Audio,LOW,folder mapping: airbuds -> Audio | CONFLICT: folder maps to Audio but brand OnePlus belongs to Smartphones,https://ik.imagekit.io/0iaahkrcv/airbuds/oneplus-buds-pro-7BKRjVu59N-medium.webp?updatedAt=1786554848035
6a7ca9df5c7cd75eb8310cee,airbuds,oneplus-logo-original (1).webp,oneplus logo original,OnePlus,C08,Audio,LOW,folder mapping: airbuds -> Audio | CONFLICT: folder maps to Audio but brand OnePlus belongs to Smartphones,https://ik.imagekit.io/0iaahkrcv/airbuds/oneplus-logo-original%20(1).webp?updatedAt=1786554847931
6a7ca9de5c7cd75eb8310382,airbuds,oneplus-logo-original (2).webp,oneplus logo original,OnePlus,C08,Audio,LOW,folder mapping: airbuds -> Audio | CONFLICT: folder maps to Audio but brand OnePlus belongs to Smartphones,https://ik.imagekit.io/0iaahkrcv/airbuds/oneplus-logo-original%20(2).webp?updatedAt=1786554847684
6a7ca9de5c7cd75eb83102cc,airbuds,oneplus-logo-original (3).webp,oneplus logo original,OnePlus,C08,Audio,LOW,folder mapping: airbuds -> Audio | CONFLICT: folder maps to Audio but brand OnePlus belongs to Smartphones,https://ik.imagekit.io/0iaahkrcv/airbuds/oneplus-logo-original%20(3).webp?updatedAt=1786554847644
6a7ca9de5c7cd75eb83102d0,airbuds,oneplus-logo-original (4).webp,oneplus logo original,OnePlus,C08,Audio,LOW,folder mapping: airbuds -> Audio | CONFLICT: folder maps to Audio but brand OnePlus belongs to Smartphones,https://ik.imagekit.io/0iaahkrcv/airbuds/oneplus-logo-original%20(4).webp?updatedAt=1786554847659
6a7ca9de5c7cd75eb8310358,airbuds,oneplus-logo-original.webp,oneplus logo original,OnePlus,C08,Audio,LOW,folder mapping: airbuds -> Audio | CONFLICT: folder maps to Audio but brand OnePlus belongs to Smartphones,https://ik.imagekit.io/0iaahkrcv/airbuds/oneplus-logo-original.webp?updatedAt=1786554847669
6a7ca9df5c7cd75eb83108b8,airbuds,oppo-logo-original (1).webp,oppo logo original,OPPO,C08,Audio,LOW,folder mapping: airbuds -> Audio | CONFLICT: folder maps to Audio but brand OPPO belongs to Smartphones,https://ik.imagekit.io/0iaahkrcv/airbuds/oppo-logo-original%20(1).webp?updatedAt=1786554847973
6a7ca9df5c7cd75eb83105b9,airbuds,oppo-logo-original (2).webp,oppo logo original,OPPO,C08,Audio,LOW,folder mapping: airbuds -> Audio | CONFLICT: folder maps to Audio but brand OPPO belongs to Smartphones,https://ik.imagekit.io/0iaahkrcv/airbuds/oppo-logo-original%20(2).webp?updatedAt=1786554847757
6a7ca9df5c7cd75eb8310cf5,airbuds,oppo-logo-original (3).webp,oppo logo original,OPPO,C08,Audio,LOW,folder mapping: airbuds -> Audio | CONFLICT: folder maps to Audio but brand OPPO belongs to Smartphones,https://ik.imagekit.io/0iaahkrcv/airbuds/oppo-logo-original%20(3).webp?updatedAt=1786554847978
6a7ca9df5c7cd75eb83108ae,airbuds,oppo-logo-original (4).webp,oppo logo original,OPPO,C08,Audio,LOW,folder mapping: airbuds -> Audio | CONFLICT: folder maps to Audio but brand OPPO belongs to Smartphones,https://ik.imagekit.io/0iaahkrcv/airbuds/oppo-logo-original%20(4).webp?updatedAt=1786554847926
6a7ca9df5c7cd75eb8310864,airbuds,oppo-logo-original.webp,oppo logo original,OPPO,C08,Audio,LOW,folder mapping: airbuds -> Audio | CONFLICT: folder maps to Audio but brand OPPO belongs to Smartphones,https://ik.imagekit.io/0iaahkrcv/airbuds/oppo-logo-original.webp?updatedAt=1786554847834
6a7ca9e75c7cd75eb83171d3,airbuds,Powerbeats-Fit-c-medium (1).webp,Powerbeats Fit c medium,,C08,Audio,HIGH,folder mapping: airbuds -> Audio,https://ik.imagekit.io/0iaahkrcv/airbuds/Powerbeats-Fit-c-medium%20(1).webp?updatedAt=1786554855734
6a7ca9e75c7cd75eb8317263,airbuds,Powerbeats-Fit-c-medium (2).webp,Powerbeats Fit c medium,,C08,Audio,HIGH,folder mapping: airbuds -> Audio,https://ik.imagekit.io/0iaahkrcv/airbuds/Powerbeats-Fit-c-medium%20(2).webp?updatedAt=1786554855892
6a7ca9e75c7cd75eb83171da,airbuds,Powerbeats-Fit-c-medium (3).webp,Powerbeats Fit c medium,,C08,Audio,HIGH,folder mapping: airbuds -> Audio,https://ik.imagekit.io/0iaahkrcv/airbuds/Powerbeats-Fit-c-medium%20(3).webp?updatedAt=1786554855877
6a7ca9e75c7cd75eb83171ce,airbuds,Powerbeats-Fit-c-medium (4).webp,Powerbeats Fit c medium,,C08,Audio,HIGH,folder mapping: airbuds -> Audio,https://ik.imagekit.io/0iaahkrcv/airbuds/Powerbeats-Fit-c-medium%20(4).webp?updatedAt=1786554855834
6a7ca9e75c7cd75eb83171ed,airbuds,Powerbeats-Fit-c-medium (5).webp,Powerbeats Fit c medium,,C08,Audio,HIGH,folder mapping: airbuds -> Audio,https://ik.imagekit.io/0iaahkrcv/airbuds/Powerbeats-Fit-c-medium%20(5).webp?updatedAt=1786554855849
6a7ca9e75c7cd75eb8317228,airbuds,Powerbeats-Fit-c-medium.webp,Powerbeats Fit c medium,,C08,Audio,HIGH,folder mapping: airbuds -> Audio,https://ik.imagekit.io/0iaahkrcv/airbuds/Powerbeats-Fit-c-medium.webp?updatedAt=1786554855954
6a7ca9e75c7cd75eb8317221,airbuds,Powerbeats-Pro-2-e-medium (1).webp,Powerbeats Pro 2 e medium,,C08,Audio,HIGH,folder mapping: airbuds -> Audio,https://ik.imagekit.io/0iaahkrcv/airbuds/Powerbeats-Pro-2-e-medium%20(1).webp?updatedAt=1786554855934
6a7ca9e75c7cd75eb83171dd,airbuds,Powerbeats-Pro-2-e-medium (2).webp,Powerbeats Pro 2 e medium,,C08,Audio,HIGH,folder mapping: airbuds -> Audio,https://ik.imagekit.io/0iaahkrcv/airbuds/Powerbeats-Pro-2-e-medium%20(2).webp?updatedAt=1786554855938
6a7ca9e75c7cd75eb831731f,airbuds,Powerbeats-Pro-2-e-medium (3).webp,Powerbeats Pro 2 e medium,,C08,Audio,HIGH,folder mapping: airbuds -> Audio,https://ik.imagekit.io/0iaahkrcv/airbuds/Powerbeats-Pro-2-e-medium%20(3).webp?updatedAt=1786554856007
6a7ca9e75c7cd75eb83172fe,airbuds,Powerbeats-Pro-2-e-medium (4).webp,Powerbeats Pro 2 e medium,,C08,Audio,HIGH,folder mapping: airbuds -> Audio,https://ik.imagekit.io/0iaahkrcv/airbuds/Powerbeats-Pro-2-e-medium%20(4).webp?updatedAt=1786554855980
6a7ca9e75c7cd75eb8317268,airbuds,Powerbeats-Pro-2-e-medium (5).webp,Powerbeats Pro 2 e medium,,C08,Audio,HIGH,folder mapping: airbuds -> Audio,https://ik.imagekit.io/0iaahkrcv/airbuds/Powerbeats-Pro-2-e-medium%20(5).webp?updatedAt=1786554855950
6a7ca9e75c7cd75eb83171e3,airbuds,Powerbeats-Pro-2-e-medium.webp,Powerbeats Pro 2 e medium,,C08,Audio,HIGH,folder mapping: airbuds -> Audio,https://ik.imagekit.io/0iaahkrcv/airbuds/Powerbeats-Pro-2-e-medium.webp?updatedAt=1786554855755
6a7ca9e75c7cd75eb83171e8,airbuds,Powerbeats-Pro-medium (1).webp,Powerbeats Pro medium,,C08,Audio,HIGH,folder mapping: airbuds -> Audio,https://ik.imagekit.io/0iaahkrcv/airbuds/Powerbeats-Pro-medium%20(1).webp?updatedAt=1786554855763
6a7ca9e75c7cd75eb8317249,airbuds,Powerbeats-Pro-medium (2).webp,Powerbeats Pro medium,,C08,Audio,HIGH,folder mapping: airbuds -> Audio,https://ik.imagekit.io/0iaahkrcv/airbuds/Powerbeats-Pro-medium%20(2).webp?updatedAt=1786554855900
6a7ca9e75c7cd75eb83171e2,airbuds,Powerbeats-Pro-medium (3).webp,Powerbeats Pro medium,,C08,Audio,HIGH,folder mapping: airbuds -> Audio,https://ik.imagekit.io/0iaahkrcv/airbuds/Powerbeats-Pro-medium%20(3).webp?updatedAt=1786554855882
6a7ca9e75c7cd75eb8317235,airbuds,Powerbeats-Pro-medium (4).webp,Powerbeats Pro medium,,C08,Audio,HIGH,folder mapping: airbuds -> Audio,https://ik.imagekit.io/0iaahkrcv/airbuds/Powerbeats-Pro-medium%20(4).webp?updatedAt=1786554855974
6a7ca9e75c7cd75eb8317276,airbuds,Powerbeats-Pro-medium (5).webp,Powerbeats Pro medium,,C08,Audio,HIGH,folder mapping: airbuds -> Audio,https://ik.imagekit.io/0iaahkrcv/airbuds/Powerbeats-Pro-medium%20(5).webp?updatedAt=1786554856019
6a7ca9e75c7cd75eb831722b,airbuds,Powerbeats-Pro-medium.webp,Powerbeats Pro medium,,C08,Audio,HIGH,folder mapping: airbuds -> Audio,https://ik.imagekit.io/0iaahkrcv/airbuds/Powerbeats-Pro-medium.webp?updatedAt=1786554855947
6a7ca9e75c7cd75eb8317231,airbuds,realme-logo-original (1).webp,realme logo original,Realme,C08,Audio,LOW,folder mapping: airbuds -> Audio | CONFLICT: folder maps to Audio but brand Realme belongs to Smartphones,https://ik.imagekit.io/0iaahkrcv/airbuds/realme-logo-original%20(1).webp?updatedAt=1786554855949
6a7ca9e75c7cd75eb8317256,airbuds,realme-logo-original (2).webp,realme logo original,Realme,C08,Audio,LOW,folder mapping: airbuds -> Audio | CONFLICT: folder maps to Audio but brand Realme belongs to Smartphones,https://ik.imagekit.io/0iaahkrcv/airbuds/realme-logo-original%20(2).webp?updatedAt=1786554855878
6a7ca9e75c7cd75eb831735d,airbuds,realme-logo-original (3).webp,realme logo original,Realme,C08,Audio,LOW,folder mapping: airbuds -> Audio | CONFLICT: folder maps to Audio but brand Realme belongs to Smartphones,https://ik.imagekit.io/0iaahkrcv/airbuds/realme-logo-original%20(3).webp?updatedAt=1786554855963
6a7ca9e75c7cd75eb8317572,airbuds,realme-logo-original (4).webp,realme logo original,Realme,C08,Audio,LOW,folder mapping: airbuds -> Audio | CONFLICT: folder maps to Audio but brand Realme belongs to Smartphones,https://ik.imagekit.io/0iaahkrcv/airbuds/realme-logo-original%20(4).webp?updatedAt=1786554856111
6a7ca9e75c7cd75eb83179b0,airbuds,realme-logo-original.webp,realme logo original,Realme,C08,Audio,LOW,folder mapping: airbuds -> Audio | CONFLICT: folder maps to Audio but brand Realme belongs to Smartphones,https://ik.imagekit.io/0iaahkrcv/airbuds/realme-logo-original.webp?updatedAt=1786554856254
6a7ca9e75c7cd75eb8317eb3,airbuds,search.7d254c6.svg,search.7d254c6,,C08,Audio,HIGH,folder mapping: airbuds -> Audio,https://ik.imagekit.io/0iaahkrcv/airbuds/search.7d254c6.svg?updatedAt=1786554856493
6a7ca9e85c7cd75eb831876c,airbuds,whatsapp (1).svg,whatsapp,,C08,Audio,HIGH,folder mapping: airbuds -> Audio,https://ik.imagekit.io/0iaahkrcv/airbuds/whatsapp%20(1).svg?updatedAt=1786554856975
6a7ca9e85c7cd75eb8318770,airbuds,whatsapp.svg,whatsapp,,C08,Audio,HIGH,folder mapping: airbuds -> Audio,https://ik.imagekit.io/0iaahkrcv/airbuds/whatsapp.svg?updatedAt=1786554856902
6a7caadc5c7cd75eb840f572,airbuds2,app-logo-desktop.svg,app logo desktop,,C08,Audio,HIGH,folder mapping: airbuds2 -> Audio,https://ik.imagekit.io/0iaahkrcv/airbuds2/app-logo-desktop.svg?updatedAt=1786555100844
6a7caadc5c7cd75eb840f7b9,airbuds2,chevron-down.8ee3574.svg,chevron down.8ee3574,,C08,Audio,HIGH,folder mapping: airbuds2 -> Audio,https://ik.imagekit.io/0iaahkrcv/airbuds2/chevron-down.8ee3574.svg?updatedAt=1786555100894
6a7caadb5c7cd75eb840ef7c,airbuds2,download (1).svg,download,,C08,Audio,HIGH,folder mapping: airbuds2 -> Audio,https://ik.imagekit.io/0iaahkrcv/airbuds2/download%20(1).svg?updatedAt=1786555100559
6a7caadb5c7cd75eb840ef94,airbuds2,download (10).svg,download,,C08,Audio,HIGH,folder mapping: airbuds2 -> Audio,https://ik.imagekit.io/0iaahkrcv/airbuds2/download%20(10).svg?updatedAt=1786555100574
6a7caadc5c7cd75eb840f829,airbuds2,download (11).svg,download,,C08,Audio,HIGH,folder mapping: airbuds2 -> Audio,https://ik.imagekit.io/0iaahkrcv/airbuds2/download%20(11).svg?updatedAt=1786555100956
6a7caadc5c7cd75eb840f93b,airbuds2,download (12).svg,download,,C08,Audio,HIGH,folder mapping: airbuds2 -> Audio,https://ik.imagekit.io/0iaahkrcv/airbuds2/download%20(12).svg?updatedAt=1786555100995
6a7caadc5c7cd75eb840fd78,airbuds2,download (13).svg,download,,C08,Audio,HIGH,folder mapping: airbuds2 -> Audio,https://ik.imagekit.io/0iaahkrcv/airbuds2/download%20(13).svg?updatedAt=1786555101308
6a7caadc5c7cd75eb840f9b0,airbuds2,download (14).svg,download,,C08,Audio,HIGH,folder mapping: airbuds2 -> Audio,https://ik.imagekit.io/0iaahkrcv/airbuds2/download%20(14).svg?updatedAt=1786555101042
6a7caadc5c7cd75eb840f68a,airbuds2,download (15).svg,download,,C08,Audio,HIGH,folder mapping: airbuds2 -> Audio,https://ik.imagekit.io/0iaahkrcv/airbuds2/download%20(15).svg?updatedAt=1786555100815
6a7caadc5c7cd75eb840feb1,airbuds2,download (16).svg,download,,C08,Audio,HIGH,folder mapping: airbuds2 -> Audio,https://ik.imagekit.io/0iaahkrcv/airbuds2/download%20(16).svg?updatedAt=1786555101406
6a7caadc5c7cd75eb84103d3,airbuds2,download (17).svg,download,,C08,Audio,HIGH,folder mapping: airbuds2 -> Audio,https://ik.imagekit.io/0iaahkrcv/airbuds2/download%20(17).svg?updatedAt=1786555101568
6a7caadc5c7cd75eb840f7c4,airbuds2,download (2).svg,download,,C08,Audio,HIGH,folder mapping: airbuds2 -> Audio,https://ik.imagekit.io/0iaahkrcv/airbuds2/download%20(2).svg?updatedAt=1786555100960
6a7caadc5c7cd75eb840f83b,airbuds2,download (3).svg,download,,C08,Audio,HIGH,folder mapping: airbuds2 -> Audio,https://ik.imagekit.io/0iaahkrcv/airbuds2/download%20(3).svg?updatedAt=1786555100902
6a7caadc5c7cd75eb840f9d9,airbuds2,download (4).svg,download,,C08,Audio,HIGH,folder mapping: airbuds2 -> Audio,https://ik.imagekit.io/0iaahkrcv/airbuds2/download%20(4).svg?updatedAt=1786555101052
6a7caadc5c7cd75eb840f9b8,airbuds2,download (5).svg,download,,C08,Audio,HIGH,folder mapping: airbuds2 -> Audio,https://ik.imagekit.io/0iaahkrcv/airbuds2/download%20(5).svg?updatedAt=1786555101017
6a7caadc5c7cd75eb840fd4c,airbuds2,download (6).svg,download,,C08,Audio,HIGH,folder mapping: airbuds2 -> Audio,https://ik.imagekit.io/0iaahkrcv/airbuds2/download%20(6).svg?updatedAt=1786555101311
6a7caadc5c7cd75eb840fdc3,airbuds2,download (7).svg,download,,C08,Audio,HIGH,folder mapping: airbuds2 -> Audio,https://ik.imagekit.io/0iaahkrcv/airbuds2/download%20(7).svg?updatedAt=1786555101335
6a7caadc5c7cd75eb840f687,airbuds2,download (8).svg,download,,C08,Audio,HIGH,folder mapping: airbuds2 -> Audio,https://ik.imagekit.io/0iaahkrcv/airbuds2/download%20(8).svg?updatedAt=1786555100834
6a7caadc5c7cd75eb840f6f3,airbuds2,download (9).svg,download,,C08,Audio,HIGH,folder mapping: airbuds2 -> Audio,https://ik.imagekit.io/0iaahkrcv/airbuds2/download%20(9).svg?updatedAt=1786555100834
6a7caadc5c7cd75eb840f9b5,airbuds2,download.svg,download,,C08,Audio,HIGH,folder mapping: airbuds2 -> Audio,https://ik.imagekit.io/0iaahkrcv/airbuds2/download.svg?updatedAt=1786555101075
6a7caadd5c7cd75eb8411077,airbuds2,loader.631b9ed.svg,loader.631b9ed,,C08,Audio,HIGH,folder mapping: airbuds2 -> Audio,https://ik.imagekit.io/0iaahkrcv/airbuds2/loader.631b9ed.svg?updatedAt=1786555102187
6a7caae45c7cd75eb8417e47,airbuds2,OnePlus-Buds-3-b-medium (1).webp,OnePlus Buds 3 b medium,OnePlus,C08,Audio,LOW,folder mapping: airbuds2 -> Audio | CONFLICT: folder maps to Audio but brand OnePlus belongs to Smartphones,https://ik.imagekit.io/0iaahkrcv/airbuds2/OnePlus-Buds-3-b-medium%20(1).webp?updatedAt=1786555108985
6a7caae45c7cd75eb8417ee2,airbuds2,OnePlus-Buds-3-b-medium (2).webp,OnePlus Buds 3 b medium,OnePlus,C08,Audio,LOW,folder mapping: airbuds2 -> Audio | CONFLICT: folder maps to Audio but brand OnePlus belongs to Smartphones,https://ik.imagekit.io/0iaahkrcv/airbuds2/OnePlus-Buds-3-b-medium%20(2).webp?updatedAt=1786555109020
6a7caae45c7cd75eb84181b0,airbuds2,OnePlus-Buds-3-b-medium.webp,OnePlus Buds 3 b medium,OnePlus,C08,Audio,LOW,folder mapping: airbuds2 -> Audio | CONFLICT: folder maps to Audio but brand OnePlus belongs to Smartphones,https://ik.imagekit.io/0iaahkrcv/airbuds2/OnePlus-Buds-3-b-medium.webp?updatedAt=1786555109292
6a7caae45c7cd75eb84181ca,airbuds2,oneplus-buds-4d-medium (1).webp,oneplus buds 4d medium,OnePlus,C08,Audio,LOW,folder mapping: airbuds2 -> Audio | CONFLICT: folder maps to Audio but brand OnePlus belongs to Smartphones,https://ik.imagekit.io/0iaahkrcv/airbuds2/oneplus-buds-4d-medium%20(1).webp?updatedAt=1786555109285
6a7caae45c7cd75eb841832e,airbuds2,oneplus-buds-4d-medium (2).webp,oneplus buds 4d medium,OnePlus,C08,Audio,LOW,folder mapping: airbuds2 -> Audio | CONFLICT: folder maps to Audio but brand OnePlus belongs to Smartphones,https://ik.imagekit.io/0iaahkrcv/airbuds2/oneplus-buds-4d-medium%20(2).webp?updatedAt=1786555109609
6a7caae45c7cd75eb84182e4,airbuds2,oneplus-buds-4d-medium.webp,oneplus buds 4d medium,OnePlus,C08,Audio,LOW,folder mapping: airbuds2 -> Audio | CONFLICT: folder maps to Audio but brand OnePlus belongs to Smartphones,https://ik.imagekit.io/0iaahkrcv/airbuds2/oneplus-buds-4d-medium.webp?updatedAt=1786555109515
6a7caae45c7cd75eb8418293,airbuds2,Oneplus-Buds-Pro-2-e-medium (1).webp,Oneplus Buds Pro 2 e medium,OnePlus,C08,Audio,LOW,folder mapping: airbuds2 -> Audio | CONFLICT: folder maps to Audio but brand OnePlus belongs to Smartphones,https://ik.imagekit.io/0iaahkrcv/airbuds2/Oneplus-Buds-Pro-2-e-medium%20(1).webp?updatedAt=1786555109416
6a7caae45c7cd75eb84182d3,airbuds2,Oneplus-Buds-Pro-2-e-medium (2).webp,Oneplus Buds Pro 2 e medium,OnePlus,C08,Audio,LOW,folder mapping: airbuds2 -> Audio | CONFLICT: folder maps to Audio but brand OnePlus belongs to Smartphones,https://ik.imagekit.io/0iaahkrcv/airbuds2/Oneplus-Buds-Pro-2-e-medium%20(2).webp?updatedAt=1786555109478
6a7caae45c7cd75eb84182d7,airbuds2,Oneplus-Buds-Pro-2-e-medium.webp,Oneplus Buds Pro 2 e medium,OnePlus,C08,Audio,LOW,folder mapping: airbuds2 -> Audio | CONFLICT: folder maps to Audio but brand OnePlus belongs to Smartphones,https://ik.imagekit.io/0iaahkrcv/airbuds2/Oneplus-Buds-Pro-2-e-medium.webp?updatedAt=1786555109465
6a7caae45c7cd75eb8418314,airbuds2,oneplus-buds-pro-7BKRjVu59N-medium (1).webp,oneplus buds pro 7BKRjVu59N medium,OnePlus,C08,Audio,LOW,folder mapping: airbuds2 -> Audio | CONFLICT: folder maps to Audio but brand OnePlus belongs to Smartphones,https://ik.imagekit.io/0iaahkrcv/airbuds2/oneplus-buds-pro-7BKRjVu59N-medium%20(1).webp?updatedAt=1786555109564
6a7caae55c7cd75eb841865d,airbuds2,oneplus-buds-pro-7BKRjVu59N-medium (2).webp,oneplus buds pro 7BKRjVu59N medium,OnePlus,C08,Audio,LOW,folder mapping: airbuds2 -> Audio | CONFLICT: folder maps to Audio but brand OnePlus belongs to Smartphones,https://ik.imagekit.io/0iaahkrcv/airbuds2/oneplus-buds-pro-7BKRjVu59N-medium%20(2).webp?updatedAt=1786555110357
6a7caae55c7cd75eb841863b,airbuds2,oneplus-buds-pro-7BKRjVu59N-medium.webp,oneplus buds pro 7BKRjVu59N medium,OnePlus,C08,Audio,LOW,folder mapping: airbuds2 -> Audio | CONFLICT: folder maps to Audio but brand OnePlus belongs to Smartphones,https://ik.imagekit.io/0iaahkrcv/airbuds2/oneplus-buds-pro-7BKRjVu59N-medium.webp?updatedAt=1786555110277
6a7caae55c7cd75eb841861f,airbuds2,oneplus-logo-original (1).webp,oneplus logo original,OnePlus,C08,Audio,LOW,folder mapping: airbuds2 -> Audio | CONFLICT: folder maps to Audio but brand OnePlus belongs to Smartphones,https://ik.imagekit.io/0iaahkrcv/airbuds2/oneplus-logo-original%20(1).webp?updatedAt=1786555110217
6a7caae55c7cd75eb8418638,airbuds2,oneplus-logo-original (2).webp,oneplus logo original,OnePlus,C08,Audio,LOW,folder mapping: airbuds2 -> Audio | CONFLICT: folder maps to Audio but brand OnePlus belongs to Smartphones,https://ik.imagekit.io/0iaahkrcv/airbuds2/oneplus-logo-original%20(2).webp?updatedAt=1786555110241
6a7caae55c7cd75eb841863d,airbuds2,oneplus-logo-original.webp,oneplus logo original,OnePlus,C08,Audio,LOW,folder mapping: airbuds2 -> Audio | CONFLICT: folder maps to Audio but brand OnePlus belongs to Smartphones,https://ik.imagekit.io/0iaahkrcv/airbuds2/oneplus-logo-original.webp?updatedAt=1786555110209
6a7caae55c7cd75eb841866f,airbuds2,Oneplus-Nord-Buds-3-Pro-medium (1).webp,Oneplus Nord Buds 3 Pro medium,OnePlus,C08,Audio,LOW,folder mapping: airbuds2 -> Audio | CONFLICT: folder maps to Audio but brand OnePlus belongs to Smartphones,https://ik.imagekit.io/0iaahkrcv/airbuds2/Oneplus-Nord-Buds-3-Pro-medium%20(1).webp?updatedAt=1786555110389
6a7caae55c7cd75eb8418659,airbuds2,Oneplus-Nord-Buds-3-Pro-medium (2).webp,Oneplus Nord Buds 3 Pro medium,OnePlus,C08,Audio,LOW,folder mapping: airbuds2 -> Audio | CONFLICT: folder maps to Audio but brand OnePlus belongs to Smartphones,https://ik.imagekit.io/0iaahkrcv/airbuds2/Oneplus-Nord-Buds-3-Pro-medium%20(2).webp?updatedAt=1786555110347
6a7caae55c7cd75eb841867e,airbuds2,Oneplus-Nord-Buds-3-Pro-medium.webp,Oneplus Nord Buds 3 Pro medium,OnePlus,C08,Audio,LOW,folder mapping: airbuds2 -> Audio | CONFLICT: folder maps to Audio but brand OnePlus belongs to Smartphones,https://ik.imagekit.io/0iaahkrcv/airbuds2/Oneplus-Nord-Buds-3-Pro-medium.webp?updatedAt=1786555110362
6a7caae55c7cd75eb841868f,airbuds2,oneplusnordbudsced-medium (1).webp,oneplusnordbudsced medium,OnePlus,C08,Audio,LOW,folder mapping: airbuds2 -> Audio | CONFLICT: folder maps to Audio but brand OnePlus belongs to Smartphones,https://ik.imagekit.io/0iaahkrcv/airbuds2/oneplusnordbudsced-medium%20(1).webp?updatedAt=1786555110402
6a7caae55c7cd75eb841869a,airbuds2,oneplusnordbudsced-medium (2).webp,oneplusnordbudsced medium,OnePlus,C08,Audio,LOW,folder mapping: airbuds2 -> Audio | CONFLICT: folder maps to Audio but brand OnePlus belongs to Smartphones,https://ik.imagekit.io/0iaahkrcv/airbuds2/oneplusnordbudsced-medium%20(2).webp?updatedAt=1786555110382
6a7caae55c7cd75eb84186a9,airbuds2,oneplusnordbudsced-medium.webp,oneplusnordbudsced medium,OnePlus,C08,Audio,LOW,folder mapping: airbuds2 -> Audio | CONFLICT: folder maps to Audio but brand OnePlus belongs to Smartphones,https://ik.imagekit.io/0iaahkrcv/airbuds2/oneplusnordbudsced-medium.webp?updatedAt=1786555110407
6a7caae55c7cd75eb84186a8,airbuds2,oppo-logo-original (1).webp,oppo logo original,OPPO,C08,Audio,LOW,folder mapping: airbuds2 -> Audio | CONFLICT: folder maps to Audio but brand OPPO belongs to Smartphones,https://ik.imagekit.io/0iaahkrcv/airbuds2/oppo-logo-original%20(1).webp?updatedAt=1786555110355
6a7caae55c7cd75eb8418663,airbuds2,oppo-logo-original (2).webp,oppo logo original,OPPO,C08,Audio,LOW,folder mapping: airbuds2 -> Audio | CONFLICT: folder maps to Audio but brand OPPO belongs to Smartphones,https://ik.imagekit.io/0iaahkrcv/airbuds2/oppo-logo-original%20(2).webp?updatedAt=1786555110252
6a7caae55c7cd75eb8418674,airbuds2,oppo-logo-original.webp,oppo logo original,OPPO,C08,Audio,LOW,folder mapping: airbuds2 -> Audio | CONFLICT: folder maps to Audio but brand OPPO belongs to Smartphones,https://ik.imagekit.io/0iaahkrcv/airbuds2/oppo-logo-original.webp?updatedAt=1786555110253
6a7caae55c7cd75eb841870b,airbuds2,realme-logo-original (1).webp,realme logo original,Realme,C08,Audio,LOW,folder mapping: airbuds2 -> Audio | CONFLICT: folder maps to Audio but brand Realme belongs to Smartphones,https://ik.imagekit.io/0iaahkrcv/airbuds2/realme-logo-original%20(1).webp?updatedAt=1786555110437
6a7caae55c7cd75eb8418685,airbuds2,realme-logo-original (2).webp,realme logo original,Realme,C08,Audio,LOW,folder mapping: airbuds2 -> Audio | CONFLICT: folder maps to Audio but brand Realme belongs to Smartphones,https://ik.imagekit.io/0iaahkrcv/airbuds2/realme-logo-original%20(2).webp?updatedAt=1786555110291
6a7caae55c7cd75eb8418677,airbuds2,realme-logo-original.webp,realme logo original,Realme,C08,Audio,LOW,folder mapping: airbuds2 -> Audio | CONFLICT: folder maps to Audio but brand Realme belongs to Smartphones,https://ik.imagekit.io/0iaahkrcv/airbuds2/realme-logo-original.webp?updatedAt=1786555110275
6a7caae55c7cd75eb84186d5,airbuds2,search.7d254c6.svg,search.7d254c6,,C08,Audio,HIGH,folder mapping: airbuds2 -> Audio,https://ik.imagekit.io/0iaahkrcv/airbuds2/search.7d254c6.svg?updatedAt=1786555110415
6a7caae55c7cd75eb8418739,airbuds2,whatsapp.svg,whatsapp,,C08,Audio,HIGH,folder mapping: airbuds2 -> Audio,https://ik.imagekit.io/0iaahkrcv/airbuds2/whatsapp.svg?updatedAt=1786555110505
6a7cab5e5c7cd75eb8493499,airbuds3,app-logo-desktop.svg,app logo desktop,,C08,Audio,HIGH,folder mapping: airbuds3 -> Audio,https://ik.imagekit.io/0iaahkrcv/airbuds3/app-logo-desktop.svg?updatedAt=1786555231504
6a7cab5e5c7cd75eb8492923,airbuds3,chevron-down.8ee3574.svg,chevron down.8ee3574,,C08,Audio,HIGH,folder mapping: airbuds3 -> Audio,https://ik.imagekit.io/0iaahkrcv/airbuds3/chevron-down.8ee3574.svg?updatedAt=1786555230977
6a7cab5e5c7cd75eb8493478,airbuds3,download (1).svg,download,,C08,Audio,HIGH,folder mapping: airbuds3 -> Audio,https://ik.imagekit.io/0iaahkrcv/airbuds3/download%20(1).svg?updatedAt=1786555231519
6a7cab5e5c7cd75eb8492e2e,airbuds3,download (10).svg,download,,C08,Audio,HIGH,folder mapping: airbuds3 -> Audio,https://ik.imagekit.io/0iaahkrcv/airbuds3/download%20(10).svg?updatedAt=1786555231384
6a7cab5e5c7cd75eb8492e36,airbuds3,download (11).svg,download,,C08,Audio,HIGH,folder mapping: airbuds3 -> Audio,https://ik.imagekit.io/0iaahkrcv/airbuds3/download%20(11).svg?updatedAt=1786555231218
6a7cab5e5c7cd75eb8493447,airbuds3,download (12).svg,download,,C08,Audio,HIGH,folder mapping: airbuds3 -> Audio,https://ik.imagekit.io/0iaahkrcv/airbuds3/download%20(12).svg?updatedAt=1786555231473
6a7cab5e5c7cd75eb84934dd,airbuds3,download (13).svg,download,,C08,Audio,HIGH,folder mapping: airbuds3 -> Audio,https://ik.imagekit.io/0iaahkrcv/airbuds3/download%20(13).svg?updatedAt=1786555231886
6a7cab5e5c7cd75eb8493626,airbuds3,download (14).svg,download,,C08,Audio,HIGH,folder mapping: airbuds3 -> Audio,https://ik.imagekit.io/0iaahkrcv/airbuds3/download%20(14).svg?updatedAt=1786555231595
6a7cab5e5c7cd75eb8493385,airbuds3,download (15).svg,download,,C08,Audio,HIGH,folder mapping: airbuds3 -> Audio,https://ik.imagekit.io/0iaahkrcv/airbuds3/download%20(15).svg?updatedAt=1786555231499
6a7cab5e5c7cd75eb8493074,airbuds3,download (16).svg,download,,C08,Audio,HIGH,folder mapping: airbuds3 -> Audio,https://ik.imagekit.io/0iaahkrcv/airbuds3/download%20(16).svg?updatedAt=1786555231347
6a7cab5e5c7cd75eb849343d,airbuds3,download (17).svg,download,,C08,Audio,HIGH,folder mapping: airbuds3 -> Audio,https://ik.imagekit.io/0iaahkrcv/airbuds3/download%20(17).svg?updatedAt=1786555231500
6a7cab5e5c7cd75eb8492e7e,airbuds3,download (2).svg,download,,C08,Audio,HIGH,folder mapping: airbuds3 -> Audio,https://ik.imagekit.io/0iaahkrcv/airbuds3/download%20(2).svg?updatedAt=1786555231286
6a7cab5e5c7cd75eb8493352,airbuds3,download (3).svg,download,,C08,Audio,HIGH,folder mapping: airbuds3 -> Audio,https://ik.imagekit.io/0iaahkrcv/airbuds3/download%20(3).svg?updatedAt=1786555231459
6a7cab5e5c7cd75eb8493452,airbuds3,download (4).svg,download,,C08,Audio,HIGH,folder mapping: airbuds3 -> Audio,https://ik.imagekit.io/0iaahkrcv/airbuds3/download%20(4).svg?updatedAt=1786555231411
6a7cab5e5c7cd75eb8492f2e,airbuds3,download (5).svg,download,,C08,Audio,HIGH,folder mapping: airbuds3 -> Audio,https://ik.imagekit.io/0iaahkrcv/airbuds3/download%20(5).svg?updatedAt=1786555231347
6a7cab5e5c7cd75eb8493316,airbuds3,download (6).svg,download,,C08,Audio,HIGH,folder mapping: airbuds3 -> Audio,https://ik.imagekit.io/0iaahkrcv/airbuds3/download%20(6).svg?updatedAt=1786555231464
6a7cab5e5c7cd75eb84929de,airbuds3,download (7).svg,download,,C08,Audio,HIGH,folder mapping: airbuds3 -> Audio,https://ik.imagekit.io/0iaahkrcv/airbuds3/download%20(7).svg?updatedAt=1786555231059
6a7cab5e5c7cd75eb84929d8,airbuds3,download (8).svg,download,,C08,Audio,HIGH,folder mapping: airbuds3 -> Audio,https://ik.imagekit.io/0iaahkrcv/airbuds3/download%20(8).svg?updatedAt=1786555231121
6a7cab5e5c7cd75eb8492eeb,airbuds3,download (9).svg,download,,C08,Audio,HIGH,folder mapping: airbuds3 -> Audio,https://ik.imagekit.io/0iaahkrcv/airbuds3/download%20(9).svg?updatedAt=1786555231241
6a7cab5e5c7cd75eb8492e41,airbuds3,download.svg,download,,C08,Audio,HIGH,folder mapping: airbuds3 -> Audio,https://ik.imagekit.io/0iaahkrcv/airbuds3/download.svg?updatedAt=1786555231281
6a7cab5e5c7cd75eb84937a8,airbuds3,loader.631b9ed.svg,loader.631b9ed,,C08,Audio,HIGH,folder mapping: airbuds3 -> Audio,https://ik.imagekit.io/0iaahkrcv/airbuds3/loader.631b9ed.svg?updatedAt=1786555231659
6a7cab675c7cd75eb849cd3b,airbuds3,OnePlus-Buds-3-b-medium (1).webp,OnePlus Buds 3 b medium,OnePlus,C08,Audio,LOW,folder mapping: airbuds3 -> Audio | CONFLICT: folder maps to Audio but brand OnePlus belongs to Smartphones,https://ik.imagekit.io/0iaahkrcv/airbuds3/OnePlus-Buds-3-b-medium%20(1).webp?updatedAt=1786555240080
6a7cab675c7cd75eb849cc27,airbuds3,OnePlus-Buds-3-b-medium (2).webp,OnePlus Buds 3 b medium,OnePlus,C08,Audio,LOW,folder mapping: airbuds3 -> Audio | CONFLICT: folder maps to Audio but brand OnePlus belongs to Smartphones,https://ik.imagekit.io/0iaahkrcv/airbuds3/OnePlus-Buds-3-b-medium%20(2).webp?updatedAt=1786555240035
6a7cab675c7cd75eb849cc36,airbuds3,OnePlus-Buds-3-b-medium.webp,OnePlus Buds 3 b medium,OnePlus,C08,Audio,LOW,folder mapping: airbuds3 -> Audio | CONFLICT: folder maps to Audio but brand OnePlus belongs to Smartphones,https://ik.imagekit.io/0iaahkrcv/airbuds3/OnePlus-Buds-3-b-medium.webp?updatedAt=1786555240032
6a7cab675c7cd75eb849cd30,airbuds3,oneplus-buds-4d-medium (1).webp,oneplus buds 4d medium,OnePlus,C08,Audio,LOW,folder mapping: airbuds3 -> Audio | CONFLICT: folder maps to Audio but brand OnePlus belongs to Smartphones,https://ik.imagekit.io/0iaahkrcv/airbuds3/oneplus-buds-4d-medium%20(1).webp?updatedAt=1786555240056
6a7cab675c7cd75eb849cd6e,airbuds3,oneplus-buds-4d-medium (2).webp,oneplus buds 4d medium,OnePlus,C08,Audio,LOW,folder mapping: airbuds3 -> Audio | CONFLICT: folder maps to Audio but brand OnePlus belongs to Smartphones,https://ik.imagekit.io/0iaahkrcv/airbuds3/oneplus-buds-4d-medium%20(2).webp?updatedAt=1786555240083
6a7cab675c7cd75eb849cda4,airbuds3,oneplus-buds-4d-medium.webp,oneplus buds 4d medium,OnePlus,C08,Audio,LOW,folder mapping: airbuds3 -> Audio | CONFLICT: folder maps to Audio but brand OnePlus belongs to Smartphones,https://ik.imagekit.io/0iaahkrcv/airbuds3/oneplus-buds-4d-medium.webp?updatedAt=1786555240124
6a7cab675c7cd75eb849d474,airbuds3,Oneplus-Buds-Pro-2-e-medium (1).webp,Oneplus Buds Pro 2 e medium,OnePlus,C08,Audio,LOW,folder mapping: airbuds3 -> Audio | CONFLICT: folder maps to Audio but brand OnePlus belongs to Smartphones,https://ik.imagekit.io/0iaahkrcv/airbuds3/Oneplus-Buds-Pro-2-e-medium%20(1).webp?updatedAt=1786555240427
6a7cab675c7cd75eb849d484,airbuds3,Oneplus-Buds-Pro-2-e-medium (2).webp,Oneplus Buds Pro 2 e medium,OnePlus,C08,Audio,LOW,folder mapping: airbuds3 -> Audio | CONFLICT: folder maps to Audio but brand OnePlus belongs to Smartphones,https://ik.imagekit.io/0iaahkrcv/airbuds3/Oneplus-Buds-Pro-2-e-medium%20(2).webp?updatedAt=1786555240445
6a7cab675c7cd75eb849d4b2,airbuds3,Oneplus-Buds-Pro-2-e-medium.webp,Oneplus Buds Pro 2 e medium,OnePlus,C08,Audio,LOW,folder mapping: airbuds3 -> Audio | CONFLICT: folder maps to Audio but brand OnePlus belongs to Smartphones,https://ik.imagekit.io/0iaahkrcv/airbuds3/Oneplus-Buds-Pro-2-e-medium.webp?updatedAt=1786555240461
6a7cab675c7cd75eb849d391,airbuds3,oneplus-buds-pro-7BKRjVu59N-medium (1).webp,oneplus buds pro 7BKRjVu59N medium,OnePlus,C08,Audio,LOW,folder mapping: airbuds3 -> Audio | CONFLICT: folder maps to Audio but brand OnePlus belongs to Smartphones,https://ik.imagekit.io/0iaahkrcv/airbuds3/oneplus-buds-pro-7BKRjVu59N-medium%20(1).webp?updatedAt=1786555240355
6a7cab675c7cd75eb849d473,airbuds3,oneplus-buds-pro-7BKRjVu59N-medium (2).webp,oneplus buds pro 7BKRjVu59N medium,OnePlus,C08,Audio,LOW,folder mapping: airbuds3 -> Audio | CONFLICT: folder maps to Audio but brand OnePlus belongs to Smartphones,https://ik.imagekit.io/0iaahkrcv/airbuds3/oneplus-buds-pro-7BKRjVu59N-medium%20(2).webp?updatedAt=1786555240409
6a7cab675c7cd75eb849d4c7,airbuds3,oneplus-buds-pro-7BKRjVu59N-medium.webp,oneplus buds pro 7BKRjVu59N medium,OnePlus,C08,Audio,LOW,folder mapping: airbuds3 -> Audio | CONFLICT: folder maps to Audio but brand OnePlus belongs to Smartphones,https://ik.imagekit.io/0iaahkrcv/airbuds3/oneplus-buds-pro-7BKRjVu59N-medium.webp?updatedAt=1786555240437
6a7cab675c7cd75eb849d4e8,airbuds3,oneplus-logo-original (1).webp,oneplus logo original,OnePlus,C08,Audio,LOW,folder mapping: airbuds3 -> Audio | CONFLICT: folder maps to Audio but brand OnePlus belongs to Smartphones,https://ik.imagekit.io/0iaahkrcv/airbuds3/oneplus-logo-original%20(1).webp?updatedAt=1786555240509
6a7cab675c7cd75eb849d3d9,airbuds3,oneplus-logo-original (2).webp,oneplus logo original,OnePlus,C08,Audio,LOW,folder mapping: airbuds3 -> Audio | CONFLICT: folder maps to Audio but brand OnePlus belongs to Smartphones,https://ik.imagekit.io/0iaahkrcv/airbuds3/oneplus-logo-original%20(2).webp?updatedAt=1786555240366
6a7cab675c7cd75eb849d3f0,airbuds3,oneplus-logo-original.webp,oneplus logo original,OnePlus,C08,Audio,LOW,folder mapping: airbuds3 -> Audio | CONFLICT: folder maps to Audio but brand OnePlus belongs to Smartphones,https://ik.imagekit.io/0iaahkrcv/airbuds3/oneplus-logo-original.webp?updatedAt=1786555240362
6a7cab675c7cd75eb849d4fd,airbuds3,Oneplus-Nord-Buds-3-Pro-medium (1).webp,Oneplus Nord Buds 3 Pro medium,OnePlus,C08,Audio,LOW,folder mapping: airbuds3 -> Audio | CONFLICT: folder maps to Audio but brand OnePlus belongs to Smartphones,https://ik.imagekit.io/0iaahkrcv/airbuds3/Oneplus-Nord-Buds-3-Pro-medium%20(1).webp?updatedAt=1786555240478
6a7cab675c7cd75eb849d4e1,airbuds3,Oneplus-Nord-Buds-3-Pro-medium (2).webp,Oneplus Nord Buds 3 Pro medium,OnePlus,C08,Audio,LOW,folder mapping: airbuds3 -> Audio | CONFLICT: folder maps to Audio but brand OnePlus belongs to Smartphones,https://ik.imagekit.io/0iaahkrcv/airbuds3/Oneplus-Nord-Buds-3-Pro-medium%20(2).webp?updatedAt=1786555240506
6a7cab675c7cd75eb849d5bd,airbuds3,Oneplus-Nord-Buds-3-Pro-medium.webp,Oneplus Nord Buds 3 Pro medium,OnePlus,C08,Audio,LOW,folder mapping: airbuds3 -> Audio | CONFLICT: folder maps to Audio but brand OnePlus belongs to Smartphones,https://ik.imagekit.io/0iaahkrcv/airbuds3/Oneplus-Nord-Buds-3-Pro-medium.webp?updatedAt=1786555240486
6a7cab675c7cd75eb849d59c,airbuds3,oneplusnordbudsced-medium (1).webp,oneplusnordbudsced medium,OnePlus,C08,Audio,LOW,folder mapping: airbuds3 -> Audio | CONFLICT: folder maps to Audio but brand OnePlus belongs to Smartphones,https://ik.imagekit.io/0iaahkrcv/airbuds3/oneplusnordbudsced-medium%20(1).webp?updatedAt=1786555240510
6a7cab675c7cd75eb849d5ee,airbuds3,oneplusnordbudsced-medium (2).webp,oneplusnordbudsced medium,OnePlus,C08,Audio,LOW,folder mapping: airbuds3 -> Audio | CONFLICT: folder maps to Audio but brand OnePlus belongs to Smartphones,https://ik.imagekit.io/0iaahkrcv/airbuds3/oneplusnordbudsced-medium%20(2).webp?updatedAt=1786555240492
6a7cab675c7cd75eb849d516,airbuds3,oneplusnordbudsced-medium.webp,oneplusnordbudsced medium,OnePlus,C08,Audio,LOW,folder mapping: airbuds3 -> Audio | CONFLICT: folder maps to Audio but brand OnePlus belongs to Smartphones,https://ik.imagekit.io/0iaahkrcv/airbuds3/oneplusnordbudsced-medium.webp?updatedAt=1786555240387
6a7cab675c7cd75eb849d608,airbuds3,oppo-logo-original (1).webp,oppo logo original,OPPO,C08,Audio,LOW,folder mapping: airbuds3 -> Audio | CONFLICT: folder maps to Audio but brand OPPO belongs to Smartphones,https://ik.imagekit.io/0iaahkrcv/airbuds3/oppo-logo-original%20(1).webp?updatedAt=1786555240513
6a7cab675c7cd75eb849d4c2,airbuds3,oppo-logo-original (2).webp,oppo logo original,OPPO,C08,Audio,LOW,folder mapping: airbuds3 -> Audio | CONFLICT: folder maps to Audio but brand OPPO belongs to Smartphones,https://ik.imagekit.io/0iaahkrcv/airbuds3/oppo-logo-original%20(2).webp?updatedAt=1786555240451
6a7cab675c7cd75eb849d63c,airbuds3,oppo-logo-original.webp,oppo logo original,OPPO,C08,Audio,LOW,folder mapping: airbuds3 -> Audio | CONFLICT: folder maps to Audio but brand OPPO belongs to Smartphones,https://ik.imagekit.io/0iaahkrcv/airbuds3/oppo-logo-original.webp?updatedAt=1786555240516
6a7cab675c7cd75eb849d4c0,airbuds3,realme-logo-original (1).webp,realme logo original,Realme,C08,Audio,LOW,folder mapping: airbuds3 -> Audio | CONFLICT: folder maps to Audio but brand Realme belongs to Smartphones,https://ik.imagekit.io/0iaahkrcv/airbuds3/realme-logo-original%20(1).webp?updatedAt=1786555240408
6a7cab675c7cd75eb849d649,airbuds3,realme-logo-original (2).webp,realme logo original,Realme,C08,Audio,LOW,folder mapping: airbuds3 -> Audio | CONFLICT: folder maps to Audio but brand Realme belongs to Smartphones,https://ik.imagekit.io/0iaahkrcv/airbuds3/realme-logo-original%20(2).webp?updatedAt=1786555240506
6a7cab675c7cd75eb849d66f,airbuds3,realme-logo-original.webp,realme logo original,Realme,C08,Audio,LOW,folder mapping: airbuds3 -> Audio | CONFLICT: folder maps to Audio but brand Realme belongs to Smartphones,https://ik.imagekit.io/0iaahkrcv/airbuds3/realme-logo-original.webp?updatedAt=1786555240440
6a7cab675c7cd75eb849d666,airbuds3,search.7d254c6.svg,search.7d254c6,,C08,Audio,HIGH,folder mapping: airbuds3 -> Audio,https://ik.imagekit.io/0iaahkrcv/airbuds3/search.7d254c6.svg?updatedAt=1786555240456
6a7cab675c7cd75eb849d7d4,airbuds3,whatsapp.svg,whatsapp,,C08,Audio,HIGH,folder mapping: airbuds3 -> Audio,https://ik.imagekit.io/0iaahkrcv/airbuds3/whatsapp.svg?updatedAt=1786555240534
6a7cabb15c7cd75eb84e941f,airbuds4,app-logo-desktop.svg,app logo desktop,,C08,Audio,HIGH,folder mapping: airbuds4 -> Audio,https://ik.imagekit.io/0iaahkrcv/airbuds4/app-logo-desktop.svg?updatedAt=1786555313824
6a7cabb15c7cd75eb84e9df0,airbuds4,BoseSportEarbudg-medium (1).webp,BoseSportEarbudg medium,,C08,Audio,HIGH,folder mapping: airbuds4 -> Audio,https://ik.imagekit.io/0iaahkrcv/airbuds4/BoseSportEarbudg-medium%20(1).webp?updatedAt=1786555314188
6a7cabb15c7cd75eb84e9ec2,airbuds4,BoseSportEarbudg-medium (2).webp,BoseSportEarbudg medium,,C08,Audio,HIGH,folder mapping: airbuds4 -> Audio,https://ik.imagekit.io/0iaahkrcv/airbuds4/BoseSportEarbudg-medium%20(2).webp?updatedAt=1786555314323
6a7cabb15c7cd75eb84e9dc6,airbuds4,BoseSportEarbudg-medium.webp,BoseSportEarbudg medium,,C08,Audio,HIGH,folder mapping: airbuds4 -> Audio,https://ik.imagekit.io/0iaahkrcv/airbuds4/BoseSportEarbudg-medium.webp?updatedAt=1786555314410
6a7cabb15c7cd75eb84e9ea3,airbuds4,chevron-down.8ee3574.svg,chevron down.8ee3574,,C08,Audio,HIGH,folder mapping: airbuds4 -> Audio,https://ik.imagekit.io/0iaahkrcv/airbuds4/chevron-down.8ee3574.svg?updatedAt=1786555314269
6a7cabb15c7cd75eb84e96f5,airbuds4,download (1).svg,download,,C08,Audio,HIGH,folder mapping: airbuds4 -> Audio,https://ik.imagekit.io/0iaahkrcv/airbuds4/download%20(1).svg?updatedAt=1786555313937
6a7cabb15c7cd75eb84e9e14,airbuds4,download (10).svg,download,,C08,Audio,HIGH,folder mapping: airbuds4 -> Audio,https://ik.imagekit.io/0iaahkrcv/airbuds4/download%20(10).svg?updatedAt=1786555314276
6a7cabb15c7cd75eb84e96ec,airbuds4,download (11).svg,download,,C08,Audio,HIGH,folder mapping: airbuds4 -> Audio,https://ik.imagekit.io/0iaahkrcv/airbuds4/download%20(11).svg?updatedAt=1786555313849
6a7cabb15c7cd75eb84e9f4b,airbuds4,download (12).svg,download,,C08,Audio,HIGH,folder mapping: airbuds4 -> Audio,https://ik.imagekit.io/0iaahkrcv/airbuds4/download%20(12).svg?updatedAt=1786555314410
6a7cabb15c7cd75eb84ea13f,airbuds4,download (13).svg,download,,C08,Audio,HIGH,folder mapping: airbuds4 -> Audio,https://ik.imagekit.io/0iaahkrcv/airbuds4/download%20(13).svg?updatedAt=1786555314696
6a7cabb15c7cd75eb84e9a11,airbuds4,download (14).svg,download,,C08,Audio,HIGH,folder mapping: airbuds4 -> Audio,https://ik.imagekit.io/0iaahkrcv/airbuds4/download%20(14).svg?updatedAt=1786555314010
6a7cabb15c7cd75eb84e9eb1,airbuds4,download (15).svg,download,,C08,Audio,HIGH,folder mapping: airbuds4 -> Audio,https://ik.imagekit.io/0iaahkrcv/airbuds4/download%20(15).svg?updatedAt=1786555314507
6a7cabb15c7cd75eb84e9b20,airbuds4,download (16).svg,download,,C08,Audio,HIGH,folder mapping: airbuds4 -> Audio,https://ik.imagekit.io/0iaahkrcv/airbuds4/download%20(16).svg?updatedAt=1786555314124
6a7cabb15c7cd75eb84e9a4b,airbuds4,download (17).svg,download,,C08,Audio,HIGH,folder mapping: airbuds4 -> Audio,https://ik.imagekit.io/0iaahkrcv/airbuds4/download%20(17).svg?updatedAt=1786555314247
6a7cabb15c7cd75eb84e9e30,airbuds4,download (2).svg,download,,C08,Audio,HIGH,folder mapping: airbuds4 -> Audio,https://ik.imagekit.io/0iaahkrcv/airbuds4/download%20(2).svg?updatedAt=1786555314313
6a7cabb15c7cd75eb84e9a10,airbuds4,download (3).svg,download,,C08,Audio,HIGH,folder mapping: airbuds4 -> Audio,https://ik.imagekit.io/0iaahkrcv/airbuds4/download%20(3).svg?updatedAt=1786555313992
6a7cabb15c7cd75eb84e9b68,airbuds4,download (4).svg,download,,C08,Audio,HIGH,folder mapping: airbuds4 -> Audio,https://ik.imagekit.io/0iaahkrcv/airbuds4/download%20(4).svg?updatedAt=1786555314251
6a7cabb15c7cd75eb84e9aa3,airbuds4,download (5).svg,download,,C08,Audio,HIGH,folder mapping: airbuds4 -> Audio,https://ik.imagekit.io/0iaahkrcv/airbuds4/download%20(5).svg?updatedAt=1786555314399
6a7cabb15c7cd75eb84e9a9f,airbuds4,download (6).svg,download,,C08,Audio,HIGH,folder mapping: airbuds4 -> Audio,https://ik.imagekit.io/0iaahkrcv/airbuds4/download%20(6).svg?updatedAt=1786555314092
6a7cabb15c7cd75eb84ea00f,airbuds4,download (7).svg,download,,C08,Audio,HIGH,folder mapping: airbuds4 -> Audio,https://ik.imagekit.io/0iaahkrcv/airbuds4/download%20(7).svg?updatedAt=1786555314573
6a7cabb15c7cd75eb84e9e8d,airbuds4,download (8).svg,download,,C08,Audio,HIGH,folder mapping: airbuds4 -> Audio,https://ik.imagekit.io/0iaahkrcv/airbuds4/download%20(8).svg?updatedAt=1786555314281
6a7cabb15c7cd75eb84e9a3f,airbuds4,download (9).svg,download,,C08,Audio,HIGH,folder mapping: airbuds4 -> Audio,https://ik.imagekit.io/0iaahkrcv/airbuds4/download%20(9).svg?updatedAt=1786555314054
6a7cabb15c7cd75eb84e9a1a,airbuds4,download.svg,download,,C08,Audio,HIGH,folder mapping: airbuds4 -> Audio,https://ik.imagekit.io/0iaahkrcv/airbuds4/download.svg?updatedAt=1786555314044
6a7cabb15c7cd75eb84e9a71,airbuds4,Infinix-AI-Buds-medium (1).webp,Infinix AI Buds medium,Infinix,C08,Audio,LOW,folder mapping: airbuds4 -> Audio | CONFLICT: folder maps to Audio but brand Infinix belongs to Smartphones,https://ik.imagekit.io/0iaahkrcv/airbuds4/Infinix-AI-Buds-medium%20(1).webp?updatedAt=1786555314177
6a7cabb15c7cd75eb84e9cf6,airbuds4,Infinix-AI-Buds-medium (2).webp,Infinix AI Buds medium,Infinix,C08,Audio,LOW,folder mapping: airbuds4 -> Audio | CONFLICT: folder maps to Audio but brand Infinix belongs to Smartphones,https://ik.imagekit.io/0iaahkrcv/airbuds4/Infinix-AI-Buds-medium%20(2).webp?updatedAt=1786555314225
6a7cabb15c7cd75eb84e9ffe,airbuds4,Infinix-AI-Buds-medium.webp,Infinix AI Buds medium,Infinix,C08,Audio,LOW,folder mapping: airbuds4 -> Audio | CONFLICT: folder maps to Audio but brand Infinix belongs to Smartphones,https://ik.imagekit.io/0iaahkrcv/airbuds4/Infinix-AI-Buds-medium.webp?updatedAt=1786555314627
6a7cabb25c7cd75eb84ea3fe,airbuds4,Infinix-XBuds-3-GT-a-medium (1).webp,Infinix XBuds 3 GT a medium,Infinix,C08,Audio,LOW,folder mapping: airbuds4 -> Audio | CONFLICT: folder maps to Audio but brand Infinix belongs to Smartphones,https://ik.imagekit.io/0iaahkrcv/airbuds4/Infinix-XBuds-3-GT-a-medium%20(1).webp?updatedAt=1786555314661
6a7cabb15c7cd75eb84e9a9d,airbuds4,Infinix-XBuds-3-GT-a-medium (2).webp,Infinix XBuds 3 GT a medium,Infinix,C08,Audio,LOW,folder mapping: airbuds4 -> Audio | CONFLICT: folder maps to Audio but brand Infinix belongs to Smartphones,https://ik.imagekit.io/0iaahkrcv/airbuds4/Infinix-XBuds-3-GT-a-medium%20(2).webp?updatedAt=1786555314338
6a7cabb15c7cd75eb84e9c4d,airbuds4,Infinix-XBuds-3-GT-a-medium.webp,Infinix XBuds 3 GT a medium,Infinix,C08,Audio,LOW,folder mapping: airbuds4 -> Audio | CONFLICT: folder maps to Audio but brand Infinix belongs to Smartphones,https://ik.imagekit.io/0iaahkrcv/airbuds4/Infinix-XBuds-3-GT-a-medium.webp?updatedAt=1786555314127
6a7cabb95c7cd75eb84f11cf,airbuds4,loader.631b9ed.svg,loader.631b9ed,,C08,Audio,HIGH,folder mapping: airbuds4 -> Audio,https://ik.imagekit.io/0iaahkrcv/airbuds4/loader.631b9ed.svg?updatedAt=1786555322501
6a7cabba5c7cd75eb84f1d62,airbuds4,Oneplus-Buds-Ace-medium (1).webp,Oneplus Buds Ace medium,OnePlus,C08,Audio,LOW,folder mapping: airbuds4 -> Audio | CONFLICT: folder maps to Audio but brand OnePlus belongs to Smartphones,https://ik.imagekit.io/0iaahkrcv/airbuds4/Oneplus-Buds-Ace-medium%20(1).webp?updatedAt=1786555322987
6a7cabba5c7cd75eb84f1eff,airbuds4,Oneplus-Buds-Ace-medium (2).webp,Oneplus Buds Ace medium,OnePlus,C08,Audio,LOW,folder mapping: airbuds4 -> Audio | CONFLICT: folder maps to Audio but brand OnePlus belongs to Smartphones,https://ik.imagekit.io/0iaahkrcv/airbuds4/Oneplus-Buds-Ace-medium%20(2).webp?updatedAt=1786555323088
6a7cabba5c7cd75eb84f1d79,airbuds4,Oneplus-Buds-Ace-medium.webp,Oneplus Buds Ace medium,OnePlus,C08,Audio,LOW,folder mapping: airbuds4 -> Audio | CONFLICT: folder maps to Audio but brand OnePlus belongs to Smartphones,https://ik.imagekit.io/0iaahkrcv/airbuds4/Oneplus-Buds-Ace-medium.webp?updatedAt=1786555323015
6a7cabba5c7cd75eb84f1f0c,airbuds4,oneplus-logo-original (1).webp,oneplus logo original,OnePlus,C08,Audio,LOW,folder mapping: airbuds4 -> Audio | CONFLICT: folder maps to Audio but brand OnePlus belongs to Smartphones,https://ik.imagekit.io/0iaahkrcv/airbuds4/oneplus-logo-original%20(1).webp?updatedAt=1786555323104
6a7cabba5c7cd75eb84f1d77,airbuds4,oneplus-logo-original (2).webp,oneplus logo original,OnePlus,C08,Audio,LOW,folder mapping: airbuds4 -> Audio | CONFLICT: folder maps to Audio but brand OnePlus belongs to Smartphones,https://ik.imagekit.io/0iaahkrcv/airbuds4/oneplus-logo-original%20(2).webp?updatedAt=1786555322996
6a7cabba5c7cd75eb84f1f13,airbuds4,oneplus-logo-original.webp,oneplus logo original,OnePlus,C08,Audio,LOW,folder mapping: airbuds4 -> Audio | CONFLICT: folder maps to Audio but brand OnePlus belongs to Smartphones,https://ik.imagekit.io/0iaahkrcv/airbuds4/oneplus-logo-original.webp?updatedAt=1786555323243
6a7cabba5c7cd75eb84f1f07,airbuds4,Oppo-Enco-Buds-3-medium (1).webp,Oppo Enco Buds 3 medium,OPPO,C08,Audio,LOW,folder mapping: airbuds4 -> Audio | CONFLICT: folder maps to Audio but brand OPPO belongs to Smartphones,https://ik.imagekit.io/0iaahkrcv/airbuds4/Oppo-Enco-Buds-3-medium%20(1).webp?updatedAt=1786555323094
6a7cabba5c7cd75eb84f20e3,airbuds4,Oppo-Enco-Buds-3-medium (2).webp,Oppo Enco Buds 3 medium,OPPO,C08,Audio,LOW,folder mapping: airbuds4 -> Audio | CONFLICT: folder maps to Audio but brand OPPO belongs to Smartphones,https://ik.imagekit.io/0iaahkrcv/airbuds4/Oppo-Enco-Buds-3-medium%20(2).webp?updatedAt=1786555323307
6a7cabba5c7cd75eb84f1dc5,airbuds4,Oppo-Enco-Buds-3-medium.webp,Oppo Enco Buds 3 medium,OPPO,C08,Audio,LOW,folder mapping: airbuds4 -> Audio | CONFLICT: folder maps to Audio but brand OPPO belongs to Smartphones,https://ik.imagekit.io/0iaahkrcv/airbuds4/Oppo-Enco-Buds-3-medium.webp?updatedAt=1786555323019
6a7cabba5c7cd75eb84f1f29,airbuds4,oppo-logo-original (1).webp,oppo logo original,OPPO,C08,Audio,LOW,folder mapping: airbuds4 -> Audio | CONFLICT: folder maps to Audio but brand OPPO belongs to Smartphones,https://ik.imagekit.io/0iaahkrcv/airbuds4/oppo-logo-original%20(1).webp?updatedAt=1786555323115
6a7cabba5c7cd75eb84f1d95,airbuds4,oppo-logo-original (2).webp,oppo logo original,OPPO,C08,Audio,LOW,folder mapping: airbuds4 -> Audio | CONFLICT: folder maps to Audio but brand OPPO belongs to Smartphones,https://ik.imagekit.io/0iaahkrcv/airbuds4/oppo-logo-original%20(2).webp?updatedAt=1786555323005
6a7cabba5c7cd75eb84f20d9,airbuds4,oppo-logo-original.webp,oppo logo original,OPPO,C08,Audio,LOW,folder mapping: airbuds4 -> Audio | CONFLICT: folder maps to Audio but brand OPPO belongs to Smartphones,https://ik.imagekit.io/0iaahkrcv/airbuds4/oppo-logo-original.webp?updatedAt=1786555323196
6a7cabba5c7cd75eb84f1dab,airbuds4,Realme-Buds-Air-6-medium (1).webp,Realme Buds Air 6 medium,Realme,C08,Audio,LOW,folder mapping: airbuds4 -> Audio | CONFLICT: folder maps to Audio but brand Realme belongs to Smartphones,https://ik.imagekit.io/0iaahkrcv/airbuds4/Realme-Buds-Air-6-medium%20(1).webp?updatedAt=1786555322999
6a7cabba5c7cd75eb84f1fff,airbuds4,Realme-Buds-Air-6-medium (2).webp,Realme Buds Air 6 medium,Realme,C08,Audio,LOW,folder mapping: airbuds4 -> Audio | CONFLICT: folder maps to Audio but brand Realme belongs to Smartphones,https://ik.imagekit.io/0iaahkrcv/airbuds4/Realme-Buds-Air-6-medium%20(2).webp?updatedAt=1786555323075
6a7cabba5c7cd75eb84f201c,airbuds4,Realme-Buds-Air-6-medium.webp,Realme Buds Air 6 medium,Realme,C08,Audio,LOW,folder mapping: airbuds4 -> Audio | CONFLICT: folder maps to Audio but brand Realme belongs to Smartphones,https://ik.imagekit.io/0iaahkrcv/airbuds4/Realme-Buds-Air-6-medium.webp?updatedAt=1786555323128
6a7cabba5c7cd75eb84f20ef,airbuds4,realme-logo-original (1).webp,realme logo original,Realme,C08,Audio,LOW,folder mapping: airbuds4 -> Audio | CONFLICT: folder maps to Audio but brand Realme belongs to Smartphones,https://ik.imagekit.io/0iaahkrcv/airbuds4/realme-logo-original%20(1).webp?updatedAt=1786555323218
6a7cabba5c7cd75eb84f20e4,airbuds4,realme-logo-original (2).webp,realme logo original,Realme,C08,Audio,LOW,folder mapping: airbuds4 -> Audio | CONFLICT: folder maps to Audio but brand Realme belongs to Smartphones,https://ik.imagekit.io/0iaahkrcv/airbuds4/realme-logo-original%20(2).webp?updatedAt=1786555323246
6a7cabba5c7cd75eb84f20ce,airbuds4,realme-logo-original.webp,realme logo original,Realme,C08,Audio,LOW,folder mapping: airbuds4 -> Audio | CONFLICT: folder maps to Audio but brand Realme belongs to Smartphones,https://ik.imagekit.io/0iaahkrcv/airbuds4/realme-logo-original.webp?updatedAt=1786555323246
6a7cabbb5c7cd75eb84f2da6,airbuds4,search.7d254c6.svg,search.7d254c6,,C08,Audio,HIGH,folder mapping: airbuds4 -> Audio,https://ik.imagekit.io/0iaahkrcv/airbuds4/search.7d254c6.svg?updatedAt=1786555323831
6a7cabbb5c7cd75eb84f2dad,airbuds4,whatsapp.svg,whatsapp,,C08,Audio,HIGH,folder mapping: airbuds4 -> Audio,https://ik.imagekit.io/0iaahkrcv/airbuds4/whatsapp.svg?updatedAt=1786555323788
6a7caf655c7cd75eb88bd323,airbuds5,app-logo-desktop.svg,app logo desktop,,C08,Audio,HIGH,folder mapping: airbuds5 -> Audio,https://ik.imagekit.io/0iaahkrcv/airbuds5/app-logo-desktop.svg?updatedAt=1786556262148
6a7caf655c7cd75eb88bd9a2,airbuds5,chevron-down.8ee3574.svg,chevron down.8ee3574,,C08,Audio,HIGH,folder mapping: airbuds5 -> Audio,https://ik.imagekit.io/0iaahkrcv/airbuds5/chevron-down.8ee3574.svg?updatedAt=1786556262456
6a7caf655c7cd75eb88bda6c,airbuds5,download (1).svg,download,,C08,Audio,HIGH,folder mapping: airbuds5 -> Audio,https://ik.imagekit.io/0iaahkrcv/airbuds5/download%20(1).svg?updatedAt=1786556262472
6a7caf675c7cd75eb88bf31d,airbuds5,download (10).svg,download,,C08,Audio,HIGH,folder mapping: airbuds5 -> Audio,https://ik.imagekit.io/0iaahkrcv/airbuds5/download%20(10).svg?updatedAt=1786556263880
6a7caf675c7cd75eb88bf2bc,airbuds5,download (11).svg,download,,C08,Audio,HIGH,folder mapping: airbuds5 -> Audio,https://ik.imagekit.io/0iaahkrcv/airbuds5/download%20(11).svg?updatedAt=1786556264029
6a7caf675c7cd75eb88bf324,airbuds5,download (12).svg,download,,C08,Audio,HIGH,folder mapping: airbuds5 -> Audio,https://ik.imagekit.io/0iaahkrcv/airbuds5/download%20(12).svg?updatedAt=1786556263845
6a7caf675c7cd75eb88bf32a,airbuds5,download (13).svg,download,,C08,Audio,HIGH,folder mapping: airbuds5 -> Audio,https://ik.imagekit.io/0iaahkrcv/airbuds5/download%20(13).svg?updatedAt=1786556263776
6a7caf655c7cd75eb88bdb37,airbuds5,download (14).svg,download,,C08,Audio,HIGH,folder mapping: airbuds5 -> Audio,https://ik.imagekit.io/0iaahkrcv/airbuds5/download%20(14).svg?updatedAt=1786556262480
6a7caf655c7cd75eb88bdc13,airbuds5,download (15).svg,download,,C08,Audio,HIGH,folder mapping: airbuds5 -> Audio,https://ik.imagekit.io/0iaahkrcv/airbuds5/download%20(15).svg?updatedAt=1786556262472
6a7caf655c7cd75eb88bd9da,airbuds5,download (16).svg,download,,C08,Audio,HIGH,folder mapping: airbuds5 -> Audio,https://ik.imagekit.io/0iaahkrcv/airbuds5/download%20(16).svg?updatedAt=1786556262438
6a7caf675c7cd75eb88bf21d,airbuds5,download (17).svg,download,,C08,Audio,HIGH,folder mapping: airbuds5 -> Audio,https://ik.imagekit.io/0iaahkrcv/airbuds5/download%20(17).svg?updatedAt=1786556263722
6a7caf675c7cd75eb88bf335,airbuds5,download (2).svg,download,,C08,Audio,HIGH,folder mapping: airbuds5 -> Audio,https://ik.imagekit.io/0iaahkrcv/airbuds5/download%20(2).svg?updatedAt=1786556263890
6a7caf675c7cd75eb88bf4f7,airbuds5,download (3).svg,download,,C08,Audio,HIGH,folder mapping: airbuds5 -> Audio,https://ik.imagekit.io/0iaahkrcv/airbuds5/download%20(3).svg?updatedAt=1786556263954
6a7caf675c7cd75eb88bf34f,airbuds5,download (4).svg,download,,C08,Audio,HIGH,folder mapping: airbuds5 -> Audio,https://ik.imagekit.io/0iaahkrcv/airbuds5/download%20(4).svg?updatedAt=1786556263985
6a7caf655c7cd75eb88bd991,airbuds5,download (5).svg,download,,C08,Audio,HIGH,folder mapping: airbuds5 -> Audio,https://ik.imagekit.io/0iaahkrcv/airbuds5/download%20(5).svg?updatedAt=1786556262389
6a7caf675c7cd75eb88bf244,airbuds5,download (6).svg,download,,C08,Audio,HIGH,folder mapping: airbuds5 -> Audio,https://ik.imagekit.io/0iaahkrcv/airbuds5/download%20(6).svg?updatedAt=1786556263761
6a7caf655c7cd75eb88bd9a3,airbuds5,download (7).svg,download,,C08,Audio,HIGH,folder mapping: airbuds5 -> Audio,https://ik.imagekit.io/0iaahkrcv/airbuds5/download%20(7).svg?updatedAt=1786556262409
6a7caf675c7cd75eb88bf2e2,airbuds5,download (8).svg,download,,C08,Audio,HIGH,folder mapping: airbuds5 -> Audio,https://ik.imagekit.io/0iaahkrcv/airbuds5/download%20(8).svg?updatedAt=1786556263815
6a7caf655c7cd75eb88bdbb2,airbuds5,download (9).svg,download,,C08,Audio,HIGH,folder mapping: airbuds5 -> Audio,https://ik.imagekit.io/0iaahkrcv/airbuds5/download%20(9).svg?updatedAt=1786556262484
6a7caf675c7cd75eb88bf241,airbuds5,download.svg,download,,C08,Audio,HIGH,folder mapping: airbuds5 -> Audio,https://ik.imagekit.io/0iaahkrcv/airbuds5/download.svg?updatedAt=1786556263750
6a7caf675c7cd75eb88bf4d9,airbuds5,loader.631b9ed.svg,loader.631b9ed,,C08,Audio,HIGH,folder mapping: airbuds5 -> Audio,https://ik.imagekit.io/0iaahkrcv/airbuds5/loader.631b9ed.svg?updatedAt=1786556263913
6a7caf6a5c7cd75eb88c361b,airbuds5,oneplus-buds-178hIswetM-medium (1).webp,oneplus buds 178hIswetM medium,OnePlus,C08,Audio,LOW,folder mapping: airbuds5 -> Audio | CONFLICT: folder maps to Audio but brand OnePlus belongs to Smartphones,https://ik.imagekit.io/0iaahkrcv/airbuds5/oneplus-buds-178hIswetM-medium%20(1).webp?updatedAt=1786556267363
6a7caf6b5c7cd75eb88c3d6a,airbuds5,oneplus-buds-178hIswetM-medium (2).webp,oneplus buds 178hIswetM medium,OnePlus,C08,Audio,LOW,folder mapping: airbuds5 -> Audio | CONFLICT: folder maps to Audio but brand OnePlus belongs to Smartphones,https://ik.imagekit.io/0iaahkrcv/airbuds5/oneplus-buds-178hIswetM-medium%20(2).webp?updatedAt=1786556267754
6a7caf6b5c7cd75eb88c3d7c,airbuds5,oneplus-buds-178hIswetM-medium.webp,oneplus buds 178hIswetM medium,OnePlus,C08,Audio,LOW,folder mapping: airbuds5 -> Audio | CONFLICT: folder maps to Audio but brand OnePlus belongs to Smartphones,https://ik.imagekit.io/0iaahkrcv/airbuds5/oneplus-buds-178hIswetM-medium.webp?updatedAt=1786556267784
6a7caf6b5c7cd75eb88c3c0f,airbuds5,oneplus-logo-original (1).webp,oneplus logo original,OnePlus,C08,Audio,LOW,folder mapping: airbuds5 -> Audio | CONFLICT: folder maps to Audio but brand OnePlus belongs to Smartphones,https://ik.imagekit.io/0iaahkrcv/airbuds5/oneplus-logo-original%20(1).webp?updatedAt=1786556267668
6a7caf6b5c7cd75eb88c3d94,airbuds5,oneplus-logo-original (2).webp,oneplus logo original,OnePlus,C08,Audio,LOW,folder mapping: airbuds5 -> Audio | CONFLICT: folder maps to Audio but brand OnePlus belongs to Smartphones,https://ik.imagekit.io/0iaahkrcv/airbuds5/oneplus-logo-original%20(2).webp?updatedAt=1786556267776
6a7caf6b5c7cd75eb88c3c2c,airbuds5,oneplus-logo-original.webp,oneplus logo original,OnePlus,C08,Audio,LOW,folder mapping: airbuds5 -> Audio | CONFLICT: folder maps to Audio but brand OnePlus belongs to Smartphones,https://ik.imagekit.io/0iaahkrcv/airbuds5/oneplus-logo-original.webp?updatedAt=1786556267645
6a7caf6b5c7cd75eb88c3c2f,airbuds5,Oneplus-Nord-Buds-2-medium (1).webp,Oneplus Nord Buds 2 medium,OnePlus,C08,Audio,LOW,folder mapping: airbuds5 -> Audio | CONFLICT: folder maps to Audio but brand OnePlus belongs to Smartphones,https://ik.imagekit.io/0iaahkrcv/airbuds5/Oneplus-Nord-Buds-2-medium%20(1).webp?updatedAt=1786556267653
6a7caf6b5c7cd75eb88c3df6,airbuds5,Oneplus-Nord-Buds-2-medium (2).webp,Oneplus Nord Buds 2 medium,OnePlus,C08,Audio,LOW,folder mapping: airbuds5 -> Audio | CONFLICT: folder maps to Audio but brand OnePlus belongs to Smartphones,https://ik.imagekit.io/0iaahkrcv/airbuds5/Oneplus-Nord-Buds-2-medium%20(2).webp?updatedAt=1786556267823
6a7caf6b5c7cd75eb88c3d97,airbuds5,Oneplus-Nord-Buds-2-medium.webp,Oneplus Nord Buds 2 medium,OnePlus,C08,Audio,LOW,folder mapping: airbuds5 -> Audio | CONFLICT: folder maps to Audio but brand OnePlus belongs to Smartphones,https://ik.imagekit.io/0iaahkrcv/airbuds5/Oneplus-Nord-Buds-2-medium.webp?updatedAt=1786556267772
6a7caf6b5c7cd75eb88c3d72,airbuds5,OnePlus-Nord-Buds-3-a-medium (1).webp,OnePlus Nord Buds 3 a medium,OnePlus,C08,Audio,LOW,folder mapping: airbuds5 -> Audio | CONFLICT: folder maps to Audio but brand OnePlus belongs to Smartphones,https://ik.imagekit.io/0iaahkrcv/airbuds5/OnePlus-Nord-Buds-3-a-medium%20(1).webp?updatedAt=1786556267764
6a7caf6b5c7cd75eb88c3dec,airbuds5,OnePlus-Nord-Buds-3-a-medium (2).webp,OnePlus Nord Buds 3 a medium,OnePlus,C08,Audio,LOW,folder mapping: airbuds5 -> Audio | CONFLICT: folder maps to Audio but brand OnePlus belongs to Smartphones,https://ik.imagekit.io/0iaahkrcv/airbuds5/OnePlus-Nord-Buds-3-a-medium%20(2).webp?updatedAt=1786556267794
6a7caf6b5c7cd75eb88c3c9f,airbuds5,OnePlus-Nord-Buds-3-a-medium.webp,OnePlus Nord Buds 3 a medium,OnePlus,C08,Audio,LOW,folder mapping: airbuds5 -> Audio | CONFLICT: folder maps to Audio but brand OnePlus belongs to Smartphones,https://ik.imagekit.io/0iaahkrcv/airbuds5/OnePlus-Nord-Buds-3-a-medium.webp?updatedAt=1786556267691
6a7caf6b5c7cd75eb88c3cae,airbuds5,Oppo-Enco-Air-a-medium (1).webp,Oppo Enco Air a medium,OPPO,C08,Audio,LOW,folder mapping: airbuds5 -> Audio | CONFLICT: folder maps to Audio but brand OPPO belongs to Smartphones,https://ik.imagekit.io/0iaahkrcv/airbuds5/Oppo-Enco-Air-a-medium%20(1).webp?updatedAt=1786556267683
6a7caf6a5c7cd75eb88c37d9,airbuds5,Oppo-Enco-Air-a-medium (2).webp,Oppo Enco Air a medium,OPPO,C08,Audio,LOW,folder mapping: airbuds5 -> Audio | CONFLICT: folder maps to Audio but brand OPPO belongs to Smartphones,https://ik.imagekit.io/0iaahkrcv/airbuds5/Oppo-Enco-Air-a-medium%20(2).webp?updatedAt=1786556267430
6a7caf6b5c7cd75eb88c41de,airbuds5,Oppo-Enco-Air-a-medium.webp,Oppo Enco Air a medium,OPPO,C08,Audio,LOW,folder mapping: airbuds5 -> Audio | CONFLICT: folder maps to Audio but brand OPPO belongs to Smartphones,https://ik.imagekit.io/0iaahkrcv/airbuds5/Oppo-Enco-Air-a-medium.webp?updatedAt=1786556268009
6a7caf6c5c7cd75eb88c4fb4,airbuds5,Oppo-Enco-Buds-2-f-medium (1).webp,Oppo Enco Buds 2 f medium,OPPO,C08,Audio,LOW,folder mapping: airbuds5 -> Audio | CONFLICT: folder maps to Audio but brand OPPO belongs to Smartphones,https://ik.imagekit.io/0iaahkrcv/airbuds5/Oppo-Enco-Buds-2-f-medium%20(1).webp?updatedAt=1786556268755
6a7caf6d5c7cd75eb88c5f62,airbuds5,Oppo-Enco-Buds-2-f-medium (2).webp,Oppo Enco Buds 2 f medium,OPPO,C08,Audio,LOW,folder mapping: airbuds5 -> Audio | CONFLICT: folder maps to Audio but brand OPPO belongs to Smartphones,https://ik.imagekit.io/0iaahkrcv/airbuds5/Oppo-Enco-Buds-2-f-medium%20(2).webp?updatedAt=1786556269842
6a7caf6f5c7cd75eb88c8b47,airbuds5,Oppo-Enco-Buds-2-f-medium.webp,Oppo Enco Buds 2 f medium,OPPO,C08,Audio,LOW,folder mapping: airbuds5 -> Audio | CONFLICT: folder maps to Audio but brand OPPO belongs to Smartphones,https://ik.imagekit.io/0iaahkrcv/airbuds5/Oppo-Enco-Buds-2-f-medium.webp?updatedAt=1786556272185
6a7caf6f5c7cd75eb88c8b4e,airbuds5,oppo-logo-original (1).webp,oppo logo original,OPPO,C08,Audio,LOW,folder mapping: airbuds5 -> Audio | CONFLICT: folder maps to Audio but brand OPPO belongs to Smartphones,https://ik.imagekit.io/0iaahkrcv/airbuds5/oppo-logo-original%20(1).webp?updatedAt=1786556272147
6a7caf6f5c7cd75eb88c8b6f,airbuds5,oppo-logo-original (2).webp,oppo logo original,OPPO,C08,Audio,LOW,folder mapping: airbuds5 -> Audio | CONFLICT: folder maps to Audio but brand OPPO belongs to Smartphones,https://ik.imagekit.io/0iaahkrcv/airbuds5/oppo-logo-original%20(2).webp?updatedAt=1786556272138
6a7caf6f5c7cd75eb88c8b5a,airbuds5,oppo-logo-original.webp,oppo logo original,OPPO,C08,Audio,LOW,folder mapping: airbuds5 -> Audio | CONFLICT: folder maps to Audio but brand OPPO belongs to Smartphones,https://ik.imagekit.io/0iaahkrcv/airbuds5/oppo-logo-original.webp?updatedAt=1786556272171
6a7caf6f5c7cd75eb88c8eba,airbuds5,Realme-Buds-T01-d-medium (1).webp,Realme Buds T01 d medium,Realme,C08,Audio,LOW,folder mapping: airbuds5 -> Audio | CONFLICT: folder maps to Audio but brand Realme belongs to Smartphones,https://ik.imagekit.io/0iaahkrcv/airbuds5/Realme-Buds-T01-d-medium%20(1).webp?updatedAt=1786556272249
6a7caf6f5c7cd75eb88c8ed8,airbuds5,Realme-Buds-T01-d-medium (2).webp,Realme Buds T01 d medium,Realme,C08,Audio,LOW,folder mapping: airbuds5 -> Audio | CONFLICT: folder maps to Audio but brand Realme belongs to Smartphones,https://ik.imagekit.io/0iaahkrcv/airbuds5/Realme-Buds-T01-d-medium%20(2).webp?updatedAt=1786556272302
6a7caf6f5c7cd75eb88c9048,airbuds5,Realme-Buds-T01-d-medium.webp,Realme Buds T01 d medium,Realme,C08,Audio,LOW,folder mapping: airbuds5 -> Audio | CONFLICT: folder maps to Audio but brand Realme belongs to Smartphones,https://ik.imagekit.io/0iaahkrcv/airbuds5/Realme-Buds-T01-d-medium.webp?updatedAt=1786556272390
6a7caf6f5c7cd75eb88c8e8c,airbuds5,Realme-Buds-T310-b-medium (1).webp,Realme Buds T310 b medium,Realme,C08,Audio,LOW,folder mapping: airbuds5 -> Audio | CONFLICT: folder maps to Audio but brand Realme belongs to Smartphones,https://ik.imagekit.io/0iaahkrcv/airbuds5/Realme-Buds-T310-b-medium%20(1).webp?updatedAt=1786556272240
6a7caf6f5c7cd75eb88c8ec9,airbuds5,Realme-Buds-T310-b-medium (2).webp,Realme Buds T310 b medium,Realme,C08,Audio,LOW,folder mapping: airbuds5 -> Audio | CONFLICT: folder maps to Audio but brand Realme belongs to Smartphones,https://ik.imagekit.io/0iaahkrcv/airbuds5/Realme-Buds-T310-b-medium%20(2).webp?updatedAt=1786556272274
6a7caf6f5c7cd75eb88c903c,airbuds5,Realme-Buds-T310-b-medium.webp,Realme Buds T310 b medium,Realme,C08,Audio,LOW,folder mapping: airbuds5 -> Audio | CONFLICT: folder maps to Audio but brand Realme belongs to Smartphones,https://ik.imagekit.io/0iaahkrcv/airbuds5/Realme-Buds-T310-b-medium.webp?updatedAt=1786556272397
6a7caf6f5c7cd75eb88c9055,airbuds5,realme-logo-original (1).webp,realme logo original,Realme,C08,Audio,LOW,folder mapping: airbuds5 -> Audio | CONFLICT: folder maps to Audio but brand Realme belongs to Smartphones,https://ik.imagekit.io/0iaahkrcv/airbuds5/realme-logo-original%20(1).webp?updatedAt=1786556272370
6a7caf6f5c7cd75eb88c8e96,airbuds5,realme-logo-original (2).webp,realme logo original,Realme,C08,Audio,LOW,folder mapping: airbuds5 -> Audio | CONFLICT: folder maps to Audio but brand Realme belongs to Smartphones,https://ik.imagekit.io/0iaahkrcv/airbuds5/realme-logo-original%20(2).webp?updatedAt=1786556272268
6a7caf6f5c7cd75eb88c8ece,airbuds5,realme-logo-original.webp,realme logo original,Realme,C08,Audio,LOW,folder mapping: airbuds5 -> Audio | CONFLICT: folder maps to Audio but brand Realme belongs to Smartphones,https://ik.imagekit.io/0iaahkrcv/airbuds5/realme-logo-original.webp?updatedAt=1786556272283
6a7caf715c7cd75eb88caf7d,airbuds5,search.7d254c6.svg,search.7d254c6,,C08,Audio,HIGH,folder mapping: airbuds5 -> Audio,https://ik.imagekit.io/0iaahkrcv/airbuds5/search.7d254c6.svg?updatedAt=1786556273944
6a7caf715c7cd75eb88cb069,airbuds5,whatsapp.svg,whatsapp,,C08,Audio,HIGH,folder mapping: airbuds5 -> Audio,https://ik.imagekit.io/0iaahkrcv/airbuds5/whatsapp.svg?updatedAt=1786556273960
6a7c25d75c7cd75eb85302d7,Bts,app-logo-desktop (1).svg,app logo desktop,,C08,Audio,MEDIUM,folder mapping: Bts -> Audio | note: Could be Bluetooth speakers/headphones mixed,https://ik.imagekit.io/0iaahkrcv/Bts/app-logo-desktop%20(1).svg?updatedAt=1786521047804
6a7c25d75c7cd75eb8530bb6,Bts,app-logo-desktop.svg,app logo desktop,,C08,Audio,MEDIUM,folder mapping: Bts -> Audio | note: Could be Bluetooth speakers/headphones mixed,https://ik.imagekit.io/0iaahkrcv/Bts/app-logo-desktop.svg?updatedAt=1786521048326
6a7c25d75c7cd75eb85301c2,Bts,boselogo-original (1).webp,boselogo original,,C08,Audio,MEDIUM,folder mapping: Bts -> Audio | note: Could be Bluetooth speakers/headphones mixed,https://ik.imagekit.io/0iaahkrcv/Bts/boselogo-original%20(1).webp?updatedAt=1786521047767
6a7c25d75c7cd75eb8530ca2,Bts,boselogo-original (2).webp,boselogo original,,C08,Audio,MEDIUM,folder mapping: Bts -> Audio | note: Could be Bluetooth speakers/headphones mixed,https://ik.imagekit.io/0iaahkrcv/Bts/boselogo-original%20(2).webp?updatedAt=1786521048362
6a7c25d75c7cd75eb85301c9,Bts,boselogo-original (3).webp,boselogo original,,C08,Audio,MEDIUM,folder mapping: Bts -> Audio | note: Could be Bluetooth speakers/headphones mixed,https://ik.imagekit.io/0iaahkrcv/Bts/boselogo-original%20(3).webp?updatedAt=1786521047732
6a7c25d75c7cd75eb85301e0,Bts,boselogo-original (4).webp,boselogo original,,C08,Audio,MEDIUM,folder mapping: Bts -> Audio | note: Could be Bluetooth speakers/headphones mixed,https://ik.imagekit.io/0iaahkrcv/Bts/boselogo-original%20(4).webp?updatedAt=1786521047771
6a7c25d75c7cd75eb85301cc,Bts,boselogo-original (5).webp,boselogo original,,C08,Audio,MEDIUM,folder mapping: Bts -> Audio | note: Could be Bluetooth speakers/headphones mixed,https://ik.imagekit.io/0iaahkrcv/Bts/boselogo-original%20(5).webp?updatedAt=1786521047753
6a7c25d75c7cd75eb85301ed,Bts,boselogo-original.webp,boselogo original,,C08,Audio,MEDIUM,folder mapping: Bts -> Audio | note: Could be Bluetooth speakers/headphones mixed,https://ik.imagekit.io/0iaahkrcv/Bts/boselogo-original.webp?updatedAt=1786521047717
6a7c25d75c7cd75eb8530249,Bts,chevron-down.8ee3574 (1).svg,chevron down.8ee3574,,C08,Audio,MEDIUM,folder mapping: Bts -> Audio | note: Could be Bluetooth speakers/headphones mixed,https://ik.imagekit.io/0iaahkrcv/Bts/chevron-down.8ee3574%20(1).svg?updatedAt=1786521047781
6a7c25d75c7cd75eb853017d,Bts,chevron-down.8ee3574.svg,chevron down.8ee3574,,C08,Audio,MEDIUM,folder mapping: Bts -> Audio | note: Could be Bluetooth speakers/headphones mixed,https://ik.imagekit.io/0iaahkrcv/Bts/chevron-down.8ee3574.svg?updatedAt=1786521047686
6a7c25d75c7cd75eb8530c90,Bts,download (1).svg,download,,C08,Audio,MEDIUM,folder mapping: Bts -> Audio | note: Could be Bluetooth speakers/headphones mixed,https://ik.imagekit.io/0iaahkrcv/Bts/download%20(1).svg?updatedAt=1786521048466
6a7c25d75c7cd75eb8530be9,Bts,download (10).svg,download,,C08,Audio,MEDIUM,folder mapping: Bts -> Audio | note: Could be Bluetooth speakers/headphones mixed,https://ik.imagekit.io/0iaahkrcv/Bts/download%20(10).svg?updatedAt=1786521048346
6a7c25d75c7cd75eb8530226,Bts,download (11).svg,download,,C08,Audio,MEDIUM,folder mapping: Bts -> Audio | note: Could be Bluetooth speakers/headphones mixed,https://ik.imagekit.io/0iaahkrcv/Bts/download%20(11).svg?updatedAt=1786521047792
6a7c25d75c7cd75eb8530e46,Bts,download (12).svg,download,,C08,Audio,MEDIUM,folder mapping: Bts -> Audio | note: Could be Bluetooth speakers/headphones mixed,https://ik.imagekit.io/0iaahkrcv/Bts/download%20(12).svg?updatedAt=1786521048471
6a7c25d75c7cd75eb8530187,Bts,download (13).svg,download,,C08,Audio,MEDIUM,folder mapping: Bts -> Audio | note: Could be Bluetooth speakers/headphones mixed,https://ik.imagekit.io/0iaahkrcv/Bts/download%20(13).svg?updatedAt=1786521047680
6a7c25d75c7cd75eb8530253,Bts,download (14).svg,download,,C08,Audio,MEDIUM,folder mapping: Bts -> Audio | note: Could be Bluetooth speakers/headphones mixed,https://ik.imagekit.io/0iaahkrcv/Bts/download%20(14).svg?updatedAt=1786521047758
6a7c25d75c7cd75eb8530259,Bts,download (15).svg,download,,C08,Audio,MEDIUM,folder mapping: Bts -> Audio | note: Could be Bluetooth speakers/headphones mixed,https://ik.imagekit.io/0iaahkrcv/Bts/download%20(15).svg?updatedAt=1786521047771
6a7c25d75c7cd75eb8530196,Bts,download (16).svg,download,,C08,Audio,MEDIUM,folder mapping: Bts -> Audio | note: Could be Bluetooth speakers/headphones mixed,https://ik.imagekit.io/0iaahkrcv/Bts/download%20(16).svg?updatedAt=1786521047698
6a7c25d75c7cd75eb853022c,Bts,download (17).svg,download,,C08,Audio,MEDIUM,folder mapping: Bts -> Audio | note: Could be Bluetooth speakers/headphones mixed,https://ik.imagekit.io/0iaahkrcv/Bts/download%20(17).svg?updatedAt=1786521047774
6a7c25d75c7cd75eb8530256,Bts,download (18).svg,download,,C08,Audio,MEDIUM,folder mapping: Bts -> Audio | note: Could be Bluetooth speakers/headphones mixed,https://ik.imagekit.io/0iaahkrcv/Bts/download%20(18).svg?updatedAt=1786521047749
6a7c25d75c7cd75eb8530275,Bts,download (19).svg,download,,C08,Audio,MEDIUM,folder mapping: Bts -> Audio | note: Could be Bluetooth speakers/headphones mixed,https://ik.imagekit.io/0iaahkrcv/Bts/download%20(19).svg?updatedAt=1786521047776
6a7c25d95c7cd75eb8531bed,Bts,download (2).svg,download,,C08,Audio,MEDIUM,folder mapping: Bts -> Audio | note: Could be Bluetooth speakers/headphones mixed,https://ik.imagekit.io/0iaahkrcv/Bts/download%20(2).svg?updatedAt=1786521049728
6a7c25d75c7cd75eb8530c82,Bts,download (20).svg,download,,C08,Audio,MEDIUM,folder mapping: Bts -> Audio | note: Could be Bluetooth speakers/headphones mixed,https://ik.imagekit.io/0iaahkrcv/Bts/download%20(20).svg?updatedAt=1786521048418
6a7c25d75c7cd75eb8530d58,Bts,download (21).svg,download,,C08,Audio,MEDIUM,folder mapping: Bts -> Audio | note: Could be Bluetooth speakers/headphones mixed,https://ik.imagekit.io/0iaahkrcv/Bts/download%20(21).svg?updatedAt=1786521048474
6a7c25d95c7cd75eb8531b8a,Bts,download (22).svg,download,,C08,Audio,MEDIUM,folder mapping: Bts -> Audio | note: Could be Bluetooth speakers/headphones mixed,https://ik.imagekit.io/0iaahkrcv/Bts/download%20(22).svg?updatedAt=1786521049580
6a7c25d75c7cd75eb8530cac,Bts,download (23).svg,download,,C08,Audio,MEDIUM,folder mapping: Bts -> Audio | note: Could be Bluetooth speakers/headphones mixed,https://ik.imagekit.io/0iaahkrcv/Bts/download%20(23).svg?updatedAt=1786521048379
6a7c25d75c7cd75eb8530ba8,Bts,download (24).svg,download,,C08,Audio,MEDIUM,folder mapping: Bts -> Audio | note: Could be Bluetooth speakers/headphones mixed,https://ik.imagekit.io/0iaahkrcv/Bts/download%20(24).svg?updatedAt=1786521048350
6a7c25d75c7cd75eb8530ccb,Bts,download (25).svg,download,,C08,Audio,MEDIUM,folder mapping: Bts -> Audio | note: Could be Bluetooth speakers/headphones mixed,https://ik.imagekit.io/0iaahkrcv/Bts/download%20(25).svg?updatedAt=1786521048394
6a7c25d75c7cd75eb8530c54,Bts,download (26).svg,download,,C08,Audio,MEDIUM,folder mapping: Bts -> Audio | note: Could be Bluetooth speakers/headphones mixed,https://ik.imagekit.io/0iaahkrcv/Bts/download%20(26).svg?updatedAt=1786521048384
6a7c25d75c7cd75eb8530bae,Bts,download (27).svg,download,,C08,Audio,MEDIUM,folder mapping: Bts -> Audio | note: Could be Bluetooth speakers/headphones mixed,https://ik.imagekit.io/0iaahkrcv/Bts/download%20(27).svg?updatedAt=1786521048304
6a7c25d75c7cd75eb8530e4a,Bts,download (28).svg,download,,C08,Audio,MEDIUM,folder mapping: Bts -> Audio | note: Could be Bluetooth speakers/headphones mixed,https://ik.imagekit.io/0iaahkrcv/Bts/download%20(28).svg?updatedAt=1786521048484
6a7c25d75c7cd75eb8531005,Bts,download (29).svg,download,,C08,Audio,MEDIUM,folder mapping: Bts -> Audio | note: Could be Bluetooth speakers/headphones mixed,https://ik.imagekit.io/0iaahkrcv/Bts/download%20(29).svg?updatedAt=1786521048632
6a7c25d95c7cd75eb8531ba4,Bts,download (3).svg,download,,C08,Audio,MEDIUM,folder mapping: Bts -> Audio | note: Could be Bluetooth speakers/headphones mixed,https://ik.imagekit.io/0iaahkrcv/Bts/download%20(3).svg?updatedAt=1786521049687
6a7c25d85c7cd75eb8531b76,Bts,download (30).svg,download,,C08,Audio,MEDIUM,folder mapping: Bts -> Audio | note: Could be Bluetooth speakers/headphones mixed,https://ik.imagekit.io/0iaahkrcv/Bts/download%20(30).svg?updatedAt=1786521049633
6a7c25d95c7cd75eb8531ba8,Bts,download (31).svg,download,,C08,Audio,MEDIUM,folder mapping: Bts -> Audio | note: Could be Bluetooth speakers/headphones mixed,https://ik.imagekit.io/0iaahkrcv/Bts/download%20(31).svg?updatedAt=1786521049690
6a7c25d95c7cd75eb8531b82,Bts,download (32).svg,download,,C08,Audio,MEDIUM,folder mapping: Bts -> Audio | note: Could be Bluetooth speakers/headphones mixed,https://ik.imagekit.io/0iaahkrcv/Bts/download%20(32).svg?updatedAt=1786521049645
6a7c25d95c7cd75eb8531b7f,Bts,download (33).svg,download,,C08,Audio,MEDIUM,folder mapping: Bts -> Audio | note: Could be Bluetooth speakers/headphones mixed,https://ik.imagekit.io/0iaahkrcv/Bts/download%20(33).svg?updatedAt=1786521049676
6a7c25d95c7cd75eb8531c3f,Bts,download (4).svg,download,,C08,Audio,MEDIUM,folder mapping: Bts -> Audio | note: Could be Bluetooth speakers/headphones mixed,https://ik.imagekit.io/0iaahkrcv/Bts/download%20(4).svg?updatedAt=1786521049741
6a7c25d95c7cd75eb8531bf7,Bts,download (5).svg,download,,C08,Audio,MEDIUM,folder mapping: Bts -> Audio | note: Could be Bluetooth speakers/headphones mixed,https://ik.imagekit.io/0iaahkrcv/Bts/download%20(5).svg?updatedAt=1786521049735
6a7c25d95c7cd75eb8531b7b,Bts,download (6).svg,download,,C08,Audio,MEDIUM,folder mapping: Bts -> Audio | note: Could be Bluetooth speakers/headphones mixed,https://ik.imagekit.io/0iaahkrcv/Bts/download%20(6).svg?updatedAt=1786521049611
6a7c25d95c7cd75eb8531bfb,Bts,download (7).svg,download,,C08,Audio,MEDIUM,folder mapping: Bts -> Audio | note: Could be Bluetooth speakers/headphones mixed,https://ik.imagekit.io/0iaahkrcv/Bts/download%20(7).svg?updatedAt=1786521049736
6a7c25d95c7cd75eb8531c0e,Bts,download (8).svg,download,,C08,Audio,MEDIUM,folder mapping: Bts -> Audio | note: Could be Bluetooth speakers/headphones mixed,https://ik.imagekit.io/0iaahkrcv/Bts/download%20(8).svg?updatedAt=1786521049735
6a7c25d95c7cd75eb8531bf8,Bts,download (9).svg,download,,C08,Audio,MEDIUM,folder mapping: Bts -> Audio | note: Could be Bluetooth speakers/headphones mixed,https://ik.imagekit.io/0iaahkrcv/Bts/download%20(9).svg?updatedAt=1786521049744
6a7c25d95c7cd75eb8531b85,Bts,download.svg,download,,C08,Audio,MEDIUM,folder mapping: Bts -> Audio | note: Could be Bluetooth speakers/headphones mixed,https://ik.imagekit.io/0iaahkrcv/Bts/download.svg?updatedAt=1786521049664
6a7c261f5c7cd75eb8550ee8,Bts,loader.631b9ed (1).svg,loader.631b9ed,,C08,Audio,MEDIUM,folder mapping: Bts -> Audio | note: Could be Bluetooth speakers/headphones mixed,https://ik.imagekit.io/0iaahkrcv/Bts/loader.631b9ed%20(1).svg?updatedAt=1786521120051
6a7c26215c7cd75eb8552587,Bts,loader.631b9ed.svg,loader.631b9ed,,C08,Audio,MEDIUM,folder mapping: Bts -> Audio | note: Could be Bluetooth speakers/headphones mixed,https://ik.imagekit.io/0iaahkrcv/Bts/loader.631b9ed.svg?updatedAt=1786521122197
6a7c26215c7cd75eb85526aa,Bts,search.7d254c6 (1).svg,search.7d254c6,,C08,Audio,MEDIUM,folder mapping: Bts -> Audio | note: Could be Bluetooth speakers/headphones mixed,https://ik.imagekit.io/0iaahkrcv/Bts/search.7d254c6%20(1).svg?updatedAt=1786521122420
6a7c26215c7cd75eb8552665,Bts,search.7d254c6.svg,search.7d254c6,,C08,Audio,MEDIUM,folder mapping: Bts -> Audio | note: Could be Bluetooth speakers/headphones mixed,https://ik.imagekit.io/0iaahkrcv/Bts/search.7d254c6.svg?updatedAt=1786521122279
6a7c26225c7cd75eb8553525,Bts,whatsapp (1).svg,whatsapp,,C08,Audio,MEDIUM,folder mapping: Bts -> Audio | note: Could be Bluetooth speakers/headphones mixed,https://ik.imagekit.io/0iaahkrcv/Bts/whatsapp%20(1).svg?updatedAt=1786521123489
6a7c26225c7cd75eb8553488,Bts,whatsapp.svg,whatsapp,,C08,Audio,MEDIUM,folder mapping: Bts -> Audio | note: Could be Bluetooth speakers/headphones mixed,https://ik.imagekit.io/0iaahkrcv/Bts/whatsapp.svg?updatedAt=1786521123386
6a7ba9875c7cd75eb82649f4,ecommerce,app-logo-desktop.svg,app logo desktop,,,,LOW,"folder mapping: ecommerce -> UNCATEGORIZED | note: Generic ecommerce folder - mixed assets, requires review",https://ik.imagekit.io/0iaahkrcv/ecommerce/All%20iOS%20Smartphones%20-%20Price%20in%20Kenya/app-logo-desktop.svg?updatedAt=1786489223899
6a7ba9875c7cd75eb82651ef,ecommerce,chevron-down.8ee3574.svg,chevron down.8ee3574,,,,LOW,"folder mapping: ecommerce -> UNCATEGORIZED | note: Generic ecommerce folder - mixed assets, requires review",https://ik.imagekit.io/0iaahkrcv/ecommerce/All%20iOS%20Smartphones%20-%20Price%20in%20Kenya/chevron-down.8ee3574.svg?updatedAt=1786489224260
6a7ba9875c7cd75eb8265947,ecommerce,default (1).svg,default,,,,LOW,"folder mapping: ecommerce -> UNCATEGORIZED | note: Generic ecommerce folder - mixed assets, requires review",https://ik.imagekit.io/0iaahkrcv/ecommerce/All%20iOS%20Smartphones%20-%20Price%20in%20Kenya/default%20(1).svg?updatedAt=1786489224560
6a7ba9875c7cd75eb826522a,ecommerce,default (10).svg,default,,,,LOW,"folder mapping: ecommerce -> UNCATEGORIZED | note: Generic ecommerce folder - mixed assets, requires review",https://ik.imagekit.io/0iaahkrcv/ecommerce/All%20iOS%20Smartphones%20-%20Price%20in%20Kenya/default%20(10).svg?updatedAt=1786489224237
6a7ba9875c7cd75eb82651c7,ecommerce,default (11).svg,default,,,,LOW,"folder mapping: ecommerce -> UNCATEGORIZED | note: Generic ecommerce folder - mixed assets, requires review",https://ik.imagekit.io/0iaahkrcv/ecommerce/All%20iOS%20Smartphones%20-%20Price%20in%20Kenya/default%20(11).svg?updatedAt=1786489224181
6a7ba9875c7cd75eb8265199,ecommerce,default (12).svg,default,,,,LOW,"folder mapping: ecommerce -> UNCATEGORIZED | note: Generic ecommerce folder - mixed assets, requires review",https://ik.imagekit.io/0iaahkrcv/ecommerce/All%20iOS%20Smartphones%20-%20Price%20in%20Kenya/default%20(12).svg?updatedAt=1786489224240
6a7ba9875c7cd75eb8265968,ecommerce,default (13).svg,default,,,,LOW,"folder mapping: ecommerce -> UNCATEGORIZED | note: Generic ecommerce folder - mixed assets, requires review",https://ik.imagekit.io/0iaahkrcv/ecommerce/All%20iOS%20Smartphones%20-%20Price%20in%20Kenya/default%20(13).svg?updatedAt=1786489224575
6a7ba9875c7cd75eb8264b30,ecommerce,default (14).svg,default,,,,LOW,"folder mapping: ecommerce -> UNCATEGORIZED | note: Generic ecommerce folder - mixed assets, requires review",https://ik.imagekit.io/0iaahkrcv/ecommerce/All%20iOS%20Smartphones%20-%20Price%20in%20Kenya/default%20(14).svg?updatedAt=1786489223971
6a7ba9875c7cd75eb82658df,ecommerce,default (15).svg,default,,,,LOW,"folder mapping: ecommerce -> UNCATEGORIZED | note: Generic ecommerce folder - mixed assets, requires review",https://ik.imagekit.io/0iaahkrcv/ecommerce/All%20iOS%20Smartphones%20-%20Price%20in%20Kenya/default%20(15).svg?updatedAt=1786489224509
6a7ba9875c7cd75eb8265940,ecommerce,default (16).svg,default,,,,LOW,"folder mapping: ecommerce -> UNCATEGORIZED | note: Generic ecommerce folder - mixed assets, requires review",https://ik.imagekit.io/0iaahkrcv/ecommerce/All%20iOS%20Smartphones%20-%20Price%20in%20Kenya/default%20(16).svg?updatedAt=1786489224538
6a7ba9875c7cd75eb8264b2b,ecommerce,default (17).svg,default,,,,LOW,"folder mapping: ecommerce -> UNCATEGORIZED | note: Generic ecommerce folder - mixed assets, requires review",https://ik.imagekit.io/0iaahkrcv/ecommerce/All%20iOS%20Smartphones%20-%20Price%20in%20Kenya/default%20(17).svg?updatedAt=1786489223953
6a7ba9875c7cd75eb82658e2,ecommerce,default (18).svg,default,,,,LOW,"folder mapping: ecommerce -> UNCATEGORIZED | note: Generic ecommerce folder - mixed assets, requires review",https://ik.imagekit.io/0iaahkrcv/ecommerce/All%20iOS%20Smartphones%20-%20Price%20in%20Kenya/default%20(18).svg?updatedAt=1786489224538
6a7ba9875c7cd75eb82658ec,ecommerce,default (2).svg,default,,,,LOW,"folder mapping: ecommerce -> UNCATEGORIZED | note: Generic ecommerce folder - mixed assets, requires review",https://ik.imagekit.io/0iaahkrcv/ecommerce/All%20iOS%20Smartphones%20-%20Price%20in%20Kenya/default%20(2).svg?updatedAt=1786489224460
6a7ba9875c7cd75eb82651d1,ecommerce,default (3).svg,default,,,,LOW,"folder mapping: ecommerce -> UNCATEGORIZED | note: Generic ecommerce folder - mixed assets, requires review",https://ik.imagekit.io/0iaahkrcv/ecommerce/All%20iOS%20Smartphones%20-%20Price%20in%20Kenya/default%20(3).svg?updatedAt=1786489224246
6a7ba9875c7cd75eb8264b31,ecommerce,default (4).svg,default,,,,LOW,"folder mapping: ecommerce -> UNCATEGORIZED | note: Generic ecommerce folder - mixed assets, requires review",https://ik.imagekit.io/0iaahkrcv/ecommerce/All%20iOS%20Smartphones%20-%20Price%20in%20Kenya/default%20(4).svg?updatedAt=1786489223949
6a7ba9875c7cd75eb8265adb,ecommerce,default (5).svg,default,,,,LOW,"folder mapping: ecommerce -> UNCATEGORIZED | note: Generic ecommerce folder - mixed assets, requires review",https://ik.imagekit.io/0iaahkrcv/ecommerce/All%20iOS%20Smartphones%20-%20Price%20in%20Kenya/default%20(5).svg?updatedAt=1786489224606
6a7ba9875c7cd75eb8264b3e,ecommerce,default (6).svg,default,,,,LOW,"folder mapping: ecommerce -> UNCATEGORIZED | note: Generic ecommerce folder - mixed assets, requires review",https://ik.imagekit.io/0iaahkrcv/ecommerce/All%20iOS%20Smartphones%20-%20Price%20in%20Kenya/default%20(6).svg?updatedAt=1786489223950
6a7ba9875c7cd75eb8265233,ecommerce,default (7).svg,default,,,,LOW,"folder mapping: ecommerce -> UNCATEGORIZED | note: Generic ecommerce folder - mixed assets, requires review",https://ik.imagekit.io/0iaahkrcv/ecommerce/All%20iOS%20Smartphones%20-%20Price%20in%20Kenya/default%20(7).svg?updatedAt=1786489224240
6a7ba9875c7cd75eb8265936,ecommerce,default (8).svg,default,,,,LOW,"folder mapping: ecommerce -> UNCATEGORIZED | note: Generic ecommerce folder - mixed assets, requires review",https://ik.imagekit.io/0iaahkrcv/ecommerce/All%20iOS%20Smartphones%20-%20Price%20in%20Kenya/default%20(8).svg?updatedAt=1786489224548
6a7ba9875c7cd75eb8265abc,ecommerce,default (9).svg,default,,,,LOW,"folder mapping: ecommerce -> UNCATEGORIZED | note: Generic ecommerce folder - mixed assets, requires review",https://ik.imagekit.io/0iaahkrcv/ecommerce/All%20iOS%20Smartphones%20-%20Price%20in%20Kenya/default%20(9).svg?updatedAt=1786489224506
6a7ba9875c7cd75eb8265a82,ecommerce,default.svg,default,,,,LOW,"folder mapping: ecommerce -> UNCATEGORIZED | note: Generic ecommerce folder - mixed assets, requires review",https://ik.imagekit.io/0iaahkrcv/ecommerce/All%20iOS%20Smartphones%20-%20Price%20in%20Kenya/default.svg?updatedAt=1786489224481
6a7ba9875c7cd75eb82651a8,ecommerce,iphone11f-medium (1).webp,iphone11f medium,,,,LOW,"folder mapping: ecommerce -> UNCATEGORIZED | note: Generic ecommerce folder - mixed assets, requires review",https://ik.imagekit.io/0iaahkrcv/ecommerce/All%20iOS%20Smartphones%20-%20Price%20in%20Kenya/iphone11f-medium%20(1).webp?updatedAt=1786489224215
6a7ba9875c7cd75eb8264b25,ecommerce,iphone11f-medium (2).webp,iphone11f medium,,,,LOW,"folder mapping: ecommerce -> UNCATEGORIZED | note: Generic ecommerce folder - mixed assets, requires review",https://ik.imagekit.io/0iaahkrcv/ecommerce/All%20iOS%20Smartphones%20-%20Price%20in%20Kenya/iphone11f-medium%20(2).webp?updatedAt=1786489223969
6a7ba9875c7cd75eb8264b2c,ecommerce,iphone11f-medium.webp,iphone11f medium,,,,LOW,"folder mapping: ecommerce -> UNCATEGORIZED | note: Generic ecommerce folder - mixed assets, requires review",https://ik.imagekit.io/0iaahkrcv/ecommerce/All%20iOS%20Smartphones%20-%20Price%20in%20Kenya/iphone11f-medium.webp?updatedAt=1786489223965
6a7ba9875c7cd75eb82651a4,ecommerce,iphone11proc-medium (1).webp,iphone11proc medium,,,,LOW,"folder mapping: ecommerce -> UNCATEGORIZED | note: Generic ecommerce folder - mixed assets, requires review",https://ik.imagekit.io/0iaahkrcv/ecommerce/All%20iOS%20Smartphones%20-%20Price%20in%20Kenya/iphone11proc-medium%20(1).webp?updatedAt=1786489224218
6a7ba9875c7cd75eb8265ac4,ecommerce,iphone11proc-medium (2).webp,iphone11proc medium,,,,LOW,"folder mapping: ecommerce -> UNCATEGORIZED | note: Generic ecommerce folder - mixed assets, requires review",https://ik.imagekit.io/0iaahkrcv/ecommerce/All%20iOS%20Smartphones%20-%20Price%20in%20Kenya/iphone11proc-medium%20(2).webp?updatedAt=1786489224596
6a7ba9875c7cd75eb8264d58,ecommerce,iphone11proc-medium.webp,iphone11proc medium,,,,LOW,"folder mapping: ecommerce -> UNCATEGORIZED | note: Generic ecommerce folder - mixed assets, requires review",https://ik.imagekit.io/0iaahkrcv/ecommerce/All%20iOS%20Smartphones%20-%20Price%20in%20Kenya/iphone11proc-medium.webp?updatedAt=1786489224101
6a7ba9875c7cd75eb8264d10,ecommerce,iphone11prod-medium (1).webp,iphone11prod medium,,,,LOW,"folder mapping: ecommerce -> UNCATEGORIZED | note: Generic ecommerce folder - mixed assets, requires review",https://ik.imagekit.io/0iaahkrcv/ecommerce/All%20iOS%20Smartphones%20-%20Price%20in%20Kenya/iphone11prod-medium%20(1).webp?updatedAt=1786489224041
6a7ba9b45c7cd75eb829777c,ecommerce,iphone11prod-medium (2).webp,iphone11prod medium,,,,LOW,"folder mapping: ecommerce -> UNCATEGORIZED | note: Generic ecommerce folder - mixed assets, requires review",https://ik.imagekit.io/0iaahkrcv/ecommerce/All%20iOS%20Smartphones%20-%20Price%20in%20Kenya/iphone11prod-medium%20(2).webp?updatedAt=1786489268863
6a7ba9b55c7cd75eb82985ba,ecommerce,iphone11prod-medium.webp,iphone11prod medium,,,,LOW,"folder mapping: ecommerce -> UNCATEGORIZED | note: Generic ecommerce folder - mixed assets, requires review",https://ik.imagekit.io/0iaahkrcv/ecommerce/All%20iOS%20Smartphones%20-%20Price%20in%20Kenya/iphone11prod-medium.webp?updatedAt=1786489269702
6a7ba9b55c7cd75eb82985c3,ecommerce,iphone12proa-medium (1).webp,iphone12proa medium,,,,LOW,"folder mapping: ecommerce -> UNCATEGORIZED | note: Generic ecommerce folder - mixed assets, requires review",https://ik.imagekit.io/0iaahkrcv/ecommerce/All%20iOS%20Smartphones%20-%20Price%20in%20Kenya/iphone12proa-medium%20(1).webp?updatedAt=1786489269736
6a7ba9b55c7cd75eb82985c0,ecommerce,iphone12proa-medium (2).webp,iphone12proa medium,,,,LOW,"folder mapping: ecommerce -> UNCATEGORIZED | note: Generic ecommerce folder - mixed assets, requires review",https://ik.imagekit.io/0iaahkrcv/ecommerce/All%20iOS%20Smartphones%20-%20Price%20in%20Kenya/iphone12proa-medium%20(2).webp?updatedAt=1786489269715
6a7ba9b55c7cd75eb8298607,ecommerce,iphone12proa-medium.webp,iphone12proa medium,,,,LOW,"folder mapping: ecommerce -> UNCATEGORIZED | note: Generic ecommerce folder - mixed assets, requires review",https://ik.imagekit.io/0iaahkrcv/ecommerce/All%20iOS%20Smartphones%20-%20Price%20in%20Kenya/iphone12proa-medium.webp?updatedAt=1786489269635
6a7ba9b55c7cd75eb829861b,ecommerce,iphone12promaxb-medium (1).webp,iphone12promaxb medium,,,,LOW,"folder mapping: ecommerce -> UNCATEGORIZED | note: Generic ecommerce folder - mixed assets, requires review",https://ik.imagekit.io/0iaahkrcv/ecommerce/All%20iOS%20Smartphones%20-%20Price%20in%20Kenya/iphone12promaxb-medium%20(1).webp?updatedAt=1786489269745
6a7ba9b55c7cd75eb829865f,ecommerce,iphone12promaxb-medium (2).webp,iphone12promaxb medium,,,,LOW,"folder mapping: ecommerce -> UNCATEGORIZED | note: Generic ecommerce folder - mixed assets, requires review",https://ik.imagekit.io/0iaahkrcv/ecommerce/All%20iOS%20Smartphones%20-%20Price%20in%20Kenya/iphone12promaxb-medium%20(2).webp?updatedAt=1786489269733
6a7ba9b55c7cd75eb8298684,ecommerce,iphone12promaxb-medium.webp,iphone12promaxb medium,,,,LOW,"folder mapping: ecommerce -> UNCATEGORIZED | note: Generic ecommerce folder - mixed assets, requires review",https://ik.imagekit.io/0iaahkrcv/ecommerce/All%20iOS%20Smartphones%20-%20Price%20in%20Kenya/iphone12promaxb-medium.webp?updatedAt=1786489269748
6a7ba9b55c7cd75eb8298695,ecommerce,iphone13d-medium (1).webp,iphone13d medium,,,,LOW,"folder mapping: ecommerce -> UNCATEGORIZED | note: Generic ecommerce folder - mixed assets, requires review",https://ik.imagekit.io/0iaahkrcv/ecommerce/All%20iOS%20Smartphones%20-%20Price%20in%20Kenya/iphone13d-medium%20(1).webp?updatedAt=1786489269677
6a7ba9b55c7cd75eb82986a2,ecommerce,iphone13d-medium (2).webp,iphone13d medium,,,,LOW,"folder mapping: ecommerce -> UNCATEGORIZED | note: Generic ecommerce folder - mixed assets, requires review",https://ik.imagekit.io/0iaahkrcv/ecommerce/All%20iOS%20Smartphones%20-%20Price%20in%20Kenya/iphone13d-medium%20(2).webp?updatedAt=1786489269775
6a7ba9b55c7cd75eb82986b1,ecommerce,iphone13d-medium.webp,iphone13d medium,,,,LOW,"folder mapping: ecommerce -> UNCATEGORIZED | note: Generic ecommerce folder - mixed assets, requires review",https://ik.imagekit.io/0iaahkrcv/ecommerce/All%20iOS%20Smartphones%20-%20Price%20in%20Kenya/iphone13d-medium.webp?updatedAt=1786489269770
6a7ba9b55c7cd75eb82986c2,ecommerce,iphone13proc-medium (1).webp,iphone13proc medium,,,,LOW,"folder mapping: ecommerce -> UNCATEGORIZED | note: Generic ecommerce folder - mixed assets, requires review",https://ik.imagekit.io/0iaahkrcv/ecommerce/All%20iOS%20Smartphones%20-%20Price%20in%20Kenya/iphone13proc-medium%20(1).webp?updatedAt=1786489269681
6a7ba9b55c7cd75eb82986c7,ecommerce,iphone13proc-medium (2).webp,iphone13proc medium,,,,LOW,"folder mapping: ecommerce -> UNCATEGORIZED | note: Generic ecommerce folder - mixed assets, requires review",https://ik.imagekit.io/0iaahkrcv/ecommerce/All%20iOS%20Smartphones%20-%20Price%20in%20Kenya/iphone13proc-medium%20(2).webp?updatedAt=1786489269742
6a7ba9b55c7cd75eb82986b8,ecommerce,iphone13proc-medium.webp,iphone13proc medium,,,,LOW,"folder mapping: ecommerce -> UNCATEGORIZED | note: Generic ecommerce folder - mixed assets, requires review",https://ik.imagekit.io/0iaahkrcv/ecommerce/All%20iOS%20Smartphones%20-%20Price%20in%20Kenya/iphone13proc-medium.webp?updatedAt=1786489269746
6a7ba9b55c7cd75eb829870f,ecommerce,iphone13prod-medium (1).webp,iphone13prod medium,,,,LOW,"folder mapping: ecommerce -> UNCATEGORIZED | note: Generic ecommerce folder - mixed assets, requires review",https://ik.imagekit.io/0iaahkrcv/ecommerce/All%20iOS%20Smartphones%20-%20Price%20in%20Kenya/iphone13prod-medium%20(1).webp?updatedAt=1786489269759
6a7ba9b55c7cd75eb829872f,ecommerce,iphone13prod-medium (2).webp,iphone13prod medium,,,,LOW,"folder mapping: ecommerce -> UNCATEGORIZED | note: Generic ecommerce folder - mixed assets, requires review",https://ik.imagekit.io/0iaahkrcv/ecommerce/All%20iOS%20Smartphones%20-%20Price%20in%20Kenya/iphone13prod-medium%20(2).webp?updatedAt=1786489269684
6a7ba9b55c7cd75eb8298733,ecommerce,iphone13prod-medium (3).webp,iphone13prod medium,,,,LOW,"folder mapping: ecommerce -> UNCATEGORIZED | note: Generic ecommerce folder - mixed assets, requires review",https://ik.imagekit.io/0iaahkrcv/ecommerce/All%20iOS%20Smartphones%20-%20Price%20in%20Kenya/iphone13prod-medium%20(3).webp?updatedAt=1786489269691
6a7ba9b55c7cd75eb8298732,ecommerce,iphone13prod-medium (4).webp,iphone13prod medium,,,,LOW,"folder mapping: ecommerce -> UNCATEGORIZED | note: Generic ecommerce folder - mixed assets, requires review",https://ik.imagekit.io/0iaahkrcv/ecommerce/All%20iOS%20Smartphones%20-%20Price%20in%20Kenya/iphone13prod-medium%20(4).webp?updatedAt=1786489269769
6a7ba9b55c7cd75eb829871e,ecommerce,iphone13prod-medium (5).webp,iphone13prod medium,,,,LOW,"folder mapping: ecommerce -> UNCATEGORIZED | note: Generic ecommerce folder - mixed assets, requires review",https://ik.imagekit.io/0iaahkrcv/ecommerce/All%20iOS%20Smartphones%20-%20Price%20in%20Kenya/iphone13prod-medium%20(5).webp?updatedAt=1786489269770
6a7ba9b55c7cd75eb829872a,ecommerce,iphone13prod-medium.webp,iphone13prod medium,,,,LOW,"folder mapping: ecommerce -> UNCATEGORIZED | note: Generic ecommerce folder - mixed assets, requires review",https://ik.imagekit.io/0iaahkrcv/ecommerce/All%20iOS%20Smartphones%20-%20Price%20in%20Kenya/iphone13prod-medium.webp?updatedAt=1786489269793
6a7ba9b55c7cd75eb8298747,ecommerce,iphone14proa-medium (1).webp,iphone14proa medium,,,,LOW,"folder mapping: ecommerce -> UNCATEGORIZED | note: Generic ecommerce folder - mixed assets, requires review",https://ik.imagekit.io/0iaahkrcv/ecommerce/All%20iOS%20Smartphones%20-%20Price%20in%20Kenya/iphone14proa-medium%20(1).webp?updatedAt=1786489269709
6a7ba9b55c7cd75eb829874e,ecommerce,iphone14proa-medium (2).webp,iphone14proa medium,,,,LOW,"folder mapping: ecommerce -> UNCATEGORIZED | note: Generic ecommerce folder - mixed assets, requires review",https://ik.imagekit.io/0iaahkrcv/ecommerce/All%20iOS%20Smartphones%20-%20Price%20in%20Kenya/iphone14proa-medium%20(2).webp?updatedAt=1786489269802
6a7ba9b55c7cd75eb8298728,ecommerce,iphone14proa-medium.webp,iphone14proa medium,,,,LOW,"folder mapping: ecommerce -> UNCATEGORIZED | note: Generic ecommerce folder - mixed assets, requires review",https://ik.imagekit.io/0iaahkrcv/ecommerce/All%20iOS%20Smartphones%20-%20Price%20in%20Kenya/iphone14proa-medium.webp?updatedAt=1786489269787
6a7ba9b55c7cd75eb8298758,ecommerce,iphone14promaxd-medium (1).webp,iphone14promaxd medium,,,,LOW,"folder mapping: ecommerce -> UNCATEGORIZED | note: Generic ecommerce folder - mixed assets, requires review",https://ik.imagekit.io/0iaahkrcv/ecommerce/All%20iOS%20Smartphones%20-%20Price%20in%20Kenya/iphone14promaxd-medium%20(1).webp?updatedAt=1786489269824
6a7ba9b55c7cd75eb8298797,ecommerce,iphone14promaxd-medium (2).webp,iphone14promaxd medium,,,,LOW,"folder mapping: ecommerce -> UNCATEGORIZED | note: Generic ecommerce folder - mixed assets, requires review",https://ik.imagekit.io/0iaahkrcv/ecommerce/All%20iOS%20Smartphones%20-%20Price%20in%20Kenya/iphone14promaxd-medium%20(2).webp?updatedAt=1786489269792
6a7ba9b55c7cd75eb829874b,ecommerce,iphone14promaxd-medium.webp,iphone14promaxd medium,,,,LOW,"folder mapping: ecommerce -> UNCATEGORIZED | note: Generic ecommerce folder - mixed assets, requires review",https://ik.imagekit.io/0iaahkrcv/ecommerce/All%20iOS%20Smartphones%20-%20Price%20in%20Kenya/iphone14promaxd-medium.webp?updatedAt=1786489269822
6a7ba9b55c7cd75eb8298755,ecommerce,loader.631b9ed.svg,loader.631b9ed,,,,LOW,"folder mapping: ecommerce -> UNCATEGORIZED | note: Generic ecommerce folder - mixed assets, requires review",https://ik.imagekit.io/0iaahkrcv/ecommerce/All%20iOS%20Smartphones%20-%20Price%20in%20Kenya/loader.631b9ed.svg?updatedAt=1786489269770
6a7ba9b55c7cd75eb8298754,ecommerce,search.7d254c6.svg,search.7d254c6,,,,LOW,"folder mapping: ecommerce -> UNCATEGORIZED | note: Generic ecommerce folder - mixed assets, requires review",https://ik.imagekit.io/0iaahkrcv/ecommerce/All%20iOS%20Smartphones%20-%20Price%20in%20Kenya/search.7d254c6.svg?updatedAt=1786489269826
6a7ba9b55c7cd75eb8298750,ecommerce,whatsapp.svg,whatsapp,,,,LOW,"folder mapping: ecommerce -> UNCATEGORIZED | note: Generic ecommerce folder - mixed assets, requires review",https://ik.imagekit.io/0iaahkrcv/ecommerce/All%20iOS%20Smartphones%20-%20Price%20in%20Kenya/whatsapp.svg?updatedAt=1786489269719
6a7b6cca5c7cd75eb8f3e922,ecommerce,app-logo-desktop.svg,app logo desktop,,,,LOW,"folder mapping: ecommerce -> UNCATEGORIZED | note: Generic ecommerce folder - mixed assets, requires review",https://ik.imagekit.io/0iaahkrcv/ecommerce/All%20Tecno%20Smartphones%20-%20Price%20in%20Kenya%20(2)/app-logo-desktop.svg?updatedAt=1786473674756
6a7b6cca5c7cd75eb8f3ec1f,ecommerce,default (1).svg,default,,,,LOW,"folder mapping: ecommerce -> UNCATEGORIZED | note: Generic ecommerce folder - mixed assets, requires review",https://ik.imagekit.io/0iaahkrcv/ecommerce/All%20Tecno%20Smartphones%20-%20Price%20in%20Kenya%20(2)/default%20(1).svg?updatedAt=1786473675234
6a7b6cca5c7cd75eb8f3e9ba,ecommerce,default (10).svg,default,,,,LOW,"folder mapping: ecommerce -> UNCATEGORIZED | note: Generic ecommerce folder - mixed assets, requires review",https://ik.imagekit.io/0iaahkrcv/ecommerce/All%20Tecno%20Smartphones%20-%20Price%20in%20Kenya%20(2)/default%20(10).svg?updatedAt=1786473674875
6a7b6cca5c7cd75eb8f3e9b2,ecommerce,default (11).svg,default,,,,LOW,"folder mapping: ecommerce -> UNCATEGORIZED | note: Generic ecommerce folder - mixed assets, requires review",https://ik.imagekit.io/0iaahkrcv/ecommerce/All%20Tecno%20Smartphones%20-%20Price%20in%20Kenya%20(2)/default%20(11).svg?updatedAt=1786473674848
6a7b6cca5c7cd75eb8f3e9d0,ecommerce,default (12).svg,default,,,,LOW,"folder mapping: ecommerce -> UNCATEGORIZED | note: Generic ecommerce folder - mixed assets, requires review",https://ik.imagekit.io/0iaahkrcv/ecommerce/All%20Tecno%20Smartphones%20-%20Price%20in%20Kenya%20(2)/default%20(12).svg?updatedAt=1786473674901
6a7b6cca5c7cd75eb8f3e9e0,ecommerce,default (13).svg,default,,,,LOW,"folder mapping: ecommerce -> UNCATEGORIZED | note: Generic ecommerce folder - mixed assets, requires review",https://ik.imagekit.io/0iaahkrcv/ecommerce/All%20Tecno%20Smartphones%20-%20Price%20in%20Kenya%20(2)/default%20(13).svg?updatedAt=1786473674869
6a7b6cca5c7cd75eb8f3e9d5,ecommerce,default (14).svg,default,,,,LOW,"folder mapping: ecommerce -> UNCATEGORIZED | note: Generic ecommerce folder - mixed assets, requires review",https://ik.imagekit.io/0iaahkrcv/ecommerce/All%20Tecno%20Smartphones%20-%20Price%20in%20Kenya%20(2)/default%20(14).svg?updatedAt=1786473674878
6a7b6cca5c7cd75eb8f3e9d9,ecommerce,default (15).svg,default,,,,LOW,"folder mapping: ecommerce -> UNCATEGORIZED | note: Generic ecommerce folder - mixed assets, requires review",https://ik.imagekit.io/0iaahkrcv/ecommerce/All%20Tecno%20Smartphones%20-%20Price%20in%20Kenya%20(2)/default%20(15).svg?updatedAt=1786473674837
6a7b6cca5c7cd75eb8f3e9e6,ecommerce,default (16).svg,default,,,,LOW,"folder mapping: ecommerce -> UNCATEGORIZED | note: Generic ecommerce folder - mixed assets, requires review",https://ik.imagekit.io/0iaahkrcv/ecommerce/All%20Tecno%20Smartphones%20-%20Price%20in%20Kenya%20(2)/default%20(16).svg?updatedAt=1786473674841
6a7b6cca5c7cd75eb8f3eb44,ecommerce,default (2).svg,default,,,,LOW,"folder mapping: ecommerce -> UNCATEGORIZED | note: Generic ecommerce folder - mixed assets, requires review",https://ik.imagekit.io/0iaahkrcv/ecommerce/All%20Tecno%20Smartphones%20-%20Price%20in%20Kenya%20(2)/default%20(2).svg?updatedAt=1786473675092
6a7b6cca5c7cd75eb8f3ea9f,ecommerce,default (3).svg,default,,,,LOW,"folder mapping: ecommerce -> UNCATEGORIZED | note: Generic ecommerce folder - mixed assets, requires review",https://ik.imagekit.io/0iaahkrcv/ecommerce/All%20Tecno%20Smartphones%20-%20Price%20in%20Kenya%20(2)/default%20(3).svg?updatedAt=1786473675000
6a7b6cca5c7cd75eb8f3eace,ecommerce,default (4).svg,default,,,,LOW,"folder mapping: ecommerce -> UNCATEGORIZED | note: Generic ecommerce folder - mixed assets, requires review",https://ik.imagekit.io/0iaahkrcv/ecommerce/All%20Tecno%20Smartphones%20-%20Price%20in%20Kenya%20(2)/default%20(4).svg?updatedAt=1786473675044
6a7b6cca5c7cd75eb8f3eab2,ecommerce,default (5).svg,default,,,,LOW,"folder mapping: ecommerce -> UNCATEGORIZED | note: Generic ecommerce folder - mixed assets, requires review",https://ik.imagekit.io/0iaahkrcv/ecommerce/All%20Tecno%20Smartphones%20-%20Price%20in%20Kenya%20(2)/default%20(5).svg?updatedAt=1786473675068
6a7b6cca5c7cd75eb8f3ea55,ecommerce,default (6).svg,default,,,,LOW,"folder mapping: ecommerce -> UNCATEGORIZED | note: Generic ecommerce folder - mixed assets, requires review",https://ik.imagekit.io/0iaahkrcv/ecommerce/All%20Tecno%20Smartphones%20-%20Price%20in%20Kenya%20(2)/default%20(6).svg?updatedAt=1786473674917
6a7b6cca5c7cd75eb8f3eaaf,ecommerce,default (7).svg,default,,,,LOW,"folder mapping: ecommerce -> UNCATEGORIZED | note: Generic ecommerce folder - mixed assets, requires review",https://ik.imagekit.io/0iaahkrcv/ecommerce/All%20Tecno%20Smartphones%20-%20Price%20in%20Kenya%20(2)/default%20(7).svg?updatedAt=1786473674990
6a7b6cca5c7cd75eb8f3eb7d,ecommerce,default (8).svg,default,,,,LOW,"folder mapping: ecommerce -> UNCATEGORIZED | note: Generic ecommerce folder - mixed assets, requires review",https://ik.imagekit.io/0iaahkrcv/ecommerce/All%20Tecno%20Smartphones%20-%20Price%20in%20Kenya%20(2)/default%20(8).svg?updatedAt=1786473675132
6a7b6cca5c7cd75eb8f3eb18,ecommerce,default (9).svg,default,,,,LOW,"folder mapping: ecommerce -> UNCATEGORIZED | note: Generic ecommerce folder - mixed assets, requires review",https://ik.imagekit.io/0iaahkrcv/ecommerce/All%20Tecno%20Smartphones%20-%20Price%20in%20Kenya%20(2)/default%20(9).svg?updatedAt=1786473675093
6a7b6cca5c7cd75eb8f3eb66,ecommerce,default.svg,default,,,,LOW,"folder mapping: ecommerce -> UNCATEGORIZED | note: Generic ecommerce folder - mixed assets, requires review",https://ik.imagekit.io/0iaahkrcv/ecommerce/All%20Tecno%20Smartphones%20-%20Price%20in%20Kenya%20(2)/default.svg?updatedAt=1786473675115
6a7b6cca5c7cd75eb8f3ee6c,ecommerce,whatsapp.svg,whatsapp,,,,LOW,"folder mapping: ecommerce -> UNCATEGORIZED | note: Generic ecommerce folder - mixed assets, requires review",https://ik.imagekit.io/0iaahkrcv/ecommerce/All%20Tecno%20Smartphones%20-%20Price%20in%20Kenya%20(2)/whatsapp.svg?updatedAt=1786473675553
6a7b6b375c7cd75eb8eaa5ea,ecommerce,app-logo-desktop_2XlPE4ZV_.svg,app logo desktop 2XlPE4ZV,,,,LOW,"folder mapping: ecommerce -> UNCATEGORIZED | note: Generic ecommerce folder - mixed assets, requires review",https://ik.imagekit.io/0iaahkrcv/ecommerce/All%20Tecno%20Smartphones%20-%20Price%20in%20Kenya/app-logo-desktop_2XlPE4ZV_.svg?updatedAt=1786473272022
6a7b697c5c7cd75eb8e176bf,ecommerce,app-logo-desktop.svg,app logo desktop,,,,LOW,"folder mapping: ecommerce -> UNCATEGORIZED | note: Generic ecommerce folder - mixed assets, requires review",https://ik.imagekit.io/0iaahkrcv/ecommerce/All%20Tecno%20Smartphones%20-%20Price%20in%20Kenya/app-logo-desktop.svg?updatedAt=1786472828696
6a7b6b515c7cd75eb8eb3131,ecommerce,camon19neof-medium (1).webp,camon19neof medium,,,,LOW,"folder mapping: ecommerce -> UNCATEGORIZED | note: Generic ecommerce folder - mixed assets, requires review",https://ik.imagekit.io/0iaahkrcv/ecommerce/All%20Tecno%20Smartphones%20-%20Price%20in%20Kenya/camon19neof-medium%20(1).webp?updatedAt=1786473298118
6a7b6b375c7cd75eb8eaaa1a,ecommerce,camon19neof-medium (2).webp,camon19neof medium,,,,LOW,"folder mapping: ecommerce -> UNCATEGORIZED | note: Generic ecommerce folder - mixed assets, requires review",https://ik.imagekit.io/0iaahkrcv/ecommerce/All%20Tecno%20Smartphones%20-%20Price%20in%20Kenya/camon19neof-medium%20(2).webp?updatedAt=1786473272578
6a7b6b375c7cd75eb8eaa963,ecommerce,camon19neof-medium.webp,camon19neof medium,,,,LOW,"folder mapping: ecommerce -> UNCATEGORIZED | note: Generic ecommerce folder - mixed assets, requires review",https://ik.imagekit.io/0iaahkrcv/ecommerce/All%20Tecno%20Smartphones%20-%20Price%20in%20Kenya/camon19neof-medium.webp?updatedAt=1786473272452
6a7b6b375c7cd75eb8eaa7a6,ecommerce,chevron-down.8ee3574_L5GY9r5vk.svg,chevron down.8ee3574 L5GY9r5vk,,,,LOW,"folder mapping: ecommerce -> UNCATEGORIZED | note: Generic ecommerce folder - mixed assets, requires review",https://ik.imagekit.io/0iaahkrcv/ecommerce/All%20Tecno%20Smartphones%20-%20Price%20in%20Kenya/chevron-down.8ee3574_L5GY9r5vk.svg?updatedAt=1786473272331
6a7b697f5c7cd75eb8e188d0,ecommerce,chevron-down.8ee3574.svg,chevron down.8ee3574,,,,LOW,"folder mapping: ecommerce -> UNCATEGORIZED | note: Generic ecommerce folder - mixed assets, requires review",https://ik.imagekit.io/0iaahkrcv/ecommerce/All%20Tecno%20Smartphones%20-%20Price%20in%20Kenya/chevron-down.8ee3574.svg?updatedAt=1786472831970
6a7b6b375c7cd75eb8eaa736,ecommerce,default (1)_gpjLSlm5X.svg,default gpjLSlm5X,,,,LOW,"folder mapping: ecommerce -> UNCATEGORIZED | note: Generic ecommerce folder - mixed assets, requires review",https://ik.imagekit.io/0iaahkrcv/ecommerce/All%20Tecno%20Smartphones%20-%20Price%20in%20Kenya/default%20(1)_gpjLSlm5X.svg?updatedAt=1786473272242
6a7b69805c7cd75eb8e19044,ecommerce,default (1).svg,default,,,,LOW,"folder mapping: ecommerce -> UNCATEGORIZED | note: Generic ecommerce folder - mixed assets, requires review",https://ik.imagekit.io/0iaahkrcv/ecommerce/All%20Tecno%20Smartphones%20-%20Price%20in%20Kenya/default%20(1).svg?updatedAt=1786472833156
6a7b6b375c7cd75eb8eaa7c0,ecommerce,default (10)_2kBrgUTsm_.svg,default 2kBrgUTsm,,,,LOW,"folder mapping: ecommerce -> UNCATEGORIZED | note: Generic ecommerce folder - mixed assets, requires review",https://ik.imagekit.io/0iaahkrcv/ecommerce/All%20Tecno%20Smartphones%20-%20Price%20in%20Kenya/default%20(10)_2kBrgUTsm_.svg?updatedAt=1786473272289
6a7b697f5c7cd75eb8e187d2,ecommerce,default (10).svg,default,,,,LOW,"folder mapping: ecommerce -> UNCATEGORIZED | note: Generic ecommerce folder - mixed assets, requires review",https://ik.imagekit.io/0iaahkrcv/ecommerce/All%20Tecno%20Smartphones%20-%20Price%20in%20Kenya/default%20(10).svg?updatedAt=1786472831767
6a7b6b375c7cd75eb8eaa8cb,ecommerce,default (11)_ZNSyVo8o1R.svg,default ZNSyVo8o1R,,,,LOW,"folder mapping: ecommerce -> UNCATEGORIZED | note: Generic ecommerce folder - mixed assets, requires review",https://ik.imagekit.io/0iaahkrcv/ecommerce/All%20Tecno%20Smartphones%20-%20Price%20in%20Kenya/default%20(11)_ZNSyVo8o1R.svg?updatedAt=1786473272483
6a7b69805c7cd75eb8e1900e,ecommerce,default (11).svg,default,,,,LOW,"folder mapping: ecommerce -> UNCATEGORIZED | note: Generic ecommerce folder - mixed assets, requires review",https://ik.imagekit.io/0iaahkrcv/ecommerce/All%20Tecno%20Smartphones%20-%20Price%20in%20Kenya/default%20(11).svg?updatedAt=1786472833113
6a7b6b375c7cd75eb8eaa8bc,ecommerce,default (12)_WlhK03Vj_E.svg,default WlhK03Vj E,,,,LOW,"folder mapping: ecommerce -> UNCATEGORIZED | note: Generic ecommerce folder - mixed assets, requires review",https://ik.imagekit.io/0iaahkrcv/ecommerce/All%20Tecno%20Smartphones%20-%20Price%20in%20Kenya/default%20(12)_WlhK03Vj_E.svg?updatedAt=1786473272441
6a7b697f5c7cd75eb8e18831,ecommerce,default (12).svg,default,,,,LOW,"folder mapping: ecommerce -> UNCATEGORIZED | note: Generic ecommerce folder - mixed assets, requires review",https://ik.imagekit.io/0iaahkrcv/ecommerce/All%20Tecno%20Smartphones%20-%20Price%20in%20Kenya/default%20(12).svg?updatedAt=1786472831853
6a7b6b515c7cd75eb8eb312d,ecommerce,default (13)_GhgX_OLqj.svg,default GhgX OLqj,,,,LOW,"folder mapping: ecommerce -> UNCATEGORIZED | note: Generic ecommerce folder - mixed assets, requires review",https://ik.imagekit.io/0iaahkrcv/ecommerce/All%20Tecno%20Smartphones%20-%20Price%20in%20Kenya/default%20(13)_GhgX_OLqj.svg?updatedAt=1786473298078
6a7b697c5c7cd75eb8e17a08,ecommerce,default (13).svg,default,,,,LOW,"folder mapping: ecommerce -> UNCATEGORIZED | note: Generic ecommerce folder - mixed assets, requires review",https://ik.imagekit.io/0iaahkrcv/ecommerce/All%20Tecno%20Smartphones%20-%20Price%20in%20Kenya/default%20(13).svg?updatedAt=1786472829316
6a7b6b375c7cd75eb8eaa8a2,ecommerce,default (14)_r0N-UK4FS.svg,default r0N UK4FS,,,,LOW,"folder mapping: ecommerce -> UNCATEGORIZED | note: Generic ecommerce folder - mixed assets, requires review",https://ik.imagekit.io/0iaahkrcv/ecommerce/All%20Tecno%20Smartphones%20-%20Price%20in%20Kenya/default%20(14)_r0N-UK4FS.svg?updatedAt=1786473272516
6a7b697f5c7cd75eb8e18806,ecommerce,default (14).svg,default,,,,LOW,"folder mapping: ecommerce -> UNCATEGORIZED | note: Generic ecommerce folder - mixed assets, requires review",https://ik.imagekit.io/0iaahkrcv/ecommerce/All%20Tecno%20Smartphones%20-%20Price%20in%20Kenya/default%20(14).svg?updatedAt=1786472831745
6a7b6b375c7cd75eb8eaa86f,ecommerce,default (15)__v6liR0qX.svg,default v6liR0qX,,,,LOW,"folder mapping: ecommerce -> UNCATEGORIZED | note: Generic ecommerce folder - mixed assets, requires review",https://ik.imagekit.io/0iaahkrcv/ecommerce/All%20Tecno%20Smartphones%20-%20Price%20in%20Kenya/default%20(15)__v6liR0qX.svg?updatedAt=1786473272436
6a7b697f5c7cd75eb8e18ca6,ecommerce,default (15).svg,default,,,,LOW,"folder mapping: ecommerce -> UNCATEGORIZED | note: Generic ecommerce folder - mixed assets, requires review",https://ik.imagekit.io/0iaahkrcv/ecommerce/All%20Tecno%20Smartphones%20-%20Price%20in%20Kenya/default%20(15).svg?updatedAt=1786472832523
6a7b6b375c7cd75eb8eaa88d,ecommerce,default (16)_3euzL0J11.svg,default 3euzL0J11,,,,LOW,"folder mapping: ecommerce -> UNCATEGORIZED | note: Generic ecommerce folder - mixed assets, requires review",https://ik.imagekit.io/0iaahkrcv/ecommerce/All%20Tecno%20Smartphones%20-%20Price%20in%20Kenya/default%20(16)_3euzL0J11.svg?updatedAt=1786473272400
6a7b69815c7cd75eb8e19437,ecommerce,default (16).svg,default,,,,LOW,"folder mapping: ecommerce -> UNCATEGORIZED | note: Generic ecommerce folder - mixed assets, requires review",https://ik.imagekit.io/0iaahkrcv/ecommerce/All%20Tecno%20Smartphones%20-%20Price%20in%20Kenya/default%20(16).svg?updatedAt=1786472833910
6a7b69815c7cd75eb8e19512,ecommerce,default (17).svg,default,,,,LOW,"folder mapping: ecommerce -> UNCATEGORIZED | note: Generic ecommerce folder - mixed assets, requires review",https://ik.imagekit.io/0iaahkrcv/ecommerce/All%20Tecno%20Smartphones%20-%20Price%20in%20Kenya/default%20(17).svg?updatedAt=1786472833979
6a7b6b375c7cd75eb8eaa847,ecommerce,default (2)_4closTNRK.svg,default 4closTNRK,,,,LOW,"folder mapping: ecommerce -> UNCATEGORIZED | note: Generic ecommerce folder - mixed assets, requires review",https://ik.imagekit.io/0iaahkrcv/ecommerce/All%20Tecno%20Smartphones%20-%20Price%20in%20Kenya/default%20(2)_4closTNRK.svg?updatedAt=1786473272410
6a7b69815c7cd75eb8e196d0,ecommerce,default (2).svg,default,,,,LOW,"folder mapping: ecommerce -> UNCATEGORIZED | note: Generic ecommerce folder - mixed assets, requires review",https://ik.imagekit.io/0iaahkrcv/ecommerce/All%20Tecno%20Smartphones%20-%20Price%20in%20Kenya/default%20(2).svg?updatedAt=1786472834269
6a7b6b375c7cd75eb8eaa855,ecommerce,default (3)_1hMb8SEzgt.svg,default 1hMb8SEzgt,,,,LOW,"folder mapping: ecommerce -> UNCATEGORIZED | note: Generic ecommerce folder - mixed assets, requires review",https://ik.imagekit.io/0iaahkrcv/ecommerce/All%20Tecno%20Smartphones%20-%20Price%20in%20Kenya/default%20(3)_1hMb8SEzgt.svg?updatedAt=1786473272396
6a7b69815c7cd75eb8e197a7,ecommerce,default (3).svg,default,,,,LOW,"folder mapping: ecommerce -> UNCATEGORIZED | note: Generic ecommerce folder - mixed assets, requires review",https://ik.imagekit.io/0iaahkrcv/ecommerce/All%20Tecno%20Smartphones%20-%20Price%20in%20Kenya/default%20(3).svg?updatedAt=1786472834409
6a7b6b375c7cd75eb8eaa834,ecommerce,default (4)_ZzjUXv-50k.svg,default ZzjUXv 50k,,,,LOW,"folder mapping: ecommerce -> UNCATEGORIZED | note: Generic ecommerce folder - mixed assets, requires review",https://ik.imagekit.io/0iaahkrcv/ecommerce/All%20Tecno%20Smartphones%20-%20Price%20in%20Kenya/default%20(4)_ZzjUXv-50k.svg?updatedAt=1786473272414
6a7b697f5c7cd75eb8e18c9b,ecommerce,default (4).svg,default,,,,LOW,"folder mapping: ecommerce -> UNCATEGORIZED | note: Generic ecommerce folder - mixed assets, requires review",https://ik.imagekit.io/0iaahkrcv/ecommerce/All%20Tecno%20Smartphones%20-%20Price%20in%20Kenya/default%20(4).svg?updatedAt=1786472832534
6a7b6b375c7cd75eb8eaa8ec,ecommerce,default (5)_thJv3eRFNF.svg,default thJv3eRFNF,,,,LOW,"folder mapping: ecommerce -> UNCATEGORIZED | note: Generic ecommerce folder - mixed assets, requires review",https://ik.imagekit.io/0iaahkrcv/ecommerce/All%20Tecno%20Smartphones%20-%20Price%20in%20Kenya/default%20(5)_thJv3eRFNF.svg?updatedAt=1786473272473
6a7b69815c7cd75eb8e193d3,ecommerce,default (5).svg,default,,,,LOW,"folder mapping: ecommerce -> UNCATEGORIZED | note: Generic ecommerce folder - mixed assets, requires review",https://ik.imagekit.io/0iaahkrcv/ecommerce/All%20Tecno%20Smartphones%20-%20Price%20in%20Kenya/default%20(5).svg?updatedAt=1786472833855
6a7b6b375c7cd75eb8eaa85d,ecommerce,default (6)_F7Cs2-AElA.svg,default F7Cs2 AElA,,,,LOW,"folder mapping: ecommerce -> UNCATEGORIZED | note: Generic ecommerce folder - mixed assets, requires review",https://ik.imagekit.io/0iaahkrcv/ecommerce/All%20Tecno%20Smartphones%20-%20Price%20in%20Kenya/default%20(6)_F7Cs2-AElA.svg?updatedAt=1786473272418
6a7b69805c7cd75eb8e1903b,ecommerce,default (6).svg,default,,,,LOW,"folder mapping: ecommerce -> UNCATEGORIZED | note: Generic ecommerce folder - mixed assets, requires review",https://ik.imagekit.io/0iaahkrcv/ecommerce/All%20Tecno%20Smartphones%20-%20Price%20in%20Kenya/default%20(6).svg?updatedAt=1786472833201
6a7b6b375c7cd75eb8eaa948,ecommerce,default (7)_zlfUim-AY.svg,default zlfUim AY,,,,LOW,"folder mapping: ecommerce -> UNCATEGORIZED | note: Generic ecommerce folder - mixed assets, requires review",https://ik.imagekit.io/0iaahkrcv/ecommerce/All%20Tecno%20Smartphones%20-%20Price%20in%20Kenya/default%20(7)_zlfUim-AY.svg?updatedAt=1786473272489
6a7b697d5c7cd75eb8e1805e,ecommerce,default (7).svg,default,,,,LOW,"folder mapping: ecommerce -> UNCATEGORIZED | note: Generic ecommerce folder - mixed assets, requires review",https://ik.imagekit.io/0iaahkrcv/ecommerce/All%20Tecno%20Smartphones%20-%20Price%20in%20Kenya/default%20(7).svg?updatedAt=1786472830479
6a7b6b375c7cd75eb8eaa874,ecommerce,default (8)_8Ppf-SyrY_.svg,default 8Ppf SyrY,,,,LOW,"folder mapping: ecommerce -> UNCATEGORIZED | note: Generic ecommerce folder - mixed assets, requires review",https://ik.imagekit.io/0iaahkrcv/ecommerce/All%20Tecno%20Smartphones%20-%20Price%20in%20Kenya/default%20(8)_8Ppf-SyrY_.svg?updatedAt=1786473272346
6a7b697d5c7cd75eb8e17e30,ecommerce,default (8).svg,default,,,,LOW,"folder mapping: ecommerce -> UNCATEGORIZED | note: Generic ecommerce folder - mixed assets, requires review",https://ik.imagekit.io/0iaahkrcv/ecommerce/All%20Tecno%20Smartphones%20-%20Price%20in%20Kenya/default%20(8).svg?updatedAt=1786472830006
6a7b6b375c7cd75eb8eaa916,ecommerce,default (9)_9DhlbnOUNi.svg,default 9DhlbnOUNi,,,,LOW,"folder mapping: ecommerce -> UNCATEGORIZED | note: Generic ecommerce folder - mixed assets, requires review",https://ik.imagekit.io/0iaahkrcv/ecommerce/All%20Tecno%20Smartphones%20-%20Price%20in%20Kenya/default%20(9)_9DhlbnOUNi.svg?updatedAt=1786473272519
6a7b697e5c7cd75eb8e18302,ecommerce,default (9).svg,default,,,,LOW,"folder mapping: ecommerce -> UNCATEGORIZED | note: Generic ecommerce folder - mixed assets, requires review",https://ik.imagekit.io/0iaahkrcv/ecommerce/All%20Tecno%20Smartphones%20-%20Price%20in%20Kenya/default%20(9).svg?updatedAt=1786472830998
6a7b6b375c7cd75eb8eaa88b,ecommerce,default_IoWnxeJnYV.svg,default IoWnxeJnYV,,,,LOW,"folder mapping: ecommerce -> UNCATEGORIZED | note: Generic ecommerce folder - mixed assets, requires review",https://ik.imagekit.io/0iaahkrcv/ecommerce/All%20Tecno%20Smartphones%20-%20Price%20in%20Kenya/default_IoWnxeJnYV.svg?updatedAt=1786473272390
6a7b69815c7cd75eb8e197b8,ecommerce,default.svg,default,,,,LOW,"folder mapping: ecommerce -> UNCATEGORIZED | note: Generic ecommerce folder - mixed assets, requires review",https://ik.imagekit.io/0iaahkrcv/ecommerce/All%20Tecno%20Smartphones%20-%20Price%20in%20Kenya/default.svg?updatedAt=1786472834454
6a7b6b375c7cd75eb8eaa866,ecommerce,loader.631b9ed_9bwalmRRSY.svg,loader.631b9ed 9bwalmRRSY,,,,LOW,"folder mapping: ecommerce -> UNCATEGORIZED | note: Generic ecommerce folder - mixed assets, requires review",https://ik.imagekit.io/0iaahkrcv/ecommerce/All%20Tecno%20Smartphones%20-%20Price%20in%20Kenya/loader.631b9ed_9bwalmRRSY.svg?updatedAt=1786473272374
6a7b697f5c7cd75eb8e18c6c,ecommerce,loader.631b9ed.svg,loader.631b9ed,,,,LOW,"folder mapping: ecommerce -> UNCATEGORIZED | note: Generic ecommerce folder - mixed assets, requires review",https://ik.imagekit.io/0iaahkrcv/ecommerce/All%20Tecno%20Smartphones%20-%20Price%20in%20Kenya/loader.631b9ed.svg?updatedAt=1786472832473
6a7b6b375c7cd75eb8eaaa2f,ecommerce,search.7d254c6_7aPybrulHR.svg,search.7d254c6 7aPybrulHR,,,,LOW,"folder mapping: ecommerce -> UNCATEGORIZED | note: Generic ecommerce folder - mixed assets, requires review",https://ik.imagekit.io/0iaahkrcv/ecommerce/All%20Tecno%20Smartphones%20-%20Price%20in%20Kenya/search.7d254c6_7aPybrulHR.svg?updatedAt=1786473272573
6a7b697e5c7cd75eb8e18500,ecommerce,search.7d254c6.svg,search.7d254c6,,,,LOW,"folder mapping: ecommerce -> UNCATEGORIZED | note: Generic ecommerce folder - mixed assets, requires review",https://ik.imagekit.io/0iaahkrcv/ecommerce/All%20Tecno%20Smartphones%20-%20Price%20in%20Kenya/search.7d254c6.svg?updatedAt=1786472831268
6a7b6b395c7cd75eb8eab91f,ecommerce,tecnocamon18b-medium (1).webp,tecnocamon18b medium,,,,LOW,"folder mapping: ecommerce -> UNCATEGORIZED | note: Generic ecommerce folder - mixed assets, requires review",https://ik.imagekit.io/0iaahkrcv/ecommerce/All%20Tecno%20Smartphones%20-%20Price%20in%20Kenya/tecnocamon18b-medium%20(1).webp?updatedAt=1786473274005
6a7b6b525c7cd75eb8eb3669,ecommerce,tecnocamon18b-medium (2).webp,tecnocamon18b medium,,,,LOW,"folder mapping: ecommerce -> UNCATEGORIZED | note: Generic ecommerce folder - mixed assets, requires review",https://ik.imagekit.io/0iaahkrcv/ecommerce/All%20Tecno%20Smartphones%20-%20Price%20in%20Kenya/tecnocamon18b-medium%20(2).webp?updatedAt=1786473299559
6a7b6b4b5c7cd75eb8eb1411,ecommerce,tecnocamon18b-medium.webp,tecnocamon18b medium,,,,LOW,"folder mapping: ecommerce -> UNCATEGORIZED | note: Generic ecommerce folder - mixed assets, requires review",https://ik.imagekit.io/0iaahkrcv/ecommerce/All%20Tecno%20Smartphones%20-%20Price%20in%20Kenya/tecnocamon18b-medium.webp?updatedAt=1786473292551
6a7b69825c7cd75eb8e19aa3,ecommerce,tecnocamon21premierkenya-medium (1).webp,tecnocamon21premierkenya medium,,,,LOW,"folder mapping: ecommerce -> UNCATEGORIZED | note: Generic ecommerce folder - mixed assets, requires review",https://ik.imagekit.io/0iaahkrcv/ecommerce/All%20Tecno%20Smartphones%20-%20Price%20in%20Kenya/tecnocamon21premierkenya-medium%20(1).webp?updatedAt=1786472834891
6a7b69825c7cd75eb8e19b20,ecommerce,tecnocamon21premierkenya-medium (2).webp,tecnocamon21premierkenya medium,,,,LOW,"folder mapping: ecommerce -> UNCATEGORIZED | note: Generic ecommerce folder - mixed assets, requires review",https://ik.imagekit.io/0iaahkrcv/ecommerce/All%20Tecno%20Smartphones%20-%20Price%20in%20Kenya/tecnocamon21premierkenya-medium%20(2).webp?updatedAt=1786472835011
6a7b69825c7cd75eb8e19a9c,ecommerce,tecnocamon21premierkenya-medium.webp,tecnocamon21premierkenya medium,,,,LOW,"folder mapping: ecommerce -> UNCATEGORIZED | note: Generic ecommerce folder - mixed assets, requires review",https://ik.imagekit.io/0iaahkrcv/ecommerce/All%20Tecno%20Smartphones%20-%20Price%20in%20Kenya/tecnocamon21premierkenya-medium.webp?updatedAt=1786472834893
6a7b6b525c7cd75eb8eb3664,ecommerce,tecnophantom11-medium (1).webp,tecnophantom11 medium,,,,LOW,"folder mapping: ecommerce -> UNCATEGORIZED | note: Generic ecommerce folder - mixed assets, requires review",https://ik.imagekit.io/0iaahkrcv/ecommerce/All%20Tecno%20Smartphones%20-%20Price%20in%20Kenya/tecnophantom11-medium%20(1).webp?updatedAt=1786473299535
6a7b6b395c7cd75eb8eabdd7,ecommerce,tecnophantom11-medium (2).webp,tecnophantom11 medium,,,,LOW,"folder mapping: ecommerce -> UNCATEGORIZED | note: Generic ecommerce folder - mixed assets, requires review",https://ik.imagekit.io/0iaahkrcv/ecommerce/All%20Tecno%20Smartphones%20-%20Price%20in%20Kenya/tecnophantom11-medium%20(2).webp?updatedAt=1786473274450
6a7b6b395c7cd75eb8eaba79,ecommerce,tecnophantom11-medium.webp,tecnophantom11 medium,,,,LOW,"folder mapping: ecommerce -> UNCATEGORIZED | note: Generic ecommerce folder - mixed assets, requires review",https://ik.imagekit.io/0iaahkrcv/ecommerce/All%20Tecno%20Smartphones%20-%20Price%20in%20Kenya/tecnophantom11-medium.webp?updatedAt=1786473274180
6a7b69825c7cd75eb8e19b6a,ecommerce,tecnophantomvflip-medium (1).webp,tecnophantomvflip medium,,,,LOW,"folder mapping: ecommerce -> UNCATEGORIZED | note: Generic ecommerce folder - mixed assets, requires review",https://ik.imagekit.io/0iaahkrcv/ecommerce/All%20Tecno%20Smartphones%20-%20Price%20in%20Kenya/tecnophantomvflip-medium%20(1).webp?updatedAt=1786472835067
6a7b69825c7cd75eb8e19ab1,ecommerce,tecnophantomvflip-medium (2).webp,tecnophantomvflip medium,,,,LOW,"folder mapping: ecommerce -> UNCATEGORIZED | note: Generic ecommerce folder - mixed assets, requires review",https://ik.imagekit.io/0iaahkrcv/ecommerce/All%20Tecno%20Smartphones%20-%20Price%20in%20Kenya/tecnophantomvflip-medium%20(2).webp?updatedAt=1786472834918
6a7b69825c7cd75eb8e19ce1,ecommerce,tecnophantomvflip-medium.webp,tecnophantomvflip medium,,,,LOW,"folder mapping: ecommerce -> UNCATEGORIZED | note: Generic ecommerce folder - mixed assets, requires review",https://ik.imagekit.io/0iaahkrcv/ecommerce/All%20Tecno%20Smartphones%20-%20Price%20in%20Kenya/tecnophantomvflip-medium.webp?updatedAt=1786472835292
6a7b69835c7cd75eb8e19fc2,ecommerce,tecnophantomx3-medium (1).webp,tecnophantomx3 medium,,,,LOW,"folder mapping: ecommerce -> UNCATEGORIZED | note: Generic ecommerce folder - mixed assets, requires review",https://ik.imagekit.io/0iaahkrcv/ecommerce/All%20Tecno%20Smartphones%20-%20Price%20in%20Kenya/tecnophantomx3-medium%20(1).webp?updatedAt=1786472835880
6a7b69825c7cd75eb8e19b0a,ecommerce,tecnophantomx3-medium (2).webp,tecnophantomx3 medium,,,,LOW,"folder mapping: ecommerce -> UNCATEGORIZED | note: Generic ecommerce folder - mixed assets, requires review",https://ik.imagekit.io/0iaahkrcv/ecommerce/All%20Tecno%20Smartphones%20-%20Price%20in%20Kenya/tecnophantomx3-medium%20(2).webp?updatedAt=1786472834967
6a7b69835c7cd75eb8e19f6c,ecommerce,tecnophantomx3-medium (3).webp,tecnophantomx3 medium,,,,LOW,"folder mapping: ecommerce -> UNCATEGORIZED | note: Generic ecommerce folder - mixed assets, requires review",https://ik.imagekit.io/0iaahkrcv/ecommerce/All%20Tecno%20Smartphones%20-%20Price%20in%20Kenya/tecnophantomx3-medium%20(3).webp?updatedAt=1786472835786
6a7b69825c7cd75eb8e19d4d,ecommerce,tecnophantomx3-medium (4).webp,tecnophantomx3 medium,,,,LOW,"folder mapping: ecommerce -> UNCATEGORIZED | note: Generic ecommerce folder - mixed assets, requires review",https://ik.imagekit.io/0iaahkrcv/ecommerce/All%20Tecno%20Smartphones%20-%20Price%20in%20Kenya/tecnophantomx3-medium%20(4).webp?updatedAt=1786472835348
6a7b69825c7cd75eb8e19d4e,ecommerce,tecnophantomx3-medium (5).webp,tecnophantomx3 medium,,,,LOW,"folder mapping: ecommerce -> UNCATEGORIZED | note: Generic ecommerce folder - mixed assets, requires review",https://ik.imagekit.io/0iaahkrcv/ecommerce/All%20Tecno%20Smartphones%20-%20Price%20in%20Kenya/tecnophantomx3-medium%20(5).webp?updatedAt=1786472835381
6a7b69825c7cd75eb8e19cdc,ecommerce,tecnophantomx3-medium.webp,tecnophantomx3 medium,,,,LOW,"folder mapping: ecommerce -> UNCATEGORIZED | note: Generic ecommerce folder - mixed assets, requires review",https://ik.imagekit.io/0iaahkrcv/ecommerce/All%20Tecno%20Smartphones%20-%20Price%20in%20Kenya/tecnophantomx3-medium.webp?updatedAt=1786472835274
6a7b6b395c7cd75eb8eabcf1,ecommerce,tecnopop5lteb-medium (1).webp,tecnopop5lteb medium,,,,LOW,"folder mapping: ecommerce -> UNCATEGORIZED | note: Generic ecommerce folder - mixed assets, requires review",https://ik.imagekit.io/0iaahkrcv/ecommerce/All%20Tecno%20Smartphones%20-%20Price%20in%20Kenya/tecnopop5lteb-medium%20(1).webp?updatedAt=1786473274282
6a7b6b395c7cd75eb8eab5e5,ecommerce,tecnopop5lteb-medium (2).webp,tecnopop5lteb medium,,,,LOW,"folder mapping: ecommerce -> UNCATEGORIZED | note: Generic ecommerce folder - mixed assets, requires review",https://ik.imagekit.io/0iaahkrcv/ecommerce/All%20Tecno%20Smartphones%20-%20Price%20in%20Kenya/tecnopop5lteb-medium%20(2).webp?updatedAt=1786473273837
6a7b6b395c7cd75eb8eabf11,ecommerce,tecnopop5lteb-medium.webp,tecnopop5lteb medium,,,,LOW,"folder mapping: ecommerce -> UNCATEGORIZED | note: Generic ecommerce folder - mixed assets, requires review",https://ik.imagekit.io/0iaahkrcv/ecommerce/All%20Tecno%20Smartphones%20-%20Price%20in%20Kenya/tecnopop5lteb-medium.webp?updatedAt=1786473274646
6a7b6b385c7cd75eb8eab54b,ecommerce,tecnopop5sa-medium (1).webp,tecnopop5sa medium,,,,LOW,"folder mapping: ecommerce -> UNCATEGORIZED | note: Generic ecommerce folder - mixed assets, requires review",https://ik.imagekit.io/0iaahkrcv/ecommerce/All%20Tecno%20Smartphones%20-%20Price%20in%20Kenya/tecnopop5sa-medium%20(1).webp?updatedAt=1786473273729
6a7b6b4b5c7cd75eb8eb11ea,ecommerce,tecnopop5sa-medium (2).webp,tecnopop5sa medium,,,,LOW,"folder mapping: ecommerce -> UNCATEGORIZED | note: Generic ecommerce folder - mixed assets, requires review",https://ik.imagekit.io/0iaahkrcv/ecommerce/All%20Tecno%20Smartphones%20-%20Price%20in%20Kenya/tecnopop5sa-medium%20(2).webp?updatedAt=1786473291871
6a7b6b395c7cd75eb8eabf57,ecommerce,tecnopop5sa-medium.webp,tecnopop5sa medium,,,,LOW,"folder mapping: ecommerce -> UNCATEGORIZED | note: Generic ecommerce folder - mixed assets, requires review",https://ik.imagekit.io/0iaahkrcv/ecommerce/All%20Tecno%20Smartphones%20-%20Price%20in%20Kenya/tecnopop5sa-medium.webp?updatedAt=1786473274697
6a7b69825c7cd75eb8e19ce4,ecommerce,tecnopop7proa-medium (1).webp,tecnopop7proa medium,,,,LOW,"folder mapping: ecommerce -> UNCATEGORIZED | note: Generic ecommerce folder - mixed assets, requires review",https://ik.imagekit.io/0iaahkrcv/ecommerce/All%20Tecno%20Smartphones%20-%20Price%20in%20Kenya/tecnopop7proa-medium%20(1).webp?updatedAt=1786472835307
6a7b69825c7cd75eb8e19d4f,ecommerce,tecnopop7proa-medium (2).webp,tecnopop7proa medium,,,,LOW,"folder mapping: ecommerce -> UNCATEGORIZED | note: Generic ecommerce folder - mixed assets, requires review",https://ik.imagekit.io/0iaahkrcv/ecommerce/All%20Tecno%20Smartphones%20-%20Price%20in%20Kenya/tecnopop7proa-medium%20(2).webp?updatedAt=1786472835373
6a7b69825c7cd75eb8e19dae,ecommerce,tecnopop7proa-medium.webp,tecnopop7proa medium,,,,LOW,"folder mapping: ecommerce -> UNCATEGORIZED | note: Generic ecommerce folder - mixed assets, requires review",https://ik.imagekit.io/0iaahkrcv/ecommerce/All%20Tecno%20Smartphones%20-%20Price%20in%20Kenya/tecnopop7proa-medium.webp?updatedAt=1786472835438
6a7b6b395c7cd75eb8eabeb3,ecommerce,tecnopova3c-medium (1).webp,tecnopova3c medium,,,,LOW,"folder mapping: ecommerce -> UNCATEGORIZED | note: Generic ecommerce folder - mixed assets, requires review",https://ik.imagekit.io/0iaahkrcv/ecommerce/All%20Tecno%20Smartphones%20-%20Price%20in%20Kenya/tecnopova3c-medium%20(1).webp?updatedAt=1786473274512
6a7b6b395c7cd75eb8eabebe,ecommerce,tecnopova3c-medium (2).webp,tecnopova3c medium,,,,LOW,"folder mapping: ecommerce -> UNCATEGORIZED | note: Generic ecommerce folder - mixed assets, requires review",https://ik.imagekit.io/0iaahkrcv/ecommerce/All%20Tecno%20Smartphones%20-%20Price%20in%20Kenya/tecnopova3c-medium%20(2).webp?updatedAt=1786473274519
6a7b6b535c7cd75eb8eb39c0,ecommerce,tecnopova3c-medium.webp,tecnopova3c medium,,,,LOW,"folder mapping: ecommerce -> UNCATEGORIZED | note: Generic ecommerce folder - mixed assets, requires review",https://ik.imagekit.io/0iaahkrcv/ecommerce/All%20Tecno%20Smartphones%20-%20Price%20in%20Kenya/tecnopova3c-medium.webp?updatedAt=1786473300257
6a7b6b3a5c7cd75eb8eac3f4,ecommerce,tecnopova4a-medium (1).webp,tecnopova4a medium,,,,LOW,"folder mapping: ecommerce -> UNCATEGORIZED | note: Generic ecommerce folder - mixed assets, requires review",https://ik.imagekit.io/0iaahkrcv/ecommerce/All%20Tecno%20Smartphones%20-%20Price%20in%20Kenya/tecnopova4a-medium%20(1).webp?updatedAt=1786473275363
6a7b6b4b5c7cd75eb8eb1349,ecommerce,tecnopova4a-medium (2).webp,tecnopova4a medium,,,,LOW,"folder mapping: ecommerce -> UNCATEGORIZED | note: Generic ecommerce folder - mixed assets, requires review",https://ik.imagekit.io/0iaahkrcv/ecommerce/All%20Tecno%20Smartphones%20-%20Price%20in%20Kenya/tecnopova4a-medium%20(2).webp?updatedAt=1786473292881
6a7b6b3a5c7cd75eb8eac0c1,ecommerce,tecnopova4a-medium.webp,tecnopova4a medium,,,,LOW,"folder mapping: ecommerce -> UNCATEGORIZED | note: Generic ecommerce folder - mixed assets, requires review",https://ik.imagekit.io/0iaahkrcv/ecommerce/All%20Tecno%20Smartphones%20-%20Price%20in%20Kenya/tecnopova4a-medium.webp?updatedAt=1786473274782
6a7b6b4b5c7cd75eb8eb1407,ecommerce,tecnopova4proe-medium (1).webp,tecnopova4proe medium,,,,LOW,"folder mapping: ecommerce -> UNCATEGORIZED | note: Generic ecommerce folder - mixed assets, requires review",https://ik.imagekit.io/0iaahkrcv/ecommerce/All%20Tecno%20Smartphones%20-%20Price%20in%20Kenya/tecnopova4proe-medium%20(1).webp?updatedAt=1786473292441
6a7b6b3a5c7cd75eb8eac1bd,ecommerce,tecnopova4proe-medium (2).webp,tecnopova4proe medium,,,,LOW,"folder mapping: ecommerce -> UNCATEGORIZED | note: Generic ecommerce folder - mixed assets, requires review",https://ik.imagekit.io/0iaahkrcv/ecommerce/All%20Tecno%20Smartphones%20-%20Price%20in%20Kenya/tecnopova4proe-medium%20(2).webp?updatedAt=1786473274914
6a7b6b535c7cd75eb8eb3a6b,ecommerce,tecnopova4proe-medium.webp,tecnopova4proe medium,,,,LOW,"folder mapping: ecommerce -> UNCATEGORIZED | note: Generic ecommerce folder - mixed assets, requires review",https://ik.imagekit.io/0iaahkrcv/ecommerce/All%20Tecno%20Smartphones%20-%20Price%20in%20Kenya/tecnopova4proe-medium.webp?updatedAt=1786473300335
6a7b6b3a5c7cd75eb8eac3ec,ecommerce,tecnopova5go-medium (1).webp,tecnopova5go medium,,,,LOW,"folder mapping: ecommerce -> UNCATEGORIZED | note: Generic ecommerce folder - mixed assets, requires review",https://ik.imagekit.io/0iaahkrcv/ecommerce/All%20Tecno%20Smartphones%20-%20Price%20in%20Kenya/tecnopova5go-medium%20(1).webp?updatedAt=1786473275344
6a7b6b3a5c7cd75eb8eac172,ecommerce,tecnopova5go-medium (2).webp,tecnopova5go medium,,,,LOW,"folder mapping: ecommerce -> UNCATEGORIZED | note: Generic ecommerce folder - mixed assets, requires review",https://ik.imagekit.io/0iaahkrcv/ecommerce/All%20Tecno%20Smartphones%20-%20Price%20in%20Kenya/tecnopova5go-medium%20(2).webp?updatedAt=1786473274892
6a7b6b3a5c7cd75eb8eac0a6,ecommerce,tecnopova5go-medium.webp,tecnopova5go medium,,,,LOW,"folder mapping: ecommerce -> UNCATEGORIZED | note: Generic ecommerce folder - mixed assets, requires review",https://ik.imagekit.io/0iaahkrcv/ecommerce/All%20Tecno%20Smartphones%20-%20Price%20in%20Kenya/tecnopova5go-medium.webp?updatedAt=1786473274662
6a7b6b3a5c7cd75eb8eac0e1,ecommerce,tecnopovaneoblack-medium (1).webp,tecnopovaneoblack medium,,,,LOW,"folder mapping: ecommerce -> UNCATEGORIZED | note: Generic ecommerce folder - mixed assets, requires review",https://ik.imagekit.io/0iaahkrcv/ecommerce/All%20Tecno%20Smartphones%20-%20Price%20in%20Kenya/tecnopovaneoblack-medium%20(1).webp?updatedAt=1786473274747
6a7b6b3b5c7cd75eb8eac6ce,ecommerce,tecnopovaneoblack-medium (2).webp,tecnopovaneoblack medium,,,,LOW,"folder mapping: ecommerce -> UNCATEGORIZED | note: Generic ecommerce folder - mixed assets, requires review",https://ik.imagekit.io/0iaahkrcv/ecommerce/All%20Tecno%20Smartphones%20-%20Price%20in%20Kenya/tecnopovaneoblack-medium%20(2).webp?updatedAt=1786473275839
6a7b6b3b5c7cd75eb8eac76f,ecommerce,tecnopovaneoblack-medium.webp,tecnopovaneoblack medium,,,,LOW,"folder mapping: ecommerce -> UNCATEGORIZED | note: Generic ecommerce folder - mixed assets, requires review",https://ik.imagekit.io/0iaahkrcv/ecommerce/All%20Tecno%20Smartphones%20-%20Price%20in%20Kenya/tecnopovaneoblack-medium.webp?updatedAt=1786473275903
6a7b6b3b5c7cd75eb8eac893,ecommerce,tecnospark5airc-medium (1).webp,tecnospark5airc medium,,,,LOW,"folder mapping: ecommerce -> UNCATEGORIZED | note: Generic ecommerce folder - mixed assets, requires review",https://ik.imagekit.io/0iaahkrcv/ecommerce/All%20Tecno%20Smartphones%20-%20Price%20in%20Kenya/tecnospark5airc-medium%20(1).webp?updatedAt=1786473276085
6a7b6b3b5c7cd75eb8eac849,ecommerce,tecnospark5airc-medium (2).webp,tecnospark5airc medium,,,,LOW,"folder mapping: ecommerce -> UNCATEGORIZED | note: Generic ecommerce folder - mixed assets, requires review",https://ik.imagekit.io/0iaahkrcv/ecommerce/All%20Tecno%20Smartphones%20-%20Price%20in%20Kenya/tecnospark5airc-medium%20(2).webp?updatedAt=1786473276068
6a7b6b3b5c7cd75eb8eac896,ecommerce,tecnospark5airc-medium.webp,tecnospark5airc medium,,,,LOW,"folder mapping: ecommerce -> UNCATEGORIZED | note: Generic ecommerce folder - mixed assets, requires review",https://ik.imagekit.io/0iaahkrcv/ecommerce/All%20Tecno%20Smartphones%20-%20Price%20in%20Kenya/tecnospark5airc-medium.webp?updatedAt=1786473276101
6a7b6b4b5c7cd75eb8eb11ef,ecommerce,tecnospark8cb-medium (1).webp,tecnospark8cb medium,,,,LOW,"folder mapping: ecommerce -> UNCATEGORIZED | note: Generic ecommerce folder - mixed assets, requires review",https://ik.imagekit.io/0iaahkrcv/ecommerce/All%20Tecno%20Smartphones%20-%20Price%20in%20Kenya/tecnospark8cb-medium%20(1).webp?updatedAt=1786473292376
6a7b6b3d5c7cd75eb8ead132,ecommerce,tecnospark8cb-medium (2).webp,tecnospark8cb medium,,,,LOW,"folder mapping: ecommerce -> UNCATEGORIZED | note: Generic ecommerce folder - mixed assets, requires review",https://ik.imagekit.io/0iaahkrcv/ecommerce/All%20Tecno%20Smartphones%20-%20Price%20in%20Kenya/tecnospark8cb-medium%20(2).webp?updatedAt=1786473277922
6a7b6b3d5c7cd75eb8ead133,ecommerce,tecnospark8cb-medium.webp,tecnospark8cb medium,,,,LOW,"folder mapping: ecommerce -> UNCATEGORIZED | note: Generic ecommerce folder - mixed assets, requires review",https://ik.imagekit.io/0iaahkrcv/ecommerce/All%20Tecno%20Smartphones%20-%20Price%20in%20Kenya/tecnospark8cb-medium.webp?updatedAt=1786473277917
6a7b6b3d5c7cd75eb8ead1a2,ecommerce,tecnospark8proa-medium (1).webp,tecnospark8proa medium,,,,LOW,"folder mapping: ecommerce -> UNCATEGORIZED | note: Generic ecommerce folder - mixed assets, requires review",https://ik.imagekit.io/0iaahkrcv/ecommerce/All%20Tecno%20Smartphones%20-%20Price%20in%20Kenya/tecnospark8proa-medium%20(1).webp?updatedAt=1786473278034
6a7b6b3d5c7cd75eb8ead13a,ecommerce,tecnospark8proa-medium (2).webp,tecnospark8proa medium,,,,LOW,"folder mapping: ecommerce -> UNCATEGORIZED | note: Generic ecommerce folder - mixed assets, requires review",https://ik.imagekit.io/0iaahkrcv/ecommerce/All%20Tecno%20Smartphones%20-%20Price%20in%20Kenya/tecnospark8proa-medium%20(2).webp?updatedAt=1786473277901
6a7b6b3d5c7cd75eb8ead194,ecommerce,tecnospark8proa-medium.webp,tecnospark8proa medium,,,,LOW,"folder mapping: ecommerce -> UNCATEGORIZED | note: Generic ecommerce folder - mixed assets, requires review",https://ik.imagekit.io/0iaahkrcv/ecommerce/All%20Tecno%20Smartphones%20-%20Price%20in%20Kenya/tecnospark8proa-medium.webp?updatedAt=1786473277994
6a7b6b3d5c7cd75eb8ead19a,ecommerce,tecnospark8tc-medium (1).webp,tecnospark8tc medium,,,,LOW,"folder mapping: ecommerce -> UNCATEGORIZED | note: Generic ecommerce folder - mixed assets, requires review",https://ik.imagekit.io/0iaahkrcv/ecommerce/All%20Tecno%20Smartphones%20-%20Price%20in%20Kenya/tecnospark8tc-medium%20(1).webp?updatedAt=1786473277963
6a7b6b3d5c7cd75eb8ead36d,ecommerce,tecnospark8tc-medium (2).webp,tecnospark8tc medium,,,,LOW,"folder mapping: ecommerce -> UNCATEGORIZED | note: Generic ecommerce folder - mixed assets, requires review",https://ik.imagekit.io/0iaahkrcv/ecommerce/All%20Tecno%20Smartphones%20-%20Price%20in%20Kenya/tecnospark8tc-medium%20(2).webp?updatedAt=1786473278357
6a7b6b3d5c7cd75eb8ead36a,ecommerce,tecnospark8tc-medium.webp,tecnospark8tc medium,,,,LOW,"folder mapping: ecommerce -> UNCATEGORIZED | note: Generic ecommerce folder - mixed assets, requires review",https://ik.imagekit.io/0iaahkrcv/ecommerce/All%20Tecno%20Smartphones%20-%20Price%20in%20Kenya/tecnospark8tc-medium.webp?updatedAt=1786473278382
6a7b6b3d5c7cd75eb8ead1e4,ecommerce,tecnospark9-medium (1).webp,tecnospark9 medium,,,,LOW,"folder mapping: ecommerce -> UNCATEGORIZED | note: Generic ecommerce folder - mixed assets, requires review",https://ik.imagekit.io/0iaahkrcv/ecommerce/All%20Tecno%20Smartphones%20-%20Price%20in%20Kenya/tecnospark9-medium%20(1).webp?updatedAt=1786473278069
6a7b6b3d5c7cd75eb8ead34b,ecommerce,tecnospark9-medium (2).webp,tecnospark9 medium,,,,LOW,"folder mapping: ecommerce -> UNCATEGORIZED | note: Generic ecommerce folder - mixed assets, requires review",https://ik.imagekit.io/0iaahkrcv/ecommerce/All%20Tecno%20Smartphones%20-%20Price%20in%20Kenya/tecnospark9-medium%20(2).webp?updatedAt=1786473278335
6a7b6b3d5c7cd75eb8ead2fd,ecommerce,tecnospark9-medium.webp,tecnospark9 medium,,,,LOW,"folder mapping: ecommerce -> UNCATEGORIZED | note: Generic ecommerce folder - mixed assets, requires review",https://ik.imagekit.io/0iaahkrcv/ecommerce/All%20Tecno%20Smartphones%20-%20Price%20in%20Kenya/tecnospark9-medium.webp?updatedAt=1786473278267
6a7b6b3d5c7cd75eb8ead1e1,ecommerce,tecnospark9tkenyac-medium (1).webp,tecnospark9tkenyac medium,,,,LOW,"folder mapping: ecommerce -> UNCATEGORIZED | note: Generic ecommerce folder - mixed assets, requires review",https://ik.imagekit.io/0iaahkrcv/ecommerce/All%20Tecno%20Smartphones%20-%20Price%20in%20Kenya/tecnospark9tkenyac-medium%20(1).webp?updatedAt=1786473278065
6a7b6b3d5c7cd75eb8ead227,ecommerce,tecnospark9tkenyac-medium (2).webp,tecnospark9tkenyac medium,,,,LOW,"folder mapping: ecommerce -> UNCATEGORIZED | note: Generic ecommerce folder - mixed assets, requires review",https://ik.imagekit.io/0iaahkrcv/ecommerce/All%20Tecno%20Smartphones%20-%20Price%20in%20Kenya/tecnospark9tkenyac-medium%20(2).webp?updatedAt=1786473278130
6a7b6b3d5c7cd75eb8ead33c,ecommerce,tecnospark9tkenyac-medium.webp,tecnospark9tkenyac medium,,,,LOW,"folder mapping: ecommerce -> UNCATEGORIZED | note: Generic ecommerce folder - mixed assets, requires review",https://ik.imagekit.io/0iaahkrcv/ecommerce/All%20Tecno%20Smartphones%20-%20Price%20in%20Kenya/tecnospark9tkenyac-medium.webp?updatedAt=1786473278366
6a7b6b3d5c7cd75eb8ead22b,ecommerce,tecnosparkgo2022c-medium (1).webp,tecnosparkgo2022c medium,,,,LOW,"folder mapping: ecommerce -> UNCATEGORIZED | note: Generic ecommerce folder - mixed assets, requires review",https://ik.imagekit.io/0iaahkrcv/ecommerce/All%20Tecno%20Smartphones%20-%20Price%20in%20Kenya/tecnosparkgo2022c-medium%20(1).webp?updatedAt=1786473278167
6a7b6b4b5c7cd75eb8eb133b,ecommerce,tecnosparkgo2022c-medium (2).webp,tecnosparkgo2022c medium,,,,LOW,"folder mapping: ecommerce -> UNCATEGORIZED | note: Generic ecommerce folder - mixed assets, requires review",https://ik.imagekit.io/0iaahkrcv/ecommerce/All%20Tecno%20Smartphones%20-%20Price%20in%20Kenya/tecnosparkgo2022c-medium%20(2).webp?updatedAt=1786473292225
6a7b6b3d5c7cd75eb8ead3ad,ecommerce,tecnosparkgo2022c-medium.webp,tecnosparkgo2022c medium,,,,LOW,"folder mapping: ecommerce -> UNCATEGORIZED | note: Generic ecommerce folder - mixed assets, requires review",https://ik.imagekit.io/0iaahkrcv/ecommerce/All%20Tecno%20Smartphones%20-%20Price%20in%20Kenya/tecnosparkgo2022c-medium.webp?updatedAt=1786473278422
6a7b6b3d5c7cd75eb8ead3bd,ecommerce,tecnosparkgo2023-medium (1).webp,tecnosparkgo2023 medium,,,,LOW,"folder mapping: ecommerce -> UNCATEGORIZED | note: Generic ecommerce folder - mixed assets, requires review",https://ik.imagekit.io/0iaahkrcv/ecommerce/All%20Tecno%20Smartphones%20-%20Price%20in%20Kenya/tecnosparkgo2023-medium%20(1).webp?updatedAt=1786473278486
6a7b6b3d5c7cd75eb8ead351,ecommerce,tecnosparkgo2023-medium (2).webp,tecnosparkgo2023 medium,,,,LOW,"folder mapping: ecommerce -> UNCATEGORIZED | note: Generic ecommerce folder - mixed assets, requires review",https://ik.imagekit.io/0iaahkrcv/ecommerce/All%20Tecno%20Smartphones%20-%20Price%20in%20Kenya/tecnosparkgo2023-medium%20(2).webp?updatedAt=1786473278363
6a7b6b3d5c7cd75eb8ead7de,ecommerce,tecnosparkgo2023-medium.webp,tecnosparkgo2023 medium,,,,LOW,"folder mapping: ecommerce -> UNCATEGORIZED | note: Generic ecommerce folder - mixed assets, requires review",https://ik.imagekit.io/0iaahkrcv/ecommerce/All%20Tecno%20Smartphones%20-%20Price%20in%20Kenya/tecnosparkgo2023-medium.webp?updatedAt=1786473278601
6a7b6b375c7cd75eb8eaa875,ecommerce,whatsapp_m64MKH5Z0.svg,whatsapp m64MKH5Z0,,,,LOW,"folder mapping: ecommerce -> UNCATEGORIZED | note: Generic ecommerce folder - mixed assets, requires review",https://ik.imagekit.io/0iaahkrcv/ecommerce/All%20Tecno%20Smartphones%20-%20Price%20in%20Kenya/whatsapp_m64MKH5Z0.svg?updatedAt=1786473272340
6a7b69825c7cd75eb8e19d53,ecommerce,whatsapp.svg,whatsapp,,,,LOW,"folder mapping: ecommerce -> UNCATEGORIZED | note: Generic ecommerce folder - mixed assets, requires review",https://ik.imagekit.io/0iaahkrcv/ecommerce/All%20Tecno%20Smartphones%20-%20Price%20in%20Kenya/whatsapp.svg?updatedAt=1786472835353
6a7b63415c7cd75eb8b316eb,ecommerce,app-logo-desktop.svg,app logo desktop,,,,LOW,"folder mapping: ecommerce -> UNCATEGORIZED | note: Generic ecommerce folder - mixed assets, requires review",https://ik.imagekit.io/0iaahkrcv/ecommerce/All%20Xiaomi%20Smartphones%20-%20Price%20in%20Kenya%20(2)/app-logo-desktop.svg?updatedAt=1786471233971
6a7b63415c7cd75eb8b31714,ecommerce,chevron-down.8ee3574.svg,chevron down.8ee3574,,,,LOW,"folder mapping: ecommerce -> UNCATEGORIZED | note: Generic ecommerce folder - mixed assets, requires review",https://ik.imagekit.io/0iaahkrcv/ecommerce/All%20Xiaomi%20Smartphones%20-%20Price%20in%20Kenya%20(2)/chevron-down.8ee3574.svg?updatedAt=1786471234022
6a7b63455c7cd75eb8b333ce,ecommerce,default (1).svg,default,,,,LOW,"folder mapping: ecommerce -> UNCATEGORIZED | note: Generic ecommerce folder - mixed assets, requires review",https://ik.imagekit.io/0iaahkrcv/ecommerce/All%20Xiaomi%20Smartphones%20-%20Price%20in%20Kenya%20(2)/default%20(1).svg?updatedAt=1786471238103
6a7b63425c7cd75eb8b31e77,ecommerce,default (10).svg,default,,,,LOW,"folder mapping: ecommerce -> UNCATEGORIZED | note: Generic ecommerce folder - mixed assets, requires review",https://ik.imagekit.io/0iaahkrcv/ecommerce/All%20Xiaomi%20Smartphones%20-%20Price%20in%20Kenya%20(2)/default%20(10).svg?updatedAt=1786471234994
6a7b63455c7cd75eb8b33371,ecommerce,default (11).svg,default,,,,LOW,"folder mapping: ecommerce -> UNCATEGORIZED | note: Generic ecommerce folder - mixed assets, requires review",https://ik.imagekit.io/0iaahkrcv/ecommerce/All%20Xiaomi%20Smartphones%20-%20Price%20in%20Kenya%20(2)/default%20(11).svg?updatedAt=1786471238018
6a7b63455c7cd75eb8b33481,ecommerce,default (12).svg,default,,,,LOW,"folder mapping: ecommerce -> UNCATEGORIZED | note: Generic ecommerce folder - mixed assets, requires review",https://ik.imagekit.io/0iaahkrcv/ecommerce/All%20Xiaomi%20Smartphones%20-%20Price%20in%20Kenya%20(2)/default%20(12).svg?updatedAt=1786471238186
6a7b63425c7cd75eb8b31dd9,ecommerce,default (13).svg,default,,,,LOW,"folder mapping: ecommerce -> UNCATEGORIZED | note: Generic ecommerce folder - mixed assets, requires review",https://ik.imagekit.io/0iaahkrcv/ecommerce/All%20Xiaomi%20Smartphones%20-%20Price%20in%20Kenya%20(2)/default%20(13).svg?updatedAt=1786471234920
6a7b63435c7cd75eb8b322c5,ecommerce,default (14).svg,default,,,,LOW,"folder mapping: ecommerce -> UNCATEGORIZED | note: Generic ecommerce folder - mixed assets, requires review",https://ik.imagekit.io/0iaahkrcv/ecommerce/All%20Xiaomi%20Smartphones%20-%20Price%20in%20Kenya%20(2)/default%20(14).svg?updatedAt=1786471236079
6a7b63425c7cd75eb8b31e4e,ecommerce,default (15).svg,default,,,,LOW,"folder mapping: ecommerce -> UNCATEGORIZED | note: Generic ecommerce folder - mixed assets, requires review",https://ik.imagekit.io/0iaahkrcv/ecommerce/All%20Xiaomi%20Smartphones%20-%20Price%20in%20Kenya%20(2)/default%20(15).svg?updatedAt=1786471235006
6a7b63425c7cd75eb8b31def,ecommerce,default (16).svg,default,,,,LOW,"folder mapping: ecommerce -> UNCATEGORIZED | note: Generic ecommerce folder - mixed assets, requires review",https://ik.imagekit.io/0iaahkrcv/ecommerce/All%20Xiaomi%20Smartphones%20-%20Price%20in%20Kenya%20(2)/default%20(16).svg?updatedAt=1786471234954
6a7b63435c7cd75eb8b32311,ecommerce,default (17).svg,default,,,,LOW,"folder mapping: ecommerce -> UNCATEGORIZED | note: Generic ecommerce folder - mixed assets, requires review",https://ik.imagekit.io/0iaahkrcv/ecommerce/All%20Xiaomi%20Smartphones%20-%20Price%20in%20Kenya%20(2)/default%20(17).svg?updatedAt=1786471236080
6a7b63445c7cd75eb8b329f6,ecommerce,default (2).svg,default,,,,LOW,"folder mapping: ecommerce -> UNCATEGORIZED | note: Generic ecommerce folder - mixed assets, requires review",https://ik.imagekit.io/0iaahkrcv/ecommerce/All%20Xiaomi%20Smartphones%20-%20Price%20in%20Kenya%20(2)/default%20(2).svg?updatedAt=1786471237052
6a7b63435c7cd75eb8b32295,ecommerce,default (3).svg,default,,,,LOW,"folder mapping: ecommerce -> UNCATEGORIZED | note: Generic ecommerce folder - mixed assets, requires review",https://ik.imagekit.io/0iaahkrcv/ecommerce/All%20Xiaomi%20Smartphones%20-%20Price%20in%20Kenya%20(2)/default%20(3).svg?updatedAt=1786471235946
6a7b63435c7cd75eb8b322c1,ecommerce,default (4).svg,default,,,,LOW,"folder mapping: ecommerce -> UNCATEGORIZED | note: Generic ecommerce folder - mixed assets, requires review",https://ik.imagekit.io/0iaahkrcv/ecommerce/All%20Xiaomi%20Smartphones%20-%20Price%20in%20Kenya%20(2)/default%20(4).svg?updatedAt=1786471236046
6a7b63435c7cd75eb8b322a4,ecommerce,default (5).svg,default,,,,LOW,"folder mapping: ecommerce -> UNCATEGORIZED | note: Generic ecommerce folder - mixed assets, requires review",https://ik.imagekit.io/0iaahkrcv/ecommerce/All%20Xiaomi%20Smartphones%20-%20Price%20in%20Kenya%20(2)/default%20(5).svg?updatedAt=1786471235988
6a7b63445c7cd75eb8b329cd,ecommerce,default (6).svg,default,,,,LOW,"folder mapping: ecommerce -> UNCATEGORIZED | note: Generic ecommerce folder - mixed assets, requires review",https://ik.imagekit.io/0iaahkrcv/ecommerce/All%20Xiaomi%20Smartphones%20-%20Price%20in%20Kenya%20(2)/default%20(6).svg?updatedAt=1786471237008
6a7b63445c7cd75eb8b32a51,ecommerce,default (7).svg,default,,,,LOW,"folder mapping: ecommerce -> UNCATEGORIZED | note: Generic ecommerce folder - mixed assets, requires review",https://ik.imagekit.io/0iaahkrcv/ecommerce/All%20Xiaomi%20Smartphones%20-%20Price%20in%20Kenya%20(2)/default%20(7).svg?updatedAt=1786471237139
6a7b63455c7cd75eb8b3337b,ecommerce,default (8).svg,default,,,,LOW,"folder mapping: ecommerce -> UNCATEGORIZED | note: Generic ecommerce folder - mixed assets, requires review",https://ik.imagekit.io/0iaahkrcv/ecommerce/All%20Xiaomi%20Smartphones%20-%20Price%20in%20Kenya%20(2)/default%20(8).svg?updatedAt=1786471237979
6a7b63455c7cd75eb8b33478,ecommerce,default (9).svg,default,,,,LOW,"folder mapping: ecommerce -> UNCATEGORIZED | note: Generic ecommerce folder - mixed assets, requires review",https://ik.imagekit.io/0iaahkrcv/ecommerce/All%20Xiaomi%20Smartphones%20-%20Price%20in%20Kenya%20(2)/default%20(9).svg?updatedAt=1786471238136
6a7b63445c7cd75eb8b329b0,ecommerce,default.svg,default,,,,LOW,"folder mapping: ecommerce -> UNCATEGORIZED | note: Generic ecommerce folder - mixed assets, requires review",https://ik.imagekit.io/0iaahkrcv/ecommerce/All%20Xiaomi%20Smartphones%20-%20Price%20in%20Kenya%20(2)/default.svg?updatedAt=1786471237038
6a7b63445c7cd75eb8b32980,ecommerce,loader.631b9ed.svg,loader.631b9ed,,,,LOW,"folder mapping: ecommerce -> UNCATEGORIZED | note: Generic ecommerce folder - mixed assets, requires review",https://ik.imagekit.io/0iaahkrcv/ecommerce/All%20Xiaomi%20Smartphones%20-%20Price%20in%20Kenya%20(2)/loader.631b9ed.svg?updatedAt=1786471236937
6a7b63465c7cd75eb8b33bf9,ecommerce,Redmi-A3x-c-medium (1).webp,Redmi A3x c medium,Xiaomi,,,LOW,"folder mapping: ecommerce -> UNCATEGORIZED | note: Generic ecommerce folder - mixed assets, requires review | brand Xiaomi appears in 4 categories (cross-category brand)",https://ik.imagekit.io/0iaahkrcv/ecommerce/All%20Xiaomi%20Smartphones%20-%20Price%20in%20Kenya%20(2)/Redmi-A3x-c-medium%20(1).webp?updatedAt=1786471239261
6a7b63445c7cd75eb8b32a01,ecommerce,Redmi-A3x-c-medium (2).webp,Redmi A3x c medium,Xiaomi,,,LOW,"folder mapping: ecommerce -> UNCATEGORIZED | note: Generic ecommerce folder - mixed assets, requires review | brand Xiaomi appears in 4 categories (cross-category brand)",https://ik.imagekit.io/0iaahkrcv/ecommerce/All%20Xiaomi%20Smartphones%20-%20Price%20in%20Kenya%20(2)/Redmi-A3x-c-medium%20(2).webp?updatedAt=1786471237086
6a7b63475c7cd75eb8b34023,ecommerce,Redmi-A3x-c-medium (3).webp,Redmi A3x c medium,Xiaomi,,,LOW,"folder mapping: ecommerce -> UNCATEGORIZED | note: Generic ecommerce folder - mixed assets, requires review | brand Xiaomi appears in 4 categories (cross-category brand)",https://ik.imagekit.io/0iaahkrcv/ecommerce/All%20Xiaomi%20Smartphones%20-%20Price%20in%20Kenya%20(2)/Redmi-A3x-c-medium%20(3).webp?updatedAt=1786471240087
6a7b63435c7cd75eb8b322bf,ecommerce,Redmi-A3x-c-medium (4).webp,Redmi A3x c medium,Xiaomi,,,LOW,"folder mapping: ecommerce -> UNCATEGORIZED | note: Generic ecommerce folder - mixed assets, requires review | brand Xiaomi appears in 4 categories (cross-category brand)",https://ik.imagekit.io/0iaahkrcv/ecommerce/All%20Xiaomi%20Smartphones%20-%20Price%20in%20Kenya%20(2)/Redmi-A3x-c-medium%20(4).webp?updatedAt=1786471236101
6a7b63435c7cd75eb8b322cc,ecommerce,Redmi-A3x-c-medium (5).webp,Redmi A3x c medium,Xiaomi,,,LOW,"folder mapping: ecommerce -> UNCATEGORIZED | note: Generic ecommerce folder - mixed assets, requires review | brand Xiaomi appears in 4 categories (cross-category brand)",https://ik.imagekit.io/0iaahkrcv/ecommerce/All%20Xiaomi%20Smartphones%20-%20Price%20in%20Kenya%20(2)/Redmi-A3x-c-medium%20(5).webp?updatedAt=1786471236099
6a7b63445c7cd75eb8b32971,ecommerce,Redmi-A3x-c-medium.webp,Redmi A3x c medium,Xiaomi,,,LOW,"folder mapping: ecommerce -> UNCATEGORIZED | note: Generic ecommerce folder - mixed assets, requires review | brand Xiaomi appears in 4 categories (cross-category brand)",https://ik.imagekit.io/0iaahkrcv/ecommerce/All%20Xiaomi%20Smartphones%20-%20Price%20in%20Kenya%20(2)/Redmi-A3x-c-medium.webp?updatedAt=1786471236982
6a7b63455c7cd75eb8b335f4,ecommerce,search.7d254c6.svg,search.7d254c6,,,,LOW,"folder mapping: ecommerce -> UNCATEGORIZED | note: Generic ecommerce folder - mixed assets, requires review",https://ik.imagekit.io/0iaahkrcv/ecommerce/All%20Xiaomi%20Smartphones%20-%20Price%20in%20Kenya%20(2)/search.7d254c6.svg?updatedAt=1786471238420
6a7b63465c7cd75eb8b33bd2,ecommerce,whatsapp.svg,whatsapp,,,,LOW,"folder mapping: ecommerce -> UNCATEGORIZED | note: Generic ecommerce folder - mixed assets, requires review",https://ik.imagekit.io/0iaahkrcv/ecommerce/All%20Xiaomi%20Smartphones%20-%20Price%20in%20Kenya%20(2)/whatsapp.svg?updatedAt=1786471239184
6a7b63455c7cd75eb8b33499,ecommerce,Xiaomi-14-Ultra-a-medium (1).webp,Xiaomi 14 Ultra a medium,Xiaomi,,,LOW,"folder mapping: ecommerce -> UNCATEGORIZED | note: Generic ecommerce folder - mixed assets, requires review | brand Xiaomi appears in 4 categories (cross-category brand)",https://ik.imagekit.io/0iaahkrcv/ecommerce/All%20Xiaomi%20Smartphones%20-%20Price%20in%20Kenya%20(2)/Xiaomi-14-Ultra-a-medium%20(1).webp?updatedAt=1786471238175
6a7b63485c7cd75eb8b34456,ecommerce,Xiaomi-14-Ultra-a-medium (2).webp,Xiaomi 14 Ultra a medium,Xiaomi,,,LOW,"folder mapping: ecommerce -> UNCATEGORIZED | note: Generic ecommerce folder - mixed assets, requires review | brand Xiaomi appears in 4 categories (cross-category brand)",https://ik.imagekit.io/0iaahkrcv/ecommerce/All%20Xiaomi%20Smartphones%20-%20Price%20in%20Kenya%20(2)/Xiaomi-14-Ultra-a-medium%20(2).webp?updatedAt=1786471240870
6a7b63475c7cd75eb8b3403c,ecommerce,Xiaomi-14-Ultra-a-medium.webp,Xiaomi 14 Ultra a medium,Xiaomi,,,LOW,"folder mapping: ecommerce -> UNCATEGORIZED | note: Generic ecommerce folder - mixed assets, requires review | brand Xiaomi appears in 4 categories (cross-category brand)",https://ik.imagekit.io/0iaahkrcv/ecommerce/All%20Xiaomi%20Smartphones%20-%20Price%20in%20Kenya%20(2)/Xiaomi-14-Ultra-a-medium.webp?updatedAt=1786471240131
6a7b63455c7cd75eb8b335ea,ecommerce,Xiaomi-14T-a-medium (1).webp,Xiaomi 14T a medium,Xiaomi,,,LOW,"folder mapping: ecommerce -> UNCATEGORIZED | note: Generic ecommerce folder - mixed assets, requires review | brand Xiaomi appears in 4 categories (cross-category brand)",https://ik.imagekit.io/0iaahkrcv/ecommerce/All%20Xiaomi%20Smartphones%20-%20Price%20in%20Kenya%20(2)/Xiaomi-14T-a-medium%20(1).webp?updatedAt=1786471238452
6a7b63465c7cd75eb8b33bf0,ecommerce,Xiaomi-14T-a-medium (2).webp,Xiaomi 14T a medium,Xiaomi,,,LOW,"folder mapping: ecommerce -> UNCATEGORIZED | note: Generic ecommerce folder - mixed assets, requires review | brand Xiaomi appears in 4 categories (cross-category brand)",https://ik.imagekit.io/0iaahkrcv/ecommerce/All%20Xiaomi%20Smartphones%20-%20Price%20in%20Kenya%20(2)/Xiaomi-14T-a-medium%20(2).webp?updatedAt=1786471239255
6a7b63445c7cd75eb8b329bd,ecommerce,Xiaomi-14T-a-medium.webp,Xiaomi 14T a medium,Xiaomi,,,LOW,"folder mapping: ecommerce -> UNCATEGORIZED | note: Generic ecommerce folder - mixed assets, requires review | brand Xiaomi appears in 4 categories (cross-category brand)",https://ik.imagekit.io/0iaahkrcv/ecommerce/All%20Xiaomi%20Smartphones%20-%20Price%20in%20Kenya%20(2)/Xiaomi-14T-a-medium.webp?updatedAt=1786471236966
6a7b63475c7cd75eb8b3409d,ecommerce,xiaomi-15-b-medium (1).webp,xiaomi 15 b medium,Xiaomi,,,LOW,"folder mapping: ecommerce -> UNCATEGORIZED | note: Generic ecommerce folder - mixed assets, requires review | brand Xiaomi appears in 4 categories (cross-category brand)",https://ik.imagekit.io/0iaahkrcv/ecommerce/All%20Xiaomi%20Smartphones%20-%20Price%20in%20Kenya%20(2)/xiaomi-15-b-medium%20(1).webp?updatedAt=1786471240238
6a7b63445c7cd75eb8b32a21,ecommerce,xiaomi-15-b-medium (2).webp,xiaomi 15 b medium,Xiaomi,,,LOW,"folder mapping: ecommerce -> UNCATEGORIZED | note: Generic ecommerce folder - mixed assets, requires review | brand Xiaomi appears in 4 categories (cross-category brand)",https://ik.imagekit.io/0iaahkrcv/ecommerce/All%20Xiaomi%20Smartphones%20-%20Price%20in%20Kenya%20(2)/xiaomi-15-b-medium%20(2).webp?updatedAt=1786471237105
6a7b63455c7cd75eb8b3348b,ecommerce,xiaomi-15-b-medium.webp,xiaomi 15 b medium,Xiaomi,,,LOW,"folder mapping: ecommerce -> UNCATEGORIZED | note: Generic ecommerce folder - mixed assets, requires review | brand Xiaomi appears in 4 categories (cross-category brand)",https://ik.imagekit.io/0iaahkrcv/ecommerce/All%20Xiaomi%20Smartphones%20-%20Price%20in%20Kenya%20(2)/xiaomi-15-b-medium.webp?updatedAt=1786471238152
6a7b63475c7cd75eb8b34051,ecommerce,xiaomi-15-Pro-d-medium (1).webp,xiaomi 15 Pro d medium,Xiaomi,,,LOW,"folder mapping: ecommerce -> UNCATEGORIZED | note: Generic ecommerce folder - mixed assets, requires review | brand Xiaomi appears in 4 categories (cross-category brand)",https://ik.imagekit.io/0iaahkrcv/ecommerce/All%20Xiaomi%20Smartphones%20-%20Price%20in%20Kenya%20(2)/xiaomi-15-Pro-d-medium%20(1).webp?updatedAt=1786471240138
6a7b63475c7cd75eb8b33fe7,ecommerce,xiaomi-15-Pro-d-medium (2).webp,xiaomi 15 Pro d medium,Xiaomi,,,LOW,"folder mapping: ecommerce -> UNCATEGORIZED | note: Generic ecommerce folder - mixed assets, requires review | brand Xiaomi appears in 4 categories (cross-category brand)",https://ik.imagekit.io/0iaahkrcv/ecommerce/All%20Xiaomi%20Smartphones%20-%20Price%20in%20Kenya%20(2)/xiaomi-15-Pro-d-medium%20(2).webp?updatedAt=1786471240074
6a7b63475c7cd75eb8b34026,ecommerce,xiaomi-15-Pro-d-medium.webp,xiaomi 15 Pro d medium,Xiaomi,,,LOW,"folder mapping: ecommerce -> UNCATEGORIZED | note: Generic ecommerce folder - mixed assets, requires review | brand Xiaomi appears in 4 categories (cross-category brand)",https://ik.imagekit.io/0iaahkrcv/ecommerce/All%20Xiaomi%20Smartphones%20-%20Price%20in%20Kenya%20(2)/xiaomi-15-Pro-d-medium.webp?updatedAt=1786471240170
6a7b63445c7cd75eb8b32a0a,ecommerce,Xiaomi-15-Ultra-d-medium (1).webp,Xiaomi 15 Ultra d medium,Xiaomi,,,LOW,"folder mapping: ecommerce -> UNCATEGORIZED | note: Generic ecommerce folder - mixed assets, requires review | brand Xiaomi appears in 4 categories (cross-category brand)",https://ik.imagekit.io/0iaahkrcv/ecommerce/All%20Xiaomi%20Smartphones%20-%20Price%20in%20Kenya%20(2)/Xiaomi-15-Ultra-d-medium%20(1).webp?updatedAt=1786471237116
6a7b63465c7cd75eb8b33bcf,ecommerce,Xiaomi-15-Ultra-d-medium (2).webp,Xiaomi 15 Ultra d medium,Xiaomi,,,LOW,"folder mapping: ecommerce -> UNCATEGORIZED | note: Generic ecommerce folder - mixed assets, requires review | brand Xiaomi appears in 4 categories (cross-category brand)",https://ik.imagekit.io/0iaahkrcv/ecommerce/All%20Xiaomi%20Smartphones%20-%20Price%20in%20Kenya%20(2)/Xiaomi-15-Ultra-d-medium%20(2).webp?updatedAt=1786471239182
6a7b63475c7cd75eb8b3404d,ecommerce,Xiaomi-15-Ultra-d-medium.webp,Xiaomi 15 Ultra d medium,Xiaomi,,,LOW,"folder mapping: ecommerce -> UNCATEGORIZED | note: Generic ecommerce folder - mixed assets, requires review | brand Xiaomi appears in 4 categories (cross-category brand)",https://ik.imagekit.io/0iaahkrcv/ecommerce/All%20Xiaomi%20Smartphones%20-%20Price%20in%20Kenya%20(2)/Xiaomi-15-Ultra-d-medium.webp?updatedAt=1786471240117
6a7b63475c7cd75eb8b34011,ecommerce,Xiaomi-17-a-medium (1).webp,Xiaomi 17 a medium,Xiaomi,,,LOW,"folder mapping: ecommerce -> UNCATEGORIZED | note: Generic ecommerce folder - mixed assets, requires review | brand Xiaomi appears in 4 categories (cross-category brand)",https://ik.imagekit.io/0iaahkrcv/ecommerce/All%20Xiaomi%20Smartphones%20-%20Price%20in%20Kenya%20(2)/Xiaomi-17-a-medium%20(1).webp?updatedAt=1786471240086
6a7b63455c7cd75eb8b33551,ecommerce,Xiaomi-17-a-medium (2).webp,Xiaomi 17 a medium,Xiaomi,,,LOW,"folder mapping: ecommerce -> UNCATEGORIZED | note: Generic ecommerce folder - mixed assets, requires review | brand Xiaomi appears in 4 categories (cross-category brand)",https://ik.imagekit.io/0iaahkrcv/ecommerce/All%20Xiaomi%20Smartphones%20-%20Price%20in%20Kenya%20(2)/Xiaomi-17-a-medium%20(2).webp?updatedAt=1786471238259
6a7b63465c7cd75eb8b33c66,ecommerce,Xiaomi-17-a-medium.webp,Xiaomi 17 a medium,Xiaomi,,,LOW,"folder mapping: ecommerce -> UNCATEGORIZED | note: Generic ecommerce folder - mixed assets, requires review | brand Xiaomi appears in 4 categories (cross-category brand)",https://ik.imagekit.io/0iaahkrcv/ecommerce/All%20Xiaomi%20Smartphones%20-%20Price%20in%20Kenya%20(2)/Xiaomi-17-a-medium.webp?updatedAt=1786471239361
6a7b63455c7cd75eb8b335e6,ecommerce,Xiaomi-17-Pro-b-medium (1).webp,Xiaomi 17 Pro b medium,Xiaomi,,,LOW,"folder mapping: ecommerce -> UNCATEGORIZED | note: Generic ecommerce folder - mixed assets, requires review | brand Xiaomi appears in 4 categories (cross-category brand)",https://ik.imagekit.io/0iaahkrcv/ecommerce/All%20Xiaomi%20Smartphones%20-%20Price%20in%20Kenya%20(2)/Xiaomi-17-Pro-b-medium%20(1).webp?updatedAt=1786471238424
6a7b63465c7cd75eb8b33c5e,ecommerce,Xiaomi-17-Pro-b-medium (2).webp,Xiaomi 17 Pro b medium,Xiaomi,,,LOW,"folder mapping: ecommerce -> UNCATEGORIZED | note: Generic ecommerce folder - mixed assets, requires review | brand Xiaomi appears in 4 categories (cross-category brand)",https://ik.imagekit.io/0iaahkrcv/ecommerce/All%20Xiaomi%20Smartphones%20-%20Price%20in%20Kenya%20(2)/Xiaomi-17-Pro-b-medium%20(2).webp?updatedAt=1786471239320
6a7b63465c7cd75eb8b33b88,ecommerce,Xiaomi-17-Pro-b-medium.webp,Xiaomi 17 Pro b medium,Xiaomi,,,LOW,"folder mapping: ecommerce -> UNCATEGORIZED | note: Generic ecommerce folder - mixed assets, requires review | brand Xiaomi appears in 4 categories (cross-category brand)",https://ik.imagekit.io/0iaahkrcv/ecommerce/All%20Xiaomi%20Smartphones%20-%20Price%20in%20Kenya%20(2)/Xiaomi-17-Pro-b-medium.webp?updatedAt=1786471239102
6a7b63475c7cd75eb8b33f58,ecommerce,Xiaomi-Mix-Flip-2-c-medium (1).webp,Xiaomi Mix Flip 2 c medium,Xiaomi,,,LOW,"folder mapping: ecommerce -> UNCATEGORIZED | note: Generic ecommerce folder - mixed assets, requires review | brand Xiaomi appears in 4 categories (cross-category brand)",https://ik.imagekit.io/0iaahkrcv/ecommerce/All%20Xiaomi%20Smartphones%20-%20Price%20in%20Kenya%20(2)/Xiaomi-Mix-Flip-2-c-medium%20(1).webp?updatedAt=1786471239965
6a7b63455c7cd75eb8b33546,ecommerce,Xiaomi-Mix-Flip-2-c-medium (2).webp,Xiaomi Mix Flip 2 c medium,Xiaomi,,,LOW,"folder mapping: ecommerce -> UNCATEGORIZED | note: Generic ecommerce folder - mixed assets, requires review | brand Xiaomi appears in 4 categories (cross-category brand)",https://ik.imagekit.io/0iaahkrcv/ecommerce/All%20Xiaomi%20Smartphones%20-%20Price%20in%20Kenya%20(2)/Xiaomi-Mix-Flip-2-c-medium%20(2).webp?updatedAt=1786471238207
6a7b63475c7cd75eb8b3403f,ecommerce,Xiaomi-Mix-Flip-2-c-medium.webp,Xiaomi Mix Flip 2 c medium,Xiaomi,,,LOW,"folder mapping: ecommerce -> UNCATEGORIZED | note: Generic ecommerce folder - mixed assets, requires review | brand Xiaomi appears in 4 categories (cross-category brand)",https://ik.imagekit.io/0iaahkrcv/ecommerce/All%20Xiaomi%20Smartphones%20-%20Price%20in%20Kenya%20(2)/Xiaomi-Mix-Flip-2-c-medium.webp?updatedAt=1786471240119
6a7b63465c7cd75eb8b33bd9,ecommerce,Xiaomi-Poco-C75-c-medium (1).webp,Xiaomi Poco C75 c medium,Xiaomi,,,LOW,"folder mapping: ecommerce -> UNCATEGORIZED | note: Generic ecommerce folder - mixed assets, requires review | brand Xiaomi appears in 4 categories (cross-category brand)",https://ik.imagekit.io/0iaahkrcv/ecommerce/All%20Xiaomi%20Smartphones%20-%20Price%20in%20Kenya%20(2)/Xiaomi-Poco-C75-c-medium%20(1).webp?updatedAt=1786471239212
6a7b63465c7cd75eb8b33c00,ecommerce,Xiaomi-Poco-C75-c-medium (2).webp,Xiaomi Poco C75 c medium,Xiaomi,,,LOW,"folder mapping: ecommerce -> UNCATEGORIZED | note: Generic ecommerce folder - mixed assets, requires review | brand Xiaomi appears in 4 categories (cross-category brand)",https://ik.imagekit.io/0iaahkrcv/ecommerce/All%20Xiaomi%20Smartphones%20-%20Price%20in%20Kenya%20(2)/Xiaomi-Poco-C75-c-medium%20(2).webp?updatedAt=1786471239243
6a7b63485c7cd75eb8b342dc,ecommerce,Xiaomi-Poco-C75-c-medium.webp,Xiaomi Poco C75 c medium,Xiaomi,,,LOW,"folder mapping: ecommerce -> UNCATEGORIZED | note: Generic ecommerce folder - mixed assets, requires review | brand Xiaomi appears in 4 categories (cross-category brand)",https://ik.imagekit.io/0iaahkrcv/ecommerce/All%20Xiaomi%20Smartphones%20-%20Price%20in%20Kenya%20(2)/Xiaomi-Poco-C75-c-medium.webp?updatedAt=1786471240716
6a7b63475c7cd75eb8b34018,ecommerce,Xiaomi-Poco-C85-5G-a-medium (1).webp,Xiaomi Poco C85 5G a medium,Xiaomi,,,LOW,"folder mapping: ecommerce -> UNCATEGORIZED | note: Generic ecommerce folder - mixed assets, requires review | brand Xiaomi appears in 4 categories (cross-category brand)",https://ik.imagekit.io/0iaahkrcv/ecommerce/All%20Xiaomi%20Smartphones%20-%20Price%20in%20Kenya%20(2)/Xiaomi-Poco-C85-5G-a-medium%20(1).webp?updatedAt=1786471240117
6a7b63475c7cd75eb8b33f9f,ecommerce,Xiaomi-Poco-C85-5G-a-medium (2).webp,Xiaomi Poco C85 5G a medium,Xiaomi,,,LOW,"folder mapping: ecommerce -> UNCATEGORIZED | note: Generic ecommerce folder - mixed assets, requires review | brand Xiaomi appears in 4 categories (cross-category brand)",https://ik.imagekit.io/0iaahkrcv/ecommerce/All%20Xiaomi%20Smartphones%20-%20Price%20in%20Kenya%20(2)/Xiaomi-Poco-C85-5G-a-medium%20(2).webp?updatedAt=1786471239999
6a7b63455c7cd75eb8b335b4,ecommerce,Xiaomi-Poco-C85-5G-a-medium.webp,Xiaomi Poco C85 5G a medium,Xiaomi,,,LOW,"folder mapping: ecommerce -> UNCATEGORIZED | note: Generic ecommerce folder - mixed assets, requires review | brand Xiaomi appears in 4 categories (cross-category brand)",https://ik.imagekit.io/0iaahkrcv/ecommerce/All%20Xiaomi%20Smartphones%20-%20Price%20in%20Kenya%20(2)/Xiaomi-Poco-C85-5G-a-medium.webp?updatedAt=1786471238415
6a7b63475c7cd75eb8b34015,ecommerce,Xiaomi-Poco-F6-Pro-a-medium (1).webp,Xiaomi Poco F6 Pro a medium,Xiaomi,,,LOW,"folder mapping: ecommerce -> UNCATEGORIZED | note: Generic ecommerce folder - mixed assets, requires review | brand Xiaomi appears in 4 categories (cross-category brand)",https://ik.imagekit.io/0iaahkrcv/ecommerce/All%20Xiaomi%20Smartphones%20-%20Price%20in%20Kenya%20(2)/Xiaomi-Poco-F6-Pro-a-medium%20(1).webp?updatedAt=1786471240109
6a7b63455c7cd75eb8b33562,ecommerce,Xiaomi-Poco-F6-Pro-a-medium (2).webp,Xiaomi Poco F6 Pro a medium,Xiaomi,,,LOW,"folder mapping: ecommerce -> UNCATEGORIZED | note: Generic ecommerce folder - mixed assets, requires review | brand Xiaomi appears in 4 categories (cross-category brand)",https://ik.imagekit.io/0iaahkrcv/ecommerce/All%20Xiaomi%20Smartphones%20-%20Price%20in%20Kenya%20(2)/Xiaomi-Poco-F6-Pro-a-medium%20(2).webp?updatedAt=1786471238293
6a7b63455c7cd75eb8b334c5,ecommerce,Xiaomi-Poco-F6-Pro-a-medium.webp,Xiaomi Poco F6 Pro a medium,Xiaomi,,,LOW,"folder mapping: ecommerce -> UNCATEGORIZED | note: Generic ecommerce folder - mixed assets, requires review | brand Xiaomi appears in 4 categories (cross-category brand)",https://ik.imagekit.io/0iaahkrcv/ecommerce/All%20Xiaomi%20Smartphones%20-%20Price%20in%20Kenya%20(2)/Xiaomi-Poco-F6-Pro-a-medium.webp?updatedAt=1786471238224
6a7b63485c7cd75eb8b344d8,ecommerce,Xiaomi-Poco-M7-Pro-5G-medium (1).webp,Xiaomi Poco M7 Pro 5G medium,Xiaomi,,,LOW,"folder mapping: ecommerce -> UNCATEGORIZED | note: Generic ecommerce folder - mixed assets, requires review | brand Xiaomi appears in 4 categories (cross-category brand)",https://ik.imagekit.io/0iaahkrcv/ecommerce/All%20Xiaomi%20Smartphones%20-%20Price%20in%20Kenya%20(2)/Xiaomi-Poco-M7-Pro-5G-medium%20(1).webp?updatedAt=1786471240896
6a7b63465c7cd75eb8b33c26,ecommerce,Xiaomi-Poco-M7-Pro-5G-medium (2).webp,Xiaomi Poco M7 Pro 5G medium,Xiaomi,,,LOW,"folder mapping: ecommerce -> UNCATEGORIZED | note: Generic ecommerce folder - mixed assets, requires review | brand Xiaomi appears in 4 categories (cross-category brand)",https://ik.imagekit.io/0iaahkrcv/ecommerce/All%20Xiaomi%20Smartphones%20-%20Price%20in%20Kenya%20(2)/Xiaomi-Poco-M7-Pro-5G-medium%20(2).webp?updatedAt=1786471239270
6a7b63475c7cd75eb8b33f51,ecommerce,Xiaomi-Poco-M7-Pro-5G-medium.webp,Xiaomi Poco M7 Pro 5G medium,Xiaomi,,,LOW,"folder mapping: ecommerce -> UNCATEGORIZED | note: Generic ecommerce folder - mixed assets, requires review | brand Xiaomi appears in 4 categories (cross-category brand)",https://ik.imagekit.io/0iaahkrcv/ecommerce/All%20Xiaomi%20Smartphones%20-%20Price%20in%20Kenya%20(2)/Xiaomi-Poco-M7-Pro-5G-medium.webp?updatedAt=1786471239902
6a7b63465c7cd75eb8b33af0,ecommerce,Xiaomi-Poco-X6-Pro-a-medium (1).webp,Xiaomi Poco X6 Pro a medium,Xiaomi,,,LOW,"folder mapping: ecommerce -> UNCATEGORIZED | note: Generic ecommerce folder - mixed assets, requires review | brand Xiaomi appears in 4 categories (cross-category brand)",https://ik.imagekit.io/0iaahkrcv/ecommerce/All%20Xiaomi%20Smartphones%20-%20Price%20in%20Kenya%20(2)/Xiaomi-Poco-X6-Pro-a-medium%20(1).webp?updatedAt=1786471238998
6a7b63485c7cd75eb8b34414,ecommerce,Xiaomi-Poco-X6-Pro-a-medium (2).webp,Xiaomi Poco X6 Pro a medium,Xiaomi,,,LOW,"folder mapping: ecommerce -> UNCATEGORIZED | note: Generic ecommerce folder - mixed assets, requires review | brand Xiaomi appears in 4 categories (cross-category brand)",https://ik.imagekit.io/0iaahkrcv/ecommerce/All%20Xiaomi%20Smartphones%20-%20Price%20in%20Kenya%20(2)/Xiaomi-Poco-X6-Pro-a-medium%20(2).webp?updatedAt=1786471240781
6a7b63455c7cd75eb8b33532,ecommerce,Xiaomi-Poco-X6-Pro-a-medium (3).webp,Xiaomi Poco X6 Pro a medium,Xiaomi,,,LOW,"folder mapping: ecommerce -> UNCATEGORIZED | note: Generic ecommerce folder - mixed assets, requires review | brand Xiaomi appears in 4 categories (cross-category brand)",https://ik.imagekit.io/0iaahkrcv/ecommerce/All%20Xiaomi%20Smartphones%20-%20Price%20in%20Kenya%20(2)/Xiaomi-Poco-X6-Pro-a-medium%20(3).webp?updatedAt=1786471238243
6a7b63465c7cd75eb8b33a9d,ecommerce,Xiaomi-Poco-X6-Pro-a-medium (4).webp,Xiaomi Poco X6 Pro a medium,Xiaomi,,,LOW,"folder mapping: ecommerce -> UNCATEGORIZED | note: Generic ecommerce folder - mixed assets, requires review | brand Xiaomi appears in 4 categories (cross-category brand)",https://ik.imagekit.io/0iaahkrcv/ecommerce/All%20Xiaomi%20Smartphones%20-%20Price%20in%20Kenya%20(2)/Xiaomi-Poco-X6-Pro-a-medium%20(4).webp?updatedAt=1786471238939
6a7b63485c7cd75eb8b34440,ecommerce,Xiaomi-Poco-X6-Pro-a-medium (5).webp,Xiaomi Poco X6 Pro a medium,Xiaomi,,,LOW,"folder mapping: ecommerce -> UNCATEGORIZED | note: Generic ecommerce folder - mixed assets, requires review | brand Xiaomi appears in 4 categories (cross-category brand)",https://ik.imagekit.io/0iaahkrcv/ecommerce/All%20Xiaomi%20Smartphones%20-%20Price%20in%20Kenya%20(2)/Xiaomi-Poco-X6-Pro-a-medium%20(5).webp?updatedAt=1786471240846
6a7b63485c7cd75eb8b344b6,ecommerce,Xiaomi-Poco-X6-Pro-a-medium.webp,Xiaomi Poco X6 Pro a medium,Xiaomi,,,LOW,"folder mapping: ecommerce -> UNCATEGORIZED | note: Generic ecommerce folder - mixed assets, requires review | brand Xiaomi appears in 4 categories (cross-category brand)",https://ik.imagekit.io/0iaahkrcv/ecommerce/All%20Xiaomi%20Smartphones%20-%20Price%20in%20Kenya%20(2)/Xiaomi-Poco-X6-Pro-a-medium.webp?updatedAt=1786471240902
6a7b63465c7cd75eb8b33c58,ecommerce,Xiaomi-Redmi-12-a-medium (1).webp,Xiaomi Redmi 12 a medium,Xiaomi,,,LOW,"folder mapping: ecommerce -> UNCATEGORIZED | note: Generic ecommerce folder - mixed assets, requires review | brand Xiaomi appears in 4 categories (cross-category brand)",https://ik.imagekit.io/0iaahkrcv/ecommerce/All%20Xiaomi%20Smartphones%20-%20Price%20in%20Kenya%20(2)/Xiaomi-Redmi-12-a-medium%20(1).webp?updatedAt=1786471239330
6a7b63455c7cd75eb8b33484,ecommerce,Xiaomi-Redmi-12-a-medium (2).webp,Xiaomi Redmi 12 a medium,Xiaomi,,,LOW,"folder mapping: ecommerce -> UNCATEGORIZED | note: Generic ecommerce folder - mixed assets, requires review | brand Xiaomi appears in 4 categories (cross-category brand)",https://ik.imagekit.io/0iaahkrcv/ecommerce/All%20Xiaomi%20Smartphones%20-%20Price%20in%20Kenya%20(2)/Xiaomi-Redmi-12-a-medium%20(2).webp?updatedAt=1786471238251
6a7b63455c7cd75eb8b334a5,ecommerce,Xiaomi-Redmi-12-a-medium (3).webp,Xiaomi Redmi 12 a medium,Xiaomi,,,LOW,"folder mapping: ecommerce -> UNCATEGORIZED | note: Generic ecommerce folder - mixed assets, requires review | brand Xiaomi appears in 4 categories (cross-category brand)",https://ik.imagekit.io/0iaahkrcv/ecommerce/All%20Xiaomi%20Smartphones%20-%20Price%20in%20Kenya%20(2)/Xiaomi-Redmi-12-a-medium%20(3).webp?updatedAt=1786471238171
6a7b63485c7cd75eb8b3443c,ecommerce,Xiaomi-Redmi-12-a-medium (4).webp,Xiaomi Redmi 12 a medium,Xiaomi,,,LOW,"folder mapping: ecommerce -> UNCATEGORIZED | note: Generic ecommerce folder - mixed assets, requires review | brand Xiaomi appears in 4 categories (cross-category brand)",https://ik.imagekit.io/0iaahkrcv/ecommerce/All%20Xiaomi%20Smartphones%20-%20Price%20in%20Kenya%20(2)/Xiaomi-Redmi-12-a-medium%20(4).webp?updatedAt=1786471240851
6a7b63485c7cd75eb8b3425c,ecommerce,Xiaomi-Redmi-12-a-medium (5).webp,Xiaomi Redmi 12 a medium,Xiaomi,,,LOW,"folder mapping: ecommerce -> UNCATEGORIZED | note: Generic ecommerce folder - mixed assets, requires review | brand Xiaomi appears in 4 categories (cross-category brand)",https://ik.imagekit.io/0iaahkrcv/ecommerce/All%20Xiaomi%20Smartphones%20-%20Price%20in%20Kenya%20(2)/Xiaomi-Redmi-12-a-medium%20(5).webp?updatedAt=1786471240587
6a7b63485c7cd75eb8b343d1,ecommerce,Xiaomi-Redmi-12-a-medium.webp,Xiaomi Redmi 12 a medium,Xiaomi,,,LOW,"folder mapping: ecommerce -> UNCATEGORIZED | note: Generic ecommerce folder - mixed assets, requires review | brand Xiaomi appears in 4 categories (cross-category brand)",https://ik.imagekit.io/0iaahkrcv/ecommerce/All%20Xiaomi%20Smartphones%20-%20Price%20in%20Kenya%20(2)/Xiaomi-Redmi-12-a-medium.webp?updatedAt=1786471240797
6a7b63485c7cd75eb8b343c2,ecommerce,Xiaomi-Redmi-13-4G-a-medium (1).webp,Xiaomi Redmi 13 4G a medium,Xiaomi,,,LOW,"folder mapping: ecommerce -> UNCATEGORIZED | note: Generic ecommerce folder - mixed assets, requires review | brand Xiaomi appears in 4 categories (cross-category brand)",https://ik.imagekit.io/0iaahkrcv/ecommerce/All%20Xiaomi%20Smartphones%20-%20Price%20in%20Kenya%20(2)/Xiaomi-Redmi-13-4G-a-medium%20(1).webp?updatedAt=1786471240760
6a7b63485c7cd75eb8b3438f,ecommerce,Xiaomi-Redmi-13-4G-a-medium (2).webp,Xiaomi Redmi 13 4G a medium,Xiaomi,,,LOW,"folder mapping: ecommerce -> UNCATEGORIZED | note: Generic ecommerce folder - mixed assets, requires review | brand Xiaomi appears in 4 categories (cross-category brand)",https://ik.imagekit.io/0iaahkrcv/ecommerce/All%20Xiaomi%20Smartphones%20-%20Price%20in%20Kenya%20(2)/Xiaomi-Redmi-13-4G-a-medium%20(2).webp?updatedAt=1786471240806
6a7b63485c7cd75eb8b342fb,ecommerce,Xiaomi-Redmi-13-4G-a-medium (3).webp,Xiaomi Redmi 13 4G a medium,Xiaomi,,,LOW,"folder mapping: ecommerce -> UNCATEGORIZED | note: Generic ecommerce folder - mixed assets, requires review | brand Xiaomi appears in 4 categories (cross-category brand)",https://ik.imagekit.io/0iaahkrcv/ecommerce/All%20Xiaomi%20Smartphones%20-%20Price%20in%20Kenya%20(2)/Xiaomi-Redmi-13-4G-a-medium%20(3).webp?updatedAt=1786471241225
6a7b63485c7cd75eb8b34424,ecommerce,Xiaomi-Redmi-13-4G-a-medium (4).webp,Xiaomi Redmi 13 4G a medium,Xiaomi,,,LOW,"folder mapping: ecommerce -> UNCATEGORIZED | note: Generic ecommerce folder - mixed assets, requires review | brand Xiaomi appears in 4 categories (cross-category brand)",https://ik.imagekit.io/0iaahkrcv/ecommerce/All%20Xiaomi%20Smartphones%20-%20Price%20in%20Kenya%20(2)/Xiaomi-Redmi-13-4G-a-medium%20(4).webp?updatedAt=1786471240862
6a7b63455c7cd75eb8b3347e,ecommerce,Xiaomi-Redmi-13-4G-a-medium (5).webp,Xiaomi Redmi 13 4G a medium,Xiaomi,,,LOW,"folder mapping: ecommerce -> UNCATEGORIZED | note: Generic ecommerce folder - mixed assets, requires review | brand Xiaomi appears in 4 categories (cross-category brand)",https://ik.imagekit.io/0iaahkrcv/ecommerce/All%20Xiaomi%20Smartphones%20-%20Price%20in%20Kenya%20(2)/Xiaomi-Redmi-13-4G-a-medium%20(5).webp?updatedAt=1786471238201
6a7b63465c7cd75eb8b33b28,ecommerce,Xiaomi-Redmi-13-4G-a-medium.webp,Xiaomi Redmi 13 4G a medium,Xiaomi,,,LOW,"folder mapping: ecommerce -> UNCATEGORIZED | note: Generic ecommerce folder - mixed assets, requires review | brand Xiaomi appears in 4 categories (cross-category brand)",https://ik.imagekit.io/0iaahkrcv/ecommerce/All%20Xiaomi%20Smartphones%20-%20Price%20in%20Kenya%20(2)/Xiaomi-Redmi-13-4G-a-medium.webp?updatedAt=1786471239101
6a7b63475c7cd75eb8b3404b,ecommerce,Xiaomi-Redmi-14C-b-medium (1).webp,Xiaomi Redmi 14C b medium,Xiaomi,,,LOW,"folder mapping: ecommerce -> UNCATEGORIZED | note: Generic ecommerce folder - mixed assets, requires review | brand Xiaomi appears in 4 categories (cross-category brand)",https://ik.imagekit.io/0iaahkrcv/ecommerce/All%20Xiaomi%20Smartphones%20-%20Price%20in%20Kenya%20(2)/Xiaomi-Redmi-14C-b-medium%20(1).webp?updatedAt=1786471240148
6a7b63455c7cd75eb8b335ed,ecommerce,Xiaomi-Redmi-14C-b-medium (2).webp,Xiaomi Redmi 14C b medium,Xiaomi,,,LOW,"folder mapping: ecommerce -> UNCATEGORIZED | note: Generic ecommerce folder - mixed assets, requires review | brand Xiaomi appears in 4 categories (cross-category brand)",https://ik.imagekit.io/0iaahkrcv/ecommerce/All%20Xiaomi%20Smartphones%20-%20Price%20in%20Kenya%20(2)/Xiaomi-Redmi-14C-b-medium%20(2).webp?updatedAt=1786471238436
6a7b63485c7cd75eb8b344c0,ecommerce,Xiaomi-Redmi-14C-b-medium (3).webp,Xiaomi Redmi 14C b medium,Xiaomi,,,LOW,"folder mapping: ecommerce -> UNCATEGORIZED | note: Generic ecommerce folder - mixed assets, requires review | brand Xiaomi appears in 4 categories (cross-category brand)",https://ik.imagekit.io/0iaahkrcv/ecommerce/All%20Xiaomi%20Smartphones%20-%20Price%20in%20Kenya%20(2)/Xiaomi-Redmi-14C-b-medium%20(3).webp?updatedAt=1786471240909
6a7b634b5c7cd75eb8b35f4c,ecommerce,Xiaomi-Redmi-14C-b-medium (4).webp,Xiaomi Redmi 14C b medium,Xiaomi,,,LOW,"folder mapping: ecommerce -> UNCATEGORIZED | note: Generic ecommerce folder - mixed assets, requires review | brand Xiaomi appears in 4 categories (cross-category brand)",https://ik.imagekit.io/0iaahkrcv/ecommerce/All%20Xiaomi%20Smartphones%20-%20Price%20in%20Kenya%20(2)/Xiaomi-Redmi-14C-b-medium%20(4).webp?updatedAt=1786471243665
6a7b634d5c7cd75eb8b365e0,ecommerce,Xiaomi-Redmi-14C-b-medium (5).webp,Xiaomi Redmi 14C b medium,Xiaomi,,,LOW,"folder mapping: ecommerce -> UNCATEGORIZED | note: Generic ecommerce folder - mixed assets, requires review | brand Xiaomi appears in 4 categories (cross-category brand)",https://ik.imagekit.io/0iaahkrcv/ecommerce/All%20Xiaomi%20Smartphones%20-%20Price%20in%20Kenya%20(2)/Xiaomi-Redmi-14C-b-medium%20(5).webp?updatedAt=1786471245651
6a7b634d5c7cd75eb8b36629,ecommerce,Xiaomi-Redmi-14C-b-medium (6).webp,Xiaomi Redmi 14C b medium,Xiaomi,,,LOW,"folder mapping: ecommerce -> UNCATEGORIZED | note: Generic ecommerce folder - mixed assets, requires review | brand Xiaomi appears in 4 categories (cross-category brand)",https://ik.imagekit.io/0iaahkrcv/ecommerce/All%20Xiaomi%20Smartphones%20-%20Price%20in%20Kenya%20(2)/Xiaomi-Redmi-14C-b-medium%20(6).webp?updatedAt=1786471245715
6a7b634d5c7cd75eb8b365eb,ecommerce,Xiaomi-Redmi-14C-b-medium (7).webp,Xiaomi Redmi 14C b medium,Xiaomi,,,LOW,"folder mapping: ecommerce -> UNCATEGORIZED | note: Generic ecommerce folder - mixed assets, requires review | brand Xiaomi appears in 4 categories (cross-category brand)",https://ik.imagekit.io/0iaahkrcv/ecommerce/All%20Xiaomi%20Smartphones%20-%20Price%20in%20Kenya%20(2)/Xiaomi-Redmi-14C-b-medium%20(7).webp?updatedAt=1786471245675
6a7b634d5c7cd75eb8b36652,ecommerce,Xiaomi-Redmi-14C-b-medium (8).webp,Xiaomi Redmi 14C b medium,Xiaomi,,,LOW,"folder mapping: ecommerce -> UNCATEGORIZED | note: Generic ecommerce folder - mixed assets, requires review | brand Xiaomi appears in 4 categories (cross-category brand)",https://ik.imagekit.io/0iaahkrcv/ecommerce/All%20Xiaomi%20Smartphones%20-%20Price%20in%20Kenya%20(2)/Xiaomi-Redmi-14C-b-medium%20(8).webp?updatedAt=1786471245736
6a7b634d5c7cd75eb8b3662d,ecommerce,Xiaomi-Redmi-14C-b-medium.webp,Xiaomi Redmi 14C b medium,Xiaomi,,,LOW,"folder mapping: ecommerce -> UNCATEGORIZED | note: Generic ecommerce folder - mixed assets, requires review | brand Xiaomi appears in 4 categories (cross-category brand)",https://ik.imagekit.io/0iaahkrcv/ecommerce/All%20Xiaomi%20Smartphones%20-%20Price%20in%20Kenya%20(2)/Xiaomi-Redmi-14C-b-medium.webp?updatedAt=1786471245774
6a7b63535c7cd75eb8b381c9,ecommerce,Xiaomi-Redmi-Note-14-Pro-4G-B-medium (1).webp,Xiaomi Redmi Note 14 Pro 4G B medium,Xiaomi,,,LOW,"folder mapping: ecommerce -> UNCATEGORIZED | note: Generic ecommerce folder - mixed assets, requires review | brand Xiaomi appears in 4 categories (cross-category brand)",https://ik.imagekit.io/0iaahkrcv/ecommerce/All%20Xiaomi%20Smartphones%20-%20Price%20in%20Kenya%20(2)/Xiaomi-Redmi-Note-14-Pro-4G-B-medium%20(1).webp?updatedAt=1786471252470
6a7b63535c7cd75eb8b382a9,ecommerce,Xiaomi-Redmi-Note-14-Pro-4G-B-medium (2).webp,Xiaomi Redmi Note 14 Pro 4G B medium,Xiaomi,,,LOW,"folder mapping: ecommerce -> UNCATEGORIZED | note: Generic ecommerce folder - mixed assets, requires review | brand Xiaomi appears in 4 categories (cross-category brand)",https://ik.imagekit.io/0iaahkrcv/ecommerce/All%20Xiaomi%20Smartphones%20-%20Price%20in%20Kenya%20(2)/Xiaomi-Redmi-Note-14-Pro-4G-B-medium%20(2).webp?updatedAt=1786471252594
6a7b635c5c7cd75eb8b3c8be,ecommerce,Xiaomi-Redmi-Note-14-Pro-4G-B-medium.webp,Xiaomi Redmi Note 14 Pro 4G B medium,Xiaomi,,,LOW,"folder mapping: ecommerce -> UNCATEGORIZED | note: Generic ecommerce folder - mixed assets, requires review | brand Xiaomi appears in 4 categories (cross-category brand)",https://ik.imagekit.io/0iaahkrcv/ecommerce/All%20Xiaomi%20Smartphones%20-%20Price%20in%20Kenya%20(2)/Xiaomi-Redmi-Note-14-Pro-4G-B-medium.webp?updatedAt=1786471856342
6a7b635c5c7cd75eb8b3c8ec,ecommerce,Xiaomi-Redmi-Note-14-Pro-5G-b-medium (1).webp,Xiaomi Redmi Note 14 Pro 5G b medium,Xiaomi,,,LOW,"folder mapping: ecommerce -> UNCATEGORIZED | note: Generic ecommerce folder - mixed assets, requires review | brand Xiaomi appears in 4 categories (cross-category brand)",https://ik.imagekit.io/0iaahkrcv/ecommerce/All%20Xiaomi%20Smartphones%20-%20Price%20in%20Kenya%20(2)/Xiaomi-Redmi-Note-14-Pro-5G-b-medium%20(1).webp?updatedAt=1786471856307
6a7b635c5c7cd75eb8b3c8ca,ecommerce,Xiaomi-Redmi-Note-14-Pro-5G-b-medium (2).webp,Xiaomi Redmi Note 14 Pro 5G b medium,Xiaomi,,,LOW,"folder mapping: ecommerce -> UNCATEGORIZED | note: Generic ecommerce folder - mixed assets, requires review | brand Xiaomi appears in 4 categories (cross-category brand)",https://ik.imagekit.io/0iaahkrcv/ecommerce/All%20Xiaomi%20Smartphones%20-%20Price%20in%20Kenya%20(2)/Xiaomi-Redmi-Note-14-Pro-5G-b-medium%20(2).webp?updatedAt=1786471856354
6a7b635c5c7cd75eb8b3ca12,ecommerce,Xiaomi-Redmi-Note-14-Pro-5G-b-medium.webp,Xiaomi Redmi Note 14 Pro 5G b medium,Xiaomi,,,LOW,"folder mapping: ecommerce -> UNCATEGORIZED | note: Generic ecommerce folder - mixed assets, requires review | brand Xiaomi appears in 4 categories (cross-category brand)",https://ik.imagekit.io/0iaahkrcv/ecommerce/All%20Xiaomi%20Smartphones%20-%20Price%20in%20Kenya%20(2)/Xiaomi-Redmi-Note-14-Pro-5G-b-medium.webp?updatedAt=1786471854711
6a7b635c5c7cd75eb8b3ca0d,ecommerce,Xiaomi-Redmi-Note-14S-b-medium (1).webp,Xiaomi Redmi Note 14S b medium,Xiaomi,,,LOW,"folder mapping: ecommerce -> UNCATEGORIZED | note: Generic ecommerce folder - mixed assets, requires review | brand Xiaomi appears in 4 categories (cross-category brand)",https://ik.imagekit.io/0iaahkrcv/ecommerce/All%20Xiaomi%20Smartphones%20-%20Price%20in%20Kenya%20(2)/Xiaomi-Redmi-Note-14S-b-medium%20(1).webp?updatedAt=1786471856398
6a7b635c5c7cd75eb8b3c94b,ecommerce,Xiaomi-Redmi-Note-14S-b-medium (2).webp,Xiaomi Redmi Note 14S b medium,Xiaomi,,,LOW,"folder mapping: ecommerce -> UNCATEGORIZED | note: Generic ecommerce folder - mixed assets, requires review | brand Xiaomi appears in 4 categories (cross-category brand)",https://ik.imagekit.io/0iaahkrcv/ecommerce/All%20Xiaomi%20Smartphones%20-%20Price%20in%20Kenya%20(2)/Xiaomi-Redmi-Note-14S-b-medium%20(2).webp?updatedAt=1786471854663
6a7b635c5c7cd75eb8b3c94f,ecommerce,Xiaomi-Redmi-Note-14S-b-medium.webp,Xiaomi Redmi Note 14S b medium,Xiaomi,,,LOW,"folder mapping: ecommerce -> UNCATEGORIZED | note: Generic ecommerce folder - mixed assets, requires review | brand Xiaomi appears in 4 categories (cross-category brand)",https://ik.imagekit.io/0iaahkrcv/ecommerce/All%20Xiaomi%20Smartphones%20-%20Price%20in%20Kenya%20(2)/Xiaomi-Redmi-Note-14S-b-medium.webp?updatedAt=1786471855437
6a7b635c5c7cd75eb8b3c96f,ecommerce,Xiaomi-Redmi-Note-15-5G-medium (1).webp,Xiaomi Redmi Note 15 5G medium,Xiaomi,,,LOW,"folder mapping: ecommerce -> UNCATEGORIZED | note: Generic ecommerce folder - mixed assets, requires review | brand Xiaomi appears in 4 categories (cross-category brand)",https://ik.imagekit.io/0iaahkrcv/ecommerce/All%20Xiaomi%20Smartphones%20-%20Price%20in%20Kenya%20(2)/Xiaomi-Redmi-Note-15-5G-medium%20(1).webp?updatedAt=1786471855459
6a7b635c5c7cd75eb8b3c93c,ecommerce,Xiaomi-Redmi-Note-15-5G-medium (2).webp,Xiaomi Redmi Note 15 5G medium,Xiaomi,,,LOW,"folder mapping: ecommerce -> UNCATEGORIZED | note: Generic ecommerce folder - mixed assets, requires review | brand Xiaomi appears in 4 categories (cross-category brand)",https://ik.imagekit.io/0iaahkrcv/ecommerce/All%20Xiaomi%20Smartphones%20-%20Price%20in%20Kenya%20(2)/Xiaomi-Redmi-Note-15-5G-medium%20(2).webp?updatedAt=1786471856134
6a7b63d65c7cd75eb8b6cecc,ecommerce,Xiaomi-Redmi-Note-15-5G-medium.webp,Xiaomi Redmi Note 15 5G medium,Xiaomi,,,LOW,"folder mapping: ecommerce -> UNCATEGORIZED | note: Generic ecommerce folder - mixed assets, requires review | brand Xiaomi appears in 4 categories (cross-category brand)",https://ik.imagekit.io/0iaahkrcv/ecommerce/All%20Xiaomi%20Smartphones%20-%20Price%20in%20Kenya%20(2)/Xiaomi-Redmi-Note-15-5G-medium.webp?updatedAt=1786471383182
6a7b635c5c7cd75eb8b3ca2c,ecommerce,Xiaomi-Redmi-Note-15-Pro-5G-a-medium (1).webp,Xiaomi Redmi Note 15 Pro 5G a medium,Xiaomi,,,LOW,"folder mapping: ecommerce -> UNCATEGORIZED | note: Generic ecommerce folder - mixed assets, requires review | brand Xiaomi appears in 4 categories (cross-category brand)",https://ik.imagekit.io/0iaahkrcv/ecommerce/All%20Xiaomi%20Smartphones%20-%20Price%20in%20Kenya%20(2)/Xiaomi-Redmi-Note-15-Pro-5G-a-medium%20(1).webp?updatedAt=1786471856424
6a7b63d55c7cd75eb8b6c9de,ecommerce,Xiaomi-Redmi-Note-15-Pro-5G-a-medium (2).webp,Xiaomi Redmi Note 15 Pro 5G a medium,Xiaomi,,,LOW,"folder mapping: ecommerce -> UNCATEGORIZED | note: Generic ecommerce folder - mixed assets, requires review | brand Xiaomi appears in 4 categories (cross-category brand)",https://ik.imagekit.io/0iaahkrcv/ecommerce/All%20Xiaomi%20Smartphones%20-%20Price%20in%20Kenya%20(2)/Xiaomi-Redmi-Note-15-Pro-5G-a-medium%20(2).webp?updatedAt=1786471381971
6a7b63d45c7cd75eb8b6c763,ecommerce,Xiaomi-Redmi-Note-15-Pro-5G-a-medium.webp,Xiaomi Redmi Note 15 Pro 5G a medium,Xiaomi,,,LOW,"folder mapping: ecommerce -> UNCATEGORIZED | note: Generic ecommerce folder - mixed assets, requires review | brand Xiaomi appears in 4 categories (cross-category brand)",https://ik.imagekit.io/0iaahkrcv/ecommerce/All%20Xiaomi%20Smartphones%20-%20Price%20in%20Kenya%20(2)/Xiaomi-Redmi-Note-15-Pro-5G-a-medium.webp?updatedAt=1786471381431
6a7b635c5c7cd75eb8b3cbbc,ecommerce,Xiaomi-Redmi-Turbo-5-a-medium (1).webp,Xiaomi Redmi Turbo 5 a medium,Xiaomi,,,LOW,"folder mapping: ecommerce -> UNCATEGORIZED | note: Generic ecommerce folder - mixed assets, requires review | brand Xiaomi appears in 4 categories (cross-category brand)",https://ik.imagekit.io/0iaahkrcv/ecommerce/All%20Xiaomi%20Smartphones%20-%20Price%20in%20Kenya%20(2)/Xiaomi-Redmi-Turbo-5-a-medium%20(1).webp?updatedAt=1786471856437
6a7b63d65c7cd75eb8b6ceca,ecommerce,Xiaomi-Redmi-Turbo-5-a-medium (2).webp,Xiaomi Redmi Turbo 5 a medium,Xiaomi,,,LOW,"folder mapping: ecommerce -> UNCATEGORIZED | note: Generic ecommerce folder - mixed assets, requires review | brand Xiaomi appears in 4 categories (cross-category brand)",https://ik.imagekit.io/0iaahkrcv/ecommerce/All%20Xiaomi%20Smartphones%20-%20Price%20in%20Kenya%20(2)/Xiaomi-Redmi-Turbo-5-a-medium%20(2).webp?updatedAt=1786471383164
6a7b63d55c7cd75eb8b6cb94,ecommerce,Xiaomi-Redmi-Turbo-5-a-medium.webp,Xiaomi Redmi Turbo 5 a medium,Xiaomi,,,LOW,"folder mapping: ecommerce -> UNCATEGORIZED | note: Generic ecommerce folder - mixed assets, requires review | brand Xiaomi appears in 4 categories (cross-category brand)",https://ik.imagekit.io/0iaahkrcv/ecommerce/All%20Xiaomi%20Smartphones%20-%20Price%20in%20Kenya%20(2)/Xiaomi-Redmi-Turbo-5-a-medium.webp?updatedAt=1786471382458
6a7b63d55c7cd75eb8b6c9b2,ecommerce,Xiaomi-Redmi-Turbo-5-Max-a-medium (1).webp,Xiaomi Redmi Turbo 5 Max a medium,Xiaomi,,,LOW,"folder mapping: ecommerce -> UNCATEGORIZED | note: Generic ecommerce folder - mixed assets, requires review | brand Xiaomi appears in 4 categories (cross-category brand)",https://ik.imagekit.io/0iaahkrcv/ecommerce/All%20Xiaomi%20Smartphones%20-%20Price%20in%20Kenya%20(2)/Xiaomi-Redmi-Turbo-5-Max-a-medium%20(1).webp?updatedAt=1786471381949
6a7b63d65c7cd75eb8b6cec6,ecommerce,Xiaomi-Redmi-Turbo-5-Max-a-medium (2).webp,Xiaomi Redmi Turbo 5 Max a medium,Xiaomi,,,LOW,"folder mapping: ecommerce -> UNCATEGORIZED | note: Generic ecommerce folder - mixed assets, requires review | brand Xiaomi appears in 4 categories (cross-category brand)",https://ik.imagekit.io/0iaahkrcv/ecommerce/All%20Xiaomi%20Smartphones%20-%20Price%20in%20Kenya%20(2)/Xiaomi-Redmi-Turbo-5-Max-a-medium%20(2).webp?updatedAt=1786471383189
6a7b635c5c7cd75eb8b3c9c5,ecommerce,Xiaomi-Redmi-Turbo-5-Max-a-medium.webp,Xiaomi Redmi Turbo 5 Max a medium,Xiaomi,,,LOW,"folder mapping: ecommerce -> UNCATEGORIZED | note: Generic ecommerce folder - mixed assets, requires review | brand Xiaomi appears in 4 categories (cross-category brand)",https://ik.imagekit.io/0iaahkrcv/ecommerce/All%20Xiaomi%20Smartphones%20-%20Price%20in%20Kenya%20(2)/Xiaomi-Redmi-Turbo-5-Max-a-medium.webp?updatedAt=1786471855165
6a7ba8985c7cd75eb81868b9,ecommerce,app-logo-desktop.svg,app logo desktop,,,,LOW,"folder mapping: ecommerce -> UNCATEGORIZED | note: Generic ecommerce folder - mixed assets, requires review",https://ik.imagekit.io/0iaahkrcv/ecommerce/samsung/All%20Samsung%20Smartphones%20-%20Price%20in%20Kenya%20(1)/app-logo-desktop.svg?updatedAt=1786488985381
6a7ba8995c7cd75eb81876fc,ecommerce,chevron-down.8ee3574.svg,chevron down.8ee3574,,,,LOW,"folder mapping: ecommerce -> UNCATEGORIZED | note: Generic ecommerce folder - mixed assets, requires review",https://ik.imagekit.io/0iaahkrcv/ecommerce/samsung/All%20Samsung%20Smartphones%20-%20Price%20in%20Kenya%20(1)/chevron-down.8ee3574.svg?updatedAt=1786488986201
6a7ba8995c7cd75eb81876ee,ecommerce,default (1).svg,default,,,,LOW,"folder mapping: ecommerce -> UNCATEGORIZED | note: Generic ecommerce folder - mixed assets, requires review",https://ik.imagekit.io/0iaahkrcv/ecommerce/samsung/All%20Samsung%20Smartphones%20-%20Price%20in%20Kenya%20(1)/default%20(1).svg?updatedAt=1786488986198
6a7ba8995c7cd75eb81876f1,ecommerce,default (10).svg,default,,,,LOW,"folder mapping: ecommerce -> UNCATEGORIZED | note: Generic ecommerce folder - mixed assets, requires review",https://ik.imagekit.io/0iaahkrcv/ecommerce/samsung/All%20Samsung%20Smartphones%20-%20Price%20in%20Kenya%20(1)/default%20(10).svg?updatedAt=1786488986220
6a7ba8995c7cd75eb81876f7,ecommerce,default (11).svg,default,,,,LOW,"folder mapping: ecommerce -> UNCATEGORIZED | note: Generic ecommerce folder - mixed assets, requires review",https://ik.imagekit.io/0iaahkrcv/ecommerce/samsung/All%20Samsung%20Smartphones%20-%20Price%20in%20Kenya%20(1)/default%20(11).svg?updatedAt=1786488986179
6a7ba8995c7cd75eb8187703,ecommerce,default (12).svg,default,,,,LOW,"folder mapping: ecommerce -> UNCATEGORIZED | note: Generic ecommerce folder - mixed assets, requires review",https://ik.imagekit.io/0iaahkrcv/ecommerce/samsung/All%20Samsung%20Smartphones%20-%20Price%20in%20Kenya%20(1)/default%20(12).svg?updatedAt=1786488986180
6a7ba8995c7cd75eb8187718,ecommerce,default (13).svg,default,,,,LOW,"folder mapping: ecommerce -> UNCATEGORIZED | note: Generic ecommerce folder - mixed assets, requires review",https://ik.imagekit.io/0iaahkrcv/ecommerce/samsung/All%20Samsung%20Smartphones%20-%20Price%20in%20Kenya%20(1)/default%20(13).svg?updatedAt=1786488986182
6a7ba8995c7cd75eb8187731,ecommerce,default (14).svg,default,,,,LOW,"folder mapping: ecommerce -> UNCATEGORIZED | note: Generic ecommerce folder - mixed assets, requires review",https://ik.imagekit.io/0iaahkrcv/ecommerce/samsung/All%20Samsung%20Smartphones%20-%20Price%20in%20Kenya%20(1)/default%20(14).svg?updatedAt=1786488986182
6a7ba8995c7cd75eb818773a,ecommerce,default (15).svg,default,,,,LOW,"folder mapping: ecommerce -> UNCATEGORIZED | note: Generic ecommerce folder - mixed assets, requires review",https://ik.imagekit.io/0iaahkrcv/ecommerce/samsung/All%20Samsung%20Smartphones%20-%20Price%20in%20Kenya%20(1)/default%20(15).svg?updatedAt=1786488986204
6a7ba8995c7cd75eb818771b,ecommerce,default (16).svg,default,,,,LOW,"folder mapping: ecommerce -> UNCATEGORIZED | note: Generic ecommerce folder - mixed assets, requires review",https://ik.imagekit.io/0iaahkrcv/ecommerce/samsung/All%20Samsung%20Smartphones%20-%20Price%20in%20Kenya%20(1)/default%20(16).svg?updatedAt=1786488986178
6a7ba8995c7cd75eb818773b,ecommerce,default (17).svg,default,,,,LOW,"folder mapping: ecommerce -> UNCATEGORIZED | note: Generic ecommerce folder - mixed assets, requires review",https://ik.imagekit.io/0iaahkrcv/ecommerce/samsung/All%20Samsung%20Smartphones%20-%20Price%20in%20Kenya%20(1)/default%20(17).svg?updatedAt=1786488986221
6a7ba89a5c7cd75eb8188434,ecommerce,default (2).svg,default,,,,LOW,"folder mapping: ecommerce -> UNCATEGORIZED | note: Generic ecommerce folder - mixed assets, requires review",https://ik.imagekit.io/0iaahkrcv/ecommerce/samsung/All%20Samsung%20Smartphones%20-%20Price%20in%20Kenya%20(1)/default%20(2).svg?updatedAt=1786488987062
6a7ba89a5c7cd75eb81885e6,ecommerce,default (3).svg,default,,,,LOW,"folder mapping: ecommerce -> UNCATEGORIZED | note: Generic ecommerce folder - mixed assets, requires review",https://ik.imagekit.io/0iaahkrcv/ecommerce/samsung/All%20Samsung%20Smartphones%20-%20Price%20in%20Kenya%20(1)/default%20(3).svg?updatedAt=1786488987090
6a7ba89a5c7cd75eb81883f3,ecommerce,default (4).svg,default,,,,LOW,"folder mapping: ecommerce -> UNCATEGORIZED | note: Generic ecommerce folder - mixed assets, requires review",https://ik.imagekit.io/0iaahkrcv/ecommerce/samsung/All%20Samsung%20Smartphones%20-%20Price%20in%20Kenya%20(1)/default%20(4).svg?updatedAt=1786488986927
6a7ba89a5c7cd75eb81885f0,ecommerce,default (5).svg,default,,,,LOW,"folder mapping: ecommerce -> UNCATEGORIZED | note: Generic ecommerce folder - mixed assets, requires review",https://ik.imagekit.io/0iaahkrcv/ecommerce/samsung/All%20Samsung%20Smartphones%20-%20Price%20in%20Kenya%20(1)/default%20(5).svg?updatedAt=1786488987087
6a7ba89a5c7cd75eb81883fa,ecommerce,default (6).svg,default,,,,LOW,"folder mapping: ecommerce -> UNCATEGORIZED | note: Generic ecommerce folder - mixed assets, requires review",https://ik.imagekit.io/0iaahkrcv/ecommerce/samsung/All%20Samsung%20Smartphones%20-%20Price%20in%20Kenya%20(1)/default%20(6).svg?updatedAt=1786488987060
6a7ba89a5c7cd75eb81883f7,ecommerce,default (7).svg,default,,,,LOW,"folder mapping: ecommerce -> UNCATEGORIZED | note: Generic ecommerce folder - mixed assets, requires review",https://ik.imagekit.io/0iaahkrcv/ecommerce/samsung/All%20Samsung%20Smartphones%20-%20Price%20in%20Kenya%20(1)/default%20(7).svg?updatedAt=1786488986994
6a7ba89a5c7cd75eb8188414,ecommerce,default (8).svg,default,,,,LOW,"folder mapping: ecommerce -> UNCATEGORIZED | note: Generic ecommerce folder - mixed assets, requires review",https://ik.imagekit.io/0iaahkrcv/ecommerce/samsung/All%20Samsung%20Smartphones%20-%20Price%20in%20Kenya%20(1)/default%20(8).svg?updatedAt=1786488986978
6a7ba89a5c7cd75eb818842d,ecommerce,default (9).svg,default,,,,LOW,"folder mapping: ecommerce -> UNCATEGORIZED | note: Generic ecommerce folder - mixed assets, requires review",https://ik.imagekit.io/0iaahkrcv/ecommerce/samsung/All%20Samsung%20Smartphones%20-%20Price%20in%20Kenya%20(1)/default%20(9).svg?updatedAt=1786488987065
6a7ba89a5c7cd75eb81884e3,ecommerce,default.svg,default,,,,LOW,"folder mapping: ecommerce -> UNCATEGORIZED | note: Generic ecommerce folder - mixed assets, requires review",https://ik.imagekit.io/0iaahkrcv/ecommerce/samsung/All%20Samsung%20Smartphones%20-%20Price%20in%20Kenya%20(1)/default.svg?updatedAt=1786488986979
6a7ba89a5c7cd75eb81886e5,ecommerce,galaxys23ultrab-medium (1).webp,galaxys23ultrab medium,Samsung,,,LOW,"folder mapping: ecommerce -> UNCATEGORIZED | note: Generic ecommerce folder - mixed assets, requires review | brand Samsung appears in 10 categories (cross-category brand)",https://ik.imagekit.io/0iaahkrcv/ecommerce/samsung/All%20Samsung%20Smartphones%20-%20Price%20in%20Kenya%20(1)/galaxys23ultrab-medium%20(1).webp?updatedAt=1786488987070
6a7ba89a5c7cd75eb81886df,ecommerce,galaxys23ultrab-medium (2).webp,galaxys23ultrab medium,Samsung,,,LOW,"folder mapping: ecommerce -> UNCATEGORIZED | note: Generic ecommerce folder - mixed assets, requires review | brand Samsung appears in 10 categories (cross-category brand)",https://ik.imagekit.io/0iaahkrcv/ecommerce/samsung/All%20Samsung%20Smartphones%20-%20Price%20in%20Kenya%20(1)/galaxys23ultrab-medium%20(2).webp?updatedAt=1786488987080
6a7ba89a5c7cd75eb81886f9,ecommerce,galaxys23ultrab-medium.webp,galaxys23ultrab medium,Samsung,,,LOW,"folder mapping: ecommerce -> UNCATEGORIZED | note: Generic ecommerce folder - mixed assets, requires review | brand Samsung appears in 10 categories (cross-category brand)",https://ik.imagekit.io/0iaahkrcv/ecommerce/samsung/All%20Samsung%20Smartphones%20-%20Price%20in%20Kenya%20(1)/galaxys23ultrab-medium.webp?updatedAt=1786488987162
6a7ba89a5c7cd75eb818872b,ecommerce,galaxyzflip4q-medium (1).webp,galaxyzflip4q medium,Samsung,,,LOW,"folder mapping: ecommerce -> UNCATEGORIZED | note: Generic ecommerce folder - mixed assets, requires review | brand Samsung appears in 10 categories (cross-category brand)",https://ik.imagekit.io/0iaahkrcv/ecommerce/samsung/All%20Samsung%20Smartphones%20-%20Price%20in%20Kenya%20(1)/galaxyzflip4q-medium%20(1).webp?updatedAt=1786488987094
6a7ba89a5c7cd75eb8188727,ecommerce,galaxyzflip4q-medium (2).webp,galaxyzflip4q medium,Samsung,,,LOW,"folder mapping: ecommerce -> UNCATEGORIZED | note: Generic ecommerce folder - mixed assets, requires review | brand Samsung appears in 10 categories (cross-category brand)",https://ik.imagekit.io/0iaahkrcv/ecommerce/samsung/All%20Samsung%20Smartphones%20-%20Price%20in%20Kenya%20(1)/galaxyzflip4q-medium%20(2).webp?updatedAt=1786488987169
6a7ba89a5c7cd75eb81886f5,ecommerce,galaxyzflip4q-medium (3).webp,galaxyzflip4q medium,Samsung,,,LOW,"folder mapping: ecommerce -> UNCATEGORIZED | note: Generic ecommerce folder - mixed assets, requires review | brand Samsung appears in 10 categories (cross-category brand)",https://ik.imagekit.io/0iaahkrcv/ecommerce/samsung/All%20Samsung%20Smartphones%20-%20Price%20in%20Kenya%20(1)/galaxyzflip4q-medium%20(3).webp?updatedAt=1786488987115
6a7ba89a5c7cd75eb8188744,ecommerce,galaxyzflip4q-medium (4).webp,galaxyzflip4q medium,Samsung,,,LOW,"folder mapping: ecommerce -> UNCATEGORIZED | note: Generic ecommerce folder - mixed assets, requires review | brand Samsung appears in 10 categories (cross-category brand)",https://ik.imagekit.io/0iaahkrcv/ecommerce/samsung/All%20Samsung%20Smartphones%20-%20Price%20in%20Kenya%20(1)/galaxyzflip4q-medium%20(4).webp?updatedAt=1786488987154
6a7ba89a5c7cd75eb8188898,ecommerce,galaxyzflip4q-medium (5).webp,galaxyzflip4q medium,Samsung,,,LOW,"folder mapping: ecommerce -> UNCATEGORIZED | note: Generic ecommerce folder - mixed assets, requires review | brand Samsung appears in 10 categories (cross-category brand)",https://ik.imagekit.io/0iaahkrcv/ecommerce/samsung/All%20Samsung%20Smartphones%20-%20Price%20in%20Kenya%20(1)/galaxyzflip4q-medium%20(5).webp?updatedAt=1786488987195
6a7ba89a5c7cd75eb8188864,ecommerce,galaxyzflip4q-medium.webp,galaxyzflip4q medium,Samsung,,,LOW,"folder mapping: ecommerce -> UNCATEGORIZED | note: Generic ecommerce folder - mixed assets, requires review | brand Samsung appears in 10 categories (cross-category brand)",https://ik.imagekit.io/0iaahkrcv/ecommerce/samsung/All%20Samsung%20Smartphones%20-%20Price%20in%20Kenya%20(1)/galaxyzflip4q-medium.webp?updatedAt=1786488987242
6a7ba89a5c7cd75eb8188921,ecommerce,loader.631b9ed.svg,loader.631b9ed,,,,LOW,"folder mapping: ecommerce -> UNCATEGORIZED | note: Generic ecommerce folder - mixed assets, requires review",https://ik.imagekit.io/0iaahkrcv/ecommerce/samsung/All%20Samsung%20Smartphones%20-%20Price%20in%20Kenya%20(1)/loader.631b9ed.svg?updatedAt=1786488987194
6a7ba89a5c7cd75eb8188896,ecommerce,Samsung-F36-medium (1).webp,Samsung F36 medium,Samsung,,,LOW,"folder mapping: ecommerce -> UNCATEGORIZED | note: Generic ecommerce folder - mixed assets, requires review | brand Samsung appears in 10 categories (cross-category brand)",https://ik.imagekit.io/0iaahkrcv/ecommerce/samsung/All%20Samsung%20Smartphones%20-%20Price%20in%20Kenya%20(1)/Samsung-F36-medium%20(1).webp?updatedAt=1786488987206
6a7ba89a5c7cd75eb81888ab,ecommerce,Samsung-F36-medium (2).webp,Samsung F36 medium,Samsung,,,LOW,"folder mapping: ecommerce -> UNCATEGORIZED | note: Generic ecommerce folder - mixed assets, requires review | brand Samsung appears in 10 categories (cross-category brand)",https://ik.imagekit.io/0iaahkrcv/ecommerce/samsung/All%20Samsung%20Smartphones%20-%20Price%20in%20Kenya%20(1)/Samsung-F36-medium%20(2).webp?updatedAt=1786488987223
6a7ba89a5c7cd75eb81888a9,ecommerce,Samsung-F36-medium.webp,Samsung F36 medium,Samsung,,,LOW,"folder mapping: ecommerce -> UNCATEGORIZED | note: Generic ecommerce folder - mixed assets, requires review | brand Samsung appears in 10 categories (cross-category brand)",https://ik.imagekit.io/0iaahkrcv/ecommerce/samsung/All%20Samsung%20Smartphones%20-%20Price%20in%20Kenya%20(1)/Samsung-F36-medium.webp?updatedAt=1786488987251
6a7ba8c85c7cd75eb81b14e5,ecommerce,search.7d254c6.svg,search.7d254c6,,,,LOW,"folder mapping: ecommerce -> UNCATEGORIZED | note: Generic ecommerce folder - mixed assets, requires review",https://ik.imagekit.io/0iaahkrcv/ecommerce/samsung/All%20Samsung%20Smartphones%20-%20Price%20in%20Kenya%20(1)/search.7d254c6.svg?updatedAt=1786489032740
6a7ba8c85c7cd75eb81b14f9,ecommerce,whatsapp.svg,whatsapp,,,,LOW,"folder mapping: ecommerce -> UNCATEGORIZED | note: Generic ecommerce folder - mixed assets, requires review",https://ik.imagekit.io/0iaahkrcv/ecommerce/samsung/All%20Samsung%20Smartphones%20-%20Price%20in%20Kenya%20(1)/whatsapp.svg?updatedAt=1786489032801
6a7ba8435c7cd75eb8138da3,ecommerce,app-logo-desktop.svg,app logo desktop,,,,LOW,"folder mapping: ecommerce -> UNCATEGORIZED | note: Generic ecommerce folder - mixed assets, requires review",https://ik.imagekit.io/0iaahkrcv/ecommerce/samsung/All%20Samsung%20Smartphones%20-%20Price%20in%20Kenya%20(2)/app-logo-desktop.svg?updatedAt=1786488900307
6a7ba8425c7cd75eb8137e6d,ecommerce,chevron-down.8ee3574.svg,chevron down.8ee3574,,,,LOW,"folder mapping: ecommerce -> UNCATEGORIZED | note: Generic ecommerce folder - mixed assets, requires review",https://ik.imagekit.io/0iaahkrcv/ecommerce/samsung/All%20Samsung%20Smartphones%20-%20Price%20in%20Kenya%20(2)/chevron-down.8ee3574.svg?updatedAt=1786488899347
6a7ba8425c7cd75eb8137d91,ecommerce,default (1).svg,default,,,,LOW,"folder mapping: ecommerce -> UNCATEGORIZED | note: Generic ecommerce folder - mixed assets, requires review",https://ik.imagekit.io/0iaahkrcv/ecommerce/samsung/All%20Samsung%20Smartphones%20-%20Price%20in%20Kenya%20(2)/default%20(1).svg?updatedAt=1786488899333
6a7ba8435c7cd75eb8138d43,ecommerce,default (10).svg,default,,,,LOW,"folder mapping: ecommerce -> UNCATEGORIZED | note: Generic ecommerce folder - mixed assets, requires review",https://ik.imagekit.io/0iaahkrcv/ecommerce/samsung/All%20Samsung%20Smartphones%20-%20Price%20in%20Kenya%20(2)/default%20(10).svg?updatedAt=1786488900293
6a7ba8465c7cd75eb813b64a,ecommerce,default (11).svg,default,,,,LOW,"folder mapping: ecommerce -> UNCATEGORIZED | note: Generic ecommerce folder - mixed assets, requires review",https://ik.imagekit.io/0iaahkrcv/ecommerce/samsung/All%20Samsung%20Smartphones%20-%20Price%20in%20Kenya%20(2)/default%20(11).svg?updatedAt=1786488903025
6a7ba8495c7cd75eb813e5c4,ecommerce,default (12).svg,default,,,,LOW,"folder mapping: ecommerce -> UNCATEGORIZED | note: Generic ecommerce folder - mixed assets, requires review",https://ik.imagekit.io/0iaahkrcv/ecommerce/samsung/All%20Samsung%20Smartphones%20-%20Price%20in%20Kenya%20(2)/default%20(12).svg?updatedAt=1786488906028
6a7ba8495c7cd75eb813e5b5,ecommerce,default (13).svg,default,,,,LOW,"folder mapping: ecommerce -> UNCATEGORIZED | note: Generic ecommerce folder - mixed assets, requires review",https://ik.imagekit.io/0iaahkrcv/ecommerce/samsung/All%20Samsung%20Smartphones%20-%20Price%20in%20Kenya%20(2)/default%20(13).svg?updatedAt=1786488906035
6a7ba8495c7cd75eb813e5db,ecommerce,default (14).svg,default,,,,LOW,"folder mapping: ecommerce -> UNCATEGORIZED | note: Generic ecommerce folder - mixed assets, requires review",https://ik.imagekit.io/0iaahkrcv/ecommerce/samsung/All%20Samsung%20Smartphones%20-%20Price%20in%20Kenya%20(2)/default%20(14).svg?updatedAt=1786488906041
6a7ba8655c7cd75eb8156847,ecommerce,default (15).svg,default,,,,LOW,"folder mapping: ecommerce -> UNCATEGORIZED | note: Generic ecommerce folder - mixed assets, requires review",https://ik.imagekit.io/0iaahkrcv/ecommerce/samsung/All%20Samsung%20Smartphones%20-%20Price%20in%20Kenya%20(2)/default%20(15).svg?updatedAt=1786488933735
6a7ba8655c7cd75eb815686f,ecommerce,default (16).svg,default,,,,LOW,"folder mapping: ecommerce -> UNCATEGORIZED | note: Generic ecommerce folder - mixed assets, requires review",https://ik.imagekit.io/0iaahkrcv/ecommerce/samsung/All%20Samsung%20Smartphones%20-%20Price%20in%20Kenya%20(2)/default%20(16).svg?updatedAt=1786488933780
6a7ba8655c7cd75eb8156876,ecommerce,default (17).svg,default,,,,LOW,"folder mapping: ecommerce -> UNCATEGORIZED | note: Generic ecommerce folder - mixed assets, requires review",https://ik.imagekit.io/0iaahkrcv/ecommerce/samsung/All%20Samsung%20Smartphones%20-%20Price%20in%20Kenya%20(2)/default%20(17).svg?updatedAt=1786488933782
6a7ba8655c7cd75eb8156873,ecommerce,default (2).svg,default,,,,LOW,"folder mapping: ecommerce -> UNCATEGORIZED | note: Generic ecommerce folder - mixed assets, requires review",https://ik.imagekit.io/0iaahkrcv/ecommerce/samsung/All%20Samsung%20Smartphones%20-%20Price%20in%20Kenya%20(2)/default%20(2).svg?updatedAt=1786488933787
6a7ba8665c7cd75eb8157de7,ecommerce,default (3).svg,default,,,,LOW,"folder mapping: ecommerce -> UNCATEGORIZED | note: Generic ecommerce folder - mixed assets, requires review",https://ik.imagekit.io/0iaahkrcv/ecommerce/samsung/All%20Samsung%20Smartphones%20-%20Price%20in%20Kenya%20(2)/default%20(3).svg?updatedAt=1786488934879
6a7ba8675c7cd75eb815993b,ecommerce,default (4).svg,default,,,,LOW,"folder mapping: ecommerce -> UNCATEGORIZED | note: Generic ecommerce folder - mixed assets, requires review",https://ik.imagekit.io/0iaahkrcv/ecommerce/samsung/All%20Samsung%20Smartphones%20-%20Price%20in%20Kenya%20(2)/default%20(4).svg?updatedAt=1786488936515
6a7ba8685c7cd75eb8159d5e,ecommerce,default (5).svg,default,,,,LOW,"folder mapping: ecommerce -> UNCATEGORIZED | note: Generic ecommerce folder - mixed assets, requires review",https://ik.imagekit.io/0iaahkrcv/ecommerce/samsung/All%20Samsung%20Smartphones%20-%20Price%20in%20Kenya%20(2)/default%20(5).svg?updatedAt=1786488936910
6a7ba8695c7cd75eb815afc4,ecommerce,default (6).svg,default,,,,LOW,"folder mapping: ecommerce -> UNCATEGORIZED | note: Generic ecommerce folder - mixed assets, requires review",https://ik.imagekit.io/0iaahkrcv/ecommerce/samsung/All%20Samsung%20Smartphones%20-%20Price%20in%20Kenya%20(2)/default%20(6).svg?updatedAt=1786488938090
6a7ba8695c7cd75eb815afc9,ecommerce,default (7).svg,default,,,,LOW,"folder mapping: ecommerce -> UNCATEGORIZED | note: Generic ecommerce folder - mixed assets, requires review",https://ik.imagekit.io/0iaahkrcv/ecommerce/samsung/All%20Samsung%20Smartphones%20-%20Price%20in%20Kenya%20(2)/default%20(7).svg?updatedAt=1786488938101
6a7ba8695c7cd75eb815b0f5,ecommerce,default (8).svg,default,,,,LOW,"folder mapping: ecommerce -> UNCATEGORIZED | note: Generic ecommerce folder - mixed assets, requires review",https://ik.imagekit.io/0iaahkrcv/ecommerce/samsung/All%20Samsung%20Smartphones%20-%20Price%20in%20Kenya%20(2)/default%20(8).svg?updatedAt=1786488938144
6a7ba8695c7cd75eb815b155,ecommerce,default (9).svg,default,,,,LOW,"folder mapping: ecommerce -> UNCATEGORIZED | note: Generic ecommerce folder - mixed assets, requires review",https://ik.imagekit.io/0iaahkrcv/ecommerce/samsung/All%20Samsung%20Smartphones%20-%20Price%20in%20Kenya%20(2)/default%20(9).svg?updatedAt=1786488938177
6a7ba8695c7cd75eb815b10b,ecommerce,default.svg,default,,,,LOW,"folder mapping: ecommerce -> UNCATEGORIZED | note: Generic ecommerce folder - mixed assets, requires review",https://ik.imagekit.io/0iaahkrcv/ecommerce/samsung/All%20Samsung%20Smartphones%20-%20Price%20in%20Kenya%20(2)/default.svg?updatedAt=1786488938151
6a7ba86c5c7cd75eb815debe,ecommerce,galaxys23ultrab-medium (1).webp,galaxys23ultrab medium,Samsung,,,LOW,"folder mapping: ecommerce -> UNCATEGORIZED | note: Generic ecommerce folder - mixed assets, requires review | brand Samsung appears in 10 categories (cross-category brand)",https://ik.imagekit.io/0iaahkrcv/ecommerce/samsung/All%20Samsung%20Smartphones%20-%20Price%20in%20Kenya%20(2)/galaxys23ultrab-medium%20(1).webp?updatedAt=1786488940797
6a7ba86c5c7cd75eb815dedd,ecommerce,galaxys23ultrab-medium (2).webp,galaxys23ultrab medium,Samsung,,,LOW,"folder mapping: ecommerce -> UNCATEGORIZED | note: Generic ecommerce folder - mixed assets, requires review | brand Samsung appears in 10 categories (cross-category brand)",https://ik.imagekit.io/0iaahkrcv/ecommerce/samsung/All%20Samsung%20Smartphones%20-%20Price%20in%20Kenya%20(2)/galaxys23ultrab-medium%20(2).webp?updatedAt=1786488940818
6a7ba86c5c7cd75eb815df14,ecommerce,galaxys23ultrab-medium.webp,galaxys23ultrab medium,Samsung,,,LOW,"folder mapping: ecommerce -> UNCATEGORIZED | note: Generic ecommerce folder - mixed assets, requires review | brand Samsung appears in 10 categories (cross-category brand)",https://ik.imagekit.io/0iaahkrcv/ecommerce/samsung/All%20Samsung%20Smartphones%20-%20Price%20in%20Kenya%20(2)/galaxys23ultrab-medium.webp?updatedAt=1786488940824
6a7ba86c5c7cd75eb815def9,ecommerce,galaxyzflip4q-medium (1).webp,galaxyzflip4q medium,Samsung,,,LOW,"folder mapping: ecommerce -> UNCATEGORIZED | note: Generic ecommerce folder - mixed assets, requires review | brand Samsung appears in 10 categories (cross-category brand)",https://ik.imagekit.io/0iaahkrcv/ecommerce/samsung/All%20Samsung%20Smartphones%20-%20Price%20in%20Kenya%20(2)/galaxyzflip4q-medium%20(1).webp?updatedAt=1786488940788
6a7ba86c5c7cd75eb815defb,ecommerce,galaxyzflip4q-medium (2).webp,galaxyzflip4q medium,Samsung,,,LOW,"folder mapping: ecommerce -> UNCATEGORIZED | note: Generic ecommerce folder - mixed assets, requires review | brand Samsung appears in 10 categories (cross-category brand)",https://ik.imagekit.io/0iaahkrcv/ecommerce/samsung/All%20Samsung%20Smartphones%20-%20Price%20in%20Kenya%20(2)/galaxyzflip4q-medium%20(2).webp?updatedAt=1786488940812
6a7ba86c5c7cd75eb815df1a,ecommerce,galaxyzflip4q-medium (3).webp,galaxyzflip4q medium,Samsung,,,LOW,"folder mapping: ecommerce -> UNCATEGORIZED | note: Generic ecommerce folder - mixed assets, requires review | brand Samsung appears in 10 categories (cross-category brand)",https://ik.imagekit.io/0iaahkrcv/ecommerce/samsung/All%20Samsung%20Smartphones%20-%20Price%20in%20Kenya%20(2)/galaxyzflip4q-medium%20(3).webp?updatedAt=1786488940802
6a7ba86c5c7cd75eb815df2c,ecommerce,galaxyzflip4q-medium (4).webp,galaxyzflip4q medium,Samsung,,,LOW,"folder mapping: ecommerce -> UNCATEGORIZED | note: Generic ecommerce folder - mixed assets, requires review | brand Samsung appears in 10 categories (cross-category brand)",https://ik.imagekit.io/0iaahkrcv/ecommerce/samsung/All%20Samsung%20Smartphones%20-%20Price%20in%20Kenya%20(2)/galaxyzflip4q-medium%20(4).webp?updatedAt=1786488940852
6a7ba86c5c7cd75eb815df21,ecommerce,galaxyzflip4q-medium (5).webp,galaxyzflip4q medium,Samsung,,,LOW,"folder mapping: ecommerce -> UNCATEGORIZED | note: Generic ecommerce folder - mixed assets, requires review | brand Samsung appears in 10 categories (cross-category brand)",https://ik.imagekit.io/0iaahkrcv/ecommerce/samsung/All%20Samsung%20Smartphones%20-%20Price%20in%20Kenya%20(2)/galaxyzflip4q-medium%20(5).webp?updatedAt=1786488940833
6a7ba86c5c7cd75eb815e014,ecommerce,galaxyzflip4q-medium.webp,galaxyzflip4q medium,Samsung,,,LOW,"folder mapping: ecommerce -> UNCATEGORIZED | note: Generic ecommerce folder - mixed assets, requires review | brand Samsung appears in 10 categories (cross-category brand)",https://ik.imagekit.io/0iaahkrcv/ecommerce/samsung/All%20Samsung%20Smartphones%20-%20Price%20in%20Kenya%20(2)/galaxyzflip4q-medium.webp?updatedAt=1786488940906
6a7ba86c5c7cd75eb815df13,ecommerce,loader.631b9ed.svg,loader.631b9ed,,,,LOW,"folder mapping: ecommerce -> UNCATEGORIZED | note: Generic ecommerce folder - mixed assets, requires review",https://ik.imagekit.io/0iaahkrcv/ecommerce/samsung/All%20Samsung%20Smartphones%20-%20Price%20in%20Kenya%20(2)/loader.631b9ed.svg?updatedAt=1786488940814
6a7ba86c5c7cd75eb815dfd8,ecommerce,Samsung-F36-medium (1).webp,Samsung F36 medium,Samsung,,,LOW,"folder mapping: ecommerce -> UNCATEGORIZED | note: Generic ecommerce folder - mixed assets, requires review | brand Samsung appears in 10 categories (cross-category brand)",https://ik.imagekit.io/0iaahkrcv/ecommerce/samsung/All%20Samsung%20Smartphones%20-%20Price%20in%20Kenya%20(2)/Samsung-F36-medium%20(1).webp?updatedAt=1786488940905
6a7ba86c5c7cd75eb815df3d,ecommerce,Samsung-F36-medium (2).webp,Samsung F36 medium,Samsung,,,LOW,"folder mapping: ecommerce -> UNCATEGORIZED | note: Generic ecommerce folder - mixed assets, requires review | brand Samsung appears in 10 categories (cross-category brand)",https://ik.imagekit.io/0iaahkrcv/ecommerce/samsung/All%20Samsung%20Smartphones%20-%20Price%20in%20Kenya%20(2)/Samsung-F36-medium%20(2).webp?updatedAt=1786488940821
6a7ba86c5c7cd75eb815df38,ecommerce,Samsung-F36-medium.webp,Samsung F36 medium,Samsung,,,LOW,"folder mapping: ecommerce -> UNCATEGORIZED | note: Generic ecommerce folder - mixed assets, requires review | brand Samsung appears in 10 categories (cross-category brand)",https://ik.imagekit.io/0iaahkrcv/ecommerce/samsung/All%20Samsung%20Smartphones%20-%20Price%20in%20Kenya%20(2)/Samsung-F36-medium.webp?updatedAt=1786488940806
6a7ba8985c7cd75eb8185f8e,ecommerce,search.7d254c6.svg,search.7d254c6,,,,LOW,"folder mapping: ecommerce -> UNCATEGORIZED | note: Generic ecommerce folder - mixed assets, requires review",https://ik.imagekit.io/0iaahkrcv/ecommerce/samsung/All%20Samsung%20Smartphones%20-%20Price%20in%20Kenya%20(2)/search.7d254c6.svg?updatedAt=1786488985085
6a7ba8985c7cd75eb8185fe4,ecommerce,whatsapp.svg,whatsapp,,,,LOW,"folder mapping: ecommerce -> UNCATEGORIZED | note: Generic ecommerce folder - mixed assets, requires review",https://ik.imagekit.io/0iaahkrcv/ecommerce/samsung/All%20Samsung%20Smartphones%20-%20Price%20in%20Kenya%20(2)/whatsapp.svg?updatedAt=1786488985090
6a7ba80c5c7cd75eb8108864,ecommerce,app-logo-desktop.svg,app logo desktop,,,,LOW,"folder mapping: ecommerce -> UNCATEGORIZED | note: Generic ecommerce folder - mixed assets, requires review",https://ik.imagekit.io/0iaahkrcv/ecommerce/samsung/All%20Samsung%20Smartphones%20-%20Price%20in%20Kenya%20(3)/app-logo-desktop.svg?updatedAt=1786488845406
6a7ba80c5c7cd75eb810886f,ecommerce,chevron-down.8ee3574.svg,chevron down.8ee3574,,,,LOW,"folder mapping: ecommerce -> UNCATEGORIZED | note: Generic ecommerce folder - mixed assets, requires review",https://ik.imagekit.io/0iaahkrcv/ecommerce/samsung/All%20Samsung%20Smartphones%20-%20Price%20in%20Kenya%20(3)/chevron-down.8ee3574.svg?updatedAt=1786488845410
6a7ba80c5c7cd75eb8108886,ecommerce,default (1).svg,default,,,,LOW,"folder mapping: ecommerce -> UNCATEGORIZED | note: Generic ecommerce folder - mixed assets, requires review",https://ik.imagekit.io/0iaahkrcv/ecommerce/samsung/All%20Samsung%20Smartphones%20-%20Price%20in%20Kenya%20(3)/default%20(1).svg?updatedAt=1786488845429
6a7ba80c5c7cd75eb810885a,ecommerce,default (10).svg,default,,,,LOW,"folder mapping: ecommerce -> UNCATEGORIZED | note: Generic ecommerce folder - mixed assets, requires review",https://ik.imagekit.io/0iaahkrcv/ecommerce/samsung/All%20Samsung%20Smartphones%20-%20Price%20in%20Kenya%20(3)/default%20(10).svg?updatedAt=1786488845436
6a7ba80c5c7cd75eb810886b,ecommerce,default (11).svg,default,,,,LOW,"folder mapping: ecommerce -> UNCATEGORIZED | note: Generic ecommerce folder - mixed assets, requires review",https://ik.imagekit.io/0iaahkrcv/ecommerce/samsung/All%20Samsung%20Smartphones%20-%20Price%20in%20Kenya%20(3)/default%20(11).svg?updatedAt=1786488845423
6a7ba80c5c7cd75eb810889e,ecommerce,default (12).svg,default,,,,LOW,"folder mapping: ecommerce -> UNCATEGORIZED | note: Generic ecommerce folder - mixed assets, requires review",https://ik.imagekit.io/0iaahkrcv/ecommerce/samsung/All%20Samsung%20Smartphones%20-%20Price%20in%20Kenya%20(3)/default%20(12).svg?updatedAt=1786488846004
6a7ba80c5c7cd75eb81088ae,ecommerce,default (13).svg,default,,,,LOW,"folder mapping: ecommerce -> UNCATEGORIZED | note: Generic ecommerce folder - mixed assets, requires review",https://ik.imagekit.io/0iaahkrcv/ecommerce/samsung/All%20Samsung%20Smartphones%20-%20Price%20in%20Kenya%20(3)/default%20(13).svg?updatedAt=1786488845470
6a7ba80c5c7cd75eb8108a4e,ecommerce,default (14).svg,default,,,,LOW,"folder mapping: ecommerce -> UNCATEGORIZED | note: Generic ecommerce folder - mixed assets, requires review",https://ik.imagekit.io/0iaahkrcv/ecommerce/samsung/All%20Samsung%20Smartphones%20-%20Price%20in%20Kenya%20(3)/default%20(14).svg?updatedAt=1786488845505
6a7ba80c5c7cd75eb81088cc,ecommerce,default (15).svg,default,,,,LOW,"folder mapping: ecommerce -> UNCATEGORIZED | note: Generic ecommerce folder - mixed assets, requires review",https://ik.imagekit.io/0iaahkrcv/ecommerce/samsung/All%20Samsung%20Smartphones%20-%20Price%20in%20Kenya%20(3)/default%20(15).svg?updatedAt=1786488845427
6a7ba80c5c7cd75eb81088b9,ecommerce,default (16).svg,default,,,,LOW,"folder mapping: ecommerce -> UNCATEGORIZED | note: Generic ecommerce folder - mixed assets, requires review",https://ik.imagekit.io/0iaahkrcv/ecommerce/samsung/All%20Samsung%20Smartphones%20-%20Price%20in%20Kenya%20(3)/default%20(16).svg?updatedAt=1786488845410
6a7ba80c5c7cd75eb81088aa,ecommerce,default (17).svg,default,,,,LOW,"folder mapping: ecommerce -> UNCATEGORIZED | note: Generic ecommerce folder - mixed assets, requires review",https://ik.imagekit.io/0iaahkrcv/ecommerce/samsung/All%20Samsung%20Smartphones%20-%20Price%20in%20Kenya%20(3)/default%20(17).svg?updatedAt=1786488845525
6a7ba80c5c7cd75eb8108a51,ecommerce,default (2).svg,default,,,,LOW,"folder mapping: ecommerce -> UNCATEGORIZED | note: Generic ecommerce folder - mixed assets, requires review",https://ik.imagekit.io/0iaahkrcv/ecommerce/samsung/All%20Samsung%20Smartphones%20-%20Price%20in%20Kenya%20(3)/default%20(2).svg?updatedAt=1786488845525
6a7ba80c5c7cd75eb81088a4,ecommerce,default (3).svg,default,,,,LOW,"folder mapping: ecommerce -> UNCATEGORIZED | note: Generic ecommerce folder - mixed assets, requires review",https://ik.imagekit.io/0iaahkrcv/ecommerce/samsung/All%20Samsung%20Smartphones%20-%20Price%20in%20Kenya%20(3)/default%20(3).svg?updatedAt=1786488845455
6a7ba80c5c7cd75eb81088b2,ecommerce,default (4).svg,default,,,,LOW,"folder mapping: ecommerce -> UNCATEGORIZED | note: Generic ecommerce folder - mixed assets, requires review",https://ik.imagekit.io/0iaahkrcv/ecommerce/samsung/All%20Samsung%20Smartphones%20-%20Price%20in%20Kenya%20(3)/default%20(4).svg?updatedAt=1786488845423
6a7ba80c5c7cd75eb81088b6,ecommerce,default (5).svg,default,,,,LOW,"folder mapping: ecommerce -> UNCATEGORIZED | note: Generic ecommerce folder - mixed assets, requires review",https://ik.imagekit.io/0iaahkrcv/ecommerce/samsung/All%20Samsung%20Smartphones%20-%20Price%20in%20Kenya%20(3)/default%20(5).svg?updatedAt=1786488845501
6a7ba80c5c7cd75eb81088e8,ecommerce,default (6).svg,default,,,,LOW,"folder mapping: ecommerce -> UNCATEGORIZED | note: Generic ecommerce folder - mixed assets, requires review",https://ik.imagekit.io/0iaahkrcv/ecommerce/samsung/All%20Samsung%20Smartphones%20-%20Price%20in%20Kenya%20(3)/default%20(6).svg?updatedAt=1786488845452
6a7ba80c5c7cd75eb81088fc,ecommerce,default (7).svg,default,,,,LOW,"folder mapping: ecommerce -> UNCATEGORIZED | note: Generic ecommerce folder - mixed assets, requires review",https://ik.imagekit.io/0iaahkrcv/ecommerce/samsung/All%20Samsung%20Smartphones%20-%20Price%20in%20Kenya%20(3)/default%20(7).svg?updatedAt=1786488846051
6a7ba80c5c7cd75eb81088f0,ecommerce,default (8).svg,default,,,,LOW,"folder mapping: ecommerce -> UNCATEGORIZED | note: Generic ecommerce folder - mixed assets, requires review",https://ik.imagekit.io/0iaahkrcv/ecommerce/samsung/All%20Samsung%20Smartphones%20-%20Price%20in%20Kenya%20(3)/default%20(8).svg?updatedAt=1786488845496
6a7ba80c5c7cd75eb81088de,ecommerce,default (9).svg,default,,,,LOW,"folder mapping: ecommerce -> UNCATEGORIZED | note: Generic ecommerce folder - mixed assets, requires review",https://ik.imagekit.io/0iaahkrcv/ecommerce/samsung/All%20Samsung%20Smartphones%20-%20Price%20in%20Kenya%20(3)/default%20(9).svg?updatedAt=1786488845499
6a7ba80c5c7cd75eb81088e7,ecommerce,default.svg,default,,,,LOW,"folder mapping: ecommerce -> UNCATEGORIZED | note: Generic ecommerce folder - mixed assets, requires review",https://ik.imagekit.io/0iaahkrcv/ecommerce/samsung/All%20Samsung%20Smartphones%20-%20Price%20in%20Kenya%20(3)/default.svg?updatedAt=1786488845449
6a7ba80c5c7cd75eb8108a54,ecommerce,galaxys21fe4g-medium (1).webp,galaxys21fe4g medium,Samsung,,,LOW,"folder mapping: ecommerce -> UNCATEGORIZED | note: Generic ecommerce folder - mixed assets, requires review | brand Samsung appears in 10 categories (cross-category brand)",https://ik.imagekit.io/0iaahkrcv/ecommerce/samsung/All%20Samsung%20Smartphones%20-%20Price%20in%20Kenya%20(3)/galaxys21fe4g-medium%20(1).webp?updatedAt=1786488845548
6a7ba80c5c7cd75eb8108a8e,ecommerce,galaxys21fe4g-medium (2).webp,galaxys21fe4g medium,Samsung,,,LOW,"folder mapping: ecommerce -> UNCATEGORIZED | note: Generic ecommerce folder - mixed assets, requires review | brand Samsung appears in 10 categories (cross-category brand)",https://ik.imagekit.io/0iaahkrcv/ecommerce/samsung/All%20Samsung%20Smartphones%20-%20Price%20in%20Kenya%20(3)/galaxys21fe4g-medium%20(2).webp?updatedAt=1786488845583
6a7ba80d5c7cd75eb8108bed,ecommerce,galaxys21fe4g-medium.webp,galaxys21fe4g medium,Samsung,,,LOW,"folder mapping: ecommerce -> UNCATEGORIZED | note: Generic ecommerce folder - mixed assets, requires review | brand Samsung appears in 10 categories (cross-category brand)",https://ik.imagekit.io/0iaahkrcv/ecommerce/samsung/All%20Samsung%20Smartphones%20-%20Price%20in%20Kenya%20(3)/galaxys21fe4g-medium.webp?updatedAt=1786488845661
6a7ba8105c7cd75eb810c3cb,ecommerce,galaxys21fe5ge-medium (1).webp,galaxys21fe5ge medium,Samsung,,,LOW,"folder mapping: ecommerce -> UNCATEGORIZED | note: Generic ecommerce folder - mixed assets, requires review | brand Samsung appears in 10 categories (cross-category brand)",https://ik.imagekit.io/0iaahkrcv/ecommerce/samsung/All%20Samsung%20Smartphones%20-%20Price%20in%20Kenya%20(3)/galaxys21fe5ge-medium%20(1).webp?updatedAt=1786488848937
6a7ba8105c7cd75eb810c401,ecommerce,galaxys21fe5ge-medium (2).webp,galaxys21fe5ge medium,Samsung,,,LOW,"folder mapping: ecommerce -> UNCATEGORIZED | note: Generic ecommerce folder - mixed assets, requires review | brand Samsung appears in 10 categories (cross-category brand)",https://ik.imagekit.io/0iaahkrcv/ecommerce/samsung/All%20Samsung%20Smartphones%20-%20Price%20in%20Kenya%20(3)/galaxys21fe5ge-medium%20(2).webp?updatedAt=1786488848956
6a7ba8105c7cd75eb810c41b,ecommerce,galaxys21fe5ge-medium (3).webp,galaxys21fe5ge medium,Samsung,,,LOW,"folder mapping: ecommerce -> UNCATEGORIZED | note: Generic ecommerce folder - mixed assets, requires review | brand Samsung appears in 10 categories (cross-category brand)",https://ik.imagekit.io/0iaahkrcv/ecommerce/samsung/All%20Samsung%20Smartphones%20-%20Price%20in%20Kenya%20(3)/galaxys21fe5ge-medium%20(3).webp?updatedAt=1786488848954
6a7ba8105c7cd75eb810cac7,ecommerce,galaxys21fe5ge-medium (4).webp,galaxys21fe5ge medium,Samsung,,,LOW,"folder mapping: ecommerce -> UNCATEGORIZED | note: Generic ecommerce folder - mixed assets, requires review | brand Samsung appears in 10 categories (cross-category brand)",https://ik.imagekit.io/0iaahkrcv/ecommerce/samsung/All%20Samsung%20Smartphones%20-%20Price%20in%20Kenya%20(3)/galaxys21fe5ge-medium%20(4).webp?updatedAt=1786488849503
6a7ba8105c7cd75eb810cac5,ecommerce,galaxys21fe5ge-medium (5).webp,galaxys21fe5ge medium,Samsung,,,LOW,"folder mapping: ecommerce -> UNCATEGORIZED | note: Generic ecommerce folder - mixed assets, requires review | brand Samsung appears in 10 categories (cross-category brand)",https://ik.imagekit.io/0iaahkrcv/ecommerce/samsung/All%20Samsung%20Smartphones%20-%20Price%20in%20Kenya%20(3)/galaxys21fe5ge-medium%20(5).webp?updatedAt=1786488849504
6a7ba8115c7cd75eb810ce00,ecommerce,galaxys21fe5ge-medium.webp,galaxys21fe5ge medium,Samsung,,,LOW,"folder mapping: ecommerce -> UNCATEGORIZED | note: Generic ecommerce folder - mixed assets, requires review | brand Samsung appears in 10 categories (cross-category brand)",https://ik.imagekit.io/0iaahkrcv/ecommerce/samsung/All%20Samsung%20Smartphones%20-%20Price%20in%20Kenya%20(3)/galaxys21fe5ge-medium.webp?updatedAt=1786488849696
6a7ba8115c7cd75eb810cf4b,ecommerce,galaxys21plus5ga-medium (1).webp,galaxys21plus5ga medium,Samsung,,,LOW,"folder mapping: ecommerce -> UNCATEGORIZED | note: Generic ecommerce folder - mixed assets, requires review | brand Samsung appears in 10 categories (cross-category brand)",https://ik.imagekit.io/0iaahkrcv/ecommerce/samsung/All%20Samsung%20Smartphones%20-%20Price%20in%20Kenya%20(3)/galaxys21plus5ga-medium%20(1).webp?updatedAt=1786488849789
6a7ba8115c7cd75eb810ce1b,ecommerce,galaxys21plus5ga-medium (2).webp,galaxys21plus5ga medium,Samsung,,,LOW,"folder mapping: ecommerce -> UNCATEGORIZED | note: Generic ecommerce folder - mixed assets, requires review | brand Samsung appears in 10 categories (cross-category brand)",https://ik.imagekit.io/0iaahkrcv/ecommerce/samsung/All%20Samsung%20Smartphones%20-%20Price%20in%20Kenya%20(3)/galaxys21plus5ga-medium%20(2).webp?updatedAt=1786488849693
6a7ba8115c7cd75eb810ce0a,ecommerce,galaxys21plus5ga-medium (3).webp,galaxys21plus5ga medium,Samsung,,,LOW,"folder mapping: ecommerce -> UNCATEGORIZED | note: Generic ecommerce folder - mixed assets, requires review | brand Samsung appears in 10 categories (cross-category brand)",https://ik.imagekit.io/0iaahkrcv/ecommerce/samsung/All%20Samsung%20Smartphones%20-%20Price%20in%20Kenya%20(3)/galaxys21plus5ga-medium%20(3).webp?updatedAt=1786488849709
6a7ba8135c7cd75eb810d842,ecommerce,galaxys21plus5ga-medium (4).webp,galaxys21plus5ga medium,Samsung,,,LOW,"folder mapping: ecommerce -> UNCATEGORIZED | note: Generic ecommerce folder - mixed assets, requires review | brand Samsung appears in 10 categories (cross-category brand)",https://ik.imagekit.io/0iaahkrcv/ecommerce/samsung/All%20Samsung%20Smartphones%20-%20Price%20in%20Kenya%20(3)/galaxys21plus5ga-medium%20(4).webp?updatedAt=1786488851986
6a7ba8135c7cd75eb810d853,ecommerce,galaxys21plus5ga-medium (5).webp,galaxys21plus5ga medium,Samsung,,,LOW,"folder mapping: ecommerce -> UNCATEGORIZED | note: Generic ecommerce folder - mixed assets, requires review | brand Samsung appears in 10 categories (cross-category brand)",https://ik.imagekit.io/0iaahkrcv/ecommerce/samsung/All%20Samsung%20Smartphones%20-%20Price%20in%20Kenya%20(3)/galaxys21plus5ga-medium%20(5).webp?updatedAt=1786488852041
6a7ba8165c7cd75eb8111411,ecommerce,galaxys21plus5ga-medium.webp,galaxys21plus5ga medium,Samsung,,,LOW,"folder mapping: ecommerce -> UNCATEGORIZED | note: Generic ecommerce folder - mixed assets, requires review | brand Samsung appears in 10 categories (cross-category brand)",https://ik.imagekit.io/0iaahkrcv/ecommerce/samsung/All%20Samsung%20Smartphones%20-%20Price%20in%20Kenya%20(3)/galaxys21plus5ga-medium.webp?updatedAt=1786488855536
6a7ba8195c7cd75eb81137ba,ecommerce,galaxys21ultrac-medium (1).webp,galaxys21ultrac medium,Samsung,,,LOW,"folder mapping: ecommerce -> UNCATEGORIZED | note: Generic ecommerce folder - mixed assets, requires review | brand Samsung appears in 10 categories (cross-category brand)",https://ik.imagekit.io/0iaahkrcv/ecommerce/samsung/All%20Samsung%20Smartphones%20-%20Price%20in%20Kenya%20(3)/galaxys21ultrac-medium%20(1).webp?updatedAt=1786488857943
6a7ba8315c7cd75eb812b3f1,ecommerce,galaxys21ultrac-medium (2).webp,galaxys21ultrac medium,Samsung,,,LOW,"folder mapping: ecommerce -> UNCATEGORIZED | note: Generic ecommerce folder - mixed assets, requires review | brand Samsung appears in 10 categories (cross-category brand)",https://ik.imagekit.io/0iaahkrcv/ecommerce/samsung/All%20Samsung%20Smartphones%20-%20Price%20in%20Kenya%20(3)/galaxys21ultrac-medium%20(2).webp?updatedAt=1786488882050
6a7ba8365c7cd75eb812f5e1,ecommerce,galaxys21ultrac-medium (3).webp,galaxys21ultrac medium,Samsung,,,LOW,"folder mapping: ecommerce -> UNCATEGORIZED | note: Generic ecommerce folder - mixed assets, requires review | brand Samsung appears in 10 categories (cross-category brand)",https://ik.imagekit.io/0iaahkrcv/ecommerce/samsung/All%20Samsung%20Smartphones%20-%20Price%20in%20Kenya%20(3)/galaxys21ultrac-medium%20(3).webp?updatedAt=1786488886878
6a7ba8365c7cd75eb812f60b,ecommerce,galaxys21ultrac-medium (4).webp,galaxys21ultrac medium,Samsung,,,LOW,"folder mapping: ecommerce -> UNCATEGORIZED | note: Generic ecommerce folder - mixed assets, requires review | brand Samsung appears in 10 categories (cross-category brand)",https://ik.imagekit.io/0iaahkrcv/ecommerce/samsung/All%20Samsung%20Smartphones%20-%20Price%20in%20Kenya%20(3)/galaxys21ultrac-medium%20(4).webp?updatedAt=1786488886987
6a7ba8365c7cd75eb812f5e8,ecommerce,galaxys21ultrac-medium (5).webp,galaxys21ultrac medium,Samsung,,,LOW,"folder mapping: ecommerce -> UNCATEGORIZED | note: Generic ecommerce folder - mixed assets, requires review | brand Samsung appears in 10 categories (cross-category brand)",https://ik.imagekit.io/0iaahkrcv/ecommerce/samsung/All%20Samsung%20Smartphones%20-%20Price%20in%20Kenya%20(3)/galaxys21ultrac-medium%20(5).webp?updatedAt=1786488886877
6a7ba8365c7cd75eb812f5e6,ecommerce,galaxys21ultrac-medium (6).webp,galaxys21ultrac medium,Samsung,,,LOW,"folder mapping: ecommerce -> UNCATEGORIZED | note: Generic ecommerce folder - mixed assets, requires review | brand Samsung appears in 10 categories (cross-category brand)",https://ik.imagekit.io/0iaahkrcv/ecommerce/samsung/All%20Samsung%20Smartphones%20-%20Price%20in%20Kenya%20(3)/galaxys21ultrac-medium%20(6).webp?updatedAt=1786488886891
6a7ba8395c7cd75eb812fd49,ecommerce,galaxys21ultrac-medium (7).webp,galaxys21ultrac medium,Samsung,,,LOW,"folder mapping: ecommerce -> UNCATEGORIZED | note: Generic ecommerce folder - mixed assets, requires review | brand Samsung appears in 10 categories (cross-category brand)",https://ik.imagekit.io/0iaahkrcv/ecommerce/samsung/All%20Samsung%20Smartphones%20-%20Price%20in%20Kenya%20(3)/galaxys21ultrac-medium%20(7).webp?updatedAt=1786488889722
6a7ba83c5c7cd75eb813187b,ecommerce,galaxys21ultrac-medium (8).webp,galaxys21ultrac medium,Samsung,,,LOW,"folder mapping: ecommerce -> UNCATEGORIZED | note: Generic ecommerce folder - mixed assets, requires review | brand Samsung appears in 10 categories (cross-category brand)",https://ik.imagekit.io/0iaahkrcv/ecommerce/samsung/All%20Samsung%20Smartphones%20-%20Price%20in%20Kenya%20(3)/galaxys21ultrac-medium%20(8).webp?updatedAt=1786488892635
6a7ba83c5c7cd75eb8131880,ecommerce,galaxys21ultrac-medium.webp,galaxys21ultrac medium,Samsung,,,LOW,"folder mapping: ecommerce -> UNCATEGORIZED | note: Generic ecommerce folder - mixed assets, requires review | brand Samsung appears in 10 categories (cross-category brand)",https://ik.imagekit.io/0iaahkrcv/ecommerce/samsung/All%20Samsung%20Smartphones%20-%20Price%20in%20Kenya%20(3)/galaxys21ultrac-medium.webp?updatedAt=1786488892639
6a7ba83c5c7cd75eb8131c7e,ecommerce,galaxys22a-medium (1).webp,galaxys22a medium,Samsung,,,LOW,"folder mapping: ecommerce -> UNCATEGORIZED | note: Generic ecommerce folder - mixed assets, requires review | brand Samsung appears in 10 categories (cross-category brand)",https://ik.imagekit.io/0iaahkrcv/ecommerce/samsung/All%20Samsung%20Smartphones%20-%20Price%20in%20Kenya%20(3)/galaxys22a-medium%20(1).webp?updatedAt=1786488892790
6a7ba83d5c7cd75eb8132d3b,ecommerce,galaxys22a-medium (2).webp,galaxys22a medium,Samsung,,,LOW,"folder mapping: ecommerce -> UNCATEGORIZED | note: Generic ecommerce folder - mixed assets, requires review | brand Samsung appears in 10 categories (cross-category brand)",https://ik.imagekit.io/0iaahkrcv/ecommerce/samsung/All%20Samsung%20Smartphones%20-%20Price%20in%20Kenya%20(3)/galaxys22a-medium%20(2).webp?updatedAt=1786488893834
6a7ba83d5c7cd75eb8132d7d,ecommerce,galaxys22a-medium (3).webp,galaxys22a medium,Samsung,,,LOW,"folder mapping: ecommerce -> UNCATEGORIZED | note: Generic ecommerce folder - mixed assets, requires review | brand Samsung appears in 10 categories (cross-category brand)",https://ik.imagekit.io/0iaahkrcv/ecommerce/samsung/All%20Samsung%20Smartphones%20-%20Price%20in%20Kenya%20(3)/galaxys22a-medium%20(3).webp?updatedAt=1786488893837
6a7ba83d5c7cd75eb8132d58,ecommerce,galaxys22a-medium (4).webp,galaxys22a medium,Samsung,,,LOW,"folder mapping: ecommerce -> UNCATEGORIZED | note: Generic ecommerce folder - mixed assets, requires review | brand Samsung appears in 10 categories (cross-category brand)",https://ik.imagekit.io/0iaahkrcv/ecommerce/samsung/All%20Samsung%20Smartphones%20-%20Price%20in%20Kenya%20(3)/galaxys22a-medium%20(4).webp?updatedAt=1786488893836
6a7ba83d5c7cd75eb8132d6b,ecommerce,galaxys22a-medium (5).webp,galaxys22a medium,Samsung,,,LOW,"folder mapping: ecommerce -> UNCATEGORIZED | note: Generic ecommerce folder - mixed assets, requires review | brand Samsung appears in 10 categories (cross-category brand)",https://ik.imagekit.io/0iaahkrcv/ecommerce/samsung/All%20Samsung%20Smartphones%20-%20Price%20in%20Kenya%20(3)/galaxys22a-medium%20(5).webp?updatedAt=1786488893835
6a7ba83d5c7cd75eb8132d40,ecommerce,galaxys22a-medium.webp,galaxys22a medium,Samsung,,,LOW,"folder mapping: ecommerce -> UNCATEGORIZED | note: Generic ecommerce folder - mixed assets, requires review | brand Samsung appears in 10 categories (cross-category brand)",https://ik.imagekit.io/0iaahkrcv/ecommerce/samsung/All%20Samsung%20Smartphones%20-%20Price%20in%20Kenya%20(3)/galaxys22a-medium.webp?updatedAt=1786488893828
6a7ba83d5c7cd75eb8133314,ecommerce,galaxys22note5g-medium (1).webp,galaxys22note5g medium,Samsung,,,LOW,"folder mapping: ecommerce -> UNCATEGORIZED | note: Generic ecommerce folder - mixed assets, requires review | brand Samsung appears in 10 categories (cross-category brand)",https://ik.imagekit.io/0iaahkrcv/ecommerce/samsung/All%20Samsung%20Smartphones%20-%20Price%20in%20Kenya%20(3)/galaxys22note5g-medium%20(1).webp?updatedAt=1786488894197
6a7ba83d5c7cd75eb813332b,ecommerce,galaxys22note5g-medium (2).webp,galaxys22note5g medium,Samsung,,,LOW,"folder mapping: ecommerce -> UNCATEGORIZED | note: Generic ecommerce folder - mixed assets, requires review | brand Samsung appears in 10 categories (cross-category brand)",https://ik.imagekit.io/0iaahkrcv/ecommerce/samsung/All%20Samsung%20Smartphones%20-%20Price%20in%20Kenya%20(3)/galaxys22note5g-medium%20(2).webp?updatedAt=1786488894205
6a7ba83d5c7cd75eb8133340,ecommerce,galaxys22note5g-medium.webp,galaxys22note5g medium,Samsung,,,LOW,"folder mapping: ecommerce -> UNCATEGORIZED | note: Generic ecommerce folder - mixed assets, requires review | brand Samsung appears in 10 categories (cross-category brand)",https://ik.imagekit.io/0iaahkrcv/ecommerce/samsung/All%20Samsung%20Smartphones%20-%20Price%20in%20Kenya%20(3)/galaxys22note5g-medium.webp?updatedAt=1786488894239
6a7ba83d5c7cd75eb8133351,ecommerce,galaxys22plusc-medium (1).webp,galaxys22plusc medium,Samsung,,,LOW,"folder mapping: ecommerce -> UNCATEGORIZED | note: Generic ecommerce folder - mixed assets, requires review | brand Samsung appears in 10 categories (cross-category brand)",https://ik.imagekit.io/0iaahkrcv/ecommerce/samsung/All%20Samsung%20Smartphones%20-%20Price%20in%20Kenya%20(3)/galaxys22plusc-medium%20(1).webp?updatedAt=1786488894255
6a7ba83d5c7cd75eb8133336,ecommerce,galaxys22plusc-medium (2).webp,galaxys22plusc medium,Samsung,,,LOW,"folder mapping: ecommerce -> UNCATEGORIZED | note: Generic ecommerce folder - mixed assets, requires review | brand Samsung appears in 10 categories (cross-category brand)",https://ik.imagekit.io/0iaahkrcv/ecommerce/samsung/All%20Samsung%20Smartphones%20-%20Price%20in%20Kenya%20(3)/galaxys22plusc-medium%20(2).webp?updatedAt=1786488894225
6a7ba83d5c7cd75eb81333f5,ecommerce,galaxys22plusc-medium (3).webp,galaxys22plusc medium,Samsung,,,LOW,"folder mapping: ecommerce -> UNCATEGORIZED | note: Generic ecommerce folder - mixed assets, requires review | brand Samsung appears in 10 categories (cross-category brand)",https://ik.imagekit.io/0iaahkrcv/ecommerce/samsung/All%20Samsung%20Smartphones%20-%20Price%20in%20Kenya%20(3)/galaxys22plusc-medium%20(3).webp?updatedAt=1786488894327
6a7ba83d5c7cd75eb813333b,ecommerce,galaxys22plusc-medium (4).webp,galaxys22plusc medium,Samsung,,,LOW,"folder mapping: ecommerce -> UNCATEGORIZED | note: Generic ecommerce folder - mixed assets, requires review | brand Samsung appears in 10 categories (cross-category brand)",https://ik.imagekit.io/0iaahkrcv/ecommerce/samsung/All%20Samsung%20Smartphones%20-%20Price%20in%20Kenya%20(3)/galaxys22plusc-medium%20(4).webp?updatedAt=1786488894217
6a7ba83e5c7cd75eb8133b40,ecommerce,galaxys22plusc-medium (5).webp,galaxys22plusc medium,Samsung,,,LOW,"folder mapping: ecommerce -> UNCATEGORIZED | note: Generic ecommerce folder - mixed assets, requires review | brand Samsung appears in 10 categories (cross-category brand)",https://ik.imagekit.io/0iaahkrcv/ecommerce/samsung/All%20Samsung%20Smartphones%20-%20Price%20in%20Kenya%20(3)/galaxys22plusc-medium%20(5).webp?updatedAt=1786488894897
6a7ba83f5c7cd75eb8134b2a,ecommerce,galaxys22plusc-medium.webp,galaxys22plusc medium,Samsung,,,LOW,"folder mapping: ecommerce -> UNCATEGORIZED | note: Generic ecommerce folder - mixed assets, requires review | brand Samsung appears in 10 categories (cross-category brand)",https://ik.imagekit.io/0iaahkrcv/ecommerce/samsung/All%20Samsung%20Smartphones%20-%20Price%20in%20Kenya%20(3)/galaxys22plusc-medium.webp?updatedAt=1786488895859
6a7ba83f5c7cd75eb8134b7c,ecommerce,galaxys22ultraa-medium (1).webp,galaxys22ultraa medium,Samsung,,,LOW,"folder mapping: ecommerce -> UNCATEGORIZED | note: Generic ecommerce folder - mixed assets, requires review | brand Samsung appears in 10 categories (cross-category brand)",https://ik.imagekit.io/0iaahkrcv/ecommerce/samsung/All%20Samsung%20Smartphones%20-%20Price%20in%20Kenya%20(3)/galaxys22ultraa-medium%20(1).webp?updatedAt=1786488895874
6a7ba83f5c7cd75eb8134b63,ecommerce,galaxys22ultraa-medium (2).webp,galaxys22ultraa medium,Samsung,,,LOW,"folder mapping: ecommerce -> UNCATEGORIZED | note: Generic ecommerce folder - mixed assets, requires review | brand Samsung appears in 10 categories (cross-category brand)",https://ik.imagekit.io/0iaahkrcv/ecommerce/samsung/All%20Samsung%20Smartphones%20-%20Price%20in%20Kenya%20(3)/galaxys22ultraa-medium%20(2).webp?updatedAt=1786488895899
6a7ba83f5c7cd75eb8134ba2,ecommerce,galaxys22ultraa-medium (3).webp,galaxys22ultraa medium,Samsung,,,LOW,"folder mapping: ecommerce -> UNCATEGORIZED | note: Generic ecommerce folder - mixed assets, requires review | brand Samsung appears in 10 categories (cross-category brand)",https://ik.imagekit.io/0iaahkrcv/ecommerce/samsung/All%20Samsung%20Smartphones%20-%20Price%20in%20Kenya%20(3)/galaxys22ultraa-medium%20(3).webp?updatedAt=1786488895915
6a7ba83f5c7cd75eb8134b92,ecommerce,galaxys22ultraa-medium (4).webp,galaxys22ultraa medium,Samsung,,,LOW,"folder mapping: ecommerce -> UNCATEGORIZED | note: Generic ecommerce folder - mixed assets, requires review | brand Samsung appears in 10 categories (cross-category brand)",https://ik.imagekit.io/0iaahkrcv/ecommerce/samsung/All%20Samsung%20Smartphones%20-%20Price%20in%20Kenya%20(3)/galaxys22ultraa-medium%20(4).webp?updatedAt=1786488895917
6a7ba83f5c7cd75eb8134b7a,ecommerce,galaxys22ultraa-medium (5).webp,galaxys22ultraa medium,Samsung,,,LOW,"folder mapping: ecommerce -> UNCATEGORIZED | note: Generic ecommerce folder - mixed assets, requires review | brand Samsung appears in 10 categories (cross-category brand)",https://ik.imagekit.io/0iaahkrcv/ecommerce/samsung/All%20Samsung%20Smartphones%20-%20Price%20in%20Kenya%20(3)/galaxys22ultraa-medium%20(5).webp?updatedAt=1786488895891
6a7ba83f5c7cd75eb8134b50,ecommerce,galaxys22ultraa-medium.webp,galaxys22ultraa medium,Samsung,,,LOW,"folder mapping: ecommerce -> UNCATEGORIZED | note: Generic ecommerce folder - mixed assets, requires review | brand Samsung appears in 10 categories (cross-category brand)",https://ik.imagekit.io/0iaahkrcv/ecommerce/samsung/All%20Samsung%20Smartphones%20-%20Price%20in%20Kenya%20(3)/galaxys22ultraa-medium.webp?updatedAt=1786488895880
6a7ba83f5c7cd75eb8134b60,ecommerce,galaxys23ultrab-medium (1).webp,galaxys23ultrab medium,Samsung,,,LOW,"folder mapping: ecommerce -> UNCATEGORIZED | note: Generic ecommerce folder - mixed assets, requires review | brand Samsung appears in 10 categories (cross-category brand)",https://ik.imagekit.io/0iaahkrcv/ecommerce/samsung/All%20Samsung%20Smartphones%20-%20Price%20in%20Kenya%20(3)/galaxys23ultrab-medium%20(1).webp?updatedAt=1786488895873
6a7ba83f5c7cd75eb8134fc0,ecommerce,galaxys23ultrab-medium (2).webp,galaxys23ultrab medium,Samsung,,,LOW,"folder mapping: ecommerce -> UNCATEGORIZED | note: Generic ecommerce folder - mixed assets, requires review | brand Samsung appears in 10 categories (cross-category brand)",https://ik.imagekit.io/0iaahkrcv/ecommerce/samsung/All%20Samsung%20Smartphones%20-%20Price%20in%20Kenya%20(3)/galaxys23ultrab-medium%20(2).webp?updatedAt=1786488896230
6a7ba83f5c7cd75eb8134b49,ecommerce,galaxys23ultrab-medium.webp,galaxys23ultrab medium,Samsung,,,LOW,"folder mapping: ecommerce -> UNCATEGORIZED | note: Generic ecommerce folder - mixed assets, requires review | brand Samsung appears in 10 categories (cross-category brand)",https://ik.imagekit.io/0iaahkrcv/ecommerce/samsung/All%20Samsung%20Smartphones%20-%20Price%20in%20Kenya%20(3)/galaxys23ultrab-medium.webp?updatedAt=1786488895885
6a7ba83f5c7cd75eb8134fc3,ecommerce,loader.631b9ed.svg,loader.631b9ed,,,,LOW,"folder mapping: ecommerce -> UNCATEGORIZED | note: Generic ecommerce folder - mixed assets, requires review",https://ik.imagekit.io/0iaahkrcv/ecommerce/samsung/All%20Samsung%20Smartphones%20-%20Price%20in%20Kenya%20(3)/loader.631b9ed.svg?updatedAt=1786488896390
6a7ba83f5c7cd75eb813565c,ecommerce,samsunggalaxys215gc-medium (1).webp,samsunggalaxys215gc medium,Samsung,,,LOW,"folder mapping: ecommerce -> UNCATEGORIZED | note: Generic ecommerce folder - mixed assets, requires review | brand Samsung appears in 10 categories (cross-category brand)",https://ik.imagekit.io/0iaahkrcv/ecommerce/samsung/All%20Samsung%20Smartphones%20-%20Price%20in%20Kenya%20(3)/samsunggalaxys215gc-medium%20(1).webp?updatedAt=1786488896589
6a7ba8405c7cd75eb8135699,ecommerce,samsunggalaxys215gc-medium (2).webp,samsunggalaxys215gc medium,Samsung,,,LOW,"folder mapping: ecommerce -> UNCATEGORIZED | note: Generic ecommerce folder - mixed assets, requires review | brand Samsung appears in 10 categories (cross-category brand)",https://ik.imagekit.io/0iaahkrcv/ecommerce/samsung/All%20Samsung%20Smartphones%20-%20Price%20in%20Kenya%20(3)/samsunggalaxys215gc-medium%20(2).webp?updatedAt=1786488896604
6a7ba8425c7cd75eb8137779,ecommerce,samsunggalaxys215gc-medium (3).webp,samsunggalaxys215gc medium,Samsung,,,LOW,"folder mapping: ecommerce -> UNCATEGORIZED | note: Generic ecommerce folder - mixed assets, requires review | brand Samsung appears in 10 categories (cross-category brand)",https://ik.imagekit.io/0iaahkrcv/ecommerce/samsung/All%20Samsung%20Smartphones%20-%20Price%20in%20Kenya%20(3)/samsunggalaxys215gc-medium%20(3).webp?updatedAt=1786488898750
6a7ba8425c7cd75eb81377fc,ecommerce,samsunggalaxys215gc-medium (4).webp,samsunggalaxys215gc medium,Samsung,,,LOW,"folder mapping: ecommerce -> UNCATEGORIZED | note: Generic ecommerce folder - mixed assets, requires review | brand Samsung appears in 10 categories (cross-category brand)",https://ik.imagekit.io/0iaahkrcv/ecommerce/samsung/All%20Samsung%20Smartphones%20-%20Price%20in%20Kenya%20(3)/samsunggalaxys215gc-medium%20(4).webp?updatedAt=1786488898792
6a7ba8425c7cd75eb8137809,ecommerce,samsunggalaxys215gc-medium (5).webp,samsunggalaxys215gc medium,Samsung,,,LOW,"folder mapping: ecommerce -> UNCATEGORIZED | note: Generic ecommerce folder - mixed assets, requires review | brand Samsung appears in 10 categories (cross-category brand)",https://ik.imagekit.io/0iaahkrcv/ecommerce/samsung/All%20Samsung%20Smartphones%20-%20Price%20in%20Kenya%20(3)/samsunggalaxys215gc-medium%20(5).webp?updatedAt=1786488898790
6a7ba8425c7cd75eb8137bb8,ecommerce,samsunggalaxys215gc-medium.webp,samsunggalaxys215gc medium,Samsung,,,LOW,"folder mapping: ecommerce -> UNCATEGORIZED | note: Generic ecommerce folder - mixed assets, requires review | brand Samsung appears in 10 categories (cross-category brand)",https://ik.imagekit.io/0iaahkrcv/ecommerce/samsung/All%20Samsung%20Smartphones%20-%20Price%20in%20Kenya%20(3)/samsunggalaxys215gc-medium.webp?updatedAt=1786488899293
6a7ba8425c7cd75eb8137d9e,ecommerce,search.7d254c6.svg,search.7d254c6,,,,LOW,"folder mapping: ecommerce -> UNCATEGORIZED | note: Generic ecommerce folder - mixed assets, requires review",https://ik.imagekit.io/0iaahkrcv/ecommerce/samsung/All%20Samsung%20Smartphones%20-%20Price%20in%20Kenya%20(3)/search.7d254c6.svg?updatedAt=1786488899322
6a7ba8425c7cd75eb8137d9c,ecommerce,whatsapp.svg,whatsapp,,,,LOW,"folder mapping: ecommerce -> UNCATEGORIZED | note: Generic ecommerce folder - mixed assets, requires review",https://ik.imagekit.io/0iaahkrcv/ecommerce/samsung/All%20Samsung%20Smartphones%20-%20Price%20in%20Kenya%20(3)/whatsapp.svg?updatedAt=1786488899322
6a7ba7bc5c7cd75eb80c0c62,ecommerce,app-logo-desktop.svg,app logo desktop,,,,LOW,"folder mapping: ecommerce -> UNCATEGORIZED | note: Generic ecommerce folder - mixed assets, requires review",https://ik.imagekit.io/0iaahkrcv/ecommerce/samsung/All%20Samsung%20Smartphones%20-%20Price%20in%20Kenya%20(4)/app-logo-desktop.svg?updatedAt=1786488764757
6a7ba7bc5c7cd75eb80c0c42,ecommerce,chevron-down.8ee3574.svg,chevron down.8ee3574,,,,LOW,"folder mapping: ecommerce -> UNCATEGORIZED | note: Generic ecommerce folder - mixed assets, requires review",https://ik.imagekit.io/0iaahkrcv/ecommerce/samsung/All%20Samsung%20Smartphones%20-%20Price%20in%20Kenya%20(4)/chevron-down.8ee3574.svg?updatedAt=1786488764791
6a7ba7bc5c7cd75eb80c0c50,ecommerce,default (1).svg,default,,,,LOW,"folder mapping: ecommerce -> UNCATEGORIZED | note: Generic ecommerce folder - mixed assets, requires review",https://ik.imagekit.io/0iaahkrcv/ecommerce/samsung/All%20Samsung%20Smartphones%20-%20Price%20in%20Kenya%20(4)/default%20(1).svg?updatedAt=1786488764743
6a7ba7bc5c7cd75eb80c0c81,ecommerce,default (10).svg,default,,,,LOW,"folder mapping: ecommerce -> UNCATEGORIZED | note: Generic ecommerce folder - mixed assets, requires review",https://ik.imagekit.io/0iaahkrcv/ecommerce/samsung/All%20Samsung%20Smartphones%20-%20Price%20in%20Kenya%20(4)/default%20(10).svg?updatedAt=1786488764757
6a7ba7bc5c7cd75eb80c0c63,ecommerce,default (11).svg,default,,,,LOW,"folder mapping: ecommerce -> UNCATEGORIZED | note: Generic ecommerce folder - mixed assets, requires review",https://ik.imagekit.io/0iaahkrcv/ecommerce/samsung/All%20Samsung%20Smartphones%20-%20Price%20in%20Kenya%20(4)/default%20(11).svg?updatedAt=1786488764774
6a7ba7bc5c7cd75eb80c0c54,ecommerce,default (12).svg,default,,,,LOW,"folder mapping: ecommerce -> UNCATEGORIZED | note: Generic ecommerce folder - mixed assets, requires review",https://ik.imagekit.io/0iaahkrcv/ecommerce/samsung/All%20Samsung%20Smartphones%20-%20Price%20in%20Kenya%20(4)/default%20(12).svg?updatedAt=1786488764799
6a7ba7bc5c7cd75eb80c0ca7,ecommerce,default (13).svg,default,,,,LOW,"folder mapping: ecommerce -> UNCATEGORIZED | note: Generic ecommerce folder - mixed assets, requires review",https://ik.imagekit.io/0iaahkrcv/ecommerce/samsung/All%20Samsung%20Smartphones%20-%20Price%20in%20Kenya%20(4)/default%20(13).svg?updatedAt=1786488765373
6a7ba7bc5c7cd75eb80c0c75,ecommerce,default (14).svg,default,,,,LOW,"folder mapping: ecommerce -> UNCATEGORIZED | note: Generic ecommerce folder - mixed assets, requires review",https://ik.imagekit.io/0iaahkrcv/ecommerce/samsung/All%20Samsung%20Smartphones%20-%20Price%20in%20Kenya%20(4)/default%20(14).svg?updatedAt=1786488764758
6a7ba7bc5c7cd75eb80c0cca,ecommerce,default (15).svg,default,,,,LOW,"folder mapping: ecommerce -> UNCATEGORIZED | note: Generic ecommerce folder - mixed assets, requires review",https://ik.imagekit.io/0iaahkrcv/ecommerce/samsung/All%20Samsung%20Smartphones%20-%20Price%20in%20Kenya%20(4)/default%20(15).svg?updatedAt=1786488764784
6a7ba7bc5c7cd75eb80c0cd9,ecommerce,default (16).svg,default,,,,LOW,"folder mapping: ecommerce -> UNCATEGORIZED | note: Generic ecommerce folder - mixed assets, requires review",https://ik.imagekit.io/0iaahkrcv/ecommerce/samsung/All%20Samsung%20Smartphones%20-%20Price%20in%20Kenya%20(4)/default%20(16).svg?updatedAt=1786488764780
6a7ba7bc5c7cd75eb80c0cd5,ecommerce,default (17).svg,default,,,,LOW,"folder mapping: ecommerce -> UNCATEGORIZED | note: Generic ecommerce folder - mixed assets, requires review",https://ik.imagekit.io/0iaahkrcv/ecommerce/samsung/All%20Samsung%20Smartphones%20-%20Price%20in%20Kenya%20(4)/default%20(17).svg?updatedAt=1786488764770
6a7ba7bc5c7cd75eb80c0cdb,ecommerce,default (2).svg,default,,,,LOW,"folder mapping: ecommerce -> UNCATEGORIZED | note: Generic ecommerce folder - mixed assets, requires review",https://ik.imagekit.io/0iaahkrcv/ecommerce/samsung/All%20Samsung%20Smartphones%20-%20Price%20in%20Kenya%20(4)/default%20(2).svg?updatedAt=1786488764811
6a7ba7bc5c7cd75eb80c0cc4,ecommerce,default (3).svg,default,,,,LOW,"folder mapping: ecommerce -> UNCATEGORIZED | note: Generic ecommerce folder - mixed assets, requires review",https://ik.imagekit.io/0iaahkrcv/ecommerce/samsung/All%20Samsung%20Smartphones%20-%20Price%20in%20Kenya%20(4)/default%20(3).svg?updatedAt=1786488764837
6a7ba7bc5c7cd75eb80c0ccf,ecommerce,default (4).svg,default,,,,LOW,"folder mapping: ecommerce -> UNCATEGORIZED | note: Generic ecommerce folder - mixed assets, requires review",https://ik.imagekit.io/0iaahkrcv/ecommerce/samsung/All%20Samsung%20Smartphones%20-%20Price%20in%20Kenya%20(4)/default%20(4).svg?updatedAt=1786488764873
6a7ba7bc5c7cd75eb80c0e93,ecommerce,default (5).svg,default,,,,LOW,"folder mapping: ecommerce -> UNCATEGORIZED | note: Generic ecommerce folder - mixed assets, requires review",https://ik.imagekit.io/0iaahkrcv/ecommerce/samsung/All%20Samsung%20Smartphones%20-%20Price%20in%20Kenya%20(4)/default%20(5).svg?updatedAt=1786488764821
6a7ba7bc5c7cd75eb80c0cc9,ecommerce,default (6).svg,default,,,,LOW,"folder mapping: ecommerce -> UNCATEGORIZED | note: Generic ecommerce folder - mixed assets, requires review",https://ik.imagekit.io/0iaahkrcv/ecommerce/samsung/All%20Samsung%20Smartphones%20-%20Price%20in%20Kenya%20(4)/default%20(6).svg?updatedAt=1786488764795
6a7ba7bc5c7cd75eb80c0cd7,ecommerce,default (7).svg,default,,,,LOW,"folder mapping: ecommerce -> UNCATEGORIZED | note: Generic ecommerce folder - mixed assets, requires review",https://ik.imagekit.io/0iaahkrcv/ecommerce/samsung/All%20Samsung%20Smartphones%20-%20Price%20in%20Kenya%20(4)/default%20(7).svg?updatedAt=1786488764789
6a7ba7bc5c7cd75eb80c0cc1,ecommerce,default (8).svg,default,,,,LOW,"folder mapping: ecommerce -> UNCATEGORIZED | note: Generic ecommerce folder - mixed assets, requires review",https://ik.imagekit.io/0iaahkrcv/ecommerce/samsung/All%20Samsung%20Smartphones%20-%20Price%20in%20Kenya%20(4)/default%20(8).svg?updatedAt=1786488764782
6a7ba7bc5c7cd75eb80c0ce8,ecommerce,default (9).svg,default,,,,LOW,"folder mapping: ecommerce -> UNCATEGORIZED | note: Generic ecommerce folder - mixed assets, requires review",https://ik.imagekit.io/0iaahkrcv/ecommerce/samsung/All%20Samsung%20Smartphones%20-%20Price%20in%20Kenya%20(4)/default%20(9).svg?updatedAt=1786488764774
6a7ba7bc5c7cd75eb80c1906,ecommerce,default.svg,default,,,,LOW,"folder mapping: ecommerce -> UNCATEGORIZED | note: Generic ecommerce folder - mixed assets, requires review",https://ik.imagekit.io/0iaahkrcv/ecommerce/samsung/All%20Samsung%20Smartphones%20-%20Price%20in%20Kenya%20(4)/default.svg?updatedAt=1786488765360
6a7ba7bc5c7cd75eb80c196d,ecommerce,galaxya04cored-medium (1).webp,galaxya04cored medium,Samsung,,,LOW,"folder mapping: ecommerce -> UNCATEGORIZED | note: Generic ecommerce folder - mixed assets, requires review | brand Samsung appears in 10 categories (cross-category brand)",https://ik.imagekit.io/0iaahkrcv/ecommerce/samsung/All%20Samsung%20Smartphones%20-%20Price%20in%20Kenya%20(4)/galaxya04cored-medium%20(1).webp?updatedAt=1786488765382
6a7ba7bc5c7cd75eb80c196f,ecommerce,galaxya04cored-medium (2).webp,galaxya04cored medium,Samsung,,,LOW,"folder mapping: ecommerce -> UNCATEGORIZED | note: Generic ecommerce folder - mixed assets, requires review | brand Samsung appears in 10 categories (cross-category brand)",https://ik.imagekit.io/0iaahkrcv/ecommerce/samsung/All%20Samsung%20Smartphones%20-%20Price%20in%20Kenya%20(4)/galaxya04cored-medium%20(2).webp?updatedAt=1786488765399
6a7ba7bc5c7cd75eb80c1a2e,ecommerce,galaxya04cored-medium.webp,galaxya04cored medium,Samsung,,,LOW,"folder mapping: ecommerce -> UNCATEGORIZED | note: Generic ecommerce folder - mixed assets, requires review | brand Samsung appears in 10 categories (cross-category brand)",https://ik.imagekit.io/0iaahkrcv/ecommerce/samsung/All%20Samsung%20Smartphones%20-%20Price%20in%20Kenya%20(4)/galaxya04cored-medium.webp?updatedAt=1786488765471
6a7ba7bc5c7cd75eb80c1a46,ecommerce,galaxya33-medium (1).webp,galaxya33 medium,Samsung,,,LOW,"folder mapping: ecommerce -> UNCATEGORIZED | note: Generic ecommerce folder - mixed assets, requires review | brand Samsung appears in 10 categories (cross-category brand)",https://ik.imagekit.io/0iaahkrcv/ecommerce/samsung/All%20Samsung%20Smartphones%20-%20Price%20in%20Kenya%20(4)/galaxya33-medium%20(1).webp?updatedAt=1786488765503
6a7ba7bc5c7cd75eb80c19f4,ecommerce,galaxya33-medium (2).webp,galaxya33 medium,Samsung,,,LOW,"folder mapping: ecommerce -> UNCATEGORIZED | note: Generic ecommerce folder - mixed assets, requires review | brand Samsung appears in 10 categories (cross-category brand)",https://ik.imagekit.io/0iaahkrcv/ecommerce/samsung/All%20Samsung%20Smartphones%20-%20Price%20in%20Kenya%20(4)/galaxya33-medium%20(2).webp?updatedAt=1786488765417
6a7ba7bc5c7cd75eb80c197e,ecommerce,galaxya33-medium.webp,galaxya33 medium,Samsung,,,LOW,"folder mapping: ecommerce -> UNCATEGORIZED | note: Generic ecommerce folder - mixed assets, requires review | brand Samsung appears in 10 categories (cross-category brand)",https://ik.imagekit.io/0iaahkrcv/ecommerce/samsung/All%20Samsung%20Smartphones%20-%20Price%20in%20Kenya%20(4)/galaxya33-medium.webp?updatedAt=1786488765374
6a7ba7bc5c7cd75eb80c197b,ecommerce,galaxya54-medium (1).webp,galaxya54 medium,Samsung,,,LOW,"folder mapping: ecommerce -> UNCATEGORIZED | note: Generic ecommerce folder - mixed assets, requires review | brand Samsung appears in 10 categories (cross-category brand)",https://ik.imagekit.io/0iaahkrcv/ecommerce/samsung/All%20Samsung%20Smartphones%20-%20Price%20in%20Kenya%20(4)/galaxya54-medium%20(1).webp?updatedAt=1786488765417
6a7ba7bc5c7cd75eb80c19f7,ecommerce,galaxya54-medium (2).webp,galaxya54 medium,Samsung,,,LOW,"folder mapping: ecommerce -> UNCATEGORIZED | note: Generic ecommerce folder - mixed assets, requires review | brand Samsung appears in 10 categories (cross-category brand)",https://ik.imagekit.io/0iaahkrcv/ecommerce/samsung/All%20Samsung%20Smartphones%20-%20Price%20in%20Kenya%20(4)/galaxya54-medium%20(2).webp?updatedAt=1786488765430
6a7ba7bc5c7cd75eb80c19a0,ecommerce,galaxya54-medium.webp,galaxya54 medium,Samsung,,,LOW,"folder mapping: ecommerce -> UNCATEGORIZED | note: Generic ecommerce folder - mixed assets, requires review | brand Samsung appears in 10 categories (cross-category brand)",https://ik.imagekit.io/0iaahkrcv/ecommerce/samsung/All%20Samsung%20Smartphones%20-%20Price%20in%20Kenya%20(4)/galaxya54-medium.webp?updatedAt=1786488765400
6a7ba7bc5c7cd75eb80c19c4,ecommerce,galaxya54d-medium (1).webp,galaxya54d medium,Samsung,,,LOW,"folder mapping: ecommerce -> UNCATEGORIZED | note: Generic ecommerce folder - mixed assets, requires review | brand Samsung appears in 10 categories (cross-category brand)",https://ik.imagekit.io/0iaahkrcv/ecommerce/samsung/All%20Samsung%20Smartphones%20-%20Price%20in%20Kenya%20(4)/galaxya54d-medium%20(1).webp?updatedAt=1786488765408
6a7ba7bc5c7cd75eb80c19a3,ecommerce,galaxya54d-medium (2).webp,galaxya54d medium,Samsung,,,LOW,"folder mapping: ecommerce -> UNCATEGORIZED | note: Generic ecommerce folder - mixed assets, requires review | brand Samsung appears in 10 categories (cross-category brand)",https://ik.imagekit.io/0iaahkrcv/ecommerce/samsung/All%20Samsung%20Smartphones%20-%20Price%20in%20Kenya%20(4)/galaxya54d-medium%20(2).webp?updatedAt=1786488765419
6a7ba7bc5c7cd75eb80c19a7,ecommerce,galaxya54d-medium.webp,galaxya54d medium,Samsung,,,LOW,"folder mapping: ecommerce -> UNCATEGORIZED | note: Generic ecommerce folder - mixed assets, requires review | brand Samsung appears in 10 categories (cross-category brand)",https://ik.imagekit.io/0iaahkrcv/ecommerce/samsung/All%20Samsung%20Smartphones%20-%20Price%20in%20Kenya%20(4)/galaxya54d-medium.webp?updatedAt=1786488765443
6a7ba7bc5c7cd75eb80c1a4a,ecommerce,galaxyf245g-medium (1).webp,galaxyf245g medium,Samsung,,,LOW,"folder mapping: ecommerce -> UNCATEGORIZED | note: Generic ecommerce folder - mixed assets, requires review | brand Samsung appears in 10 categories (cross-category brand)",https://ik.imagekit.io/0iaahkrcv/ecommerce/samsung/All%20Samsung%20Smartphones%20-%20Price%20in%20Kenya%20(4)/galaxyf245g-medium%20(1).webp?updatedAt=1786488765487
6a7ba7bc5c7cd75eb80c19a4,ecommerce,galaxyf245g-medium (2).webp,galaxyf245g medium,Samsung,,,LOW,"folder mapping: ecommerce -> UNCATEGORIZED | note: Generic ecommerce folder - mixed assets, requires review | brand Samsung appears in 10 categories (cross-category brand)",https://ik.imagekit.io/0iaahkrcv/ecommerce/samsung/All%20Samsung%20Smartphones%20-%20Price%20in%20Kenya%20(4)/galaxyf245g-medium%20(2).webp?updatedAt=1786488765968
6a7ba7bc5c7cd75eb80c1a4c,ecommerce,galaxyf245g-medium.webp,galaxyf245g medium,Samsung,,,LOW,"folder mapping: ecommerce -> UNCATEGORIZED | note: Generic ecommerce folder - mixed assets, requires review | brand Samsung appears in 10 categories (cross-category brand)",https://ik.imagekit.io/0iaahkrcv/ecommerce/samsung/All%20Samsung%20Smartphones%20-%20Price%20in%20Kenya%20(4)/galaxyf245g-medium.webp?updatedAt=1786488765522
6a7ba7bc5c7cd75eb80c19c8,ecommerce,galaxym24-medium (1).webp,galaxym24 medium,Samsung,,,LOW,"folder mapping: ecommerce -> UNCATEGORIZED | note: Generic ecommerce folder - mixed assets, requires review | brand Samsung appears in 10 categories (cross-category brand)",https://ik.imagekit.io/0iaahkrcv/ecommerce/samsung/All%20Samsung%20Smartphones%20-%20Price%20in%20Kenya%20(4)/galaxym24-medium%20(1).webp?updatedAt=1786488765425
6a7ba7bc5c7cd75eb80c19aa,ecommerce,galaxym24-medium (2).webp,galaxym24 medium,Samsung,,,LOW,"folder mapping: ecommerce -> UNCATEGORIZED | note: Generic ecommerce folder - mixed assets, requires review | brand Samsung appears in 10 categories (cross-category brand)",https://ik.imagekit.io/0iaahkrcv/ecommerce/samsung/All%20Samsung%20Smartphones%20-%20Price%20in%20Kenya%20(4)/galaxym24-medium%20(2).webp?updatedAt=1786488765986
6a7ba7bc5c7cd75eb80c1978,ecommerce,galaxym24-medium.webp,galaxym24 medium,Samsung,,,LOW,"folder mapping: ecommerce -> UNCATEGORIZED | note: Generic ecommerce folder - mixed assets, requires review | brand Samsung appears in 10 categories (cross-category brand)",https://ik.imagekit.io/0iaahkrcv/ecommerce/samsung/All%20Samsung%20Smartphones%20-%20Price%20in%20Kenya%20(4)/galaxym24-medium.webp?updatedAt=1786488765415
6a7ba7bc5c7cd75eb80c1998,ecommerce,galaxynote20b-medium (1).webp,galaxynote20b medium,Samsung,,,LOW,"folder mapping: ecommerce -> UNCATEGORIZED | note: Generic ecommerce folder - mixed assets, requires review | brand Samsung appears in 10 categories (cross-category brand)",https://ik.imagekit.io/0iaahkrcv/ecommerce/samsung/All%20Samsung%20Smartphones%20-%20Price%20in%20Kenya%20(4)/galaxynote20b-medium%20(1).webp?updatedAt=1786488765449
6a7ba7bc5c7cd75eb80c1993,ecommerce,galaxynote20b-medium (2).webp,galaxynote20b medium,Samsung,,,LOW,"folder mapping: ecommerce -> UNCATEGORIZED | note: Generic ecommerce folder - mixed assets, requires review | brand Samsung appears in 10 categories (cross-category brand)",https://ik.imagekit.io/0iaahkrcv/ecommerce/samsung/All%20Samsung%20Smartphones%20-%20Price%20in%20Kenya%20(4)/galaxynote20b-medium%20(2).webp?updatedAt=1786488765431
6a7ba7bc5c7cd75eb80c1a50,ecommerce,galaxynote20b-medium (3).webp,galaxynote20b medium,Samsung,,,LOW,"folder mapping: ecommerce -> UNCATEGORIZED | note: Generic ecommerce folder - mixed assets, requires review | brand Samsung appears in 10 categories (cross-category brand)",https://ik.imagekit.io/0iaahkrcv/ecommerce/samsung/All%20Samsung%20Smartphones%20-%20Price%20in%20Kenya%20(4)/galaxynote20b-medium%20(3).webp?updatedAt=1786488765538
6a7ba7bc5c7cd75eb80c19af,ecommerce,galaxynote20b-medium (4).webp,galaxynote20b medium,Samsung,,,LOW,"folder mapping: ecommerce -> UNCATEGORIZED | note: Generic ecommerce folder - mixed assets, requires review | brand Samsung appears in 10 categories (cross-category brand)",https://ik.imagekit.io/0iaahkrcv/ecommerce/samsung/All%20Samsung%20Smartphones%20-%20Price%20in%20Kenya%20(4)/galaxynote20b-medium%20(4).webp?updatedAt=1786488765425
6a7ba7bc5c7cd75eb80c19f9,ecommerce,galaxynote20b-medium (5).webp,galaxynote20b medium,Samsung,,,LOW,"folder mapping: ecommerce -> UNCATEGORIZED | note: Generic ecommerce folder - mixed assets, requires review | brand Samsung appears in 10 categories (cross-category brand)",https://ik.imagekit.io/0iaahkrcv/ecommerce/samsung/All%20Samsung%20Smartphones%20-%20Price%20in%20Kenya%20(4)/galaxynote20b-medium%20(5).webp?updatedAt=1786488765459
6a7ba7bc5c7cd75eb80c1a17,ecommerce,galaxynote20b-medium.webp,galaxynote20b medium,Samsung,,,LOW,"folder mapping: ecommerce -> UNCATEGORIZED | note: Generic ecommerce folder - mixed assets, requires review | brand Samsung appears in 10 categories (cross-category brand)",https://ik.imagekit.io/0iaahkrcv/ecommerce/samsung/All%20Samsung%20Smartphones%20-%20Price%20in%20Kenya%20(4)/galaxynote20b-medium.webp?updatedAt=1786488765538
6a7ba7bc5c7cd75eb80c19b8,ecommerce,galaxys22fe-medium (1).webp,galaxys22fe medium,Samsung,,,LOW,"folder mapping: ecommerce -> UNCATEGORIZED | note: Generic ecommerce folder - mixed assets, requires review | brand Samsung appears in 10 categories (cross-category brand)",https://ik.imagekit.io/0iaahkrcv/ecommerce/samsung/All%20Samsung%20Smartphones%20-%20Price%20in%20Kenya%20(4)/galaxys22fe-medium%20(1).webp?updatedAt=1786488765454
6a7ba7c05c7cd75eb80c5454,ecommerce,galaxys22fe-medium (2).webp,galaxys22fe medium,Samsung,,,LOW,"folder mapping: ecommerce -> UNCATEGORIZED | note: Generic ecommerce folder - mixed assets, requires review | brand Samsung appears in 10 categories (cross-category brand)",https://ik.imagekit.io/0iaahkrcv/ecommerce/samsung/All%20Samsung%20Smartphones%20-%20Price%20in%20Kenya%20(4)/galaxys22fe-medium%20(2).webp?updatedAt=1786488769460
6a7ba7c15c7cd75eb80c60a6,ecommerce,galaxys22fe-medium.webp,galaxys22fe medium,Samsung,,,LOW,"folder mapping: ecommerce -> UNCATEGORIZED | note: Generic ecommerce folder - mixed assets, requires review | brand Samsung appears in 10 categories (cross-category brand)",https://ik.imagekit.io/0iaahkrcv/ecommerce/samsung/All%20Samsung%20Smartphones%20-%20Price%20in%20Kenya%20(4)/galaxys22fe-medium.webp?updatedAt=1786488770105
6a7ba7c15c7cd75eb80c60a9,ecommerce,loader.631b9ed.svg,loader.631b9ed,,,,LOW,"folder mapping: ecommerce -> UNCATEGORIZED | note: Generic ecommerce folder - mixed assets, requires review",https://ik.imagekit.io/0iaahkrcv/ecommerce/samsung/All%20Samsung%20Smartphones%20-%20Price%20in%20Kenya%20(4)/loader.631b9ed.svg?updatedAt=1786488770105
6a7ba7c15c7cd75eb80c60ac,ecommerce,samsung-galalxy-note-9-a-medium (1).webp,samsung galalxy note 9 a medium,Samsung,,,LOW,"folder mapping: ecommerce -> UNCATEGORIZED | note: Generic ecommerce folder - mixed assets, requires review | brand Samsung appears in 10 categories (cross-category brand)",https://ik.imagekit.io/0iaahkrcv/ecommerce/samsung/All%20Samsung%20Smartphones%20-%20Price%20in%20Kenya%20(4)/samsung-galalxy-note-9-a-medium%20(1).webp?updatedAt=1786488770108
6a7ba7c25c7cd75eb80c6d70,ecommerce,samsung-galalxy-note-9-a-medium (2).webp,samsung galalxy note 9 a medium,Samsung,,,LOW,"folder mapping: ecommerce -> UNCATEGORIZED | note: Generic ecommerce folder - mixed assets, requires review | brand Samsung appears in 10 categories (cross-category brand)",https://ik.imagekit.io/0iaahkrcv/ecommerce/samsung/All%20Samsung%20Smartphones%20-%20Price%20in%20Kenya%20(4)/samsung-galalxy-note-9-a-medium%20(2).webp?updatedAt=1786488770939
6a7ba7c25c7cd75eb80c6e5c,ecommerce,samsung-galalxy-note-9-a-medium (3).webp,samsung galalxy note 9 a medium,Samsung,,,LOW,"folder mapping: ecommerce -> UNCATEGORIZED | note: Generic ecommerce folder - mixed assets, requires review | brand Samsung appears in 10 categories (cross-category brand)",https://ik.imagekit.io/0iaahkrcv/ecommerce/samsung/All%20Samsung%20Smartphones%20-%20Price%20in%20Kenya%20(4)/samsung-galalxy-note-9-a-medium%20(3).webp?updatedAt=1786488771079
6a7ba7c25c7cd75eb80c6e61,ecommerce,samsung-galalxy-note-9-a-medium (4).webp,samsung galalxy note 9 a medium,Samsung,,,LOW,"folder mapping: ecommerce -> UNCATEGORIZED | note: Generic ecommerce folder - mixed assets, requires review | brand Samsung appears in 10 categories (cross-category brand)",https://ik.imagekit.io/0iaahkrcv/ecommerce/samsung/All%20Samsung%20Smartphones%20-%20Price%20in%20Kenya%20(4)/samsung-galalxy-note-9-a-medium%20(4).webp?updatedAt=1786488771073
6a7ba7c25c7cd75eb80c6e6d,ecommerce,samsung-galalxy-note-9-a-medium (5).webp,samsung galalxy note 9 a medium,Samsung,,,LOW,"folder mapping: ecommerce -> UNCATEGORIZED | note: Generic ecommerce folder - mixed assets, requires review | brand Samsung appears in 10 categories (cross-category brand)",https://ik.imagekit.io/0iaahkrcv/ecommerce/samsung/All%20Samsung%20Smartphones%20-%20Price%20in%20Kenya%20(4)/samsung-galalxy-note-9-a-medium%20(5).webp?updatedAt=1786488771088
6a7ba7c25c7cd75eb80c6e75,ecommerce,samsung-galalxy-note-9-a-medium.webp,samsung galalxy note 9 a medium,Samsung,,,LOW,"folder mapping: ecommerce -> UNCATEGORIZED | note: Generic ecommerce folder - mixed assets, requires review | brand Samsung appears in 10 categories (cross-category brand)",https://ik.imagekit.io/0iaahkrcv/ecommerce/samsung/All%20Samsung%20Smartphones%20-%20Price%20in%20Kenya%20(4)/samsung-galalxy-note-9-a-medium.webp?updatedAt=1786488771085
6a7ba80c5c7cd75eb8108860,ecommerce,search.7d254c6.svg,search.7d254c6,,,,LOW,"folder mapping: ecommerce -> UNCATEGORIZED | note: Generic ecommerce folder - mixed assets, requires review",https://ik.imagekit.io/0iaahkrcv/ecommerce/samsung/All%20Samsung%20Smartphones%20-%20Price%20in%20Kenya%20(4)/search.7d254c6.svg?updatedAt=1786488845476
6a7ba80c5c7cd75eb8108874,ecommerce,whatsapp.svg,whatsapp,,,,LOW,"folder mapping: ecommerce -> UNCATEGORIZED | note: Generic ecommerce folder - mixed assets, requires review",https://ik.imagekit.io/0iaahkrcv/ecommerce/samsung/All%20Samsung%20Smartphones%20-%20Price%20in%20Kenya%20(4)/whatsapp.svg?updatedAt=1786488845476
6a7ba7705c7cd75eb8078240,ecommerce,default (1).svg,default,,,,LOW,"folder mapping: ecommerce -> UNCATEGORIZED | note: Generic ecommerce folder - mixed assets, requires review",https://ik.imagekit.io/0iaahkrcv/ecommerce/samsung/All%20Samsung%20Smartphones%20-%20Price%20in%20Kenya%20(5)/default%20(1).svg?updatedAt=1786488688775
6a7ba7705c7cd75eb807829e,ecommerce,default (10).svg,default,,,,LOW,"folder mapping: ecommerce -> UNCATEGORIZED | note: Generic ecommerce folder - mixed assets, requires review",https://ik.imagekit.io/0iaahkrcv/ecommerce/samsung/All%20Samsung%20Smartphones%20-%20Price%20in%20Kenya%20(5)/default%20(10).svg?updatedAt=1786488688805
6a7ba7705c7cd75eb8078229,ecommerce,default (11).svg,default,,,,LOW,"folder mapping: ecommerce -> UNCATEGORIZED | note: Generic ecommerce folder - mixed assets, requires review",https://ik.imagekit.io/0iaahkrcv/ecommerce/samsung/All%20Samsung%20Smartphones%20-%20Price%20in%20Kenya%20(5)/default%20(11).svg?updatedAt=1786488688757
6a7ba7705c7cd75eb807824c,ecommerce,default (12).svg,default,,,,LOW,"folder mapping: ecommerce -> UNCATEGORIZED | note: Generic ecommerce folder - mixed assets, requires review",https://ik.imagekit.io/0iaahkrcv/ecommerce/samsung/All%20Samsung%20Smartphones%20-%20Price%20in%20Kenya%20(5)/default%20(12).svg?updatedAt=1786488688753
6a7ba7705c7cd75eb8078283,ecommerce,default (13).svg,default,,,,LOW,"folder mapping: ecommerce -> UNCATEGORIZED | note: Generic ecommerce folder - mixed assets, requires review",https://ik.imagekit.io/0iaahkrcv/ecommerce/samsung/All%20Samsung%20Smartphones%20-%20Price%20in%20Kenya%20(5)/default%20(13).svg?updatedAt=1786488688905
6a7ba7745c7cd75eb807caa6,ecommerce,default (14).svg,default,,,,LOW,"folder mapping: ecommerce -> UNCATEGORIZED | note: Generic ecommerce folder - mixed assets, requires review",https://ik.imagekit.io/0iaahkrcv/ecommerce/samsung/All%20Samsung%20Smartphones%20-%20Price%20in%20Kenya%20(5)/default%20(14).svg?updatedAt=1786488693352
6a7ba7745c7cd75eb807cde2,ecommerce,default (15).svg,default,,,,LOW,"folder mapping: ecommerce -> UNCATEGORIZED | note: Generic ecommerce folder - mixed assets, requires review",https://ik.imagekit.io/0iaahkrcv/ecommerce/samsung/All%20Samsung%20Smartphones%20-%20Price%20in%20Kenya%20(5)/default%20(15).svg?updatedAt=1786488693534
6a7ba7745c7cd75eb807cde6,ecommerce,default (16).svg,default,,,,LOW,"folder mapping: ecommerce -> UNCATEGORIZED | note: Generic ecommerce folder - mixed assets, requires review",https://ik.imagekit.io/0iaahkrcv/ecommerce/samsung/All%20Samsung%20Smartphones%20-%20Price%20in%20Kenya%20(5)/default%20(16).svg?updatedAt=1786488693539
6a7ba7755c7cd75eb807d3d6,ecommerce,default (17).svg,default,,,,LOW,"folder mapping: ecommerce -> UNCATEGORIZED | note: Generic ecommerce folder - mixed assets, requires review",https://ik.imagekit.io/0iaahkrcv/ecommerce/samsung/All%20Samsung%20Smartphones%20-%20Price%20in%20Kenya%20(5)/default%20(17).svg?updatedAt=1786488694171
6a7ba7745c7cd75eb807cde0,ecommerce,default (2).svg,default,,,,LOW,"folder mapping: ecommerce -> UNCATEGORIZED | note: Generic ecommerce folder - mixed assets, requires review",https://ik.imagekit.io/0iaahkrcv/ecommerce/samsung/All%20Samsung%20Smartphones%20-%20Price%20in%20Kenya%20(5)/default%20(2).svg?updatedAt=1786488693537
6a7ba7755c7cd75eb807d2e2,ecommerce,default (3).svg,default,,,,LOW,"folder mapping: ecommerce -> UNCATEGORIZED | note: Generic ecommerce folder - mixed assets, requires review",https://ik.imagekit.io/0iaahkrcv/ecommerce/samsung/All%20Samsung%20Smartphones%20-%20Price%20in%20Kenya%20(5)/default%20(3).svg?updatedAt=1786488694123
6a7ba7755c7cd75eb807d3ef,ecommerce,default (4).svg,default,,,,LOW,"folder mapping: ecommerce -> UNCATEGORIZED | note: Generic ecommerce folder - mixed assets, requires review",https://ik.imagekit.io/0iaahkrcv/ecommerce/samsung/All%20Samsung%20Smartphones%20-%20Price%20in%20Kenya%20(5)/default%20(4).svg?updatedAt=1786488694175
6a7ba7755c7cd75eb807d3ec,ecommerce,default (5).svg,default,,,,LOW,"folder mapping: ecommerce -> UNCATEGORIZED | note: Generic ecommerce folder - mixed assets, requires review",https://ik.imagekit.io/0iaahkrcv/ecommerce/samsung/All%20Samsung%20Smartphones%20-%20Price%20in%20Kenya%20(5)/default%20(5).svg?updatedAt=1786488694177
6a7ba7755c7cd75eb807d3e9,ecommerce,default (6).svg,default,,,,LOW,"folder mapping: ecommerce -> UNCATEGORIZED | note: Generic ecommerce folder - mixed assets, requires review",https://ik.imagekit.io/0iaahkrcv/ecommerce/samsung/All%20Samsung%20Smartphones%20-%20Price%20in%20Kenya%20(5)/default%20(6).svg?updatedAt=1786488694175
6a7ba7755c7cd75eb807d441,ecommerce,default (7).svg,default,,,,LOW,"folder mapping: ecommerce -> UNCATEGORIZED | note: Generic ecommerce folder - mixed assets, requires review",https://ik.imagekit.io/0iaahkrcv/ecommerce/samsung/All%20Samsung%20Smartphones%20-%20Price%20in%20Kenya%20(5)/default%20(7).svg?updatedAt=1786488694199
6a7ba7755c7cd75eb807d4e1,ecommerce,default (8).svg,default,,,,LOW,"folder mapping: ecommerce -> UNCATEGORIZED | note: Generic ecommerce folder - mixed assets, requires review",https://ik.imagekit.io/0iaahkrcv/ecommerce/samsung/All%20Samsung%20Smartphones%20-%20Price%20in%20Kenya%20(5)/default%20(8).svg?updatedAt=1786488694237
6a7ba7775c7cd75eb807f35f,ecommerce,default (9).svg,default,,,,LOW,"folder mapping: ecommerce -> UNCATEGORIZED | note: Generic ecommerce folder - mixed assets, requires review",https://ik.imagekit.io/0iaahkrcv/ecommerce/samsung/All%20Samsung%20Smartphones%20-%20Price%20in%20Kenya%20(5)/default%20(9).svg?updatedAt=1786488695938
6a7ba77f5c7cd75eb80866c6,ecommerce,default.svg,default,,,,LOW,"folder mapping: ecommerce -> UNCATEGORIZED | note: Generic ecommerce folder - mixed assets, requires review",https://ik.imagekit.io/0iaahkrcv/ecommerce/samsung/All%20Samsung%20Smartphones%20-%20Price%20in%20Kenya%20(5)/default.svg?updatedAt=1786488703570
6a7ba7af5c7cd75eb80b4638,ecommerce,galaxym04-medium.webp,galaxym04 medium,Samsung,,,LOW,"folder mapping: ecommerce -> UNCATEGORIZED | note: Generic ecommerce folder - mixed assets, requires review | brand Samsung appears in 10 categories (cross-category brand)",https://ik.imagekit.io/0iaahkrcv/ecommerce/samsung/All%20Samsung%20Smartphones%20-%20Price%20in%20Kenya%20(5)/galaxym04-medium.webp?updatedAt=1786488751762
6a7ba7b85c7cd75eb80bd93e,ecommerce,galaxym145gb-medium.webp,galaxym145gb medium,Samsung,,,LOW,"folder mapping: ecommerce -> UNCATEGORIZED | note: Generic ecommerce folder - mixed assets, requires review | brand Samsung appears in 10 categories (cross-category brand)",https://ik.imagekit.io/0iaahkrcv/ecommerce/samsung/All%20Samsung%20Smartphones%20-%20Price%20in%20Kenya%20(5)/galaxym145gb-medium.webp?updatedAt=1786488761280
6a7ba7b85c7cd75eb80bd985,ecommerce,galaxynote20b-medium.webp,galaxynote20b medium,Samsung,,,LOW,"folder mapping: ecommerce -> UNCATEGORIZED | note: Generic ecommerce folder - mixed assets, requires review | brand Samsung appears in 10 categories (cross-category brand)",https://ik.imagekit.io/0iaahkrcv/ecommerce/samsung/All%20Samsung%20Smartphones%20-%20Price%20in%20Kenya%20(5)/galaxynote20b-medium.webp?updatedAt=1786488761293
6a7ba71a5c7cd75eb802fbdd,ecommerce,app-logo-desktop.svg,app logo desktop,,,,LOW,"folder mapping: ecommerce -> UNCATEGORIZED | note: Generic ecommerce folder - mixed assets, requires review",https://ik.imagekit.io/0iaahkrcv/ecommerce/samsung/All%20Samsung%20Smartphones%20-%20Price%20in%20Kenya%20(6)/app-logo-desktop.svg?updatedAt=1786488602701
6a7ba71a5c7cd75eb802f977,ecommerce,chevron-down.8ee3574.svg,chevron down.8ee3574,,,,LOW,"folder mapping: ecommerce -> UNCATEGORIZED | note: Generic ecommerce folder - mixed assets, requires review",https://ik.imagekit.io/0iaahkrcv/ecommerce/samsung/All%20Samsung%20Smartphones%20-%20Price%20in%20Kenya%20(6)/chevron-down.8ee3574.svg?updatedAt=1786488602668
6a7ba71a5c7cd75eb802fa43,ecommerce,default (1).svg,default,,,,LOW,"folder mapping: ecommerce -> UNCATEGORIZED | note: Generic ecommerce folder - mixed assets, requires review",https://ik.imagekit.io/0iaahkrcv/ecommerce/samsung/All%20Samsung%20Smartphones%20-%20Price%20in%20Kenya%20(6)/default%20(1).svg?updatedAt=1786488602684
6a7ba71a5c7cd75eb802f9ce,ecommerce,default (10).svg,default,,,,LOW,"folder mapping: ecommerce -> UNCATEGORIZED | note: Generic ecommerce folder - mixed assets, requires review",https://ik.imagekit.io/0iaahkrcv/ecommerce/samsung/All%20Samsung%20Smartphones%20-%20Price%20in%20Kenya%20(6)/default%20(10).svg?updatedAt=1786488602668
6a7ba71a5c7cd75eb802fa27,ecommerce,default (11).svg,default,,,,LOW,"folder mapping: ecommerce -> UNCATEGORIZED | note: Generic ecommerce folder - mixed assets, requires review",https://ik.imagekit.io/0iaahkrcv/ecommerce/samsung/All%20Samsung%20Smartphones%20-%20Price%20in%20Kenya%20(6)/default%20(11).svg?updatedAt=1786488602667
6a7ba71a5c7cd75eb802f8ab,ecommerce,default (12).svg,default,,,,LOW,"folder mapping: ecommerce -> UNCATEGORIZED | note: Generic ecommerce folder - mixed assets, requires review",https://ik.imagekit.io/0iaahkrcv/ecommerce/samsung/All%20Samsung%20Smartphones%20-%20Price%20in%20Kenya%20(6)/default%20(12).svg?updatedAt=1786488602619
6a7ba71a5c7cd75eb802f9ec,ecommerce,default (13).svg,default,,,,LOW,"folder mapping: ecommerce -> UNCATEGORIZED | note: Generic ecommerce folder - mixed assets, requires review",https://ik.imagekit.io/0iaahkrcv/ecommerce/samsung/All%20Samsung%20Smartphones%20-%20Price%20in%20Kenya%20(6)/default%20(13).svg?updatedAt=1786488602677
6a7ba71a5c7cd75eb802fbf6,ecommerce,default (14).svg,default,,,,LOW,"folder mapping: ecommerce -> UNCATEGORIZED | note: Generic ecommerce folder - mixed assets, requires review",https://ik.imagekit.io/0iaahkrcv/ecommerce/samsung/All%20Samsung%20Smartphones%20-%20Price%20in%20Kenya%20(6)/default%20(14).svg?updatedAt=1786488602722
6a7ba71a5c7cd75eb802fc7c,ecommerce,default (15).svg,default,,,,LOW,"folder mapping: ecommerce -> UNCATEGORIZED | note: Generic ecommerce folder - mixed assets, requires review",https://ik.imagekit.io/0iaahkrcv/ecommerce/samsung/All%20Samsung%20Smartphones%20-%20Price%20in%20Kenya%20(6)/default%20(15).svg?updatedAt=1786488602725
6a7ba71a5c7cd75eb802fa1e,ecommerce,default (16).svg,default,,,,LOW,"folder mapping: ecommerce -> UNCATEGORIZED | note: Generic ecommerce folder - mixed assets, requires review",https://ik.imagekit.io/0iaahkrcv/ecommerce/samsung/All%20Samsung%20Smartphones%20-%20Price%20in%20Kenya%20(6)/default%20(16).svg?updatedAt=1786488602718
6a7ba71a5c7cd75eb802fc8b,ecommerce,default (17).svg,default,,,,LOW,"folder mapping: ecommerce -> UNCATEGORIZED | note: Generic ecommerce folder - mixed assets, requires review",https://ik.imagekit.io/0iaahkrcv/ecommerce/samsung/All%20Samsung%20Smartphones%20-%20Price%20in%20Kenya%20(6)/default%20(17).svg?updatedAt=1786488602746
6a7ba71a5c7cd75eb802fb17,ecommerce,default (2).svg,default,,,,LOW,"folder mapping: ecommerce -> UNCATEGORIZED | note: Generic ecommerce folder - mixed assets, requires review",https://ik.imagekit.io/0iaahkrcv/ecommerce/samsung/All%20Samsung%20Smartphones%20-%20Price%20in%20Kenya%20(6)/default%20(2).svg?updatedAt=1786488602722
6a7ba71a5c7cd75eb802fc27,ecommerce,default (3).svg,default,,,,LOW,"folder mapping: ecommerce -> UNCATEGORIZED | note: Generic ecommerce folder - mixed assets, requires review",https://ik.imagekit.io/0iaahkrcv/ecommerce/samsung/All%20Samsung%20Smartphones%20-%20Price%20in%20Kenya%20(6)/default%20(3).svg?updatedAt=1786488602734
6a7ba71a5c7cd75eb802fc35,ecommerce,default (4).svg,default,,,,LOW,"folder mapping: ecommerce -> UNCATEGORIZED | note: Generic ecommerce folder - mixed assets, requires review",https://ik.imagekit.io/0iaahkrcv/ecommerce/samsung/All%20Samsung%20Smartphones%20-%20Price%20in%20Kenya%20(6)/default%20(4).svg?updatedAt=1786488602740
6a7ba71a5c7cd75eb802fc3d,ecommerce,default (5).svg,default,,,,LOW,"folder mapping: ecommerce -> UNCATEGORIZED | note: Generic ecommerce folder - mixed assets, requires review",https://ik.imagekit.io/0iaahkrcv/ecommerce/samsung/All%20Samsung%20Smartphones%20-%20Price%20in%20Kenya%20(6)/default%20(5).svg?updatedAt=1786488602738
6a7ba71a5c7cd75eb802fc15,ecommerce,default (6).svg,default,,,,LOW,"folder mapping: ecommerce -> UNCATEGORIZED | note: Generic ecommerce folder - mixed assets, requires review",https://ik.imagekit.io/0iaahkrcv/ecommerce/samsung/All%20Samsung%20Smartphones%20-%20Price%20in%20Kenya%20(6)/default%20(6).svg?updatedAt=1786488602714
6a7ba71a5c7cd75eb802fcd8,ecommerce,default (7).svg,default,,,,LOW,"folder mapping: ecommerce -> UNCATEGORIZED | note: Generic ecommerce folder - mixed assets, requires review",https://ik.imagekit.io/0iaahkrcv/ecommerce/samsung/All%20Samsung%20Smartphones%20-%20Price%20in%20Kenya%20(6)/default%20(7).svg?updatedAt=1786488602770
6a7ba71a5c7cd75eb802fd00,ecommerce,default (8).svg,default,,,,LOW,"folder mapping: ecommerce -> UNCATEGORIZED | note: Generic ecommerce folder - mixed assets, requires review",https://ik.imagekit.io/0iaahkrcv/ecommerce/samsung/All%20Samsung%20Smartphones%20-%20Price%20in%20Kenya%20(6)/default%20(8).svg?updatedAt=1786488602790
6a7ba71a5c7cd75eb802fcfa,ecommerce,default (9).svg,default,,,,LOW,"folder mapping: ecommerce -> UNCATEGORIZED | note: Generic ecommerce folder - mixed assets, requires review",https://ik.imagekit.io/0iaahkrcv/ecommerce/samsung/All%20Samsung%20Smartphones%20-%20Price%20in%20Kenya%20(6)/default%20(9).svg?updatedAt=1786488602772
6a7ba71a5c7cd75eb802fd12,ecommerce,default.svg,default,,,,LOW,"folder mapping: ecommerce -> UNCATEGORIZED | note: Generic ecommerce folder - mixed assets, requires review",https://ik.imagekit.io/0iaahkrcv/ecommerce/samsung/All%20Samsung%20Smartphones%20-%20Price%20in%20Kenya%20(6)/default.svg?updatedAt=1786488602778
6a7ba71a5c7cd75eb802fdb6,ecommerce,galaxya04sa-medium (1).webp,galaxya04sa medium,Samsung,,,LOW,"folder mapping: ecommerce -> UNCATEGORIZED | note: Generic ecommerce folder - mixed assets, requires review | brand Samsung appears in 10 categories (cross-category brand)",https://ik.imagekit.io/0iaahkrcv/ecommerce/samsung/All%20Samsung%20Smartphones%20-%20Price%20in%20Kenya%20(6)/galaxya04sa-medium%20(1).webp?updatedAt=1786488602781
6a7ba71a5c7cd75eb802fde9,ecommerce,galaxya04sa-medium (2).webp,galaxya04sa medium,Samsung,,,LOW,"folder mapping: ecommerce -> UNCATEGORIZED | note: Generic ecommerce folder - mixed assets, requires review | brand Samsung appears in 10 categories (cross-category brand)",https://ik.imagekit.io/0iaahkrcv/ecommerce/samsung/All%20Samsung%20Smartphones%20-%20Price%20in%20Kenya%20(6)/galaxya04sa-medium%20(2).webp?updatedAt=1786488602850
6a7ba71a5c7cd75eb803011c,ecommerce,galaxya04sa-medium (3).webp,galaxya04sa medium,Samsung,,,LOW,"folder mapping: ecommerce -> UNCATEGORIZED | note: Generic ecommerce folder - mixed assets, requires review | brand Samsung appears in 10 categories (cross-category brand)",https://ik.imagekit.io/0iaahkrcv/ecommerce/samsung/All%20Samsung%20Smartphones%20-%20Price%20in%20Kenya%20(6)/galaxya04sa-medium%20(3).webp?updatedAt=1786488602918
6a7ba71a5c7cd75eb802fdad,ecommerce,galaxya04sa-medium (4).webp,galaxya04sa medium,Samsung,,,LOW,"folder mapping: ecommerce -> UNCATEGORIZED | note: Generic ecommerce folder - mixed assets, requires review | brand Samsung appears in 10 categories (cross-category brand)",https://ik.imagekit.io/0iaahkrcv/ecommerce/samsung/All%20Samsung%20Smartphones%20-%20Price%20in%20Kenya%20(6)/galaxya04sa-medium%20(4).webp?updatedAt=1786488602834
6a7ba71a5c7cd75eb802fefd,ecommerce,galaxya04sa-medium (5).webp,galaxya04sa medium,Samsung,,,LOW,"folder mapping: ecommerce -> UNCATEGORIZED | note: Generic ecommerce folder - mixed assets, requires review | brand Samsung appears in 10 categories (cross-category brand)",https://ik.imagekit.io/0iaahkrcv/ecommerce/samsung/All%20Samsung%20Smartphones%20-%20Price%20in%20Kenya%20(6)/galaxya04sa-medium%20(5).webp?updatedAt=1786488602875
6a7ba71a5c7cd75eb802ffea,ecommerce,galaxya04sa-medium.webp,galaxya04sa medium,Samsung,,,LOW,"folder mapping: ecommerce -> UNCATEGORIZED | note: Generic ecommerce folder - mixed assets, requires review | brand Samsung appears in 10 categories (cross-category brand)",https://ik.imagekit.io/0iaahkrcv/ecommerce/samsung/All%20Samsung%20Smartphones%20-%20Price%20in%20Kenya%20(6)/galaxya04sa-medium.webp?updatedAt=1786488602959
6a7ba71a5c7cd75eb802ff64,ecommerce,galaxya244gb-medium (1).webp,galaxya244gb medium,Samsung,,,LOW,"folder mapping: ecommerce -> UNCATEGORIZED | note: Generic ecommerce folder - mixed assets, requires review | brand Samsung appears in 10 categories (cross-category brand)",https://ik.imagekit.io/0iaahkrcv/ecommerce/samsung/All%20Samsung%20Smartphones%20-%20Price%20in%20Kenya%20(6)/galaxya244gb-medium%20(1).webp?updatedAt=1786488602882
6a7ba71a5c7cd75eb80301d9,ecommerce,galaxya244gb-medium (2).webp,galaxya244gb medium,Samsung,,,LOW,"folder mapping: ecommerce -> UNCATEGORIZED | note: Generic ecommerce folder - mixed assets, requires review | brand Samsung appears in 10 categories (cross-category brand)",https://ik.imagekit.io/0iaahkrcv/ecommerce/samsung/All%20Samsung%20Smartphones%20-%20Price%20in%20Kenya%20(6)/galaxya244gb-medium%20(2).webp?updatedAt=1786488602961
6a7ba71a5c7cd75eb802ff57,ecommerce,galaxya244gb-medium (3).webp,galaxya244gb medium,Samsung,,,LOW,"folder mapping: ecommerce -> UNCATEGORIZED | note: Generic ecommerce folder - mixed assets, requires review | brand Samsung appears in 10 categories (cross-category brand)",https://ik.imagekit.io/0iaahkrcv/ecommerce/samsung/All%20Samsung%20Smartphones%20-%20Price%20in%20Kenya%20(6)/galaxya244gb-medium%20(3).webp?updatedAt=1786488602857
6a7ba71b5c7cd75eb80313b7,ecommerce,galaxya244gb-medium (4).webp,galaxya244gb medium,Samsung,,,LOW,"folder mapping: ecommerce -> UNCATEGORIZED | note: Generic ecommerce folder - mixed assets, requires review | brand Samsung appears in 10 categories (cross-category brand)",https://ik.imagekit.io/0iaahkrcv/ecommerce/samsung/All%20Samsung%20Smartphones%20-%20Price%20in%20Kenya%20(6)/galaxya244gb-medium%20(4).webp?updatedAt=1786488603814
6a7ba7205c7cd75eb8035cd6,ecommerce,galaxya244gb-medium (5).webp,galaxya244gb medium,Samsung,,,LOW,"folder mapping: ecommerce -> UNCATEGORIZED | note: Generic ecommerce folder - mixed assets, requires review | brand Samsung appears in 10 categories (cross-category brand)",https://ik.imagekit.io/0iaahkrcv/ecommerce/samsung/All%20Samsung%20Smartphones%20-%20Price%20in%20Kenya%20(6)/galaxya244gb-medium%20(5).webp?updatedAt=1786488608677
6a7ba7205c7cd75eb8036b49,ecommerce,galaxya244gb-medium.webp,galaxya244gb medium,Samsung,,,LOW,"folder mapping: ecommerce -> UNCATEGORIZED | note: Generic ecommerce folder - mixed assets, requires review | brand Samsung appears in 10 categories (cross-category brand)",https://ik.imagekit.io/0iaahkrcv/ecommerce/samsung/All%20Samsung%20Smartphones%20-%20Price%20in%20Kenya%20(6)/galaxya244gb-medium.webp?updatedAt=1786488609558
6a7ba7205c7cd75eb8036b4b,ecommerce,galaxya34a-medium (1).webp,galaxya34a medium,Samsung,,,LOW,"folder mapping: ecommerce -> UNCATEGORIZED | note: Generic ecommerce folder - mixed assets, requires review | brand Samsung appears in 10 categories (cross-category brand)",https://ik.imagekit.io/0iaahkrcv/ecommerce/samsung/All%20Samsung%20Smartphones%20-%20Price%20in%20Kenya%20(6)/galaxya34a-medium%20(1).webp?updatedAt=1786488609572
6a7ba7215c7cd75eb8036b59,ecommerce,galaxya34a-medium (2).webp,galaxya34a medium,Samsung,,,LOW,"folder mapping: ecommerce -> UNCATEGORIZED | note: Generic ecommerce folder - mixed assets, requires review | brand Samsung appears in 10 categories (cross-category brand)",https://ik.imagekit.io/0iaahkrcv/ecommerce/samsung/All%20Samsung%20Smartphones%20-%20Price%20in%20Kenya%20(6)/galaxya34a-medium%20(2).webp?updatedAt=1786488609623
6a7ba7215c7cd75eb8036b70,ecommerce,galaxya34a-medium (3).webp,galaxya34a medium,Samsung,,,LOW,"folder mapping: ecommerce -> UNCATEGORIZED | note: Generic ecommerce folder - mixed assets, requires review | brand Samsung appears in 10 categories (cross-category brand)",https://ik.imagekit.io/0iaahkrcv/ecommerce/samsung/All%20Samsung%20Smartphones%20-%20Price%20in%20Kenya%20(6)/galaxya34a-medium%20(3).webp?updatedAt=1786488609634
6a7ba7215c7cd75eb8036b80,ecommerce,galaxya34a-medium (4).webp,galaxya34a medium,Samsung,,,LOW,"folder mapping: ecommerce -> UNCATEGORIZED | note: Generic ecommerce folder - mixed assets, requires review | brand Samsung appears in 10 categories (cross-category brand)",https://ik.imagekit.io/0iaahkrcv/ecommerce/samsung/All%20Samsung%20Smartphones%20-%20Price%20in%20Kenya%20(6)/galaxya34a-medium%20(4).webp?updatedAt=1786488609674
6a7ba7225c7cd75eb8038173,ecommerce,galaxya34a-medium (5).webp,galaxya34a medium,Samsung,,,LOW,"folder mapping: ecommerce -> UNCATEGORIZED | note: Generic ecommerce folder - mixed assets, requires review | brand Samsung appears in 10 categories (cross-category brand)",https://ik.imagekit.io/0iaahkrcv/ecommerce/samsung/All%20Samsung%20Smartphones%20-%20Price%20in%20Kenya%20(6)/galaxya34a-medium%20(5).webp?updatedAt=1786488611164
6a7ba7225c7cd75eb803818b,ecommerce,galaxya34a-medium.webp,galaxya34a medium,Samsung,,,LOW,"folder mapping: ecommerce -> UNCATEGORIZED | note: Generic ecommerce folder - mixed assets, requires review | brand Samsung appears in 10 categories (cross-category brand)",https://ik.imagekit.io/0iaahkrcv/ecommerce/samsung/All%20Samsung%20Smartphones%20-%20Price%20in%20Kenya%20(6)/galaxya34a-medium.webp?updatedAt=1786488611166
6a7ba7225c7cd75eb803818d,ecommerce,galaxya54d-medium (1).webp,galaxya54d medium,Samsung,,,LOW,"folder mapping: ecommerce -> UNCATEGORIZED | note: Generic ecommerce folder - mixed assets, requires review | brand Samsung appears in 10 categories (cross-category brand)",https://ik.imagekit.io/0iaahkrcv/ecommerce/samsung/All%20Samsung%20Smartphones%20-%20Price%20in%20Kenya%20(6)/galaxya54d-medium%20(1).webp?updatedAt=1786488611167
6a7ba7225c7cd75eb8038196,ecommerce,galaxya54d-medium (2).webp,galaxya54d medium,Samsung,,,LOW,"folder mapping: ecommerce -> UNCATEGORIZED | note: Generic ecommerce folder - mixed assets, requires review | brand Samsung appears in 10 categories (cross-category brand)",https://ik.imagekit.io/0iaahkrcv/ecommerce/samsung/All%20Samsung%20Smartphones%20-%20Price%20in%20Kenya%20(6)/galaxya54d-medium%20(2).webp?updatedAt=1786488611175
6a7ba7245c7cd75eb8039083,ecommerce,galaxya54d-medium.webp,galaxya54d medium,Samsung,,,LOW,"folder mapping: ecommerce -> UNCATEGORIZED | note: Generic ecommerce folder - mixed assets, requires review | brand Samsung appears in 10 categories (cross-category brand)",https://ik.imagekit.io/0iaahkrcv/ecommerce/samsung/All%20Samsung%20Smartphones%20-%20Price%20in%20Kenya%20(6)/galaxya54d-medium.webp?updatedAt=1786488612600
6a7ba7245c7cd75eb80390cc,ecommerce,galaxyf04-medium (1).webp,galaxyf04 medium,Samsung,,,LOW,"folder mapping: ecommerce -> UNCATEGORIZED | note: Generic ecommerce folder - mixed assets, requires review | brand Samsung appears in 10 categories (cross-category brand)",https://ik.imagekit.io/0iaahkrcv/ecommerce/samsung/All%20Samsung%20Smartphones%20-%20Price%20in%20Kenya%20(6)/galaxyf04-medium%20(1).webp?updatedAt=1786488612619
6a7ba7265c7cd75eb8039b37,ecommerce,galaxyf04-medium (2).webp,galaxyf04 medium,Samsung,,,LOW,"folder mapping: ecommerce -> UNCATEGORIZED | note: Generic ecommerce folder - mixed assets, requires review | brand Samsung appears in 10 categories (cross-category brand)",https://ik.imagekit.io/0iaahkrcv/ecommerce/samsung/All%20Samsung%20Smartphones%20-%20Price%20in%20Kenya%20(6)/galaxyf04-medium%20(2).webp?updatedAt=1786488614628
6a7ba74c5c7cd75eb805aa4a,ecommerce,galaxyf04-medium.webp,galaxyf04 medium,Samsung,,,LOW,"folder mapping: ecommerce -> UNCATEGORIZED | note: Generic ecommerce folder - mixed assets, requires review | brand Samsung appears in 10 categories (cross-category brand)",https://ik.imagekit.io/0iaahkrcv/ecommerce/samsung/All%20Samsung%20Smartphones%20-%20Price%20in%20Kenya%20(6)/galaxyf04-medium.webp?updatedAt=1786488653503
6a7ba7645c7cd75eb806fdbe,ecommerce,galaxyf23c-medium (1).webp,galaxyf23c medium,Samsung,,,LOW,"folder mapping: ecommerce -> UNCATEGORIZED | note: Generic ecommerce folder - mixed assets, requires review | brand Samsung appears in 10 categories (cross-category brand)",https://ik.imagekit.io/0iaahkrcv/ecommerce/samsung/All%20Samsung%20Smartphones%20-%20Price%20in%20Kenya%20(6)/galaxyf23c-medium%20(1).webp?updatedAt=1786488677256
6a7ba7645c7cd75eb806fde5,ecommerce,galaxyf23c-medium (2).webp,galaxyf23c medium,Samsung,,,LOW,"folder mapping: ecommerce -> UNCATEGORIZED | note: Generic ecommerce folder - mixed assets, requires review | brand Samsung appears in 10 categories (cross-category brand)",https://ik.imagekit.io/0iaahkrcv/ecommerce/samsung/All%20Samsung%20Smartphones%20-%20Price%20in%20Kenya%20(6)/galaxyf23c-medium%20(2).webp?updatedAt=1786488677356
6a7ba7645c7cd75eb806fdea,ecommerce,galaxyf23c-medium.webp,galaxyf23c medium,Samsung,,,LOW,"folder mapping: ecommerce -> UNCATEGORIZED | note: Generic ecommerce folder - mixed assets, requires review | brand Samsung appears in 10 categories (cross-category brand)",https://ik.imagekit.io/0iaahkrcv/ecommerce/samsung/All%20Samsung%20Smartphones%20-%20Price%20in%20Kenya%20(6)/galaxyf23c-medium.webp?updatedAt=1786488677360
6a7ba7645c7cd75eb806fe60,ecommerce,galaxym135gb-medium (1).webp,galaxym135gb medium,Samsung,,,LOW,"folder mapping: ecommerce -> UNCATEGORIZED | note: Generic ecommerce folder - mixed assets, requires review | brand Samsung appears in 10 categories (cross-category brand)",https://ik.imagekit.io/0iaahkrcv/ecommerce/samsung/All%20Samsung%20Smartphones%20-%20Price%20in%20Kenya%20(6)/galaxym135gb-medium%20(1).webp?updatedAt=1786488677409
6a7ba7645c7cd75eb806fe5d,ecommerce,galaxym135gb-medium (2).webp,galaxym135gb medium,Samsung,,,LOW,"folder mapping: ecommerce -> UNCATEGORIZED | note: Generic ecommerce folder - mixed assets, requires review | brand Samsung appears in 10 categories (cross-category brand)",https://ik.imagekit.io/0iaahkrcv/ecommerce/samsung/All%20Samsung%20Smartphones%20-%20Price%20in%20Kenya%20(6)/galaxym135gb-medium%20(2).webp?updatedAt=1786488677410
6a7ba7685c7cd75eb8070c64,ecommerce,galaxym135gb-medium.webp,galaxym135gb medium,Samsung,,,LOW,"folder mapping: ecommerce -> UNCATEGORIZED | note: Generic ecommerce folder - mixed assets, requires review | brand Samsung appears in 10 categories (cross-category brand)",https://ik.imagekit.io/0iaahkrcv/ecommerce/samsung/All%20Samsung%20Smartphones%20-%20Price%20in%20Kenya%20(6)/galaxym135gb-medium.webp?updatedAt=1786488680619
6a7ba76c5c7cd75eb80744f3,ecommerce,galaxys23b-medium (1).webp,galaxys23b medium,Samsung,,,LOW,"folder mapping: ecommerce -> UNCATEGORIZED | note: Generic ecommerce folder - mixed assets, requires review | brand Samsung appears in 10 categories (cross-category brand)",https://ik.imagekit.io/0iaahkrcv/ecommerce/samsung/All%20Samsung%20Smartphones%20-%20Price%20in%20Kenya%20(6)/galaxys23b-medium%20(1).webp?updatedAt=1786488685345
6a7ba76d5c7cd75eb8074c8e,ecommerce,galaxys23b-medium (2).webp,galaxys23b medium,Samsung,,,LOW,"folder mapping: ecommerce -> UNCATEGORIZED | note: Generic ecommerce folder - mixed assets, requires review | brand Samsung appears in 10 categories (cross-category brand)",https://ik.imagekit.io/0iaahkrcv/ecommerce/samsung/All%20Samsung%20Smartphones%20-%20Price%20in%20Kenya%20(6)/galaxys23b-medium%20(2).webp?updatedAt=1786488685743
6a7ba76d5c7cd75eb8074c96,ecommerce,galaxys23b-medium.webp,galaxys23b medium,Samsung,,,LOW,"folder mapping: ecommerce -> UNCATEGORIZED | note: Generic ecommerce folder - mixed assets, requires review | brand Samsung appears in 10 categories (cross-category brand)",https://ik.imagekit.io/0iaahkrcv/ecommerce/samsung/All%20Samsung%20Smartphones%20-%20Price%20in%20Kenya%20(6)/galaxys23b-medium.webp?updatedAt=1786488685741
6a7ba76d5c7cd75eb8075792,ecommerce,galaxys23plusc-medium (1).webp,galaxys23plusc medium,Samsung,,,LOW,"folder mapping: ecommerce -> UNCATEGORIZED | note: Generic ecommerce folder - mixed assets, requires review | brand Samsung appears in 10 categories (cross-category brand)",https://ik.imagekit.io/0iaahkrcv/ecommerce/samsung/All%20Samsung%20Smartphones%20-%20Price%20in%20Kenya%20(6)/galaxys23plusc-medium%20(1).webp?updatedAt=1786488686468
6a7ba76d5c7cd75eb807587a,ecommerce,galaxys23plusc-medium (2).webp,galaxys23plusc medium,Samsung,,,LOW,"folder mapping: ecommerce -> UNCATEGORIZED | note: Generic ecommerce folder - mixed assets, requires review | brand Samsung appears in 10 categories (cross-category brand)",https://ik.imagekit.io/0iaahkrcv/ecommerce/samsung/All%20Samsung%20Smartphones%20-%20Price%20in%20Kenya%20(6)/galaxys23plusc-medium%20(2).webp?updatedAt=1786488686525
6a7ba76d5c7cd75eb8075831,ecommerce,galaxys23plusc-medium.webp,galaxys23plusc medium,Samsung,,,LOW,"folder mapping: ecommerce -> UNCATEGORIZED | note: Generic ecommerce folder - mixed assets, requires review | brand Samsung appears in 10 categories (cross-category brand)",https://ik.imagekit.io/0iaahkrcv/ecommerce/samsung/All%20Samsung%20Smartphones%20-%20Price%20in%20Kenya%20(6)/galaxys23plusc-medium.webp?updatedAt=1786488686506
6a7ba76e5c7cd75eb8075a45,ecommerce,loader.631b9ed.svg,loader.631b9ed,,,,LOW,"folder mapping: ecommerce -> UNCATEGORIZED | note: Generic ecommerce folder - mixed assets, requires review",https://ik.imagekit.io/0iaahkrcv/ecommerce/samsung/All%20Samsung%20Smartphones%20-%20Price%20in%20Kenya%20(6)/loader.631b9ed.svg?updatedAt=1786488686601
6a7ba7705c7cd75eb80781ab,ecommerce,search.7d254c6.svg,search.7d254c6,,,,LOW,"folder mapping: ecommerce -> UNCATEGORIZED | note: Generic ecommerce folder - mixed assets, requires review",https://ik.imagekit.io/0iaahkrcv/ecommerce/samsung/All%20Samsung%20Smartphones%20-%20Price%20in%20Kenya%20(6)/search.7d254c6.svg?updatedAt=1786488688795
6a7ba7705c7cd75eb80781d6,ecommerce,whatsapp.svg,whatsapp,,,,LOW,"folder mapping: ecommerce -> UNCATEGORIZED | note: Generic ecommerce folder - mixed assets, requires review",https://ik.imagekit.io/0iaahkrcv/ecommerce/samsung/All%20Samsung%20Smartphones%20-%20Price%20in%20Kenya%20(6)/whatsapp.svg?updatedAt=1786488688794
6a7ba6db5c7cd75eb8ff4fb5,ecommerce,app-logo-desktop.svg,app logo desktop,,,,LOW,"folder mapping: ecommerce -> UNCATEGORIZED | note: Generic ecommerce folder - mixed assets, requires review",https://ik.imagekit.io/0iaahkrcv/ecommerce/samsung/All%20Samsung%20Smartphones%20-%20Price%20in%20Kenya%20(7)/app-logo-desktop.svg?updatedAt=1786488539687
6a7ba6db5c7cd75eb8ff4fad,ecommerce,chevron-down.8ee3574.svg,chevron down.8ee3574,,,,LOW,"folder mapping: ecommerce -> UNCATEGORIZED | note: Generic ecommerce folder - mixed assets, requires review",https://ik.imagekit.io/0iaahkrcv/ecommerce/samsung/All%20Samsung%20Smartphones%20-%20Price%20in%20Kenya%20(7)/chevron-down.8ee3574.svg?updatedAt=1786488539716
6a7ba6db5c7cd75eb8ff4fb4,ecommerce,default (1).svg,default,,,,LOW,"folder mapping: ecommerce -> UNCATEGORIZED | note: Generic ecommerce folder - mixed assets, requires review",https://ik.imagekit.io/0iaahkrcv/ecommerce/samsung/All%20Samsung%20Smartphones%20-%20Price%20in%20Kenya%20(7)/default%20(1).svg?updatedAt=1786488539732
6a7ba6db5c7cd75eb8ff4fb0,ecommerce,default (10).svg,default,,,,LOW,"folder mapping: ecommerce -> UNCATEGORIZED | note: Generic ecommerce folder - mixed assets, requires review",https://ik.imagekit.io/0iaahkrcv/ecommerce/samsung/All%20Samsung%20Smartphones%20-%20Price%20in%20Kenya%20(7)/default%20(10).svg?updatedAt=1786488539791
6a7ba6db5c7cd75eb8ff4fba,ecommerce,default (11).svg,default,,,,LOW,"folder mapping: ecommerce -> UNCATEGORIZED | note: Generic ecommerce folder - mixed assets, requires review",https://ik.imagekit.io/0iaahkrcv/ecommerce/samsung/All%20Samsung%20Smartphones%20-%20Price%20in%20Kenya%20(7)/default%20(11).svg?updatedAt=1786488539727
6a7ba6db5c7cd75eb8ff4fc8,ecommerce,default (12).svg,default,,,,LOW,"folder mapping: ecommerce -> UNCATEGORIZED | note: Generic ecommerce folder - mixed assets, requires review",https://ik.imagekit.io/0iaahkrcv/ecommerce/samsung/All%20Samsung%20Smartphones%20-%20Price%20in%20Kenya%20(7)/default%20(12).svg?updatedAt=1786488539698
6a7ba6db5c7cd75eb8ff4fc1,ecommerce,default (13).svg,default,,,,LOW,"folder mapping: ecommerce -> UNCATEGORIZED | note: Generic ecommerce folder - mixed assets, requires review",https://ik.imagekit.io/0iaahkrcv/ecommerce/samsung/All%20Samsung%20Smartphones%20-%20Price%20in%20Kenya%20(7)/default%20(13).svg?updatedAt=1786488539734
6a7ba6db5c7cd75eb8ff4faa,ecommerce,default (14).svg,default,,,,LOW,"folder mapping: ecommerce -> UNCATEGORIZED | note: Generic ecommerce folder - mixed assets, requires review",https://ik.imagekit.io/0iaahkrcv/ecommerce/samsung/All%20Samsung%20Smartphones%20-%20Price%20in%20Kenya%20(7)/default%20(14).svg?updatedAt=1786488539830
6a7ba6db5c7cd75eb8ff4fbd,ecommerce,default (15).svg,default,,,,LOW,"folder mapping: ecommerce -> UNCATEGORIZED | note: Generic ecommerce folder - mixed assets, requires review",https://ik.imagekit.io/0iaahkrcv/ecommerce/samsung/All%20Samsung%20Smartphones%20-%20Price%20in%20Kenya%20(7)/default%20(15).svg?updatedAt=1786488539833
6a7ba6db5c7cd75eb8ff505c,ecommerce,default (16).svg,default,,,,LOW,"folder mapping: ecommerce -> UNCATEGORIZED | note: Generic ecommerce folder - mixed assets, requires review",https://ik.imagekit.io/0iaahkrcv/ecommerce/samsung/All%20Samsung%20Smartphones%20-%20Price%20in%20Kenya%20(7)/default%20(16).svg?updatedAt=1786488539846
6a7ba6db5c7cd75eb8ff4fc4,ecommerce,default (2).svg,default,,,,LOW,"folder mapping: ecommerce -> UNCATEGORIZED | note: Generic ecommerce folder - mixed assets, requires review",https://ik.imagekit.io/0iaahkrcv/ecommerce/samsung/All%20Samsung%20Smartphones%20-%20Price%20in%20Kenya%20(7)/default%20(2).svg?updatedAt=1786488539730
6a7ba6db5c7cd75eb8ff4fdc,ecommerce,default (3).svg,default,,,,LOW,"folder mapping: ecommerce -> UNCATEGORIZED | note: Generic ecommerce folder - mixed assets, requires review",https://ik.imagekit.io/0iaahkrcv/ecommerce/samsung/All%20Samsung%20Smartphones%20-%20Price%20in%20Kenya%20(7)/default%20(3).svg?updatedAt=1786488539705
6a7ba6db5c7cd75eb8ff4fe3,ecommerce,default (4).svg,default,,,,LOW,"folder mapping: ecommerce -> UNCATEGORIZED | note: Generic ecommerce folder - mixed assets, requires review",https://ik.imagekit.io/0iaahkrcv/ecommerce/samsung/All%20Samsung%20Smartphones%20-%20Price%20in%20Kenya%20(7)/default%20(4).svg?updatedAt=1786488539744
6a7ba6db5c7cd75eb8ff4fcc,ecommerce,default (5).svg,default,,,,LOW,"folder mapping: ecommerce -> UNCATEGORIZED | note: Generic ecommerce folder - mixed assets, requires review",https://ik.imagekit.io/0iaahkrcv/ecommerce/samsung/All%20Samsung%20Smartphones%20-%20Price%20in%20Kenya%20(7)/default%20(5).svg?updatedAt=1786488539763
6a7ba6db5c7cd75eb8ff4feb,ecommerce,default (6).svg,default,,,,LOW,"folder mapping: ecommerce -> UNCATEGORIZED | note: Generic ecommerce folder - mixed assets, requires review",https://ik.imagekit.io/0iaahkrcv/ecommerce/samsung/All%20Samsung%20Smartphones%20-%20Price%20in%20Kenya%20(7)/default%20(6).svg?updatedAt=1786488539755
6a7ba6db5c7cd75eb8ff4fd8,ecommerce,default (7).svg,default,,,,LOW,"folder mapping: ecommerce -> UNCATEGORIZED | note: Generic ecommerce folder - mixed assets, requires review",https://ik.imagekit.io/0iaahkrcv/ecommerce/samsung/All%20Samsung%20Smartphones%20-%20Price%20in%20Kenya%20(7)/default%20(7).svg?updatedAt=1786488539704
6a7ba6db5c7cd75eb8ff4fd9,ecommerce,default (8).svg,default,,,,LOW,"folder mapping: ecommerce -> UNCATEGORIZED | note: Generic ecommerce folder - mixed assets, requires review",https://ik.imagekit.io/0iaahkrcv/ecommerce/samsung/All%20Samsung%20Smartphones%20-%20Price%20in%20Kenya%20(7)/default%20(8).svg?updatedAt=1786488539737
6a7ba6db5c7cd75eb8ff4fe6,ecommerce,default (9).svg,default,,,,LOW,"folder mapping: ecommerce -> UNCATEGORIZED | note: Generic ecommerce folder - mixed assets, requires review",https://ik.imagekit.io/0iaahkrcv/ecommerce/samsung/All%20Samsung%20Smartphones%20-%20Price%20in%20Kenya%20(7)/default%20(9).svg?updatedAt=1786488539752
6a7ba6db5c7cd75eb8ff4ff1,ecommerce,default.svg,default,,,,LOW,"folder mapping: ecommerce -> UNCATEGORIZED | note: Generic ecommerce folder - mixed assets, requires review",https://ik.imagekit.io/0iaahkrcv/ecommerce/samsung/All%20Samsung%20Smartphones%20-%20Price%20in%20Kenya%20(7)/default.svg?updatedAt=1786488539730
6a7ba6db5c7cd75eb8ff4ff0,ecommerce,galaxya03cored-medium (1).webp,galaxya03cored medium,Samsung,,,LOW,"folder mapping: ecommerce -> UNCATEGORIZED | note: Generic ecommerce folder - mixed assets, requires review | brand Samsung appears in 10 categories (cross-category brand)",https://ik.imagekit.io/0iaahkrcv/ecommerce/samsung/All%20Samsung%20Smartphones%20-%20Price%20in%20Kenya%20(7)/galaxya03cored-medium%20(1).webp?updatedAt=1786488539758
6a7ba6db5c7cd75eb8ff4ffd,ecommerce,galaxya03cored-medium (2).webp,galaxya03cored medium,Samsung,,,LOW,"folder mapping: ecommerce -> UNCATEGORIZED | note: Generic ecommerce folder - mixed assets, requires review | brand Samsung appears in 10 categories (cross-category brand)",https://ik.imagekit.io/0iaahkrcv/ecommerce/samsung/All%20Samsung%20Smartphones%20-%20Price%20in%20Kenya%20(7)/galaxya03cored-medium%20(2).webp?updatedAt=1786488539770
6a7ba6db5c7cd75eb8ff5000,ecommerce,galaxya03cored-medium.webp,galaxya03cored medium,Samsung,,,LOW,"folder mapping: ecommerce -> UNCATEGORIZED | note: Generic ecommerce folder - mixed assets, requires review | brand Samsung appears in 10 categories (cross-category brand)",https://ik.imagekit.io/0iaahkrcv/ecommerce/samsung/All%20Samsung%20Smartphones%20-%20Price%20in%20Kenya%20(7)/galaxya03cored-medium.webp?updatedAt=1786488539838
6a7ba6db5c7cd75eb8ff5005,ecommerce,galaxya04eb-medium (1).webp,galaxya04eb medium,Samsung,,,LOW,"folder mapping: ecommerce -> UNCATEGORIZED | note: Generic ecommerce folder - mixed assets, requires review | brand Samsung appears in 10 categories (cross-category brand)",https://ik.imagekit.io/0iaahkrcv/ecommerce/samsung/All%20Samsung%20Smartphones%20-%20Price%20in%20Kenya%20(7)/galaxya04eb-medium%20(1).webp?updatedAt=1786488539757
6a7ba6db5c7cd75eb8ff5003,ecommerce,galaxya04eb-medium (2).webp,galaxya04eb medium,Samsung,,,LOW,"folder mapping: ecommerce -> UNCATEGORIZED | note: Generic ecommerce folder - mixed assets, requires review | brand Samsung appears in 10 categories (cross-category brand)",https://ik.imagekit.io/0iaahkrcv/ecommerce/samsung/All%20Samsung%20Smartphones%20-%20Price%20in%20Kenya%20(7)/galaxya04eb-medium%20(2).webp?updatedAt=1786488539813
6a7ba6db5c7cd75eb8ff5020,ecommerce,galaxya04eb-medium (3).webp,galaxya04eb medium,Samsung,,,LOW,"folder mapping: ecommerce -> UNCATEGORIZED | note: Generic ecommerce folder - mixed assets, requires review | brand Samsung appears in 10 categories (cross-category brand)",https://ik.imagekit.io/0iaahkrcv/ecommerce/samsung/All%20Samsung%20Smartphones%20-%20Price%20in%20Kenya%20(7)/galaxya04eb-medium%20(3).webp?updatedAt=1786488539818
6a7ba6db5c7cd75eb8ff501d,ecommerce,galaxya04eb-medium (4).webp,galaxya04eb medium,Samsung,,,LOW,"folder mapping: ecommerce -> UNCATEGORIZED | note: Generic ecommerce folder - mixed assets, requires review | brand Samsung appears in 10 categories (cross-category brand)",https://ik.imagekit.io/0iaahkrcv/ecommerce/samsung/All%20Samsung%20Smartphones%20-%20Price%20in%20Kenya%20(7)/galaxya04eb-medium%20(4).webp?updatedAt=1786488539753
6a7ba6db5c7cd75eb8ff5018,ecommerce,galaxya04eb-medium (5).webp,galaxya04eb medium,Samsung,,,LOW,"folder mapping: ecommerce -> UNCATEGORIZED | note: Generic ecommerce folder - mixed assets, requires review | brand Samsung appears in 10 categories (cross-category brand)",https://ik.imagekit.io/0iaahkrcv/ecommerce/samsung/All%20Samsung%20Smartphones%20-%20Price%20in%20Kenya%20(7)/galaxya04eb-medium%20(5).webp?updatedAt=1786488539740
6a7ba6db5c7cd75eb8ff5060,ecommerce,galaxya04eb-medium.webp,galaxya04eb medium,Samsung,,,LOW,"folder mapping: ecommerce -> UNCATEGORIZED | note: Generic ecommerce folder - mixed assets, requires review | brand Samsung appears in 10 categories (cross-category brand)",https://ik.imagekit.io/0iaahkrcv/ecommerce/samsung/All%20Samsung%20Smartphones%20-%20Price%20in%20Kenya%20(7)/galaxya04eb-medium.webp?updatedAt=1786488539768
6a7ba6db5c7cd75eb8ff502c,ecommerce,galaxya145gb-medium (1).webp,galaxya145gb medium,Samsung,,,LOW,"folder mapping: ecommerce -> UNCATEGORIZED | note: Generic ecommerce folder - mixed assets, requires review | brand Samsung appears in 10 categories (cross-category brand)",https://ik.imagekit.io/0iaahkrcv/ecommerce/samsung/All%20Samsung%20Smartphones%20-%20Price%20in%20Kenya%20(7)/galaxya145gb-medium%20(1).webp?updatedAt=1786488539848
6a7ba6db5c7cd75eb8ff5037,ecommerce,galaxya145gb-medium (2).webp,galaxya145gb medium,Samsung,,,LOW,"folder mapping: ecommerce -> UNCATEGORIZED | note: Generic ecommerce folder - mixed assets, requires review | brand Samsung appears in 10 categories (cross-category brand)",https://ik.imagekit.io/0iaahkrcv/ecommerce/samsung/All%20Samsung%20Smartphones%20-%20Price%20in%20Kenya%20(7)/galaxya145gb-medium%20(2).webp?updatedAt=1786488539778
6a7ba6db5c7cd75eb8ff506a,ecommerce,galaxya145gb-medium (3).webp,galaxya145gb medium,Samsung,,,LOW,"folder mapping: ecommerce -> UNCATEGORIZED | note: Generic ecommerce folder - mixed assets, requires review | brand Samsung appears in 10 categories (cross-category brand)",https://ik.imagekit.io/0iaahkrcv/ecommerce/samsung/All%20Samsung%20Smartphones%20-%20Price%20in%20Kenya%20(7)/galaxya145gb-medium%20(3).webp?updatedAt=1786488539776
6a7ba6db5c7cd75eb8ff5031,ecommerce,galaxya145gb-medium (4).webp,galaxya145gb medium,Samsung,,,LOW,"folder mapping: ecommerce -> UNCATEGORIZED | note: Generic ecommerce folder - mixed assets, requires review | brand Samsung appears in 10 categories (cross-category brand)",https://ik.imagekit.io/0iaahkrcv/ecommerce/samsung/All%20Samsung%20Smartphones%20-%20Price%20in%20Kenya%20(7)/galaxya145gb-medium%20(4).webp?updatedAt=1786488540325
6a7ba6db5c7cd75eb8ff503a,ecommerce,galaxya145gb-medium (5).webp,galaxya145gb medium,Samsung,,,LOW,"folder mapping: ecommerce -> UNCATEGORIZED | note: Generic ecommerce folder - mixed assets, requires review | brand Samsung appears in 10 categories (cross-category brand)",https://ik.imagekit.io/0iaahkrcv/ecommerce/samsung/All%20Samsung%20Smartphones%20-%20Price%20in%20Kenya%20(7)/galaxya145gb-medium%20(5).webp?updatedAt=1786488539800
6a7ba6db5c7cd75eb8ff503d,ecommerce,galaxya145gb-medium.webp,galaxya145gb medium,Samsung,,,LOW,"folder mapping: ecommerce -> UNCATEGORIZED | note: Generic ecommerce folder - mixed assets, requires review | brand Samsung appears in 10 categories (cross-category brand)",https://ik.imagekit.io/0iaahkrcv/ecommerce/samsung/All%20Samsung%20Smartphones%20-%20Price%20in%20Kenya%20(7)/galaxya145gb-medium.webp?updatedAt=1786488539790
6a7ba6db5c7cd75eb8ff5051,ecommerce,galaxya335gb-medium (1).webp,galaxya335gb medium,Samsung,,,LOW,"folder mapping: ecommerce -> UNCATEGORIZED | note: Generic ecommerce folder - mixed assets, requires review | brand Samsung appears in 10 categories (cross-category brand)",https://ik.imagekit.io/0iaahkrcv/ecommerce/samsung/All%20Samsung%20Smartphones%20-%20Price%20in%20Kenya%20(7)/galaxya335gb-medium%20(1).webp?updatedAt=1786488539877
6a7ba6db5c7cd75eb8ff5049,ecommerce,galaxya335gb-medium (2).webp,galaxya335gb medium,Samsung,,,LOW,"folder mapping: ecommerce -> UNCATEGORIZED | note: Generic ecommerce folder - mixed assets, requires review | brand Samsung appears in 10 categories (cross-category brand)",https://ik.imagekit.io/0iaahkrcv/ecommerce/samsung/All%20Samsung%20Smartphones%20-%20Price%20in%20Kenya%20(7)/galaxya335gb-medium%20(2).webp?updatedAt=1786488539812
6a7ba6db5c7cd75eb8ff506b,ecommerce,galaxya335gb-medium (3).webp,galaxya335gb medium,Samsung,,,LOW,"folder mapping: ecommerce -> UNCATEGORIZED | note: Generic ecommerce folder - mixed assets, requires review | brand Samsung appears in 10 categories (cross-category brand)",https://ik.imagekit.io/0iaahkrcv/ecommerce/samsung/All%20Samsung%20Smartphones%20-%20Price%20in%20Kenya%20(7)/galaxya335gb-medium%20(3).webp?updatedAt=1786488539855
6a7ba6db5c7cd75eb8ff5079,ecommerce,galaxya335gb-medium (4).webp,galaxya335gb medium,Samsung,,,LOW,"folder mapping: ecommerce -> UNCATEGORIZED | note: Generic ecommerce folder - mixed assets, requires review | brand Samsung appears in 10 categories (cross-category brand)",https://ik.imagekit.io/0iaahkrcv/ecommerce/samsung/All%20Samsung%20Smartphones%20-%20Price%20in%20Kenya%20(7)/galaxya335gb-medium%20(4).webp?updatedAt=1786488539808
6a7ba6db5c7cd75eb8ff5071,ecommerce,galaxya335gb-medium (5).webp,galaxya335gb medium,Samsung,,,LOW,"folder mapping: ecommerce -> UNCATEGORIZED | note: Generic ecommerce folder - mixed assets, requires review | brand Samsung appears in 10 categories (cross-category brand)",https://ik.imagekit.io/0iaahkrcv/ecommerce/samsung/All%20Samsung%20Smartphones%20-%20Price%20in%20Kenya%20(7)/galaxya335gb-medium%20(5).webp?updatedAt=1786488539787
6a7ba6db5c7cd75eb8ff5078,ecommerce,galaxya335gb-medium.webp,galaxya335gb medium,Samsung,,,LOW,"folder mapping: ecommerce -> UNCATEGORIZED | note: Generic ecommerce folder - mixed assets, requires review | brand Samsung appears in 10 categories (cross-category brand)",https://ik.imagekit.io/0iaahkrcv/ecommerce/samsung/All%20Samsung%20Smartphones%20-%20Price%20in%20Kenya%20(7)/galaxya335gb-medium.webp?updatedAt=1786488539886
6a7ba6db5c7cd75eb8ff5091,ecommerce,galaxya34a-medium (1).webp,galaxya34a medium,Samsung,,,LOW,"folder mapping: ecommerce -> UNCATEGORIZED | note: Generic ecommerce folder - mixed assets, requires review | brand Samsung appears in 10 categories (cross-category brand)",https://ik.imagekit.io/0iaahkrcv/ecommerce/samsung/All%20Samsung%20Smartphones%20-%20Price%20in%20Kenya%20(7)/galaxya34a-medium%20(1).webp?updatedAt=1786488539793
6a7ba6db5c7cd75eb8ff5083,ecommerce,galaxya34a-medium (2).webp,galaxya34a medium,Samsung,,,LOW,"folder mapping: ecommerce -> UNCATEGORIZED | note: Generic ecommerce folder - mixed assets, requires review | brand Samsung appears in 10 categories (cross-category brand)",https://ik.imagekit.io/0iaahkrcv/ecommerce/samsung/All%20Samsung%20Smartphones%20-%20Price%20in%20Kenya%20(7)/galaxya34a-medium%20(2).webp?updatedAt=1786488539820
6a7ba6db5c7cd75eb8ff509c,ecommerce,galaxya34a-medium.webp,galaxya34a medium,Samsung,,,LOW,"folder mapping: ecommerce -> UNCATEGORIZED | note: Generic ecommerce folder - mixed assets, requires review | brand Samsung appears in 10 categories (cross-category brand)",https://ik.imagekit.io/0iaahkrcv/ecommerce/samsung/All%20Samsung%20Smartphones%20-%20Price%20in%20Kenya%20(7)/galaxya34a-medium.webp?updatedAt=1786488539822
6a7ba6db5c7cd75eb8ff50af,ecommerce,galaxya54d-medium (1).webp,galaxya54d medium,Samsung,,,LOW,"folder mapping: ecommerce -> UNCATEGORIZED | note: Generic ecommerce folder - mixed assets, requires review | brand Samsung appears in 10 categories (cross-category brand)",https://ik.imagekit.io/0iaahkrcv/ecommerce/samsung/All%20Samsung%20Smartphones%20-%20Price%20in%20Kenya%20(7)/galaxya54d-medium%20(1).webp?updatedAt=1786488539887
6a7ba6db5c7cd75eb8ff50a6,ecommerce,galaxya54d-medium (2).webp,galaxya54d medium,Samsung,,,LOW,"folder mapping: ecommerce -> UNCATEGORIZED | note: Generic ecommerce folder - mixed assets, requires review | brand Samsung appears in 10 categories (cross-category brand)",https://ik.imagekit.io/0iaahkrcv/ecommerce/samsung/All%20Samsung%20Smartphones%20-%20Price%20in%20Kenya%20(7)/galaxya54d-medium%20(2).webp?updatedAt=1786488539837
6a7ba6db5c7cd75eb8ff50aa,ecommerce,galaxya54d-medium.webp,galaxya54d medium,Samsung,,,LOW,"folder mapping: ecommerce -> UNCATEGORIZED | note: Generic ecommerce folder - mixed assets, requires review | brand Samsung appears in 10 categories (cross-category brand)",https://ik.imagekit.io/0iaahkrcv/ecommerce/samsung/All%20Samsung%20Smartphones%20-%20Price%20in%20Kenya%20(7)/galaxya54d-medium.webp?updatedAt=1786488539892
6a7ba6db5c7cd75eb8ff50b1,ecommerce,galaxyf13a-medium (1).webp,galaxyf13a medium,Samsung,,,LOW,"folder mapping: ecommerce -> UNCATEGORIZED | note: Generic ecommerce folder - mixed assets, requires review | brand Samsung appears in 10 categories (cross-category brand)",https://ik.imagekit.io/0iaahkrcv/ecommerce/samsung/All%20Samsung%20Smartphones%20-%20Price%20in%20Kenya%20(7)/galaxyf13a-medium%20(1).webp?updatedAt=1786488539863
6a7ba6db5c7cd75eb8ff50c2,ecommerce,galaxyf13a-medium (2).webp,galaxyf13a medium,Samsung,,,LOW,"folder mapping: ecommerce -> UNCATEGORIZED | note: Generic ecommerce folder - mixed assets, requires review | brand Samsung appears in 10 categories (cross-category brand)",https://ik.imagekit.io/0iaahkrcv/ecommerce/samsung/All%20Samsung%20Smartphones%20-%20Price%20in%20Kenya%20(7)/galaxyf13a-medium%20(2).webp?updatedAt=1786488540416
6a7ba6db5c7cd75eb8ff50bf,ecommerce,galaxyf13a-medium (3).webp,galaxyf13a medium,Samsung,,,LOW,"folder mapping: ecommerce -> UNCATEGORIZED | note: Generic ecommerce folder - mixed assets, requires review | brand Samsung appears in 10 categories (cross-category brand)",https://ik.imagekit.io/0iaahkrcv/ecommerce/samsung/All%20Samsung%20Smartphones%20-%20Price%20in%20Kenya%20(7)/galaxyf13a-medium%20(3).webp?updatedAt=1786488539803
6a7ba6db5c7cd75eb8ff50ac,ecommerce,galaxyf13a-medium (4).webp,galaxyf13a medium,Samsung,,,LOW,"folder mapping: ecommerce -> UNCATEGORIZED | note: Generic ecommerce folder - mixed assets, requires review | brand Samsung appears in 10 categories (cross-category brand)",https://ik.imagekit.io/0iaahkrcv/ecommerce/samsung/All%20Samsung%20Smartphones%20-%20Price%20in%20Kenya%20(7)/galaxyf13a-medium%20(4).webp?updatedAt=1786488539856
6a7ba6db5c7cd75eb8ff50b5,ecommerce,galaxyf13a-medium (5).webp,galaxyf13a medium,Samsung,,,LOW,"folder mapping: ecommerce -> UNCATEGORIZED | note: Generic ecommerce folder - mixed assets, requires review | brand Samsung appears in 10 categories (cross-category brand)",https://ik.imagekit.io/0iaahkrcv/ecommerce/samsung/All%20Samsung%20Smartphones%20-%20Price%20in%20Kenya%20(7)/galaxyf13a-medium%20(5).webp?updatedAt=1786488539832
6a7ba6db5c7cd75eb8ff50bc,ecommerce,galaxyf13a-medium.webp,galaxyf13a medium,Samsung,,,LOW,"folder mapping: ecommerce -> UNCATEGORIZED | note: Generic ecommerce folder - mixed assets, requires review | brand Samsung appears in 10 categories (cross-category brand)",https://ik.imagekit.io/0iaahkrcv/ecommerce/samsung/All%20Samsung%20Smartphones%20-%20Price%20in%20Kenya%20(7)/galaxyf13a-medium.webp?updatedAt=1786488539907
6a7ba6db5c7cd75eb8ff50bb,ecommerce,galaxyf145ga-medium (1).webp,galaxyf145ga medium,Samsung,,,LOW,"folder mapping: ecommerce -> UNCATEGORIZED | note: Generic ecommerce folder - mixed assets, requires review | brand Samsung appears in 10 categories (cross-category brand)",https://ik.imagekit.io/0iaahkrcv/ecommerce/samsung/All%20Samsung%20Smartphones%20-%20Price%20in%20Kenya%20(7)/galaxyf145ga-medium%20(1).webp?updatedAt=1786488539832
6a7ba6db5c7cd75eb8ff50c6,ecommerce,galaxyf145ga-medium (2).webp,galaxyf145ga medium,Samsung,,,LOW,"folder mapping: ecommerce -> UNCATEGORIZED | note: Generic ecommerce folder - mixed assets, requires review | brand Samsung appears in 10 categories (cross-category brand)",https://ik.imagekit.io/0iaahkrcv/ecommerce/samsung/All%20Samsung%20Smartphones%20-%20Price%20in%20Kenya%20(7)/galaxyf145ga-medium%20(2).webp?updatedAt=1786488539869
6a7ba6db5c7cd75eb8ff50c9,ecommerce,galaxyf145ga-medium (3).webp,galaxyf145ga medium,Samsung,,,LOW,"folder mapping: ecommerce -> UNCATEGORIZED | note: Generic ecommerce folder - mixed assets, requires review | brand Samsung appears in 10 categories (cross-category brand)",https://ik.imagekit.io/0iaahkrcv/ecommerce/samsung/All%20Samsung%20Smartphones%20-%20Price%20in%20Kenya%20(7)/galaxyf145ga-medium%20(3).webp?updatedAt=1786488539907
6a7ba6db5c7cd75eb8ff50cd,ecommerce,galaxyf145ga-medium (4).webp,galaxyf145ga medium,Samsung,,,LOW,"folder mapping: ecommerce -> UNCATEGORIZED | note: Generic ecommerce folder - mixed assets, requires review | brand Samsung appears in 10 categories (cross-category brand)",https://ik.imagekit.io/0iaahkrcv/ecommerce/samsung/All%20Samsung%20Smartphones%20-%20Price%20in%20Kenya%20(7)/galaxyf145ga-medium%20(4).webp?updatedAt=1786488539921
6a7ba6dc5c7cd75eb8ff60f7,ecommerce,galaxyf145ga-medium (5).webp,galaxyf145ga medium,Samsung,,,LOW,"folder mapping: ecommerce -> UNCATEGORIZED | note: Generic ecommerce folder - mixed assets, requires review | brand Samsung appears in 10 categories (cross-category brand)",https://ik.imagekit.io/0iaahkrcv/ecommerce/samsung/All%20Samsung%20Smartphones%20-%20Price%20in%20Kenya%20(7)/galaxyf145ga-medium%20(5).webp?updatedAt=1786488540657
6a7ba6dc5c7cd75eb8ff612f,ecommerce,galaxyf145ga-medium.webp,galaxyf145ga medium,Samsung,,,LOW,"folder mapping: ecommerce -> UNCATEGORIZED | note: Generic ecommerce folder - mixed assets, requires review | brand Samsung appears in 10 categories (cross-category brand)",https://ik.imagekit.io/0iaahkrcv/ecommerce/samsung/All%20Samsung%20Smartphones%20-%20Price%20in%20Kenya%20(7)/galaxyf145ga-medium.webp?updatedAt=1786488540696
6a7ba6dc5c7cd75eb8ff616a,ecommerce,galaxyf54f-medium (1).webp,galaxyf54f medium,Samsung,,,LOW,"folder mapping: ecommerce -> UNCATEGORIZED | note: Generic ecommerce folder - mixed assets, requires review | brand Samsung appears in 10 categories (cross-category brand)",https://ik.imagekit.io/0iaahkrcv/ecommerce/samsung/All%20Samsung%20Smartphones%20-%20Price%20in%20Kenya%20(7)/galaxyf54f-medium%20(1).webp?updatedAt=1786488540708
6a7ba6dc5c7cd75eb8ff62e3,ecommerce,galaxyf54f-medium (2).webp,galaxyf54f medium,Samsung,,,LOW,"folder mapping: ecommerce -> UNCATEGORIZED | note: Generic ecommerce folder - mixed assets, requires review | brand Samsung appears in 10 categories (cross-category brand)",https://ik.imagekit.io/0iaahkrcv/ecommerce/samsung/All%20Samsung%20Smartphones%20-%20Price%20in%20Kenya%20(7)/galaxyf54f-medium%20(2).webp?updatedAt=1786488540781
6a7ba6dc5c7cd75eb8ff6314,ecommerce,galaxyf54f-medium.webp,galaxyf54f medium,Samsung,,,LOW,"folder mapping: ecommerce -> UNCATEGORIZED | note: Generic ecommerce folder - mixed assets, requires review | brand Samsung appears in 10 categories (cross-category brand)",https://ik.imagekit.io/0iaahkrcv/ecommerce/samsung/All%20Samsung%20Smartphones%20-%20Price%20in%20Kenya%20(7)/galaxyf54f-medium.webp?updatedAt=1786488540860
6a7ba6df5c7cd75eb8ff8dc2,ecommerce,galaxym134gb-medium (1).webp,galaxym134gb medium,Samsung,,,LOW,"folder mapping: ecommerce -> UNCATEGORIZED | note: Generic ecommerce folder - mixed assets, requires review | brand Samsung appears in 10 categories (cross-category brand)",https://ik.imagekit.io/0iaahkrcv/ecommerce/samsung/All%20Samsung%20Smartphones%20-%20Price%20in%20Kenya%20(7)/galaxym134gb-medium%20(1).webp?updatedAt=1786488543858
6a7ba6df5c7cd75eb8ff8d3b,ecommerce,galaxym134gb-medium (2).webp,galaxym134gb medium,Samsung,,,LOW,"folder mapping: ecommerce -> UNCATEGORIZED | note: Generic ecommerce folder - mixed assets, requires review | brand Samsung appears in 10 categories (cross-category brand)",https://ik.imagekit.io/0iaahkrcv/ecommerce/samsung/All%20Samsung%20Smartphones%20-%20Price%20in%20Kenya%20(7)/galaxym134gb-medium%20(2).webp?updatedAt=1786488543856
6a7ba6df5c7cd75eb8ff9799,ecommerce,galaxym134gb-medium (3).webp,galaxym134gb medium,Samsung,,,LOW,"folder mapping: ecommerce -> UNCATEGORIZED | note: Generic ecommerce folder - mixed assets, requires review | brand Samsung appears in 10 categories (cross-category brand)",https://ik.imagekit.io/0iaahkrcv/ecommerce/samsung/All%20Samsung%20Smartphones%20-%20Price%20in%20Kenya%20(7)/galaxym134gb-medium%20(3).webp?updatedAt=1786488544389
6a7ba6df5c7cd75eb8ff8ed2,ecommerce,galaxym134gb-medium (4).webp,galaxym134gb medium,Samsung,,,LOW,"folder mapping: ecommerce -> UNCATEGORIZED | note: Generic ecommerce folder - mixed assets, requires review | brand Samsung appears in 10 categories (cross-category brand)",https://ik.imagekit.io/0iaahkrcv/ecommerce/samsung/All%20Samsung%20Smartphones%20-%20Price%20in%20Kenya%20(7)/galaxym134gb-medium%20(4).webp?updatedAt=1786488543924
6a7ba6df5c7cd75eb8ff979d,ecommerce,galaxym134gb-medium (5).webp,galaxym134gb medium,Samsung,,,LOW,"folder mapping: ecommerce -> UNCATEGORIZED | note: Generic ecommerce folder - mixed assets, requires review | brand Samsung appears in 10 categories (cross-category brand)",https://ik.imagekit.io/0iaahkrcv/ecommerce/samsung/All%20Samsung%20Smartphones%20-%20Price%20in%20Kenya%20(7)/galaxym134gb-medium%20(5).webp?updatedAt=1786488544392
6a7ba6df5c7cd75eb8ff9801,ecommerce,galaxym134gb-medium.webp,galaxym134gb medium,Samsung,,,LOW,"folder mapping: ecommerce -> UNCATEGORIZED | note: Generic ecommerce folder - mixed assets, requires review | brand Samsung appears in 10 categories (cross-category brand)",https://ik.imagekit.io/0iaahkrcv/ecommerce/samsung/All%20Samsung%20Smartphones%20-%20Price%20in%20Kenya%20(7)/galaxym134gb-medium.webp?updatedAt=1786488544455
6a7ba6df5c7cd75eb8ff97f2,ecommerce,galaxym145gb-medium (1).webp,galaxym145gb medium,Samsung,,,LOW,"folder mapping: ecommerce -> UNCATEGORIZED | note: Generic ecommerce folder - mixed assets, requires review | brand Samsung appears in 10 categories (cross-category brand)",https://ik.imagekit.io/0iaahkrcv/ecommerce/samsung/All%20Samsung%20Smartphones%20-%20Price%20in%20Kenya%20(7)/galaxym145gb-medium%20(1).webp?updatedAt=1786488544412
6a7ba6df5c7cd75eb8ff9839,ecommerce,galaxym145gb-medium (2).webp,galaxym145gb medium,Samsung,,,LOW,"folder mapping: ecommerce -> UNCATEGORIZED | note: Generic ecommerce folder - mixed assets, requires review | brand Samsung appears in 10 categories (cross-category brand)",https://ik.imagekit.io/0iaahkrcv/ecommerce/samsung/All%20Samsung%20Smartphones%20-%20Price%20in%20Kenya%20(7)/galaxym145gb-medium%20(2).webp?updatedAt=1786488544428
6a7ba6df5c7cd75eb8ff98ab,ecommerce,galaxym145gb-medium.webp,galaxym145gb medium,Samsung,,,LOW,"folder mapping: ecommerce -> UNCATEGORIZED | note: Generic ecommerce folder - mixed assets, requires review | brand Samsung appears in 10 categories (cross-category brand)",https://ik.imagekit.io/0iaahkrcv/ecommerce/samsung/All%20Samsung%20Smartphones%20-%20Price%20in%20Kenya%20(7)/galaxym145gb-medium.webp?updatedAt=1786488544465
6a7ba6df5c7cd75eb8ff996d,ecommerce,galaxym54b-medium (1).webp,galaxym54b medium,Samsung,,,LOW,"folder mapping: ecommerce -> UNCATEGORIZED | note: Generic ecommerce folder - mixed assets, requires review | brand Samsung appears in 10 categories (cross-category brand)",https://ik.imagekit.io/0iaahkrcv/ecommerce/samsung/All%20Samsung%20Smartphones%20-%20Price%20in%20Kenya%20(7)/galaxym54b-medium%20(1).webp?updatedAt=1786488544506
6a7ba6df5c7cd75eb8ff99ec,ecommerce,galaxym54b-medium (2).webp,galaxym54b medium,Samsung,,,LOW,"folder mapping: ecommerce -> UNCATEGORIZED | note: Generic ecommerce folder - mixed assets, requires review | brand Samsung appears in 10 categories (cross-category brand)",https://ik.imagekit.io/0iaahkrcv/ecommerce/samsung/All%20Samsung%20Smartphones%20-%20Price%20in%20Kenya%20(7)/galaxym54b-medium%20(2).webp?updatedAt=1786488544527
6a7ba6e25c7cd75eb8ffb429,ecommerce,galaxym54b-medium (3).webp,galaxym54b medium,Samsung,,,LOW,"folder mapping: ecommerce -> UNCATEGORIZED | note: Generic ecommerce folder - mixed assets, requires review | brand Samsung appears in 10 categories (cross-category brand)",https://ik.imagekit.io/0iaahkrcv/ecommerce/samsung/All%20Samsung%20Smartphones%20-%20Price%20in%20Kenya%20(7)/galaxym54b-medium%20(3).webp?updatedAt=1786488546726
6a7ba6f95c7cd75eb800eda2,ecommerce,galaxym54b-medium (4).webp,galaxym54b medium,Samsung,,,LOW,"folder mapping: ecommerce -> UNCATEGORIZED | note: Generic ecommerce folder - mixed assets, requires review | brand Samsung appears in 10 categories (cross-category brand)",https://ik.imagekit.io/0iaahkrcv/ecommerce/samsung/All%20Samsung%20Smartphones%20-%20Price%20in%20Kenya%20(7)/galaxym54b-medium%20(4).webp?updatedAt=1786488570487
6a7ba70d5c7cd75eb80226f6,ecommerce,galaxym54b-medium (5).webp,galaxym54b medium,Samsung,,,LOW,"folder mapping: ecommerce -> UNCATEGORIZED | note: Generic ecommerce folder - mixed assets, requires review | brand Samsung appears in 10 categories (cross-category brand)",https://ik.imagekit.io/0iaahkrcv/ecommerce/samsung/All%20Samsung%20Smartphones%20-%20Price%20in%20Kenya%20(7)/galaxym54b-medium%20(5).webp?updatedAt=1786488589712
6a7ba70e5c7cd75eb8023c76,ecommerce,galaxym54b-medium.webp,galaxym54b medium,Samsung,,,LOW,"folder mapping: ecommerce -> UNCATEGORIZED | note: Generic ecommerce folder - mixed assets, requires review | brand Samsung appears in 10 categories (cross-category brand)",https://ik.imagekit.io/0iaahkrcv/ecommerce/samsung/All%20Samsung%20Smartphones%20-%20Price%20in%20Kenya%20(7)/galaxym54b-medium.webp?updatedAt=1786488591087
6a7ba70e5c7cd75eb8023c7b,ecommerce,galaxys23b-medium (1).webp,galaxys23b medium,Samsung,,,LOW,"folder mapping: ecommerce -> UNCATEGORIZED | note: Generic ecommerce folder - mixed assets, requires review | brand Samsung appears in 10 categories (cross-category brand)",https://ik.imagekit.io/0iaahkrcv/ecommerce/samsung/All%20Samsung%20Smartphones%20-%20Price%20in%20Kenya%20(7)/galaxys23b-medium%20(1).webp?updatedAt=1786488591094
6a7ba70e5c7cd75eb8023c7f,ecommerce,galaxys23b-medium (2).webp,galaxys23b medium,Samsung,,,LOW,"folder mapping: ecommerce -> UNCATEGORIZED | note: Generic ecommerce folder - mixed assets, requires review | brand Samsung appears in 10 categories (cross-category brand)",https://ik.imagekit.io/0iaahkrcv/ecommerce/samsung/All%20Samsung%20Smartphones%20-%20Price%20in%20Kenya%20(7)/galaxys23b-medium%20(2).webp?updatedAt=1786488591100
6a7ba70e5c7cd75eb8023e12,ecommerce,galaxys23b-medium.webp,galaxys23b medium,Samsung,,,LOW,"folder mapping: ecommerce -> UNCATEGORIZED | note: Generic ecommerce folder - mixed assets, requires review | brand Samsung appears in 10 categories (cross-category brand)",https://ik.imagekit.io/0iaahkrcv/ecommerce/samsung/All%20Samsung%20Smartphones%20-%20Price%20in%20Kenya%20(7)/galaxys23b-medium.webp?updatedAt=1786488591302
6a7ba70e5c7cd75eb8023e2b,ecommerce,galaxys23plusc-medium (1).webp,galaxys23plusc medium,Samsung,,,LOW,"folder mapping: ecommerce -> UNCATEGORIZED | note: Generic ecommerce folder - mixed assets, requires review | brand Samsung appears in 10 categories (cross-category brand)",https://ik.imagekit.io/0iaahkrcv/ecommerce/samsung/All%20Samsung%20Smartphones%20-%20Price%20in%20Kenya%20(7)/galaxys23plusc-medium%20(1).webp?updatedAt=1786488591310
6a7ba7145c7cd75eb80298bc,ecommerce,galaxys23plusc-medium (2).webp,galaxys23plusc medium,Samsung,,,LOW,"folder mapping: ecommerce -> UNCATEGORIZED | note: Generic ecommerce folder - mixed assets, requires review | brand Samsung appears in 10 categories (cross-category brand)",https://ik.imagekit.io/0iaahkrcv/ecommerce/samsung/All%20Samsung%20Smartphones%20-%20Price%20in%20Kenya%20(7)/galaxys23plusc-medium%20(2).webp?updatedAt=1786488597331
6a7ba7155c7cd75eb802aa6b,ecommerce,galaxys23plusc-medium.webp,galaxys23plusc medium,Samsung,,,LOW,"folder mapping: ecommerce -> UNCATEGORIZED | note: Generic ecommerce folder - mixed assets, requires review | brand Samsung appears in 10 categories (cross-category brand)",https://ik.imagekit.io/0iaahkrcv/ecommerce/samsung/All%20Samsung%20Smartphones%20-%20Price%20in%20Kenya%20(7)/galaxys23plusc-medium.webp?updatedAt=1786488598427
6a7ba7155c7cd75eb802aa70,ecommerce,gvalaxya04c-medium (1).webp,gvalaxya04c medium,,,,LOW,"folder mapping: ecommerce -> UNCATEGORIZED | note: Generic ecommerce folder - mixed assets, requires review",https://ik.imagekit.io/0iaahkrcv/ecommerce/samsung/All%20Samsung%20Smartphones%20-%20Price%20in%20Kenya%20(7)/gvalaxya04c-medium%20(1).webp?updatedAt=1786488598442
6a7ba7165c7cd75eb802b7c5,ecommerce,gvalaxya04c-medium (2).webp,gvalaxya04c medium,,,,LOW,"folder mapping: ecommerce -> UNCATEGORIZED | note: Generic ecommerce folder - mixed assets, requires review",https://ik.imagekit.io/0iaahkrcv/ecommerce/samsung/All%20Samsung%20Smartphones%20-%20Price%20in%20Kenya%20(7)/gvalaxya04c-medium%20(2).webp?updatedAt=1786488599210
6a7ba7165c7cd75eb802b785,ecommerce,gvalaxya04c-medium.webp,gvalaxya04c medium,,,,LOW,"folder mapping: ecommerce -> UNCATEGORIZED | note: Generic ecommerce folder - mixed assets, requires review",https://ik.imagekit.io/0iaahkrcv/ecommerce/samsung/All%20Samsung%20Smartphones%20-%20Price%20in%20Kenya%20(7)/gvalaxya04c-medium.webp?updatedAt=1786488599144
6a7ba7165c7cd75eb802b7af,ecommerce,loader.631b9ed.svg,loader.631b9ed,,,,LOW,"folder mapping: ecommerce -> UNCATEGORIZED | note: Generic ecommerce folder - mixed assets, requires review",https://ik.imagekit.io/0iaahkrcv/ecommerce/samsung/All%20Samsung%20Smartphones%20-%20Price%20in%20Kenya%20(7)/loader.631b9ed.svg?updatedAt=1786488599180
6a7ba7185c7cd75eb802e018,ecommerce,samsunggalaxya23n-medium (1).webp,samsunggalaxya23n medium,Samsung,,,LOW,"folder mapping: ecommerce -> UNCATEGORIZED | note: Generic ecommerce folder - mixed assets, requires review | brand Samsung appears in 10 categories (cross-category brand)",https://ik.imagekit.io/0iaahkrcv/ecommerce/samsung/All%20Samsung%20Smartphones%20-%20Price%20in%20Kenya%20(7)/samsunggalaxya23n-medium%20(1).webp?updatedAt=1786488601513
6a7ba7185c7cd75eb802e03a,ecommerce,samsunggalaxya23n-medium (2).webp,samsunggalaxya23n medium,Samsung,,,LOW,"folder mapping: ecommerce -> UNCATEGORIZED | note: Generic ecommerce folder - mixed assets, requires review | brand Samsung appears in 10 categories (cross-category brand)",https://ik.imagekit.io/0iaahkrcv/ecommerce/samsung/All%20Samsung%20Smartphones%20-%20Price%20in%20Kenya%20(7)/samsunggalaxya23n-medium%20(2).webp?updatedAt=1786488601491
6a7ba7185c7cd75eb802e03d,ecommerce,samsunggalaxya23n-medium.webp,samsunggalaxya23n medium,Samsung,,,LOW,"folder mapping: ecommerce -> UNCATEGORIZED | note: Generic ecommerce folder - mixed assets, requires review | brand Samsung appears in 10 categories (cross-category brand)",https://ik.imagekit.io/0iaahkrcv/ecommerce/samsung/All%20Samsung%20Smartphones%20-%20Price%20in%20Kenya%20(7)/samsunggalaxya23n-medium.webp?updatedAt=1786488601508
6a7ba7185c7cd75eb802e04a,ecommerce,samsunggalaxym335gk-medium (1).webp,samsunggalaxym335gk medium,Samsung,,,LOW,"folder mapping: ecommerce -> UNCATEGORIZED | note: Generic ecommerce folder - mixed assets, requires review | brand Samsung appears in 10 categories (cross-category brand)",https://ik.imagekit.io/0iaahkrcv/ecommerce/samsung/All%20Samsung%20Smartphones%20-%20Price%20in%20Kenya%20(7)/samsunggalaxym335gk-medium%20(1).webp?updatedAt=1786488601533
6a7ba7185c7cd75eb802e049,ecommerce,samsunggalaxym335gk-medium (2).webp,samsunggalaxym335gk medium,Samsung,,,LOW,"folder mapping: ecommerce -> UNCATEGORIZED | note: Generic ecommerce folder - mixed assets, requires review | brand Samsung appears in 10 categories (cross-category brand)",https://ik.imagekit.io/0iaahkrcv/ecommerce/samsung/All%20Samsung%20Smartphones%20-%20Price%20in%20Kenya%20(7)/samsunggalaxym335gk-medium%20(2).webp?updatedAt=1786488601552
6a7ba7195c7cd75eb802e3aa,ecommerce,samsunggalaxym335gk-medium.webp,samsunggalaxym335gk medium,Samsung,,,LOW,"folder mapping: ecommerce -> UNCATEGORIZED | note: Generic ecommerce folder - mixed assets, requires review | brand Samsung appears in 10 categories (cross-category brand)",https://ik.imagekit.io/0iaahkrcv/ecommerce/samsung/All%20Samsung%20Smartphones%20-%20Price%20in%20Kenya%20(7)/samsunggalaxym335gk-medium.webp?updatedAt=1786488601676
6a7ba7195c7cd75eb802e3a5,ecommerce,search.7d254c6.svg,search.7d254c6,,,,LOW,"folder mapping: ecommerce -> UNCATEGORIZED | note: Generic ecommerce folder - mixed assets, requires review",https://ik.imagekit.io/0iaahkrcv/ecommerce/samsung/All%20Samsung%20Smartphones%20-%20Price%20in%20Kenya%20(7)/search.7d254c6.svg?updatedAt=1786488601760
6a7ba7195c7cd75eb802e3a1,ecommerce,whatsapp.svg,whatsapp,,,,LOW,"folder mapping: ecommerce -> UNCATEGORIZED | note: Generic ecommerce folder - mixed assets, requires review",https://ik.imagekit.io/0iaahkrcv/ecommerce/samsung/All%20Samsung%20Smartphones%20-%20Price%20in%20Kenya%20(7)/whatsapp.svg?updatedAt=1786488601731
6a7ba6a35c7cd75eb8fc173f,ecommerce,app-logo-desktop.svg,app logo desktop,,,,LOW,"folder mapping: ecommerce -> UNCATEGORIZED | note: Generic ecommerce folder - mixed assets, requires review",https://ik.imagekit.io/0iaahkrcv/ecommerce/samsung/All%20Samsung%20Smartphones%20-%20Price%20in%20Kenya%20(8)/app-logo-desktop.svg?updatedAt=1786488484261
6a7ba6a35c7cd75eb8fc1575,ecommerce,chevron-down.8ee3574.svg,chevron down.8ee3574,,,,LOW,"folder mapping: ecommerce -> UNCATEGORIZED | note: Generic ecommerce folder - mixed assets, requires review",https://ik.imagekit.io/0iaahkrcv/ecommerce/samsung/All%20Samsung%20Smartphones%20-%20Price%20in%20Kenya%20(8)/chevron-down.8ee3574.svg?updatedAt=1786488484050
6a7ba6a35c7cd75eb8fc195e,ecommerce,default (1).svg,default,,,,LOW,"folder mapping: ecommerce -> UNCATEGORIZED | note: Generic ecommerce folder - mixed assets, requires review",https://ik.imagekit.io/0iaahkrcv/ecommerce/samsung/All%20Samsung%20Smartphones%20-%20Price%20in%20Kenya%20(8)/default%20(1).svg?updatedAt=1786488484582
6a7ba6a35c7cd75eb8fc19b3,ecommerce,default (10).svg,default,,,,LOW,"folder mapping: ecommerce -> UNCATEGORIZED | note: Generic ecommerce folder - mixed assets, requires review",https://ik.imagekit.io/0iaahkrcv/ecommerce/samsung/All%20Samsung%20Smartphones%20-%20Price%20in%20Kenya%20(8)/default%20(10).svg?updatedAt=1786488484580
6a7ba6a35c7cd75eb8fc1942,ecommerce,default (11).svg,default,,,,LOW,"folder mapping: ecommerce -> UNCATEGORIZED | note: Generic ecommerce folder - mixed assets, requires review",https://ik.imagekit.io/0iaahkrcv/ecommerce/samsung/All%20Samsung%20Smartphones%20-%20Price%20in%20Kenya%20(8)/default%20(11).svg?updatedAt=1786488484506
6a7ba6a35c7cd75eb8fc17fc,ecommerce,default (12).svg,default,,,,LOW,"folder mapping: ecommerce -> UNCATEGORIZED | note: Generic ecommerce folder - mixed assets, requires review",https://ik.imagekit.io/0iaahkrcv/ecommerce/samsung/All%20Samsung%20Smartphones%20-%20Price%20in%20Kenya%20(8)/default%20(12).svg?updatedAt=1786488484286
6a7ba6a35c7cd75eb8fc19a2,ecommerce,default (13).svg,default,,,,LOW,"folder mapping: ecommerce -> UNCATEGORIZED | note: Generic ecommerce folder - mixed assets, requires review",https://ik.imagekit.io/0iaahkrcv/ecommerce/samsung/All%20Samsung%20Smartphones%20-%20Price%20in%20Kenya%20(8)/default%20(13).svg?updatedAt=1786488484591
6a7ba6a35c7cd75eb8fc19db,ecommerce,default (14).svg,default,,,,LOW,"folder mapping: ecommerce -> UNCATEGORIZED | note: Generic ecommerce folder - mixed assets, requires review",https://ik.imagekit.io/0iaahkrcv/ecommerce/samsung/All%20Samsung%20Smartphones%20-%20Price%20in%20Kenya%20(8)/default%20(14).svg?updatedAt=1786488484689
6a7ba6a35c7cd75eb8fc19e4,ecommerce,default (15).svg,default,,,,LOW,"folder mapping: ecommerce -> UNCATEGORIZED | note: Generic ecommerce folder - mixed assets, requires review",https://ik.imagekit.io/0iaahkrcv/ecommerce/samsung/All%20Samsung%20Smartphones%20-%20Price%20in%20Kenya%20(8)/default%20(15).svg?updatedAt=1786488484572
6a7ba6a45c7cd75eb8fc282c,ecommerce,default (16).svg,default,,,,LOW,"folder mapping: ecommerce -> UNCATEGORIZED | note: Generic ecommerce folder - mixed assets, requires review",https://ik.imagekit.io/0iaahkrcv/ecommerce/samsung/All%20Samsung%20Smartphones%20-%20Price%20in%20Kenya%20(8)/default%20(16).svg?updatedAt=1786488485073
6a7ba6a35c7cd75eb8fc10d3,ecommerce,default (2).svg,default,,,,LOW,"folder mapping: ecommerce -> UNCATEGORIZED | note: Generic ecommerce folder - mixed assets, requires review",https://ik.imagekit.io/0iaahkrcv/ecommerce/samsung/All%20Samsung%20Smartphones%20-%20Price%20in%20Kenya%20(8)/default%20(2).svg?updatedAt=1786488483564
6a7ba6a35c7cd75eb8fc1acf,ecommerce,default (3).svg,default,,,,LOW,"folder mapping: ecommerce -> UNCATEGORIZED | note: Generic ecommerce folder - mixed assets, requires review",https://ik.imagekit.io/0iaahkrcv/ecommerce/samsung/All%20Samsung%20Smartphones%20-%20Price%20in%20Kenya%20(8)/default%20(3).svg?updatedAt=1786488484686
6a7ba6a25c7cd75eb8fc0fe7,ecommerce,default (4).svg,default,,,,LOW,"folder mapping: ecommerce -> UNCATEGORIZED | note: Generic ecommerce folder - mixed assets, requires review",https://ik.imagekit.io/0iaahkrcv/ecommerce/samsung/All%20Samsung%20Smartphones%20-%20Price%20in%20Kenya%20(8)/default%20(4).svg?updatedAt=1786488483291
6a7ba6a35c7cd75eb8fc19de,ecommerce,default (5).svg,default,,,,LOW,"folder mapping: ecommerce -> UNCATEGORIZED | note: Generic ecommerce folder - mixed assets, requires review",https://ik.imagekit.io/0iaahkrcv/ecommerce/samsung/All%20Samsung%20Smartphones%20-%20Price%20in%20Kenya%20(8)/default%20(5).svg?updatedAt=1786488484585
6a7ba6a45c7cd75eb8fc2044,ecommerce,default (6).svg,default,,,,LOW,"folder mapping: ecommerce -> UNCATEGORIZED | note: Generic ecommerce folder - mixed assets, requires review",https://ik.imagekit.io/0iaahkrcv/ecommerce/samsung/All%20Samsung%20Smartphones%20-%20Price%20in%20Kenya%20(8)/default%20(6).svg?updatedAt=1786488484841
6a7ba6a35c7cd75eb8fc10d6,ecommerce,default (7).svg,default,,,,LOW,"folder mapping: ecommerce -> UNCATEGORIZED | note: Generic ecommerce folder - mixed assets, requires review",https://ik.imagekit.io/0iaahkrcv/ecommerce/samsung/All%20Samsung%20Smartphones%20-%20Price%20in%20Kenya%20(8)/default%20(7).svg?updatedAt=1786488483577
6a7ba6a35c7cd75eb8fc177d,ecommerce,default (8).svg,default,,,,LOW,"folder mapping: ecommerce -> UNCATEGORIZED | note: Generic ecommerce folder - mixed assets, requires review",https://ik.imagekit.io/0iaahkrcv/ecommerce/samsung/All%20Samsung%20Smartphones%20-%20Price%20in%20Kenya%20(8)/default%20(8).svg?updatedAt=1786488484289
6a7ba6a35c7cd75eb8fc19d0,ecommerce,default (9).svg,default,,,,LOW,"folder mapping: ecommerce -> UNCATEGORIZED | note: Generic ecommerce folder - mixed assets, requires review",https://ik.imagekit.io/0iaahkrcv/ecommerce/samsung/All%20Samsung%20Smartphones%20-%20Price%20in%20Kenya%20(8)/default%20(9).svg?updatedAt=1786488484623
6a7ba6a35c7cd75eb8fc193f,ecommerce,default.svg,default,,,,LOW,"folder mapping: ecommerce -> UNCATEGORIZED | note: Generic ecommerce folder - mixed assets, requires review",https://ik.imagekit.io/0iaahkrcv/ecommerce/samsung/All%20Samsung%20Smartphones%20-%20Price%20in%20Kenya%20(8)/default.svg?updatedAt=1786488484516
6a7ba6a35c7cd75eb8fc13fc,ecommerce,galaxya04ec-medium (1).webp,galaxya04ec medium,Samsung,,,LOW,"folder mapping: ecommerce -> UNCATEGORIZED | note: Generic ecommerce folder - mixed assets, requires review | brand Samsung appears in 10 categories (cross-category brand)",https://ik.imagekit.io/0iaahkrcv/ecommerce/samsung/All%20Samsung%20Smartphones%20-%20Price%20in%20Kenya%20(8)/galaxya04ec-medium%20(1).webp?updatedAt=1786488483925
6a7ba6a35c7cd75eb8fc1973,ecommerce,galaxya04ec-medium (2).webp,galaxya04ec medium,Samsung,,,LOW,"folder mapping: ecommerce -> UNCATEGORIZED | note: Generic ecommerce folder - mixed assets, requires review | brand Samsung appears in 10 categories (cross-category brand)",https://ik.imagekit.io/0iaahkrcv/ecommerce/samsung/All%20Samsung%20Smartphones%20-%20Price%20in%20Kenya%20(8)/galaxya04ec-medium%20(2).webp?updatedAt=1786488484528
6a7ba6a25c7cd75eb8fc0fcb,ecommerce,galaxya04ec-medium.webp,galaxya04ec medium,Samsung,,,LOW,"folder mapping: ecommerce -> UNCATEGORIZED | note: Generic ecommerce folder - mixed assets, requires review | brand Samsung appears in 10 categories (cross-category brand)",https://ik.imagekit.io/0iaahkrcv/ecommerce/samsung/All%20Samsung%20Smartphones%20-%20Price%20in%20Kenya%20(8)/galaxya04ec-medium.webp?updatedAt=1786488483284
6a7ba6a35c7cd75eb8fc17ac,ecommerce,galaxya325gb-medium (1).webp,galaxya325gb medium,Samsung,,,LOW,"folder mapping: ecommerce -> UNCATEGORIZED | note: Generic ecommerce folder - mixed assets, requires review | brand Samsung appears in 10 categories (cross-category brand)",https://ik.imagekit.io/0iaahkrcv/ecommerce/samsung/All%20Samsung%20Smartphones%20-%20Price%20in%20Kenya%20(8)/galaxya325gb-medium%20(1).webp?updatedAt=1786488484330
6a7ba6a35c7cd75eb8fc137b,ecommerce,galaxya325gb-medium (2).webp,galaxya325gb medium,Samsung,,,LOW,"folder mapping: ecommerce -> UNCATEGORIZED | note: Generic ecommerce folder - mixed assets, requires review | brand Samsung appears in 10 categories (cross-category brand)",https://ik.imagekit.io/0iaahkrcv/ecommerce/samsung/All%20Samsung%20Smartphones%20-%20Price%20in%20Kenya%20(8)/galaxya325gb-medium%20(2).webp?updatedAt=1786488483885
6a7ba6a45c7cd75eb8fc1f36,ecommerce,galaxya325gb-medium.webp,galaxya325gb medium,Samsung,,,LOW,"folder mapping: ecommerce -> UNCATEGORIZED | note: Generic ecommerce folder - mixed assets, requires review | brand Samsung appears in 10 categories (cross-category brand)",https://ik.imagekit.io/0iaahkrcv/ecommerce/samsung/All%20Samsung%20Smartphones%20-%20Price%20in%20Kenya%20(8)/galaxya325gb-medium.webp?updatedAt=1786488484818
6a7ba6a35c7cd75eb8fc192f,ecommerce,galaxya535gk-medium (1).webp,galaxya535gk medium,Samsung,,,LOW,"folder mapping: ecommerce -> UNCATEGORIZED | note: Generic ecommerce folder - mixed assets, requires review | brand Samsung appears in 10 categories (cross-category brand)",https://ik.imagekit.io/0iaahkrcv/ecommerce/samsung/All%20Samsung%20Smartphones%20-%20Price%20in%20Kenya%20(8)/galaxya535gk-medium%20(1).webp?updatedAt=1786488484562
6a7ba6a35c7cd75eb8fc1572,ecommerce,galaxya535gk-medium (2).webp,galaxya535gk medium,Samsung,,,LOW,"folder mapping: ecommerce -> UNCATEGORIZED | note: Generic ecommerce folder - mixed assets, requires review | brand Samsung appears in 10 categories (cross-category brand)",https://ik.imagekit.io/0iaahkrcv/ecommerce/samsung/All%20Samsung%20Smartphones%20-%20Price%20in%20Kenya%20(8)/galaxya535gk-medium%20(2).webp?updatedAt=1786488484047
6a7ba6a35c7cd75eb8fc137d,ecommerce,galaxya535gk-medium (3).webp,galaxya535gk medium,Samsung,,,LOW,"folder mapping: ecommerce -> UNCATEGORIZED | note: Generic ecommerce folder - mixed assets, requires review | brand Samsung appears in 10 categories (cross-category brand)",https://ik.imagekit.io/0iaahkrcv/ecommerce/samsung/All%20Samsung%20Smartphones%20-%20Price%20in%20Kenya%20(8)/galaxya535gk-medium%20(3).webp?updatedAt=1786488483825
6a7ba6a25c7cd75eb8fc10cd,ecommerce,galaxya535gk-medium (4).webp,galaxya535gk medium,Samsung,,,LOW,"folder mapping: ecommerce -> UNCATEGORIZED | note: Generic ecommerce folder - mixed assets, requires review | brand Samsung appears in 10 categories (cross-category brand)",https://ik.imagekit.io/0iaahkrcv/ecommerce/samsung/All%20Samsung%20Smartphones%20-%20Price%20in%20Kenya%20(8)/galaxya535gk-medium%20(4).webp?updatedAt=1786488483575
6a7ba6a35c7cd75eb8fc1950,ecommerce,galaxya535gk-medium (5).webp,galaxya535gk medium,Samsung,,,LOW,"folder mapping: ecommerce -> UNCATEGORIZED | note: Generic ecommerce folder - mixed assets, requires review | brand Samsung appears in 10 categories (cross-category brand)",https://ik.imagekit.io/0iaahkrcv/ecommerce/samsung/All%20Samsung%20Smartphones%20-%20Price%20in%20Kenya%20(8)/galaxya535gk-medium%20(5).webp?updatedAt=1786488484523
6a7ba6a25c7cd75eb8fc10cc,ecommerce,galaxya535gk-medium.webp,galaxya535gk medium,Samsung,,,LOW,"folder mapping: ecommerce -> UNCATEGORIZED | note: Generic ecommerce folder - mixed assets, requires review | brand Samsung appears in 10 categories (cross-category brand)",https://ik.imagekit.io/0iaahkrcv/ecommerce/samsung/All%20Samsung%20Smartphones%20-%20Price%20in%20Kenya%20(8)/galaxya535gk-medium.webp?updatedAt=1786488483575
6a7ba6a35c7cd75eb8fc1382,ecommerce,galaxya735gk-medium (1).webp,galaxya735gk medium,Samsung,,,LOW,"folder mapping: ecommerce -> UNCATEGORIZED | note: Generic ecommerce folder - mixed assets, requires review | brand Samsung appears in 10 categories (cross-category brand)",https://ik.imagekit.io/0iaahkrcv/ecommerce/samsung/All%20Samsung%20Smartphones%20-%20Price%20in%20Kenya%20(8)/galaxya735gk-medium%20(1).webp?updatedAt=1786488483919
6a7ba6a35c7cd75eb8fc10e9,ecommerce,galaxya735gk-medium (2).webp,galaxya735gk medium,Samsung,,,LOW,"folder mapping: ecommerce -> UNCATEGORIZED | note: Generic ecommerce folder - mixed assets, requires review | brand Samsung appears in 10 categories (cross-category brand)",https://ik.imagekit.io/0iaahkrcv/ecommerce/samsung/All%20Samsung%20Smartphones%20-%20Price%20in%20Kenya%20(8)/galaxya735gk-medium%20(2).webp?updatedAt=1786488483703
6a7ba6a35c7cd75eb8fc197a,ecommerce,galaxya735gk-medium (3).webp,galaxya735gk medium,Samsung,,,LOW,"folder mapping: ecommerce -> UNCATEGORIZED | note: Generic ecommerce folder - mixed assets, requires review | brand Samsung appears in 10 categories (cross-category brand)",https://ik.imagekit.io/0iaahkrcv/ecommerce/samsung/All%20Samsung%20Smartphones%20-%20Price%20in%20Kenya%20(8)/galaxya735gk-medium%20(3).webp?updatedAt=1786488484556
6a7ba6a45c7cd75eb8fc1b97,ecommerce,galaxya735gk-medium (4).webp,galaxya735gk medium,Samsung,,,LOW,"folder mapping: ecommerce -> UNCATEGORIZED | note: Generic ecommerce folder - mixed assets, requires review | brand Samsung appears in 10 categories (cross-category brand)",https://ik.imagekit.io/0iaahkrcv/ecommerce/samsung/All%20Samsung%20Smartphones%20-%20Price%20in%20Kenya%20(8)/galaxya735gk-medium%20(4).webp?updatedAt=1786488484601
6a7ba6a35c7cd75eb8fc10da,ecommerce,galaxya735gk-medium (5).webp,galaxya735gk medium,Samsung,,,LOW,"folder mapping: ecommerce -> UNCATEGORIZED | note: Generic ecommerce folder - mixed assets, requires review | brand Samsung appears in 10 categories (cross-category brand)",https://ik.imagekit.io/0iaahkrcv/ecommerce/samsung/All%20Samsung%20Smartphones%20-%20Price%20in%20Kenya%20(8)/galaxya735gk-medium%20(5).webp?updatedAt=1786488483581
6a7ba6a35c7cd75eb8fc156f,ecommerce,galaxya735gk-medium.webp,galaxya735gk medium,Samsung,,,LOW,"folder mapping: ecommerce -> UNCATEGORIZED | note: Generic ecommerce folder - mixed assets, requires review | brand Samsung appears in 10 categories (cross-category brand)",https://ik.imagekit.io/0iaahkrcv/ecommerce/samsung/All%20Samsung%20Smartphones%20-%20Price%20in%20Kenya%20(8)/galaxya735gk-medium.webp?updatedAt=1786488484045
6a7ba6a35c7cd75eb8fc17e6,ecommerce,galaxyf12a-medium (1).webp,galaxyf12a medium,Samsung,,,LOW,"folder mapping: ecommerce -> UNCATEGORIZED | note: Generic ecommerce folder - mixed assets, requires review | brand Samsung appears in 10 categories (cross-category brand)",https://ik.imagekit.io/0iaahkrcv/ecommerce/samsung/All%20Samsung%20Smartphones%20-%20Price%20in%20Kenya%20(8)/galaxyf12a-medium%20(1).webp?updatedAt=1786488484344
6a7ba6a35c7cd75eb8fc1578,ecommerce,galaxyf12a-medium (2).webp,galaxyf12a medium,Samsung,,,LOW,"folder mapping: ecommerce -> UNCATEGORIZED | note: Generic ecommerce folder - mixed assets, requires review | brand Samsung appears in 10 categories (cross-category brand)",https://ik.imagekit.io/0iaahkrcv/ecommerce/samsung/All%20Samsung%20Smartphones%20-%20Price%20in%20Kenya%20(8)/galaxyf12a-medium%20(2).webp?updatedAt=1786488484051
6a7ba6a35c7cd75eb8fc19cd,ecommerce,galaxyf12a-medium.webp,galaxyf12a medium,Samsung,,,LOW,"folder mapping: ecommerce -> UNCATEGORIZED | note: Generic ecommerce folder - mixed assets, requires review | brand Samsung appears in 10 categories (cross-category brand)",https://ik.imagekit.io/0iaahkrcv/ecommerce/samsung/All%20Samsung%20Smartphones%20-%20Price%20in%20Kenya%20(8)/galaxyf12a-medium.webp?updatedAt=1786488484622
6a7ba6a35c7cd75eb8fc1553,ecommerce,galaxyf22a-medium (1).webp,galaxyf22a medium,Samsung,,,LOW,"folder mapping: ecommerce -> UNCATEGORIZED | note: Generic ecommerce folder - mixed assets, requires review | brand Samsung appears in 10 categories (cross-category brand)",https://ik.imagekit.io/0iaahkrcv/ecommerce/samsung/All%20Samsung%20Smartphones%20-%20Price%20in%20Kenya%20(8)/galaxyf22a-medium%20(1).webp?updatedAt=1786488484043
6a7ba6a35c7cd75eb8fc175b,ecommerce,galaxyf22a-medium (2).webp,galaxyf22a medium,Samsung,,,LOW,"folder mapping: ecommerce -> UNCATEGORIZED | note: Generic ecommerce folder - mixed assets, requires review | brand Samsung appears in 10 categories (cross-category brand)",https://ik.imagekit.io/0iaahkrcv/ecommerce/samsung/All%20Samsung%20Smartphones%20-%20Price%20in%20Kenya%20(8)/galaxyf22a-medium%20(2).webp?updatedAt=1786488484269
6a7ba6a45c7cd75eb8fc1f89,ecommerce,galaxyf22a-medium.webp,galaxyf22a medium,Samsung,,,LOW,"folder mapping: ecommerce -> UNCATEGORIZED | note: Generic ecommerce folder - mixed assets, requires review | brand Samsung appears in 10 categories (cross-category brand)",https://ik.imagekit.io/0iaahkrcv/ecommerce/samsung/All%20Samsung%20Smartphones%20-%20Price%20in%20Kenya%20(8)/galaxyf22a-medium.webp?updatedAt=1786488485427
6a7ba6a35c7cd75eb8fc1563,ecommerce,galaxym12a-medium (1).webp,galaxym12a medium,Samsung,,,LOW,"folder mapping: ecommerce -> UNCATEGORIZED | note: Generic ecommerce folder - mixed assets, requires review | brand Samsung appears in 10 categories (cross-category brand)",https://ik.imagekit.io/0iaahkrcv/ecommerce/samsung/All%20Samsung%20Smartphones%20-%20Price%20in%20Kenya%20(8)/galaxym12a-medium%20(1).webp?updatedAt=1786488484072
6a7ba6a35c7cd75eb8fc1386,ecommerce,galaxym12a-medium (2).webp,galaxym12a medium,Samsung,,,LOW,"folder mapping: ecommerce -> UNCATEGORIZED | note: Generic ecommerce folder - mixed assets, requires review | brand Samsung appears in 10 categories (cross-category brand)",https://ik.imagekit.io/0iaahkrcv/ecommerce/samsung/All%20Samsung%20Smartphones%20-%20Price%20in%20Kenya%20(8)/galaxym12a-medium%20(2).webp?updatedAt=1786488483833
6a7ba6a35c7cd75eb8fc1567,ecommerce,galaxym12a-medium.webp,galaxym12a medium,Samsung,,,LOW,"folder mapping: ecommerce -> UNCATEGORIZED | note: Generic ecommerce folder - mixed assets, requires review | brand Samsung appears in 10 categories (cross-category brand)",https://ik.imagekit.io/0iaahkrcv/ecommerce/samsung/All%20Samsung%20Smartphones%20-%20Price%20in%20Kenya%20(8)/galaxym12a-medium.webp?updatedAt=1786488484062
6a7ba6a35c7cd75eb8fc1959,ecommerce,galaxym22da-medium (1).webp,galaxym22da medium,Samsung,,,LOW,"folder mapping: ecommerce -> UNCATEGORIZED | note: Generic ecommerce folder - mixed assets, requires review | brand Samsung appears in 10 categories (cross-category brand)",https://ik.imagekit.io/0iaahkrcv/ecommerce/samsung/All%20Samsung%20Smartphones%20-%20Price%20in%20Kenya%20(8)/galaxym22da-medium%20(1).webp?updatedAt=1786488484553
6a7ba6a35c7cd75eb8fc19bf,ecommerce,galaxym22da-medium (2).webp,galaxym22da medium,Samsung,,,LOW,"folder mapping: ecommerce -> UNCATEGORIZED | note: Generic ecommerce folder - mixed assets, requires review | brand Samsung appears in 10 categories (cross-category brand)",https://ik.imagekit.io/0iaahkrcv/ecommerce/samsung/All%20Samsung%20Smartphones%20-%20Price%20in%20Kenya%20(8)/galaxym22da-medium%20(2).webp?updatedAt=1786488484586
6a7ba6a35c7cd75eb8fc1783,ecommerce,galaxym22da-medium.webp,galaxym22da medium,Samsung,,,LOW,"folder mapping: ecommerce -> UNCATEGORIZED | note: Generic ecommerce folder - mixed assets, requires review | brand Samsung appears in 10 categories (cross-category brand)",https://ik.imagekit.io/0iaahkrcv/ecommerce/samsung/All%20Samsung%20Smartphones%20-%20Price%20in%20Kenya%20(8)/galaxym22da-medium.webp?updatedAt=1786488484275
6a7ba6a35c7cd75eb8fc154d,ecommerce,galaxym535gb-medium (1).webp,galaxym535gb medium,Samsung,,,LOW,"folder mapping: ecommerce -> UNCATEGORIZED | note: Generic ecommerce folder - mixed assets, requires review | brand Samsung appears in 10 categories (cross-category brand)",https://ik.imagekit.io/0iaahkrcv/ecommerce/samsung/All%20Samsung%20Smartphones%20-%20Price%20in%20Kenya%20(8)/galaxym535gb-medium%20(1).webp?updatedAt=1786488484039
6a7ba6a45c7cd75eb8fc29bf,ecommerce,galaxym535gb-medium (2).webp,galaxym535gb medium,Samsung,,,LOW,"folder mapping: ecommerce -> UNCATEGORIZED | note: Generic ecommerce folder - mixed assets, requires review | brand Samsung appears in 10 categories (cross-category brand)",https://ik.imagekit.io/0iaahkrcv/ecommerce/samsung/All%20Samsung%20Smartphones%20-%20Price%20in%20Kenya%20(8)/galaxym535gb-medium%20(2).webp?updatedAt=1786488485387
6a7ba6a35c7cd75eb8fc174c,ecommerce,galaxym535gb-medium.webp,galaxym535gb medium,Samsung,,,LOW,"folder mapping: ecommerce -> UNCATEGORIZED | note: Generic ecommerce folder - mixed assets, requires review | brand Samsung appears in 10 categories (cross-category brand)",https://ik.imagekit.io/0iaahkrcv/ecommerce/samsung/All%20Samsung%20Smartphones%20-%20Price%20in%20Kenya%20(8)/galaxym535gb-medium.webp?updatedAt=1786488484277
6a7ba6a35c7cd75eb8fc17f2,ecommerce,loader.631b9ed.svg,loader.631b9ed,,,,LOW,"folder mapping: ecommerce -> UNCATEGORIZED | note: Generic ecommerce folder - mixed assets, requires review",https://ik.imagekit.io/0iaahkrcv/ecommerce/samsung/All%20Samsung%20Smartphones%20-%20Price%20in%20Kenya%20(8)/loader.631b9ed.svg?updatedAt=1786488484889
6a7ba6da5c7cd75eb8ff43ce,ecommerce,samsunggalaxya23n-medium (1).webp,samsunggalaxya23n medium,Samsung,,,LOW,"folder mapping: ecommerce -> UNCATEGORIZED | note: Generic ecommerce folder - mixed assets, requires review | brand Samsung appears in 10 categories (cross-category brand)",https://ik.imagekit.io/0iaahkrcv/ecommerce/samsung/All%20Samsung%20Smartphones%20-%20Price%20in%20Kenya%20(8)/samsunggalaxya23n-medium%20(1).webp?updatedAt=1786488539051
6a7ba6da5c7cd75eb8ff43c3,ecommerce,samsunggalaxya23n-medium (2).webp,samsunggalaxya23n medium,Samsung,,,LOW,"folder mapping: ecommerce -> UNCATEGORIZED | note: Generic ecommerce folder - mixed assets, requires review | brand Samsung appears in 10 categories (cross-category brand)",https://ik.imagekit.io/0iaahkrcv/ecommerce/samsung/All%20Samsung%20Smartphones%20-%20Price%20in%20Kenya%20(8)/samsunggalaxya23n-medium%20(2).webp?updatedAt=1786488539051
6a7ba6da5c7cd75eb8ff43ec,ecommerce,samsunggalaxya23n-medium (3).webp,samsunggalaxya23n medium,Samsung,,,LOW,"folder mapping: ecommerce -> UNCATEGORIZED | note: Generic ecommerce folder - mixed assets, requires review | brand Samsung appears in 10 categories (cross-category brand)",https://ik.imagekit.io/0iaahkrcv/ecommerce/samsung/All%20Samsung%20Smartphones%20-%20Price%20in%20Kenya%20(8)/samsunggalaxya23n-medium%20(3).webp?updatedAt=1786488539069
6a7ba6da5c7cd75eb8ff43d5,ecommerce,samsunggalaxya23n-medium (4).webp,samsunggalaxya23n medium,Samsung,,,LOW,"folder mapping: ecommerce -> UNCATEGORIZED | note: Generic ecommerce folder - mixed assets, requires review | brand Samsung appears in 10 categories (cross-category brand)",https://ik.imagekit.io/0iaahkrcv/ecommerce/samsung/All%20Samsung%20Smartphones%20-%20Price%20in%20Kenya%20(8)/samsunggalaxya23n-medium%20(4).webp?updatedAt=1786488539057
6a7ba6da5c7cd75eb8ff43df,ecommerce,samsunggalaxya23n-medium (5).webp,samsunggalaxya23n medium,Samsung,,,LOW,"folder mapping: ecommerce -> UNCATEGORIZED | note: Generic ecommerce folder - mixed assets, requires review | brand Samsung appears in 10 categories (cross-category brand)",https://ik.imagekit.io/0iaahkrcv/ecommerce/samsung/All%20Samsung%20Smartphones%20-%20Price%20in%20Kenya%20(8)/samsunggalaxya23n-medium%20(5).webp?updatedAt=1786488539053
6a7ba6db5c7cd75eb8ff4f84,ecommerce,samsunggalaxya23n-medium.webp,samsunggalaxya23n medium,Samsung,,,LOW,"folder mapping: ecommerce -> UNCATEGORIZED | note: Generic ecommerce folder - mixed assets, requires review | brand Samsung appears in 10 categories (cross-category brand)",https://ik.imagekit.io/0iaahkrcv/ecommerce/samsung/All%20Samsung%20Smartphones%20-%20Price%20in%20Kenya%20(8)/samsunggalaxya23n-medium.webp?updatedAt=1786488539679
6a7ba6db5c7cd75eb8ff4f9e,ecommerce,samsunggalaxym235gl-medium (1).webp,samsunggalaxym235gl medium,Samsung,,,LOW,"folder mapping: ecommerce -> UNCATEGORIZED | note: Generic ecommerce folder - mixed assets, requires review | brand Samsung appears in 10 categories (cross-category brand)",https://ik.imagekit.io/0iaahkrcv/ecommerce/samsung/All%20Samsung%20Smartphones%20-%20Price%20in%20Kenya%20(8)/samsunggalaxym235gl-medium%20(1).webp?updatedAt=1786488539719
6a7ba6db5c7cd75eb8ff4fa7,ecommerce,samsunggalaxym235gl-medium (2).webp,samsunggalaxym235gl medium,Samsung,,,LOW,"folder mapping: ecommerce -> UNCATEGORIZED | note: Generic ecommerce folder - mixed assets, requires review | brand Samsung appears in 10 categories (cross-category brand)",https://ik.imagekit.io/0iaahkrcv/ecommerce/samsung/All%20Samsung%20Smartphones%20-%20Price%20in%20Kenya%20(8)/samsunggalaxym235gl-medium%20(2).webp?updatedAt=1786488539818
6a7ba6db5c7cd75eb8ff4fa3,ecommerce,samsunggalaxym235gl-medium.webp,samsunggalaxym235gl medium,Samsung,,,LOW,"folder mapping: ecommerce -> UNCATEGORIZED | note: Generic ecommerce folder - mixed assets, requires review | brand Samsung appears in 10 categories (cross-category brand)",https://ik.imagekit.io/0iaahkrcv/ecommerce/samsung/All%20Samsung%20Smartphones%20-%20Price%20in%20Kenya%20(8)/samsunggalaxym235gl-medium.webp?updatedAt=1786488539676
6a7ba6db5c7cd75eb8ff4f96,ecommerce,search.7d254c6.svg,search.7d254c6,,,,LOW,"folder mapping: ecommerce -> UNCATEGORIZED | note: Generic ecommerce folder - mixed assets, requires review",https://ik.imagekit.io/0iaahkrcv/ecommerce/samsung/All%20Samsung%20Smartphones%20-%20Price%20in%20Kenya%20(8)/search.7d254c6.svg?updatedAt=1786488539760
6a7ba6db5c7cd75eb8ff4f9f,ecommerce,whatsapp.svg,whatsapp,,,,LOW,"folder mapping: ecommerce -> UNCATEGORIZED | note: Generic ecommerce folder - mixed assets, requires review",https://ik.imagekit.io/0iaahkrcv/ecommerce/samsung/All%20Samsung%20Smartphones%20-%20Price%20in%20Kenya%20(8)/whatsapp.svg?updatedAt=1786488539717
6a7ba8c85c7cd75eb81b154d,ecommerce,app-logo-desktop.svg,app logo desktop,,,,LOW,"folder mapping: ecommerce -> UNCATEGORIZED | note: Generic ecommerce folder - mixed assets, requires review",https://ik.imagekit.io/0iaahkrcv/ecommerce/samsung/All%20Samsung%20Smartphones%20-%20Price%20in%20Kenya/app-logo-desktop.svg?updatedAt=1786489032821
6a7ba8c85c7cd75eb81b1502,ecommerce,chevron-down.8ee3574.svg,chevron down.8ee3574,,,,LOW,"folder mapping: ecommerce -> UNCATEGORIZED | note: Generic ecommerce folder - mixed assets, requires review",https://ik.imagekit.io/0iaahkrcv/ecommerce/samsung/All%20Samsung%20Smartphones%20-%20Price%20in%20Kenya/chevron-down.8ee3574.svg?updatedAt=1786489032778
6a7ba8c85c7cd75eb81b154a,ecommerce,default (1).svg,default,,,,LOW,"folder mapping: ecommerce -> UNCATEGORIZED | note: Generic ecommerce folder - mixed assets, requires review",https://ik.imagekit.io/0iaahkrcv/ecommerce/samsung/All%20Samsung%20Smartphones%20-%20Price%20in%20Kenya/default%20(1).svg?updatedAt=1786489032782
6a7ba8c85c7cd75eb81b1516,ecommerce,default (10).svg,default,,,,LOW,"folder mapping: ecommerce -> UNCATEGORIZED | note: Generic ecommerce folder - mixed assets, requires review",https://ik.imagekit.io/0iaahkrcv/ecommerce/samsung/All%20Samsung%20Smartphones%20-%20Price%20in%20Kenya/default%20(10).svg?updatedAt=1786489032780
6a7ba8c85c7cd75eb81b1523,ecommerce,default (11).svg,default,,,,LOW,"folder mapping: ecommerce -> UNCATEGORIZED | note: Generic ecommerce folder - mixed assets, requires review",https://ik.imagekit.io/0iaahkrcv/ecommerce/samsung/All%20Samsung%20Smartphones%20-%20Price%20in%20Kenya/default%20(11).svg?updatedAt=1786489032811
6a7ba8c85c7cd75eb81b1531,ecommerce,default (12).svg,default,,,,LOW,"folder mapping: ecommerce -> UNCATEGORIZED | note: Generic ecommerce folder - mixed assets, requires review",https://ik.imagekit.io/0iaahkrcv/ecommerce/samsung/All%20Samsung%20Smartphones%20-%20Price%20in%20Kenya/default%20(12).svg?updatedAt=1786489032747
6a7ba8c85c7cd75eb81b1554,ecommerce,default (13).svg,default,,,,LOW,"folder mapping: ecommerce -> UNCATEGORIZED | note: Generic ecommerce folder - mixed assets, requires review",https://ik.imagekit.io/0iaahkrcv/ecommerce/samsung/All%20Samsung%20Smartphones%20-%20Price%20in%20Kenya/default%20(13).svg?updatedAt=1786489032749
6a7ba8c85c7cd75eb81b155e,ecommerce,default (14).svg,default,,,,LOW,"folder mapping: ecommerce -> UNCATEGORIZED | note: Generic ecommerce folder - mixed assets, requires review",https://ik.imagekit.io/0iaahkrcv/ecommerce/samsung/All%20Samsung%20Smartphones%20-%20Price%20in%20Kenya/default%20(14).svg?updatedAt=1786489032764
6a7ba8c85c7cd75eb81b1541,ecommerce,default (15).svg,default,,,,LOW,"folder mapping: ecommerce -> UNCATEGORIZED | note: Generic ecommerce folder - mixed assets, requires review",https://ik.imagekit.io/0iaahkrcv/ecommerce/samsung/All%20Samsung%20Smartphones%20-%20Price%20in%20Kenya/default%20(15).svg?updatedAt=1786489032763
6a7ba8c85c7cd75eb81b1564,ecommerce,default (16).svg,default,,,,LOW,"folder mapping: ecommerce -> UNCATEGORIZED | note: Generic ecommerce folder - mixed assets, requires review",https://ik.imagekit.io/0iaahkrcv/ecommerce/samsung/All%20Samsung%20Smartphones%20-%20Price%20in%20Kenya/default%20(16).svg?updatedAt=1786489032819
6a7ba8c85c7cd75eb81b156e,ecommerce,default (17).svg,default,,,,LOW,"folder mapping: ecommerce -> UNCATEGORIZED | note: Generic ecommerce folder - mixed assets, requires review",https://ik.imagekit.io/0iaahkrcv/ecommerce/samsung/All%20Samsung%20Smartphones%20-%20Price%20in%20Kenya/default%20(17).svg?updatedAt=1786489032784
6a7ba8c85c7cd75eb81b1573,ecommerce,default (2).svg,default,,,,LOW,"folder mapping: ecommerce -> UNCATEGORIZED | note: Generic ecommerce folder - mixed assets, requires review",https://ik.imagekit.io/0iaahkrcv/ecommerce/samsung/All%20Samsung%20Smartphones%20-%20Price%20in%20Kenya/default%20(2).svg?updatedAt=1786489032770
6a7ba8c85c7cd75eb81b157b,ecommerce,default (3).svg,default,,,,LOW,"folder mapping: ecommerce -> UNCATEGORIZED | note: Generic ecommerce folder - mixed assets, requires review",https://ik.imagekit.io/0iaahkrcv/ecommerce/samsung/All%20Samsung%20Smartphones%20-%20Price%20in%20Kenya/default%20(3).svg?updatedAt=1786489032792
6a7ba8c85c7cd75eb81b1578,ecommerce,default (4).svg,default,,,,LOW,"folder mapping: ecommerce -> UNCATEGORIZED | note: Generic ecommerce folder - mixed assets, requires review",https://ik.imagekit.io/0iaahkrcv/ecommerce/samsung/All%20Samsung%20Smartphones%20-%20Price%20in%20Kenya/default%20(4).svg?updatedAt=1786489032774
6a7ba8c85c7cd75eb81b1686,ecommerce,default (5).svg,default,,,,LOW,"folder mapping: ecommerce -> UNCATEGORIZED | note: Generic ecommerce folder - mixed assets, requires review",https://ik.imagekit.io/0iaahkrcv/ecommerce/samsung/All%20Samsung%20Smartphones%20-%20Price%20in%20Kenya/default%20(5).svg?updatedAt=1786489032821
6a7ba8c85c7cd75eb81b164d,ecommerce,default (6).svg,default,,,,LOW,"folder mapping: ecommerce -> UNCATEGORIZED | note: Generic ecommerce folder - mixed assets, requires review",https://ik.imagekit.io/0iaahkrcv/ecommerce/samsung/All%20Samsung%20Smartphones%20-%20Price%20in%20Kenya/default%20(6).svg?updatedAt=1786489032790
6a7ba8c85c7cd75eb81b16a0,ecommerce,default (7).svg,default,,,,LOW,"folder mapping: ecommerce -> UNCATEGORIZED | note: Generic ecommerce folder - mixed assets, requires review",https://ik.imagekit.io/0iaahkrcv/ecommerce/samsung/All%20Samsung%20Smartphones%20-%20Price%20in%20Kenya/default%20(7).svg?updatedAt=1786489032846
6a7ba8c85c7cd75eb81b161b,ecommerce,default (8).svg,default,,,,LOW,"folder mapping: ecommerce -> UNCATEGORIZED | note: Generic ecommerce folder - mixed assets, requires review",https://ik.imagekit.io/0iaahkrcv/ecommerce/samsung/All%20Samsung%20Smartphones%20-%20Price%20in%20Kenya/default%20(8).svg?updatedAt=1786489032819
6a7ba8c85c7cd75eb81b163a,ecommerce,default (9).svg,default,,,,LOW,"folder mapping: ecommerce -> UNCATEGORIZED | note: Generic ecommerce folder - mixed assets, requires review",https://ik.imagekit.io/0iaahkrcv/ecommerce/samsung/All%20Samsung%20Smartphones%20-%20Price%20in%20Kenya/default%20(9).svg?updatedAt=1786489032808
6a7ba8c85c7cd75eb81b164c,ecommerce,default.svg,default,,,,LOW,"folder mapping: ecommerce -> UNCATEGORIZED | note: Generic ecommerce folder - mixed assets, requires review",https://ik.imagekit.io/0iaahkrcv/ecommerce/samsung/All%20Samsung%20Smartphones%20-%20Price%20in%20Kenya/default.svg?updatedAt=1786489032828
6a7ba8c85c7cd75eb81b1657,ecommerce,loader.631b9ed.svg,loader.631b9ed,,,,LOW,"folder mapping: ecommerce -> UNCATEGORIZED | note: Generic ecommerce folder - mixed assets, requires review",https://ik.imagekit.io/0iaahkrcv/ecommerce/samsung/All%20Samsung%20Smartphones%20-%20Price%20in%20Kenya/loader.631b9ed.svg?updatedAt=1786489032844
6a7ba8c85c7cd75eb81b1628,ecommerce,s26-ultra-d-medium (1).webp,s26 ultra d medium,,,,LOW,"folder mapping: ecommerce -> UNCATEGORIZED | note: Generic ecommerce folder - mixed assets, requires review",https://ik.imagekit.io/0iaahkrcv/ecommerce/samsung/All%20Samsung%20Smartphones%20-%20Price%20in%20Kenya/s26-ultra-d-medium%20(1).webp?updatedAt=1786489032815
6a7ba8c85c7cd75eb81b1693,ecommerce,s26-ultra-d-medium (2).webp,s26 ultra d medium,,,,LOW,"folder mapping: ecommerce -> UNCATEGORIZED | note: Generic ecommerce folder - mixed assets, requires review",https://ik.imagekit.io/0iaahkrcv/ecommerce/samsung/All%20Samsung%20Smartphones%20-%20Price%20in%20Kenya/s26-ultra-d-medium%20(2).webp?updatedAt=1786489032844
6a7ba8c85c7cd75eb81b176e,ecommerce,s26-ultra-d-medium (3).webp,s26 ultra d medium,,,,LOW,"folder mapping: ecommerce -> UNCATEGORIZED | note: Generic ecommerce folder - mixed assets, requires review",https://ik.imagekit.io/0iaahkrcv/ecommerce/samsung/All%20Samsung%20Smartphones%20-%20Price%20in%20Kenya/s26-ultra-d-medium%20(3).webp?updatedAt=1786489032858
6a7ba8c85c7cd75eb81b1760,ecommerce,s26-ultra-d-medium (4).webp,s26 ultra d medium,,,,LOW,"folder mapping: ecommerce -> UNCATEGORIZED | note: Generic ecommerce folder - mixed assets, requires review",https://ik.imagekit.io/0iaahkrcv/ecommerce/samsung/All%20Samsung%20Smartphones%20-%20Price%20in%20Kenya/s26-ultra-d-medium%20(4).webp?updatedAt=1786489032838
6a7ba8c85c7cd75eb81b1702,ecommerce,s26-ultra-d-medium (5).webp,s26 ultra d medium,,,,LOW,"folder mapping: ecommerce -> UNCATEGORIZED | note: Generic ecommerce folder - mixed assets, requires review",https://ik.imagekit.io/0iaahkrcv/ecommerce/samsung/All%20Samsung%20Smartphones%20-%20Price%20in%20Kenya/s26-ultra-d-medium%20(5).webp?updatedAt=1786489032851
6a7ba8c85c7cd75eb81b19ee,ecommerce,s26-ultra-d-medium.webp,s26 ultra d medium,,,,LOW,"folder mapping: ecommerce -> UNCATEGORIZED | note: Generic ecommerce folder - mixed assets, requires review",https://ik.imagekit.io/0iaahkrcv/ecommerce/samsung/All%20Samsung%20Smartphones%20-%20Price%20in%20Kenya/s26-ultra-d-medium.webp?updatedAt=1786489032968
6a7ba8f85c7cd75eb81df40c,ecommerce,search.7d254c6.svg,search.7d254c6,,,,LOW,"folder mapping: ecommerce -> UNCATEGORIZED | note: Generic ecommerce folder - mixed assets, requires review",https://ik.imagekit.io/0iaahkrcv/ecommerce/samsung/All%20Samsung%20Smartphones%20-%20Price%20in%20Kenya/search.7d254c6.svg?updatedAt=1786489080882
6a7ba8f85c7cd75eb81df595,ecommerce,whatsapp.svg,whatsapp,,,,LOW,"folder mapping: ecommerce -> UNCATEGORIZED | note: Generic ecommerce folder - mixed assets, requires review",https://ik.imagekit.io/0iaahkrcv/ecommerce/samsung/All%20Samsung%20Smartphones%20-%20Price%20in%20Kenya/whatsapp.svg?updatedAt=1786489081033
6a7b6a835c7cd75eb8e6fccb,ecommerce,app-logo-desktop.svg,app logo desktop,,,,LOW,"folder mapping: ecommerce -> UNCATEGORIZED | note: Generic ecommerce folder - mixed assets, requires review",https://ik.imagekit.io/0iaahkrcv/ecommerce/Tecno-2/All%20Tecno%20Smartphones%20-%20Price%20in%20Kenya/app-logo-desktop.svg?updatedAt=1786473092230
6a7b6a865c7cd75eb8e70b8c,ecommerce,chevron-down.8ee3574.svg,chevron down.8ee3574,,,,LOW,"folder mapping: ecommerce -> UNCATEGORIZED | note: Generic ecommerce folder - mixed assets, requires review",https://ik.imagekit.io/0iaahkrcv/ecommerce/Tecno-2/All%20Tecno%20Smartphones%20-%20Price%20in%20Kenya/chevron-down.8ee3574.svg?updatedAt=1786473095604
6a7b6a875c7cd75eb8e70e38,ecommerce,default (1).svg,default,,,,LOW,"folder mapping: ecommerce -> UNCATEGORIZED | note: Generic ecommerce folder - mixed assets, requires review",https://ik.imagekit.io/0iaahkrcv/ecommerce/Tecno-2/All%20Tecno%20Smartphones%20-%20Price%20in%20Kenya/default%20(1).svg?updatedAt=1786473096201
6a7b6a835c7cd75eb8e6fc70,ecommerce,default (10).svg,default,,,,LOW,"folder mapping: ecommerce -> UNCATEGORIZED | note: Generic ecommerce folder - mixed assets, requires review",https://ik.imagekit.io/0iaahkrcv/ecommerce/Tecno-2/All%20Tecno%20Smartphones%20-%20Price%20in%20Kenya/default%20(10).svg?updatedAt=1786473092096
6a7b6a835c7cd75eb8e6fc69,ecommerce,default (11).svg,default,,,,LOW,"folder mapping: ecommerce -> UNCATEGORIZED | note: Generic ecommerce folder - mixed assets, requires review",https://ik.imagekit.io/0iaahkrcv/ecommerce/Tecno-2/All%20Tecno%20Smartphones%20-%20Price%20in%20Kenya/default%20(11).svg?updatedAt=1786473092041
6a7b6a835c7cd75eb8e6fc98,ecommerce,default (12).svg,default,,,,LOW,"folder mapping: ecommerce -> UNCATEGORIZED | note: Generic ecommerce folder - mixed assets, requires review",https://ik.imagekit.io/0iaahkrcv/ecommerce/Tecno-2/All%20Tecno%20Smartphones%20-%20Price%20in%20Kenya/default%20(12).svg?updatedAt=1786473092156
6a7b6a835c7cd75eb8e6fc6c,ecommerce,default (13).svg,default,,,,LOW,"folder mapping: ecommerce -> UNCATEGORIZED | note: Generic ecommerce folder - mixed assets, requires review",https://ik.imagekit.io/0iaahkrcv/ecommerce/Tecno-2/All%20Tecno%20Smartphones%20-%20Price%20in%20Kenya/default%20(13).svg?updatedAt=1786473092065
6a7b6a835c7cd75eb8e6fc94,ecommerce,default (14).svg,default,,,,LOW,"folder mapping: ecommerce -> UNCATEGORIZED | note: Generic ecommerce folder - mixed assets, requires review",https://ik.imagekit.io/0iaahkrcv/ecommerce/Tecno-2/All%20Tecno%20Smartphones%20-%20Price%20in%20Kenya/default%20(14).svg?updatedAt=1786473092166
6a7b6a835c7cd75eb8e6fc7a,ecommerce,default (15).svg,default,,,,LOW,"folder mapping: ecommerce -> UNCATEGORIZED | note: Generic ecommerce folder - mixed assets, requires review",https://ik.imagekit.io/0iaahkrcv/ecommerce/Tecno-2/All%20Tecno%20Smartphones%20-%20Price%20in%20Kenya/default%20(15).svg?updatedAt=1786473092095
6a7b6a835c7cd75eb8e6fc7e,ecommerce,default (16).svg,default,,,,LOW,"folder mapping: ecommerce -> UNCATEGORIZED | note: Generic ecommerce folder - mixed assets, requires review",https://ik.imagekit.io/0iaahkrcv/ecommerce/Tecno-2/All%20Tecno%20Smartphones%20-%20Price%20in%20Kenya/default%20(16).svg?updatedAt=1786473092079
6a7b6a835c7cd75eb8e6fc77,ecommerce,default (17).svg,default,,,,LOW,"folder mapping: ecommerce -> UNCATEGORIZED | note: Generic ecommerce folder - mixed assets, requires review",https://ik.imagekit.io/0iaahkrcv/ecommerce/Tecno-2/All%20Tecno%20Smartphones%20-%20Price%20in%20Kenya/default%20(17).svg?updatedAt=1786473092101
6a7b6a835c7cd75eb8e6fcba,ecommerce,default (2).svg,default,,,,LOW,"folder mapping: ecommerce -> UNCATEGORIZED | note: Generic ecommerce folder - mixed assets, requires review",https://ik.imagekit.io/0iaahkrcv/ecommerce/Tecno-2/All%20Tecno%20Smartphones%20-%20Price%20in%20Kenya/default%20(2).svg?updatedAt=1786473092189
6a7b6a835c7cd75eb8e6fc83,ecommerce,default (3).svg,default,,,,LOW,"folder mapping: ecommerce -> UNCATEGORIZED | note: Generic ecommerce folder - mixed assets, requires review",https://ik.imagekit.io/0iaahkrcv/ecommerce/Tecno-2/All%20Tecno%20Smartphones%20-%20Price%20in%20Kenya/default%20(3).svg?updatedAt=1786473092105
6a7b6a845c7cd75eb8e6ff33,ecommerce,default (4).svg,default,,,,LOW,"folder mapping: ecommerce -> UNCATEGORIZED | note: Generic ecommerce folder - mixed assets, requires review",https://ik.imagekit.io/0iaahkrcv/ecommerce/Tecno-2/All%20Tecno%20Smartphones%20-%20Price%20in%20Kenya/default%20(4).svg?updatedAt=1786473092761
6a7b6a895c7cd75eb8e7199a,ecommerce,default (5).svg,default,,,,LOW,"folder mapping: ecommerce -> UNCATEGORIZED | note: Generic ecommerce folder - mixed assets, requires review",https://ik.imagekit.io/0iaahkrcv/ecommerce/Tecno-2/All%20Tecno%20Smartphones%20-%20Price%20in%20Kenya/default%20(5).svg?updatedAt=1786473098129
6a7b6a845c7cd75eb8e6ff3a,ecommerce,default (6).svg,default,,,,LOW,"folder mapping: ecommerce -> UNCATEGORIZED | note: Generic ecommerce folder - mixed assets, requires review",https://ik.imagekit.io/0iaahkrcv/ecommerce/Tecno-2/All%20Tecno%20Smartphones%20-%20Price%20in%20Kenya/default%20(6).svg?updatedAt=1786473092799
6a7b6a845c7cd75eb8e6ff56,ecommerce,default (7).svg,default,,,,LOW,"folder mapping: ecommerce -> UNCATEGORIZED | note: Generic ecommerce folder - mixed assets, requires review",https://ik.imagekit.io/0iaahkrcv/ecommerce/Tecno-2/All%20Tecno%20Smartphones%20-%20Price%20in%20Kenya/default%20(7).svg?updatedAt=1786473092805
6a7b6a845c7cd75eb8e6ff39,ecommerce,default (8).svg,default,,,,LOW,"folder mapping: ecommerce -> UNCATEGORIZED | note: Generic ecommerce folder - mixed assets, requires review",https://ik.imagekit.io/0iaahkrcv/ecommerce/Tecno-2/All%20Tecno%20Smartphones%20-%20Price%20in%20Kenya/default%20(8).svg?updatedAt=1786473092766
6a7b6a845c7cd75eb8e6ff41,ecommerce,default (9).svg,default,,,,LOW,"folder mapping: ecommerce -> UNCATEGORIZED | note: Generic ecommerce folder - mixed assets, requires review",https://ik.imagekit.io/0iaahkrcv/ecommerce/Tecno-2/All%20Tecno%20Smartphones%20-%20Price%20in%20Kenya/default%20(9).svg?updatedAt=1786473092774
6a7b6a845c7cd75eb8e6ff21,ecommerce,default.svg,default,,,,LOW,"folder mapping: ecommerce -> UNCATEGORIZED | note: Generic ecommerce folder - mixed assets, requires review",https://ik.imagekit.io/0iaahkrcv/ecommerce/Tecno-2/All%20Tecno%20Smartphones%20-%20Price%20in%20Kenya/default.svg?updatedAt=1786473092710
6a7b6a845c7cd75eb8e6ff69,ecommerce,loader.631b9ed.svg,loader.631b9ed,,,,LOW,"folder mapping: ecommerce -> UNCATEGORIZED | note: Generic ecommerce folder - mixed assets, requires review",https://ik.imagekit.io/0iaahkrcv/ecommerce/Tecno-2/All%20Tecno%20Smartphones%20-%20Price%20in%20Kenya/loader.631b9ed.svg?updatedAt=1786473092820
6a7b6a8a5c7cd75eb8e71d9e,ecommerce,search.7d254c6.svg,search.7d254c6,,,,LOW,"folder mapping: ecommerce -> UNCATEGORIZED | note: Generic ecommerce folder - mixed assets, requires review",https://ik.imagekit.io/0iaahkrcv/ecommerce/Tecno-2/All%20Tecno%20Smartphones%20-%20Price%20in%20Kenya/search.7d254c6.svg?updatedAt=1786473098827
6a7b6a8c5c7cd75eb8e735e2,ecommerce,tecnocamon21premierkenya-medium (1).webp,tecnocamon21premierkenya medium,,,,LOW,"folder mapping: ecommerce -> UNCATEGORIZED | note: Generic ecommerce folder - mixed assets, requires review",https://ik.imagekit.io/0iaahkrcv/ecommerce/Tecno-2/All%20Tecno%20Smartphones%20-%20Price%20in%20Kenya/tecnocamon21premierkenya-medium%20(1).webp?updatedAt=1786473100770
6a7b6a8c5c7cd75eb8e73701,ecommerce,tecnocamon21premierkenya-medium (2).webp,tecnocamon21premierkenya medium,,,,LOW,"folder mapping: ecommerce -> UNCATEGORIZED | note: Generic ecommerce folder - mixed assets, requires review",https://ik.imagekit.io/0iaahkrcv/ecommerce/Tecno-2/All%20Tecno%20Smartphones%20-%20Price%20in%20Kenya/tecnocamon21premierkenya-medium%20(2).webp?updatedAt=1786473100902
6a7b6a8b5c7cd75eb8e72e26,ecommerce,tecnocamon21premierkenya-medium.webp,tecnocamon21premierkenya medium,,,,LOW,"folder mapping: ecommerce -> UNCATEGORIZED | note: Generic ecommerce folder - mixed assets, requires review",https://ik.imagekit.io/0iaahkrcv/ecommerce/Tecno-2/All%20Tecno%20Smartphones%20-%20Price%20in%20Kenya/tecnocamon21premierkenya-medium.webp?updatedAt=1786473100220
6a7b6a8c5c7cd75eb8e737b6,ecommerce,tecnophantomvflip-medium (1).webp,tecnophantomvflip medium,,,,LOW,"folder mapping: ecommerce -> UNCATEGORIZED | note: Generic ecommerce folder - mixed assets, requires review",https://ik.imagekit.io/0iaahkrcv/ecommerce/Tecno-2/All%20Tecno%20Smartphones%20-%20Price%20in%20Kenya/tecnophantomvflip-medium%20(1).webp?updatedAt=1786473100978
6a7b6a8b5c7cd75eb8e72f35,ecommerce,tecnophantomvflip-medium (2).webp,tecnophantomvflip medium,,,,LOW,"folder mapping: ecommerce -> UNCATEGORIZED | note: Generic ecommerce folder - mixed assets, requires review",https://ik.imagekit.io/0iaahkrcv/ecommerce/Tecno-2/All%20Tecno%20Smartphones%20-%20Price%20in%20Kenya/tecnophantomvflip-medium%20(2).webp?updatedAt=1786473100413
6a7b6a8c5c7cd75eb8e738a8,ecommerce,tecnophantomvflip-medium.webp,tecnophantomvflip medium,,,,LOW,"folder mapping: ecommerce -> UNCATEGORIZED | note: Generic ecommerce folder - mixed assets, requires review",https://ik.imagekit.io/0iaahkrcv/ecommerce/Tecno-2/All%20Tecno%20Smartphones%20-%20Price%20in%20Kenya/tecnophantomvflip-medium.webp?updatedAt=1786473101050
6a7b6a8c5c7cd75eb8e738a5,ecommerce,tecnophantomx3-medium (1).webp,tecnophantomx3 medium,,,,LOW,"folder mapping: ecommerce -> UNCATEGORIZED | note: Generic ecommerce folder - mixed assets, requires review",https://ik.imagekit.io/0iaahkrcv/ecommerce/Tecno-2/All%20Tecno%20Smartphones%20-%20Price%20in%20Kenya/tecnophantomx3-medium%20(1).webp?updatedAt=1786473101028
6a7b6a8c5c7cd75eb8e735c2,ecommerce,tecnophantomx3-medium (2).webp,tecnophantomx3 medium,,,,LOW,"folder mapping: ecommerce -> UNCATEGORIZED | note: Generic ecommerce folder - mixed assets, requires review",https://ik.imagekit.io/0iaahkrcv/ecommerce/Tecno-2/All%20Tecno%20Smartphones%20-%20Price%20in%20Kenya/tecnophantomx3-medium%20(2).webp?updatedAt=1786473100731
6a7b6a8c5c7cd75eb8e73e48,ecommerce,tecnophantomx3-medium (3).webp,tecnophantomx3 medium,,,,LOW,"folder mapping: ecommerce -> UNCATEGORIZED | note: Generic ecommerce folder - mixed assets, requires review",https://ik.imagekit.io/0iaahkrcv/ecommerce/Tecno-2/All%20Tecno%20Smartphones%20-%20Price%20in%20Kenya/tecnophantomx3-medium%20(3).webp?updatedAt=1786473101587
6a7b6a8c5c7cd75eb8e73db4,ecommerce,tecnophantomx3-medium (4).webp,tecnophantomx3 medium,,,,LOW,"folder mapping: ecommerce -> UNCATEGORIZED | note: Generic ecommerce folder - mixed assets, requires review",https://ik.imagekit.io/0iaahkrcv/ecommerce/Tecno-2/All%20Tecno%20Smartphones%20-%20Price%20in%20Kenya/tecnophantomx3-medium%20(4).webp?updatedAt=1786473101476
6a7b6a8c5c7cd75eb8e73de3,ecommerce,tecnophantomx3-medium (5).webp,tecnophantomx3 medium,,,,LOW,"folder mapping: ecommerce -> UNCATEGORIZED | note: Generic ecommerce folder - mixed assets, requires review",https://ik.imagekit.io/0iaahkrcv/ecommerce/Tecno-2/All%20Tecno%20Smartphones%20-%20Price%20in%20Kenya/tecnophantomx3-medium%20(5).webp?updatedAt=1786473101455
6a7b6a8c5c7cd75eb8e73de9,ecommerce,tecnophantomx3-medium.webp,tecnophantomx3 medium,,,,LOW,"folder mapping: ecommerce -> UNCATEGORIZED | note: Generic ecommerce folder - mixed assets, requires review",https://ik.imagekit.io/0iaahkrcv/ecommerce/Tecno-2/All%20Tecno%20Smartphones%20-%20Price%20in%20Kenya/tecnophantomx3-medium.webp?updatedAt=1786473101491
6a7b6a8c5c7cd75eb8e73e28,ecommerce,tecnopop7proa-medium (1).webp,tecnopop7proa medium,,,,LOW,"folder mapping: ecommerce -> UNCATEGORIZED | note: Generic ecommerce folder - mixed assets, requires review",https://ik.imagekit.io/0iaahkrcv/ecommerce/Tecno-2/All%20Tecno%20Smartphones%20-%20Price%20in%20Kenya/tecnopop7proa-medium%20(1).webp?updatedAt=1786473101558
6a7b6a8c5c7cd75eb8e73db2,ecommerce,tecnopop7proa-medium (2).webp,tecnopop7proa medium,,,,LOW,"folder mapping: ecommerce -> UNCATEGORIZED | note: Generic ecommerce folder - mixed assets, requires review",https://ik.imagekit.io/0iaahkrcv/ecommerce/Tecno-2/All%20Tecno%20Smartphones%20-%20Price%20in%20Kenya/tecnopop7proa-medium%20(2).webp?updatedAt=1786473101453
6a7b6a8c5c7cd75eb8e73e53,ecommerce,tecnopop7proa-medium.webp,tecnopop7proa medium,,,,LOW,"folder mapping: ecommerce -> UNCATEGORIZED | note: Generic ecommerce folder - mixed assets, requires review",https://ik.imagekit.io/0iaahkrcv/ecommerce/Tecno-2/All%20Tecno%20Smartphones%20-%20Price%20in%20Kenya/tecnopop7proa-medium.webp?updatedAt=1786473101537
6a7b6a8c5c7cd75eb8e73e2b,ecommerce,whatsapp.svg,whatsapp,,,,LOW,"folder mapping: ecommerce -> UNCATEGORIZED | note: Generic ecommerce folder - mixed assets, requires review",https://ik.imagekit.io/0iaahkrcv/ecommerce/Tecno-2/All%20Tecno%20Smartphones%20-%20Price%20in%20Kenya/whatsapp.svg?updatedAt=1786473101469
6a7cac065c7cd75eb853e8bd,gadgets,apple-watches.png,apple watches,Apple,,,LOW,"folder mapping: gadgets -> UNCATEGORIZED | note: Generic ""gadgets"" folder - requires review | brand Apple appears in 7 categories (cross-category brand)",https://ik.imagekit.io/0iaahkrcv/gadgets/apple-watches.png?updatedAt=1786555398972
6a7cac065c7cd75eb853ee40,gadgets,download (1).svg,download,,,,LOW,"folder mapping: gadgets -> UNCATEGORIZED | note: Generic ""gadgets"" folder - requires review",https://ik.imagekit.io/0iaahkrcv/gadgets/download%20(1).svg?updatedAt=1786555399547
6a7cac065c7cd75eb853ec03,gadgets,download (10).svg,download,,,,LOW,"folder mapping: gadgets -> UNCATEGORIZED | note: Generic ""gadgets"" folder - requires review",https://ik.imagekit.io/0iaahkrcv/gadgets/download%20(10).svg?updatedAt=1786555399440
6a7cac065c7cd75eb853ebc1,gadgets,download (11).svg,download,,,,LOW,"folder mapping: gadgets -> UNCATEGORIZED | note: Generic ""gadgets"" folder - requires review",https://ik.imagekit.io/0iaahkrcv/gadgets/download%20(11).svg?updatedAt=1786555399339
6a7cac065c7cd75eb853ebfc,gadgets,download (12).svg,download,,,,LOW,"folder mapping: gadgets -> UNCATEGORIZED | note: Generic ""gadgets"" folder - requires review",https://ik.imagekit.io/0iaahkrcv/gadgets/download%20(12).svg?updatedAt=1786555399416
6a7cac065c7cd75eb853ebe4,gadgets,download (13).svg,download,,,,LOW,"folder mapping: gadgets -> UNCATEGORIZED | note: Generic ""gadgets"" folder - requires review",https://ik.imagekit.io/0iaahkrcv/gadgets/download%20(13).svg?updatedAt=1786555399356
6a7cac065c7cd75eb853ebf7,gadgets,download (14).svg,download,,,,LOW,"folder mapping: gadgets -> UNCATEGORIZED | note: Generic ""gadgets"" folder - requires review",https://ik.imagekit.io/0iaahkrcv/gadgets/download%20(14).svg?updatedAt=1786555399427
6a7cac065c7cd75eb853f02a,gadgets,download (15).svg,download,,,,LOW,"folder mapping: gadgets -> UNCATEGORIZED | note: Generic ""gadgets"" folder - requires review",https://ik.imagekit.io/0iaahkrcv/gadgets/download%20(15).svg?updatedAt=1786555399576
6a7cac075c7cd75eb853f1c6,gadgets,download (16).svg,download,,,,LOW,"folder mapping: gadgets -> UNCATEGORIZED | note: Generic ""gadgets"" folder - requires review",https://ik.imagekit.io/0iaahkrcv/gadgets/download%20(16).svg?updatedAt=1786555399646
6a7cac075c7cd75eb853f1e6,gadgets,download (17).svg,download,,,,LOW,"folder mapping: gadgets -> UNCATEGORIZED | note: Generic ""gadgets"" folder - requires review",https://ik.imagekit.io/0iaahkrcv/gadgets/download%20(17).svg?updatedAt=1786555399664
6a7cac075c7cd75eb853f204,gadgets,download (18).svg,download,,,,LOW,"folder mapping: gadgets -> UNCATEGORIZED | note: Generic ""gadgets"" folder - requires review",https://ik.imagekit.io/0iaahkrcv/gadgets/download%20(18).svg?updatedAt=1786555399688
6a7cac075c7cd75eb853f198,gadgets,download (19).svg,download,,,,LOW,"folder mapping: gadgets -> UNCATEGORIZED | note: Generic ""gadgets"" folder - requires review",https://ik.imagekit.io/0iaahkrcv/gadgets/download%20(19).svg?updatedAt=1786555399640
6a7cac075c7cd75eb853f3fb,gadgets,download (2).svg,download,,,,LOW,"folder mapping: gadgets -> UNCATEGORIZED | note: Generic ""gadgets"" folder - requires review",https://ik.imagekit.io/0iaahkrcv/gadgets/download%20(2).svg?updatedAt=1786555399705
6a7cac075c7cd75eb853f35a,gadgets,download (20).svg,download,,,,LOW,"folder mapping: gadgets -> UNCATEGORIZED | note: Generic ""gadgets"" folder - requires review",https://ik.imagekit.io/0iaahkrcv/gadgets/download%20(20).svg?updatedAt=1786555399694
6a7cac075c7cd75eb853f212,gadgets,download (21).svg,download,,,,LOW,"folder mapping: gadgets -> UNCATEGORIZED | note: Generic ""gadgets"" folder - requires review",https://ik.imagekit.io/0iaahkrcv/gadgets/download%20(21).svg?updatedAt=1786555399687
6a7cac075c7cd75eb853f274,gadgets,download (22).svg,download,,,,LOW,"folder mapping: gadgets -> UNCATEGORIZED | note: Generic ""gadgets"" folder - requires review",https://ik.imagekit.io/0iaahkrcv/gadgets/download%20(22).svg?updatedAt=1786555399660
6a7cac075c7cd75eb853f161,gadgets,download (23).svg,download,,,,LOW,"folder mapping: gadgets -> UNCATEGORIZED | note: Generic ""gadgets"" folder - requires review",https://ik.imagekit.io/0iaahkrcv/gadgets/download%20(23).svg?updatedAt=1786555399653
6a7cac075c7cd75eb853f1a4,gadgets,download (24).svg,download,,,,LOW,"folder mapping: gadgets -> UNCATEGORIZED | note: Generic ""gadgets"" folder - requires review",https://ik.imagekit.io/0iaahkrcv/gadgets/download%20(24).svg?updatedAt=1786555399617
6a7cac075c7cd75eb853f261,gadgets,download (25).svg,download,,,,LOW,"folder mapping: gadgets -> UNCATEGORIZED | note: Generic ""gadgets"" folder - requires review",https://ik.imagekit.io/0iaahkrcv/gadgets/download%20(25).svg?updatedAt=1786555399665
6a7cac075c7cd75eb853f1b6,gadgets,download (26).svg,download,,,,LOW,"folder mapping: gadgets -> UNCATEGORIZED | note: Generic ""gadgets"" folder - requires review",https://ik.imagekit.io/0iaahkrcv/gadgets/download%20(26).svg?updatedAt=1786555399621
6a7cac075c7cd75eb853f216,gadgets,download (27).svg,download,,,,LOW,"folder mapping: gadgets -> UNCATEGORIZED | note: Generic ""gadgets"" folder - requires review",https://ik.imagekit.io/0iaahkrcv/gadgets/download%20(27).svg?updatedAt=1786555399625
6a7cac075c7cd75eb853f218,gadgets,download (28).svg,download,,,,LOW,"folder mapping: gadgets -> UNCATEGORIZED | note: Generic ""gadgets"" folder - requires review",https://ik.imagekit.io/0iaahkrcv/gadgets/download%20(28).svg?updatedAt=1786555399625
6a7cac075c7cd75eb853f1ec,gadgets,download (29).svg,download,,,,LOW,"folder mapping: gadgets -> UNCATEGORIZED | note: Generic ""gadgets"" folder - requires review",https://ik.imagekit.io/0iaahkrcv/gadgets/download%20(29).svg?updatedAt=1786555399621
6a7cac075c7cd75eb853f1bb,gadgets,download (3).svg,download,,,,LOW,"folder mapping: gadgets -> UNCATEGORIZED | note: Generic ""gadgets"" folder - requires review",https://ik.imagekit.io/0iaahkrcv/gadgets/download%20(3).svg?updatedAt=1786555399641
6a7cac075c7cd75eb853f3bf,gadgets,download (30).svg,download,,,,LOW,"folder mapping: gadgets -> UNCATEGORIZED | note: Generic ""gadgets"" folder - requires review",https://ik.imagekit.io/0iaahkrcv/gadgets/download%20(30).svg?updatedAt=1786555399720
6a7cac075c7cd75eb853f3f2,gadgets,download (31).svg,download,,,,LOW,"folder mapping: gadgets -> UNCATEGORIZED | note: Generic ""gadgets"" folder - requires review",https://ik.imagekit.io/0iaahkrcv/gadgets/download%20(31).svg?updatedAt=1786555399702
6a7cac075c7cd75eb853f1f9,gadgets,download (32).svg,download,,,,LOW,"folder mapping: gadgets -> UNCATEGORIZED | note: Generic ""gadgets"" folder - requires review",https://ik.imagekit.io/0iaahkrcv/gadgets/download%20(32).svg?updatedAt=1786555399630
6a7cac075c7cd75eb853f3b4,gadgets,download (33).svg,download,,,,LOW,"folder mapping: gadgets -> UNCATEGORIZED | note: Generic ""gadgets"" folder - requires review",https://ik.imagekit.io/0iaahkrcv/gadgets/download%20(33).svg?updatedAt=1786555399693
6a7cac075c7cd75eb853f227,gadgets,download (34).svg,download,,,,LOW,"folder mapping: gadgets -> UNCATEGORIZED | note: Generic ""gadgets"" folder - requires review",https://ik.imagekit.io/0iaahkrcv/gadgets/download%20(34).svg?updatedAt=1786555399643
6a7cac075c7cd75eb853f27e,gadgets,download (35).svg,download,,,,LOW,"folder mapping: gadgets -> UNCATEGORIZED | note: Generic ""gadgets"" folder - requires review",https://ik.imagekit.io/0iaahkrcv/gadgets/download%20(35).svg?updatedAt=1786555399652
6a7cac075c7cd75eb853f41e,gadgets,download (36).svg,download,,,,LOW,"folder mapping: gadgets -> UNCATEGORIZED | note: Generic ""gadgets"" folder - requires review",https://ik.imagekit.io/0iaahkrcv/gadgets/download%20(36).svg?updatedAt=1786555399762
6a7cac075c7cd75eb853f27c,gadgets,download (4).svg,download,,,,LOW,"folder mapping: gadgets -> UNCATEGORIZED | note: Generic ""gadgets"" folder - requires review",https://ik.imagekit.io/0iaahkrcv/gadgets/download%20(4).svg?updatedAt=1786555399632
6a7cac075c7cd75eb853f6a2,gadgets,download (5).svg,download,,,,LOW,"folder mapping: gadgets -> UNCATEGORIZED | note: Generic ""gadgets"" folder - requires review",https://ik.imagekit.io/0iaahkrcv/gadgets/download%20(5).svg?updatedAt=1786555399944
6a7cac075c7cd75eb853f510,gadgets,download (6).svg,download,,,,LOW,"folder mapping: gadgets -> UNCATEGORIZED | note: Generic ""gadgets"" folder - requires review",https://ik.imagekit.io/0iaahkrcv/gadgets/download%20(6).svg?updatedAt=1786555399747
6a7cac075c7cd75eb853f279,gadgets,download (7).svg,download,,,,LOW,"folder mapping: gadgets -> UNCATEGORIZED | note: Generic ""gadgets"" folder - requires review",https://ik.imagekit.io/0iaahkrcv/gadgets/download%20(7).svg?updatedAt=1786555399617
6a7cac075c7cd75eb853f480,gadgets,download (8).svg,download,,,,LOW,"folder mapping: gadgets -> UNCATEGORIZED | note: Generic ""gadgets"" folder - requires review",https://ik.imagekit.io/0iaahkrcv/gadgets/download%20(8).svg?updatedAt=1786555399688
6a7cac085c7cd75eb85409bb,gadgets,download (9).svg,download,,,,LOW,"folder mapping: gadgets -> UNCATEGORIZED | note: Generic ""gadgets"" folder - requires review",https://ik.imagekit.io/0iaahkrcv/gadgets/download%20(9).svg?updatedAt=1786555400971
6a7cac075c7cd75eb853f65a,gadgets,download.svg,download,,,,LOW,"folder mapping: gadgets -> UNCATEGORIZED | note: Generic ""gadgets"" folder - requires review",https://ik.imagekit.io/0iaahkrcv/gadgets/download.svg?updatedAt=1786555399892
6a7cac075c7cd75eb853fa72,gadgets,earpods (1).png,earpods,,,,LOW,"folder mapping: gadgets -> UNCATEGORIZED | note: Generic ""gadgets"" folder - requires review",https://ik.imagekit.io/0iaahkrcv/gadgets/earpods%20(1).png?updatedAt=1786555400057
6a7cac085c7cd75eb85409be,gadgets,earpods.png,earpods,,,,LOW,"folder mapping: gadgets -> UNCATEGORIZED | note: Generic ""gadgets"" folder - requires review",https://ik.imagekit.io/0iaahkrcv/gadgets/earpods.png?updatedAt=1786555400928
6a7cac105c7cd75eb854719c,gadgets,image - 2026-08-12T163121.013.webp,image 2026 08 12T163121.013,,,,LOW,"folder mapping: gadgets -> UNCATEGORIZED | note: Generic ""gadgets"" folder - requires review",https://ik.imagekit.io/0iaahkrcv/gadgets/image%20-%202026-08-12T163121.013.webp?updatedAt=1786555408940
6a7cac105c7cd75eb854748c,gadgets,image - 2026-08-12T163121.138.webp,image 2026 08 12T163121.138,,,,LOW,"folder mapping: gadgets -> UNCATEGORIZED | note: Generic ""gadgets"" folder - requires review",https://ik.imagekit.io/0iaahkrcv/gadgets/image%20-%202026-08-12T163121.138.webp?updatedAt=1786555409078
6a7cac105c7cd75eb854727d,gadgets,image - 2026-08-12T163121.410.webp,image 2026 08 12T163121.410,,,,LOW,"folder mapping: gadgets -> UNCATEGORIZED | note: Generic ""gadgets"" folder - requires review",https://ik.imagekit.io/0iaahkrcv/gadgets/image%20-%202026-08-12T163121.410.webp?updatedAt=1786555408948
6a7cac105c7cd75eb85472ed,gadgets,image - 2026-08-12T163121.858.webp,image 2026 08 12T163121.858,,,,LOW,"folder mapping: gadgets -> UNCATEGORIZED | note: Generic ""gadgets"" folder - requires review",https://ik.imagekit.io/0iaahkrcv/gadgets/image%20-%202026-08-12T163121.858.webp?updatedAt=1786555409017
6a7cac105c7cd75eb85474dc,gadgets,image - 2026-08-12T163121.984.webp,image 2026 08 12T163121.984,,,,LOW,"folder mapping: gadgets -> UNCATEGORIZED | note: Generic ""gadgets"" folder - requires review",https://ik.imagekit.io/0iaahkrcv/gadgets/image%20-%202026-08-12T163121.984.webp?updatedAt=1786555409142
6a7cac105c7cd75eb8547220,gadgets,image - 2026-08-12T163122.113.webp,image 2026 08 12T163122.113,,,,LOW,"folder mapping: gadgets -> UNCATEGORIZED | note: Generic ""gadgets"" folder - requires review",https://ik.imagekit.io/0iaahkrcv/gadgets/image%20-%202026-08-12T163122.113.webp?updatedAt=1786555408957
6a7cac105c7cd75eb85472d3,gadgets,image - 2026-08-12T163122.235.webp,image 2026 08 12T163122.235,,,,LOW,"folder mapping: gadgets -> UNCATEGORIZED | note: Generic ""gadgets"" folder - requires review",https://ik.imagekit.io/0iaahkrcv/gadgets/image%20-%202026-08-12T163122.235.webp?updatedAt=1786555408992
6a7cac105c7cd75eb85472d9,gadgets,image - 2026-08-12T163122.376.webp,image 2026 08 12T163122.376,,,,LOW,"folder mapping: gadgets -> UNCATEGORIZED | note: Generic ""gadgets"" folder - requires review",https://ik.imagekit.io/0iaahkrcv/gadgets/image%20-%202026-08-12T163122.376.webp?updatedAt=1786555409011
6a7cac105c7cd75eb8547283,gadgets,image - 2026-08-12T163346.962.webp,image 2026 08 12T163346.962,,,,LOW,"folder mapping: gadgets -> UNCATEGORIZED | note: Generic ""gadgets"" folder - requires review",https://ik.imagekit.io/0iaahkrcv/gadgets/image%20-%202026-08-12T163346.962.webp?updatedAt=1786555408975
6a7cac105c7cd75eb8547286,gadgets,image - 2026-08-12T163347.299.webp,image 2026 08 12T163347.299,,,,LOW,"folder mapping: gadgets -> UNCATEGORIZED | note: Generic ""gadgets"" folder - requires review",https://ik.imagekit.io/0iaahkrcv/gadgets/image%20-%202026-08-12T163347.299.webp?updatedAt=1786555409007
6a7cac105c7cd75eb85472b3,gadgets,image - 2026-08-12T163347.560.webp,image 2026 08 12T163347.560,,,,LOW,"folder mapping: gadgets -> UNCATEGORIZED | note: Generic ""gadgets"" folder - requires review",https://ik.imagekit.io/0iaahkrcv/gadgets/image%20-%202026-08-12T163347.560.webp?updatedAt=1786555408969
6a7cac105c7cd75eb854726d,gadgets,image - 2026-08-12T163348.038.webp,image 2026 08 12T163348.038,,,,LOW,"folder mapping: gadgets -> UNCATEGORIZED | note: Generic ""gadgets"" folder - requires review",https://ik.imagekit.io/0iaahkrcv/gadgets/image%20-%202026-08-12T163348.038.webp?updatedAt=1786555409002
6a7cac105c7cd75eb85472bf,gadgets,image - 2026-08-12T163348.315.webp,image 2026 08 12T163348.315,,,,LOW,"folder mapping: gadgets -> UNCATEGORIZED | note: Generic ""gadgets"" folder - requires review",https://ik.imagekit.io/0iaahkrcv/gadgets/image%20-%202026-08-12T163348.315.webp?updatedAt=1786555409023
6a7cac105c7cd75eb85472c0,gadgets,image - 2026-08-12T163348.472.webp,image 2026 08 12T163348.472,,,,LOW,"folder mapping: gadgets -> UNCATEGORIZED | note: Generic ""gadgets"" folder - requires review",https://ik.imagekit.io/0iaahkrcv/gadgets/image%20-%202026-08-12T163348.472.webp?updatedAt=1786555408978
6a7cac105c7cd75eb854730d,gadgets,image - 2026-08-12T163348.620.webp,image 2026 08 12T163348.620,,,,LOW,"folder mapping: gadgets -> UNCATEGORIZED | note: Generic ""gadgets"" folder - requires review",https://ik.imagekit.io/0iaahkrcv/gadgets/image%20-%202026-08-12T163348.620.webp?updatedAt=1786555409034
6a7cac105c7cd75eb85474e3,gadgets,image - 2026-08-12T163348.777.webp,image 2026 08 12T163348.777,,,,LOW,"folder mapping: gadgets -> UNCATEGORIZED | note: Generic ""gadgets"" folder - requires review",https://ik.imagekit.io/0iaahkrcv/gadgets/image%20-%202026-08-12T163348.777.webp?updatedAt=1786555409151
6a7cac105c7cd75eb854735c,gadgets,image - 2026-08-12T163348.932.webp,image 2026 08 12T163348.932,,,,LOW,"folder mapping: gadgets -> UNCATEGORIZED | note: Generic ""gadgets"" folder - requires review",https://ik.imagekit.io/0iaahkrcv/gadgets/image%20-%202026-08-12T163348.932.webp?updatedAt=1786555409031
6a7cac105c7cd75eb85473cb,gadgets,image - 2026-08-12T163349.237.webp,image 2026 08 12T163349.237,,,,LOW,"folder mapping: gadgets -> UNCATEGORIZED | note: Generic ""gadgets"" folder - requires review",https://ik.imagekit.io/0iaahkrcv/gadgets/image%20-%202026-08-12T163349.237.webp?updatedAt=1786555409057
6a7cac085c7cd75eb85409b6,gadgets,image (1).webp,image,,,,LOW,"folder mapping: gadgets -> UNCATEGORIZED | note: Generic ""gadgets"" folder - requires review",https://ik.imagekit.io/0iaahkrcv/gadgets/image%20(1).webp?updatedAt=1786555401011
6a7cac075c7cd75eb853fa75,gadgets,image (10).webp,image,,,,LOW,"folder mapping: gadgets -> UNCATEGORIZED | note: Generic ""gadgets"" folder - requires review",https://ik.imagekit.io/0iaahkrcv/gadgets/image%20(10).webp?updatedAt=1786555400161
6a7cac075c7cd75eb853fba9,gadgets,image (100).webp,image,,,,LOW,"folder mapping: gadgets -> UNCATEGORIZED | note: Generic ""gadgets"" folder - requires review",https://ik.imagekit.io/0iaahkrcv/gadgets/image%20(100).webp?updatedAt=1786555400308
6a7cac075c7cd75eb853fb35,gadgets,image (11).webp,image,,,,LOW,"folder mapping: gadgets -> UNCATEGORIZED | note: Generic ""gadgets"" folder - requires review",https://ik.imagekit.io/0iaahkrcv/gadgets/image%20(11).webp?updatedAt=1786555400172
6a7cac075c7cd75eb853fdbc,gadgets,image (12).webp,image,,,,LOW,"folder mapping: gadgets -> UNCATEGORIZED | note: Generic ""gadgets"" folder - requires review",https://ik.imagekit.io/0iaahkrcv/gadgets/image%20(12).webp?updatedAt=1786555400338
6a7cac085c7cd75eb854091c,gadgets,image (13).webp,image,,,,LOW,"folder mapping: gadgets -> UNCATEGORIZED | note: Generic ""gadgets"" folder - requires review",https://ik.imagekit.io/0iaahkrcv/gadgets/image%20(13).webp?updatedAt=1786555400868
6a7cac075c7cd75eb853fc12,gadgets,image (14).webp,image,,,,LOW,"folder mapping: gadgets -> UNCATEGORIZED | note: Generic ""gadgets"" folder - requires review",https://ik.imagekit.io/0iaahkrcv/gadgets/image%20(14).webp?updatedAt=1786555400280
6a7cac075c7cd75eb853fd8c,gadgets,image (15).webp,image,,,,LOW,"folder mapping: gadgets -> UNCATEGORIZED | note: Generic ""gadgets"" folder - requires review",https://ik.imagekit.io/0iaahkrcv/gadgets/image%20(15).webp?updatedAt=1786555400328
6a7cac075c7cd75eb853f7f8,gadgets,image (16).webp,image,,,,LOW,"folder mapping: gadgets -> UNCATEGORIZED | note: Generic ""gadgets"" folder - requires review",https://ik.imagekit.io/0iaahkrcv/gadgets/image%20(16).webp?updatedAt=1786555400003
6a7cac085c7cd75eb8540948,gadgets,image (17).webp,image,,,,LOW,"folder mapping: gadgets -> UNCATEGORIZED | note: Generic ""gadgets"" folder - requires review",https://ik.imagekit.io/0iaahkrcv/gadgets/image%20(17).webp?updatedAt=1786555400825
6a7cac075c7cd75eb853fa66,gadgets,image (18).webp,image,,,,LOW,"folder mapping: gadgets -> UNCATEGORIZED | note: Generic ""gadgets"" folder - requires review",https://ik.imagekit.io/0iaahkrcv/gadgets/image%20(18).webp?updatedAt=1786555400139
6a7cac085c7cd75eb8540936,gadgets,image (19).webp,image,,,,LOW,"folder mapping: gadgets -> UNCATEGORIZED | note: Generic ""gadgets"" folder - requires review",https://ik.imagekit.io/0iaahkrcv/gadgets/image%20(19).webp?updatedAt=1786555400840
6a7cac075c7cd75eb853fe0f,gadgets,image (2).webp,image,,,,LOW,"folder mapping: gadgets -> UNCATEGORIZED | note: Generic ""gadgets"" folder - requires review",https://ik.imagekit.io/0iaahkrcv/gadgets/image%20(2).webp?updatedAt=1786555400380
6a7cac075c7cd75eb853fc29,gadgets,image (20).webp,image,,,,LOW,"folder mapping: gadgets -> UNCATEGORIZED | note: Generic ""gadgets"" folder - requires review",https://ik.imagekit.io/0iaahkrcv/gadgets/image%20(20).webp?updatedAt=1786555400283
6a7cac085c7cd75eb85407cf,gadgets,image (21).webp,image,,,,LOW,"folder mapping: gadgets -> UNCATEGORIZED | note: Generic ""gadgets"" folder - requires review",https://ik.imagekit.io/0iaahkrcv/gadgets/image%20(21).webp?updatedAt=1786555400692
6a7cac075c7cd75eb853fe66,gadgets,image (22).webp,image,,,,LOW,"folder mapping: gadgets -> UNCATEGORIZED | note: Generic ""gadgets"" folder - requires review",https://ik.imagekit.io/0iaahkrcv/gadgets/image%20(22).webp?updatedAt=1786555400344
6a7cac085c7cd75eb8540980,gadgets,image (23).webp,image,,,,LOW,"folder mapping: gadgets -> UNCATEGORIZED | note: Generic ""gadgets"" folder - requires review",https://ik.imagekit.io/0iaahkrcv/gadgets/image%20(23).webp?updatedAt=1786555400917
6a7cac075c7cd75eb853fe09,gadgets,image (24).webp,image,,,,LOW,"folder mapping: gadgets -> UNCATEGORIZED | note: Generic ""gadgets"" folder - requires review",https://ik.imagekit.io/0iaahkrcv/gadgets/image%20(24).webp?updatedAt=1786555400361
6a7cac075c7cd75eb854042a,gadgets,image (25).webp,image,,,,LOW,"folder mapping: gadgets -> UNCATEGORIZED | note: Generic ""gadgets"" folder - requires review",https://ik.imagekit.io/0iaahkrcv/gadgets/image%20(25).webp?updatedAt=1786555400615
6a7cac085c7cd75eb85408b4,gadgets,image (26).webp,image,,,,LOW,"folder mapping: gadgets -> UNCATEGORIZED | note: Generic ""gadgets"" folder - requires review",https://ik.imagekit.io/0iaahkrcv/gadgets/image%20(26).webp?updatedAt=1786555400787
6a7cac075c7cd75eb8540487,gadgets,image (27).webp,image,,,,LOW,"folder mapping: gadgets -> UNCATEGORIZED | note: Generic ""gadgets"" folder - requires review",https://ik.imagekit.io/0iaahkrcv/gadgets/image%20(27).webp?updatedAt=1786555400563
6a7cac075c7cd75eb854057e,gadgets,image (28).webp,image,,,,LOW,"folder mapping: gadgets -> UNCATEGORIZED | note: Generic ""gadgets"" folder - requires review",https://ik.imagekit.io/0iaahkrcv/gadgets/image%20(28).webp?updatedAt=1786555400592
6a7cac075c7cd75eb8540248,gadgets,image (29).webp,image,,,,LOW,"folder mapping: gadgets -> UNCATEGORIZED | note: Generic ""gadgets"" folder - requires review",https://ik.imagekit.io/0iaahkrcv/gadgets/image%20(29).webp?updatedAt=1786555400416
6a7cac075c7cd75eb853fd52,gadgets,image (3).webp,image,,,,LOW,"folder mapping: gadgets -> UNCATEGORIZED | note: Generic ""gadgets"" folder - requires review",https://ik.imagekit.io/0iaahkrcv/gadgets/image%20(3).webp?updatedAt=1786555400310
6a7cac075c7cd75eb853fc34,gadgets,image (30).webp,image,,,,LOW,"folder mapping: gadgets -> UNCATEGORIZED | note: Generic ""gadgets"" folder - requires review",https://ik.imagekit.io/0iaahkrcv/gadgets/image%20(30).webp?updatedAt=1786555400273
6a7cac085c7cd75eb8540a16,gadgets,image (31).webp,image,,,,LOW,"folder mapping: gadgets -> UNCATEGORIZED | note: Generic ""gadgets"" folder - requires review",https://ik.imagekit.io/0iaahkrcv/gadgets/image%20(31).webp?updatedAt=1786555401018
6a7cac085c7cd75eb8540694,gadgets,image (32).webp,image,,,,LOW,"folder mapping: gadgets -> UNCATEGORIZED | note: Generic ""gadgets"" folder - requires review",https://ik.imagekit.io/0iaahkrcv/gadgets/image%20(32).webp?updatedAt=1786555400727
6a7cac085c7cd75eb85409c2,gadgets,image (33).webp,image,,,,LOW,"folder mapping: gadgets -> UNCATEGORIZED | note: Generic ""gadgets"" folder - requires review",https://ik.imagekit.io/0iaahkrcv/gadgets/image%20(33).webp?updatedAt=1786555400955
6a7cac085c7cd75eb85406fd,gadgets,image (34).webp,image,,,,LOW,"folder mapping: gadgets -> UNCATEGORIZED | note: Generic ""gadgets"" folder - requires review",https://ik.imagekit.io/0iaahkrcv/gadgets/image%20(34).webp?updatedAt=1786555400646
6a7cac085c7cd75eb85408fd,gadgets,image (35).webp,image,,,,LOW,"folder mapping: gadgets -> UNCATEGORIZED | note: Generic ""gadgets"" folder - requires review",https://ik.imagekit.io/0iaahkrcv/gadgets/image%20(35).webp?updatedAt=1786555400773
6a7cac075c7cd75eb8540475,gadgets,image (36).webp,image,,,,LOW,"folder mapping: gadgets -> UNCATEGORIZED | note: Generic ""gadgets"" folder - requires review",https://ik.imagekit.io/0iaahkrcv/gadgets/image%20(36).webp?updatedAt=1786555400508
6a7cac085c7cd75eb8540a39,gadgets,image (37).webp,image,,,,LOW,"folder mapping: gadgets -> UNCATEGORIZED | note: Generic ""gadgets"" folder - requires review",https://ik.imagekit.io/0iaahkrcv/gadgets/image%20(37).webp?updatedAt=1786555401080
6a7cac075c7cd75eb854048a,gadgets,image (38).webp,image,,,,LOW,"folder mapping: gadgets -> UNCATEGORIZED | note: Generic ""gadgets"" folder - requires review",https://ik.imagekit.io/0iaahkrcv/gadgets/image%20(38).webp?updatedAt=1786555400572
6a7cac085c7cd75eb85408cf,gadgets,image (39).webp,image,,,,LOW,"folder mapping: gadgets -> UNCATEGORIZED | note: Generic ""gadgets"" folder - requires review",https://ik.imagekit.io/0iaahkrcv/gadgets/image%20(39).webp?updatedAt=1786555400849
6a7cac075c7cd75eb85404c0,gadgets,image (4).webp,image,,,,LOW,"folder mapping: gadgets -> UNCATEGORIZED | note: Generic ""gadgets"" folder - requires review",https://ik.imagekit.io/0iaahkrcv/gadgets/image%20(4).webp?updatedAt=1786555400554
6a7cac085c7cd75eb8540987,gadgets,image (40).webp,image,,,,LOW,"folder mapping: gadgets -> UNCATEGORIZED | note: Generic ""gadgets"" folder - requires review",https://ik.imagekit.io/0iaahkrcv/gadgets/image%20(40).webp?updatedAt=1786555400895
6a7cac085c7cd75eb8540a0a,gadgets,image (41).webp,image,,,,LOW,"folder mapping: gadgets -> UNCATEGORIZED | note: Generic ""gadgets"" folder - requires review",https://ik.imagekit.io/0iaahkrcv/gadgets/image%20(41).webp?updatedAt=1786555401026
6a7cac075c7cd75eb8540481,gadgets,image (42).webp,image,,,,LOW,"folder mapping: gadgets -> UNCATEGORIZED | note: Generic ""gadgets"" folder - requires review",https://ik.imagekit.io/0iaahkrcv/gadgets/image%20(42).webp?updatedAt=1786555400518
6a7cac085c7cd75eb8540ade,gadgets,image (43).webp,image,,,,LOW,"folder mapping: gadgets -> UNCATEGORIZED | note: Generic ""gadgets"" folder - requires review",https://ik.imagekit.io/0iaahkrcv/gadgets/image%20(43).webp?updatedAt=1786555401057
6a7cac075c7cd75eb8540687,gadgets,image (44).webp,image,,,,LOW,"folder mapping: gadgets -> UNCATEGORIZED | note: Generic ""gadgets"" folder - requires review",https://ik.imagekit.io/0iaahkrcv/gadgets/image%20(44).webp?updatedAt=1786555400589
6a7cac085c7cd75eb85406b2,gadgets,image (45).webp,image,,,,LOW,"folder mapping: gadgets -> UNCATEGORIZED | note: Generic ""gadgets"" folder - requires review",https://ik.imagekit.io/0iaahkrcv/gadgets/image%20(45).webp?updatedAt=1786555400653
6a7cac085c7cd75eb8540e98,gadgets,image (46).webp,image,,,,LOW,"folder mapping: gadgets -> UNCATEGORIZED | note: Generic ""gadgets"" folder - requires review",https://ik.imagekit.io/0iaahkrcv/gadgets/image%20(46).webp?updatedAt=1786555401153
6a7cac085c7cd75eb85408f0,gadgets,image (47).webp,image,,,,LOW,"folder mapping: gadgets -> UNCATEGORIZED | note: Generic ""gadgets"" folder - requires review",https://ik.imagekit.io/0iaahkrcv/gadgets/image%20(47).webp?updatedAt=1786555400808
6a7cac085c7cd75eb8540896,gadgets,image (48).webp,image,,,,LOW,"folder mapping: gadgets -> UNCATEGORIZED | note: Generic ""gadgets"" folder - requires review",https://ik.imagekit.io/0iaahkrcv/gadgets/image%20(48).webp?updatedAt=1786555400836
6a7cac085c7cd75eb85407d7,gadgets,image (49).webp,image,,,,LOW,"folder mapping: gadgets -> UNCATEGORIZED | note: Generic ""gadgets"" folder - requires review",https://ik.imagekit.io/0iaahkrcv/gadgets/image%20(49).webp?updatedAt=1786555400754
6a7cac085c7cd75eb8540900,gadgets,image (5).webp,image,,,,LOW,"folder mapping: gadgets -> UNCATEGORIZED | note: Generic ""gadgets"" folder - requires review",https://ik.imagekit.io/0iaahkrcv/gadgets/image%20(5).webp?updatedAt=1786555400806
6a7cac085c7cd75eb85409e8,gadgets,image (50).webp,image,,,,LOW,"folder mapping: gadgets -> UNCATEGORIZED | note: Generic ""gadgets"" folder - requires review",https://ik.imagekit.io/0iaahkrcv/gadgets/image%20(50).webp?updatedAt=1786555400997
6a7cac085c7cd75eb85406ab,gadgets,image (51).webp,image,,,,LOW,"folder mapping: gadgets -> UNCATEGORIZED | note: Generic ""gadgets"" folder - requires review",https://ik.imagekit.io/0iaahkrcv/gadgets/image%20(51).webp?updatedAt=1786555400612
6a7cac085c7cd75eb85408e9,gadgets,image (52).webp,image,,,,LOW,"folder mapping: gadgets -> UNCATEGORIZED | note: Generic ""gadgets"" folder - requires review",https://ik.imagekit.io/0iaahkrcv/gadgets/image%20(52).webp?updatedAt=1786555400821
6a7cac085c7cd75eb85407e3,gadgets,image (53).webp,image,,,,LOW,"folder mapping: gadgets -> UNCATEGORIZED | note: Generic ""gadgets"" folder - requires review",https://ik.imagekit.io/0iaahkrcv/gadgets/image%20(53).webp?updatedAt=1786555400662
6a7cac085c7cd75eb8540d14,gadgets,image (54).webp,image,,,,LOW,"folder mapping: gadgets -> UNCATEGORIZED | note: Generic ""gadgets"" folder - requires review",https://ik.imagekit.io/0iaahkrcv/gadgets/image%20(54).webp?updatedAt=1786555401120
6a7cac085c7cd75eb85409dd,gadgets,image (55).webp,image,,,,LOW,"folder mapping: gadgets -> UNCATEGORIZED | note: Generic ""gadgets"" folder - requires review",https://ik.imagekit.io/0iaahkrcv/gadgets/image%20(55).webp?updatedAt=1786555401002
6a7cac085c7cd75eb8540f96,gadgets,image (56).webp,image,,,,LOW,"folder mapping: gadgets -> UNCATEGORIZED | note: Generic ""gadgets"" folder - requires review",https://ik.imagekit.io/0iaahkrcv/gadgets/image%20(56).webp?updatedAt=1786555401236
6a7cac085c7cd75eb85409ca,gadgets,image (57).webp,image,,,,LOW,"folder mapping: gadgets -> UNCATEGORIZED | note: Generic ""gadgets"" folder - requires review",https://ik.imagekit.io/0iaahkrcv/gadgets/image%20(57).webp?updatedAt=1786555401006
6a7cac085c7cd75eb85409d4,gadgets,image (58).webp,image,,,,LOW,"folder mapping: gadgets -> UNCATEGORIZED | note: Generic ""gadgets"" folder - requires review",https://ik.imagekit.io/0iaahkrcv/gadgets/image%20(58).webp?updatedAt=1786555400953
6a7cac075c7cd75eb8540348,gadgets,image (59).webp,image,,,,LOW,"folder mapping: gadgets -> UNCATEGORIZED | note: Generic ""gadgets"" folder - requires review",https://ik.imagekit.io/0iaahkrcv/gadgets/image%20(59).webp?updatedAt=1786555400500
6a7cac075c7cd75eb8540669,gadgets,image (6).webp,image,,,,LOW,"folder mapping: gadgets -> UNCATEGORIZED | note: Generic ""gadgets"" folder - requires review",https://ik.imagekit.io/0iaahkrcv/gadgets/image%20(6).webp?updatedAt=1786555400625
6a7cac075c7cd75eb854044e,gadgets,image (60).webp,image,,,,LOW,"folder mapping: gadgets -> UNCATEGORIZED | note: Generic ""gadgets"" folder - requires review",https://ik.imagekit.io/0iaahkrcv/gadgets/image%20(60).webp?updatedAt=1786555400631
6a7cac075c7cd75eb8540553,gadgets,image (61).webp,image,,,,LOW,"folder mapping: gadgets -> UNCATEGORIZED | note: Generic ""gadgets"" folder - requires review",https://ik.imagekit.io/0iaahkrcv/gadgets/image%20(61).webp?updatedAt=1786555400603
6a7cac075c7cd75eb853fe5f,gadgets,image (62).webp,image,,,,LOW,"folder mapping: gadgets -> UNCATEGORIZED | note: Generic ""gadgets"" folder - requires review",https://ik.imagekit.io/0iaahkrcv/gadgets/image%20(62).webp?updatedAt=1786555400352
6a7cac0b5c7cd75eb8543bd5,gadgets,image (63).webp,image,,,,LOW,"folder mapping: gadgets -> UNCATEGORIZED | note: Generic ""gadgets"" folder - requires review",https://ik.imagekit.io/0iaahkrcv/gadgets/image%20(63).webp?updatedAt=1786555403716
6a7cac0b5c7cd75eb8543fae,gadgets,image (64).webp,image,,,,LOW,"folder mapping: gadgets -> UNCATEGORIZED | note: Generic ""gadgets"" folder - requires review",https://ik.imagekit.io/0iaahkrcv/gadgets/image%20(64).webp?updatedAt=1786555403862
6a7cac0b5c7cd75eb8543c34,gadgets,image (65).webp,image,,,,LOW,"folder mapping: gadgets -> UNCATEGORIZED | note: Generic ""gadgets"" folder - requires review",https://ik.imagekit.io/0iaahkrcv/gadgets/image%20(65).webp?updatedAt=1786555403776
6a7cac0b5c7cd75eb8544193,gadgets,image (66).webp,image,,,,LOW,"folder mapping: gadgets -> UNCATEGORIZED | note: Generic ""gadgets"" folder - requires review",https://ik.imagekit.io/0iaahkrcv/gadgets/image%20(66).webp?updatedAt=1786555403991
6a7cac0b5c7cd75eb8543fcd,gadgets,image (67).webp,image,,,,LOW,"folder mapping: gadgets -> UNCATEGORIZED | note: Generic ""gadgets"" folder - requires review",https://ik.imagekit.io/0iaahkrcv/gadgets/image%20(67).webp?updatedAt=1786555403934
6a7cac0b5c7cd75eb85447ba,gadgets,image (68).webp,image,,,,LOW,"folder mapping: gadgets -> UNCATEGORIZED | note: Generic ""gadgets"" folder - requires review",https://ik.imagekit.io/0iaahkrcv/gadgets/image%20(68).webp?updatedAt=1786555404470
6a7cac0f5c7cd75eb85464c6,gadgets,image (69).webp,image,,,,LOW,"folder mapping: gadgets -> UNCATEGORIZED | note: Generic ""gadgets"" folder - requires review",https://ik.imagekit.io/0iaahkrcv/gadgets/image%20(69).webp?updatedAt=1786555408226
6a7cac0f5c7cd75eb8546606,gadgets,image (7).webp,image,,,,LOW,"folder mapping: gadgets -> UNCATEGORIZED | note: Generic ""gadgets"" folder - requires review",https://ik.imagekit.io/0iaahkrcv/gadgets/image%20(7).webp?updatedAt=1786555408310
6a7cac0f5c7cd75eb8546472,gadgets,image (70).webp,image,,,,LOW,"folder mapping: gadgets -> UNCATEGORIZED | note: Generic ""gadgets"" folder - requires review",https://ik.imagekit.io/0iaahkrcv/gadgets/image%20(70).webp?updatedAt=1786555408281
6a7cac0f5c7cd75eb854660a,gadgets,image (71).webp,image,,,,LOW,"folder mapping: gadgets -> UNCATEGORIZED | note: Generic ""gadgets"" folder - requires review",https://ik.imagekit.io/0iaahkrcv/gadgets/image%20(71).webp?updatedAt=1786555408333
6a7cac0f5c7cd75eb85465ab,gadgets,image (72).webp,image,,,,LOW,"folder mapping: gadgets -> UNCATEGORIZED | note: Generic ""gadgets"" folder - requires review",https://ik.imagekit.io/0iaahkrcv/gadgets/image%20(72).webp?updatedAt=1786555408305
6a7cac0f5c7cd75eb85465e1,gadgets,image (73).webp,image,,,,LOW,"folder mapping: gadgets -> UNCATEGORIZED | note: Generic ""gadgets"" folder - requires review",https://ik.imagekit.io/0iaahkrcv/gadgets/image%20(73).webp?updatedAt=1786555408313
6a7cac0f5c7cd75eb85464d4,gadgets,image (74).webp,image,,,,LOW,"folder mapping: gadgets -> UNCATEGORIZED | note: Generic ""gadgets"" folder - requires review",https://ik.imagekit.io/0iaahkrcv/gadgets/image%20(74).webp?updatedAt=1786555408230
6a7cac0f5c7cd75eb8546681,gadgets,image (75).webp,image,,,,LOW,"folder mapping: gadgets -> UNCATEGORIZED | note: Generic ""gadgets"" folder - requires review",https://ik.imagekit.io/0iaahkrcv/gadgets/image%20(75).webp?updatedAt=1786555408338
6a7cac0f5c7cd75eb8546679,gadgets,image (76).webp,image,,,,LOW,"folder mapping: gadgets -> UNCATEGORIZED | note: Generic ""gadgets"" folder - requires review",https://ik.imagekit.io/0iaahkrcv/gadgets/image%20(76).webp?updatedAt=1786555408355
6a7cac0f5c7cd75eb8546643,gadgets,image (77).webp,image,,,,LOW,"folder mapping: gadgets -> UNCATEGORIZED | note: Generic ""gadgets"" folder - requires review",https://ik.imagekit.io/0iaahkrcv/gadgets/image%20(77).webp?updatedAt=1786555408304
6a7cac0f5c7cd75eb85466de,gadgets,image (78).webp,image,,,,LOW,"folder mapping: gadgets -> UNCATEGORIZED | note: Generic ""gadgets"" folder - requires review",https://ik.imagekit.io/0iaahkrcv/gadgets/image%20(78).webp?updatedAt=1786555408346
6a7cac0f5c7cd75eb8546513,gadgets,image (79).webp,image,,,,LOW,"folder mapping: gadgets -> UNCATEGORIZED | note: Generic ""gadgets"" folder - requires review",https://ik.imagekit.io/0iaahkrcv/gadgets/image%20(79).webp?updatedAt=1786555408271
6a7cac0f5c7cd75eb85466c8,gadgets,image (8).webp,image,,,,LOW,"folder mapping: gadgets -> UNCATEGORIZED | note: Generic ""gadgets"" folder - requires review",https://ik.imagekit.io/0iaahkrcv/gadgets/image%20(8).webp?updatedAt=1786555408358
6a7cac0f5c7cd75eb85466f5,gadgets,image (80).webp,image,,,,LOW,"folder mapping: gadgets -> UNCATEGORIZED | note: Generic ""gadgets"" folder - requires review",https://ik.imagekit.io/0iaahkrcv/gadgets/image%20(80).webp?updatedAt=1786555408339
6a7cac0f5c7cd75eb85466ca,gadgets,image (81).webp,image,,,,LOW,"folder mapping: gadgets -> UNCATEGORIZED | note: Generic ""gadgets"" folder - requires review",https://ik.imagekit.io/0iaahkrcv/gadgets/image%20(81).webp?updatedAt=1786555408363
6a7cac0f5c7cd75eb8546541,gadgets,image (82).webp,image,,,,LOW,"folder mapping: gadgets -> UNCATEGORIZED | note: Generic ""gadgets"" folder - requires review",https://ik.imagekit.io/0iaahkrcv/gadgets/image%20(82).webp?updatedAt=1786555408277
6a7cac0f5c7cd75eb85466a6,gadgets,image (83).webp,image,,,,LOW,"folder mapping: gadgets -> UNCATEGORIZED | note: Generic ""gadgets"" folder - requires review",https://ik.imagekit.io/0iaahkrcv/gadgets/image%20(83).webp?updatedAt=1786555408306
6a7cac0f5c7cd75eb8546530,gadgets,image (84).webp,image,,,,LOW,"folder mapping: gadgets -> UNCATEGORIZED | note: Generic ""gadgets"" folder - requires review",https://ik.imagekit.io/0iaahkrcv/gadgets/image%20(84).webp?updatedAt=1786555408267
6a7cac0f5c7cd75eb85465c6,gadgets,image (85).webp,image,,,,LOW,"folder mapping: gadgets -> UNCATEGORIZED | note: Generic ""gadgets"" folder - requires review",https://ik.imagekit.io/0iaahkrcv/gadgets/image%20(85).webp?updatedAt=1786555408287
6a7cac0f5c7cd75eb8546603,gadgets,image (86).webp,image,,,,LOW,"folder mapping: gadgets -> UNCATEGORIZED | note: Generic ""gadgets"" folder - requires review",https://ik.imagekit.io/0iaahkrcv/gadgets/image%20(86).webp?updatedAt=1786555408284
6a7cac0f5c7cd75eb85467f2,gadgets,image (87).webp,image,,,,LOW,"folder mapping: gadgets -> UNCATEGORIZED | note: Generic ""gadgets"" folder - requires review",https://ik.imagekit.io/0iaahkrcv/gadgets/image%20(87).webp?updatedAt=1786555408384
6a7cac0f5c7cd75eb854661d,gadgets,image (88).webp,image,,,,LOW,"folder mapping: gadgets -> UNCATEGORIZED | note: Generic ""gadgets"" folder - requires review",https://ik.imagekit.io/0iaahkrcv/gadgets/image%20(88).webp?updatedAt=1786555408282
6a7cac0f5c7cd75eb85465ec,gadgets,image (89).webp,image,,,,LOW,"folder mapping: gadgets -> UNCATEGORIZED | note: Generic ""gadgets"" folder - requires review",https://ik.imagekit.io/0iaahkrcv/gadgets/image%20(89).webp?updatedAt=1786555408273
6a7cac0f5c7cd75eb854663b,gadgets,image (9).webp,image,,,,LOW,"folder mapping: gadgets -> UNCATEGORIZED | note: Generic ""gadgets"" folder - requires review",https://ik.imagekit.io/0iaahkrcv/gadgets/image%20(9).webp?updatedAt=1786555408287
6a7cac0f5c7cd75eb8546707,gadgets,image (90).webp,image,,,,LOW,"folder mapping: gadgets -> UNCATEGORIZED | note: Generic ""gadgets"" folder - requires review",https://ik.imagekit.io/0iaahkrcv/gadgets/image%20(90).webp?updatedAt=1786555408371
6a7cac0f5c7cd75eb8546690,gadgets,image (91).webp,image,,,,LOW,"folder mapping: gadgets -> UNCATEGORIZED | note: Generic ""gadgets"" folder - requires review",https://ik.imagekit.io/0iaahkrcv/gadgets/image%20(91).webp?updatedAt=1786555408299
6a7cac0f5c7cd75eb854677b,gadgets,image (92).webp,image,,,,LOW,"folder mapping: gadgets -> UNCATEGORIZED | note: Generic ""gadgets"" folder - requires review",https://ik.imagekit.io/0iaahkrcv/gadgets/image%20(92).webp?updatedAt=1786555408295
6a7cac0f5c7cd75eb8546773,gadgets,image (93).webp,image,,,,LOW,"folder mapping: gadgets -> UNCATEGORIZED | note: Generic ""gadgets"" folder - requires review",https://ik.imagekit.io/0iaahkrcv/gadgets/image%20(93).webp?updatedAt=1786555408329
6a7cac0f5c7cd75eb8546778,gadgets,image (94).webp,image,,,,LOW,"folder mapping: gadgets -> UNCATEGORIZED | note: Generic ""gadgets"" folder - requires review",https://ik.imagekit.io/0iaahkrcv/gadgets/image%20(94).webp?updatedAt=1786555408305
6a7cac0f5c7cd75eb85469af,gadgets,image (95).webp,image,,,,LOW,"folder mapping: gadgets -> UNCATEGORIZED | note: Generic ""gadgets"" folder - requires review",https://ik.imagekit.io/0iaahkrcv/gadgets/image%20(95).webp?updatedAt=1786555408513
6a7cac105c7cd75eb8546a18,gadgets,image (96).webp,image,,,,LOW,"folder mapping: gadgets -> UNCATEGORIZED | note: Generic ""gadgets"" folder - requires review",https://ik.imagekit.io/0iaahkrcv/gadgets/image%20(96).webp?updatedAt=1786555408645
6a7cac105c7cd75eb8546a36,gadgets,image (97).webp,image,,,,LOW,"folder mapping: gadgets -> UNCATEGORIZED | note: Generic ""gadgets"" folder - requires review",https://ik.imagekit.io/0iaahkrcv/gadgets/image%20(97).webp?updatedAt=1786555408617
6a7cac105c7cd75eb8546ba6,gadgets,image (98).webp,image,,,,LOW,"folder mapping: gadgets -> UNCATEGORIZED | note: Generic ""gadgets"" folder - requires review",https://ik.imagekit.io/0iaahkrcv/gadgets/image%20(98).webp?updatedAt=1786555408707
6a7cac105c7cd75eb85472ff,gadgets,image (99).webp,image,,,,LOW,"folder mapping: gadgets -> UNCATEGORIZED | note: Generic ""gadgets"" folder - requires review",https://ik.imagekit.io/0iaahkrcv/gadgets/image%20(99).webp?updatedAt=1786555409018
6a7cac105c7cd75eb85473df,gadgets,image.webp,image,,,,LOW,"folder mapping: gadgets -> UNCATEGORIZED | note: Generic ""gadgets"" folder - requires review",https://ik.imagekit.io/0iaahkrcv/gadgets/image.webp?updatedAt=1786555409073
6a7cac115c7cd75eb8548a88,gadgets,iPhone (1).png,iPhone,,C01,Smartphones,MEDIUM,"folder mapping: gadgets -> UNCATEGORIZED | note: Generic ""gadgets"" folder - requires review | filename keyword: phone",https://ik.imagekit.io/0iaahkrcv/gadgets/iPhone%20(1).png?updatedAt=1786555410224
6a7cac105c7cd75eb85473d8,gadgets,iPhone (2).png,iPhone,,C01,Smartphones,MEDIUM,"folder mapping: gadgets -> UNCATEGORIZED | note: Generic ""gadgets"" folder - requires review | filename keyword: phone",https://ik.imagekit.io/0iaahkrcv/gadgets/iPhone%20(2).png?updatedAt=1786555408971
6a7cac105c7cd75eb854755f,gadgets,iPhone (3).png,iPhone,,C01,Smartphones,MEDIUM,"folder mapping: gadgets -> UNCATEGORIZED | note: Generic ""gadgets"" folder - requires review | filename keyword: phone",https://ik.imagekit.io/0iaahkrcv/gadgets/iPhone%20(3).png?updatedAt=1786555409035
6a7cac105c7cd75eb854750c,gadgets,iPhone (4).png,iPhone,,C01,Smartphones,MEDIUM,"folder mapping: gadgets -> UNCATEGORIZED | note: Generic ""gadgets"" folder - requires review | filename keyword: phone",https://ik.imagekit.io/0iaahkrcv/gadgets/iPhone%20(4).png?updatedAt=1786555409005
6a7cac105c7cd75eb85475c8,gadgets,iPhone (5).png,iPhone,,C01,Smartphones,MEDIUM,"folder mapping: gadgets -> UNCATEGORIZED | note: Generic ""gadgets"" folder - requires review | filename keyword: phone",https://ik.imagekit.io/0iaahkrcv/gadgets/iPhone%20(5).png?updatedAt=1786555409093
6a7cac105c7cd75eb854765c,gadgets,iPhone (6).png,iPhone,,C01,Smartphones,MEDIUM,"folder mapping: gadgets -> UNCATEGORIZED | note: Generic ""gadgets"" folder - requires review | filename keyword: phone",https://ik.imagekit.io/0iaahkrcv/gadgets/iPhone%20(6).png?updatedAt=1786555409138
6a7cac105c7cd75eb8547569,gadgets,iPhone (7).png,iPhone,,C01,Smartphones,MEDIUM,"folder mapping: gadgets -> UNCATEGORIZED | note: Generic ""gadgets"" folder - requires review | filename keyword: phone",https://ik.imagekit.io/0iaahkrcv/gadgets/iPhone%20(7).png?updatedAt=1786555409031
6a7cac105c7cd75eb8547667,gadgets,iphone-cameras.png,iphone cameras,,C01,Smartphones,MEDIUM,"folder mapping: gadgets -> UNCATEGORIZED | note: Generic ""gadgets"" folder - requires review | filename keyword: phone",https://ik.imagekit.io/0iaahkrcv/gadgets/iphone-cameras.png?updatedAt=1786555409133
6a7cac105c7cd75eb85475d0,gadgets,iPhone.png,iPhone,,C01,Smartphones,MEDIUM,"folder mapping: gadgets -> UNCATEGORIZED | note: Generic ""gadgets"" folder - requires review | filename keyword: phone",https://ik.imagekit.io/0iaahkrcv/gadgets/iPhone.png?updatedAt=1786555409046
6a7cac105c7cd75eb85475ef,gadgets,jbl (1).png,jbl,JBL,,,LOW,"folder mapping: gadgets -> UNCATEGORIZED | note: Generic ""gadgets"" folder - requires review | brand JBL appears in 2 categories (cross-category brand)",https://ik.imagekit.io/0iaahkrcv/gadgets/jbl%20(1).png?updatedAt=1786555409086
6a7cac105c7cd75eb85476e7,gadgets,jbl.png,jbl,JBL,,,LOW,"folder mapping: gadgets -> UNCATEGORIZED | note: Generic ""gadgets"" folder - requires review | brand JBL appears in 2 categories (cross-category brand)",https://ik.imagekit.io/0iaahkrcv/gadgets/jbl.png?updatedAt=1786555409123
6a7cac105c7cd75eb854773a,gadgets,logo (1).png,logo,,,,LOW,"folder mapping: gadgets -> UNCATEGORIZED | note: Generic ""gadgets"" folder - requires review",https://ik.imagekit.io/0iaahkrcv/gadgets/logo%20(1).png?updatedAt=1786555409185
6a7cac105c7cd75eb8547805,gadgets,logo.png,logo,,,,LOW,"folder mapping: gadgets -> UNCATEGORIZED | note: Generic ""gadgets"" folder - requires review",https://ik.imagekit.io/0iaahkrcv/gadgets/logo.png?updatedAt=1786555409236
6a7cac105c7cd75eb85479b3,gadgets,logo2 (1).png,logo2,,,,LOW,"folder mapping: gadgets -> UNCATEGORIZED | note: Generic ""gadgets"" folder - requires review",https://ik.imagekit.io/0iaahkrcv/gadgets/logo2%20(1).png?updatedAt=1786555409301
6a7cac105c7cd75eb85478be,gadgets,logo2.png,logo2,,,,LOW,"folder mapping: gadgets -> UNCATEGORIZED | note: Generic ""gadgets"" folder - requires review",https://ik.imagekit.io/0iaahkrcv/gadgets/logo2.png?updatedAt=1786555409233
6a7cac165c7cd75eb854c2d5,gadgets,og-image-v2 (1).png,og image v2,,,,LOW,"folder mapping: gadgets -> UNCATEGORIZED | note: Generic ""gadgets"" folder - requires review",https://ik.imagekit.io/0iaahkrcv/gadgets/og-image-v2%20(1).png?updatedAt=1786555415859
6a7cac165c7cd75eb854c22c,gadgets,og-image-v2.png,og image v2,,,,LOW,"folder mapping: gadgets -> UNCATEGORIZED | note: Generic ""gadgets"" folder - requires review",https://ik.imagekit.io/0iaahkrcv/gadgets/og-image-v2.png?updatedAt=1786555415701
6a7cac115c7cd75eb85486ae,gadgets,pixel9 (1).png,pixel9,Google,,,LOW,"folder mapping: gadgets -> UNCATEGORIZED | note: Generic ""gadgets"" folder - requires review",https://ik.imagekit.io/0iaahkrcv/gadgets/pixel9%20(1).png?updatedAt=1786555409960
6a7cac115c7cd75eb8548c1d,gadgets,pixel9.png,pixel9,Google,,,LOW,"folder mapping: gadgets -> UNCATEGORIZED | note: Generic ""gadgets"" folder - requires review",https://ik.imagekit.io/0iaahkrcv/gadgets/pixel9.png?updatedAt=1786555410426
6a7cac105c7cd75eb85479c9,gadgets,redmi-a7-pro (1).png,redmi a7 pro,Xiaomi,,,LOW,"folder mapping: gadgets -> UNCATEGORIZED | note: Generic ""gadgets"" folder - requires review | brand Xiaomi appears in 4 categories (cross-category brand)",https://ik.imagekit.io/0iaahkrcv/gadgets/redmi-a7-pro%20(1).png?updatedAt=1786555409362
6a7cac125c7cd75eb85491b2,gadgets,redmi-a7-pro (2).png,redmi a7 pro,Xiaomi,,,LOW,"folder mapping: gadgets -> UNCATEGORIZED | note: Generic ""gadgets"" folder - requires review | brand Xiaomi appears in 4 categories (cross-category brand)",https://ik.imagekit.io/0iaahkrcv/gadgets/redmi-a7-pro%20(2).png?updatedAt=1786555410933
6a7cac125c7cd75eb8549382,gadgets,redmi-a7-pro (3).png,redmi a7 pro,Xiaomi,,,LOW,"folder mapping: gadgets -> UNCATEGORIZED | note: Generic ""gadgets"" folder - requires review | brand Xiaomi appears in 4 categories (cross-category brand)",https://ik.imagekit.io/0iaahkrcv/gadgets/redmi-a7-pro%20(3).png?updatedAt=1786555411024
6a7cac115c7cd75eb8548c2f,gadgets,redmi-a7-pro (4).png,redmi a7 pro,Xiaomi,,,LOW,"folder mapping: gadgets -> UNCATEGORIZED | note: Generic ""gadgets"" folder - requires review | brand Xiaomi appears in 4 categories (cross-category brand)",https://ik.imagekit.io/0iaahkrcv/gadgets/redmi-a7-pro%20(4).png?updatedAt=1786555410509
6a7cac115c7cd75eb854882c,gadgets,redmi-a7-pro (5).png,redmi a7 pro,Xiaomi,,,LOW,"folder mapping: gadgets -> UNCATEGORIZED | note: Generic ""gadgets"" folder - requires review | brand Xiaomi appears in 4 categories (cross-category brand)",https://ik.imagekit.io/0iaahkrcv/gadgets/redmi-a7-pro%20(5).png?updatedAt=1786555409999
6a7cac115c7cd75eb8548892,gadgets,redmi-a7-pro (6).png,redmi a7 pro,Xiaomi,,,LOW,"folder mapping: gadgets -> UNCATEGORIZED | note: Generic ""gadgets"" folder - requires review | brand Xiaomi appears in 4 categories (cross-category brand)",https://ik.imagekit.io/0iaahkrcv/gadgets/redmi-a7-pro%20(6).png?updatedAt=1786555410022
6a7cac115c7cd75eb854817c,gadgets,redmi-a7-pro (7).png,redmi a7 pro,Xiaomi,,,LOW,"folder mapping: gadgets -> UNCATEGORIZED | note: Generic ""gadgets"" folder - requires review | brand Xiaomi appears in 4 categories (cross-category brand)",https://ik.imagekit.io/0iaahkrcv/gadgets/redmi-a7-pro%20(7).png?updatedAt=1786555409695
6a7cac125c7cd75eb8548ebb,gadgets,redmi-a7-pro-mobile (1).png,redmi a7 pro mobile,Xiaomi,,,LOW,"folder mapping: gadgets -> UNCATEGORIZED | note: Generic ""gadgets"" folder - requires review | brand Xiaomi appears in 4 categories (cross-category brand)",https://ik.imagekit.io/0iaahkrcv/gadgets/redmi-a7-pro-mobile%20(1).png?updatedAt=1786555410659
6a7cac115c7cd75eb8548d29,gadgets,redmi-a7-pro-mobile (2).png,redmi a7 pro mobile,Xiaomi,,,LOW,"folder mapping: gadgets -> UNCATEGORIZED | note: Generic ""gadgets"" folder - requires review | brand Xiaomi appears in 4 categories (cross-category brand)",https://ik.imagekit.io/0iaahkrcv/gadgets/redmi-a7-pro-mobile%20(2).png?updatedAt=1786555410482
6a7cac125c7cd75eb8548f7a,gadgets,redmi-a7-pro-mobile (3).png,redmi a7 pro mobile,Xiaomi,,,LOW,"folder mapping: gadgets -> UNCATEGORIZED | note: Generic ""gadgets"" folder - requires review | brand Xiaomi appears in 4 categories (cross-category brand)",https://ik.imagekit.io/0iaahkrcv/gadgets/redmi-a7-pro-mobile%20(3).png?updatedAt=1786555410593
6a7cac125c7cd75eb8548eab,gadgets,redmi-a7-pro-mobile (4).png,redmi a7 pro mobile,Xiaomi,,,LOW,"folder mapping: gadgets -> UNCATEGORIZED | note: Generic ""gadgets"" folder - requires review | brand Xiaomi appears in 4 categories (cross-category brand)",https://ik.imagekit.io/0iaahkrcv/gadgets/redmi-a7-pro-mobile%20(4).png?updatedAt=1786555410559
6a7cac115c7cd75eb8548d2e,gadgets,redmi-a7-pro-mobile (5).png,redmi a7 pro mobile,Xiaomi,,,LOW,"folder mapping: gadgets -> UNCATEGORIZED | note: Generic ""gadgets"" folder - requires review | brand Xiaomi appears in 4 categories (cross-category brand)",https://ik.imagekit.io/0iaahkrcv/gadgets/redmi-a7-pro-mobile%20(5).png?updatedAt=1786555410529
6a7cac115c7cd75eb8548d37,gadgets,redmi-a7-pro-mobile (6).png,redmi a7 pro mobile,Xiaomi,,,LOW,"folder mapping: gadgets -> UNCATEGORIZED | note: Generic ""gadgets"" folder - requires review | brand Xiaomi appears in 4 categories (cross-category brand)",https://ik.imagekit.io/0iaahkrcv/gadgets/redmi-a7-pro-mobile%20(6).png?updatedAt=1786555410504
6a7cac115c7cd75eb8548def,gadgets,redmi-a7-pro-mobile (7).png,redmi a7 pro mobile,Xiaomi,,,LOW,"folder mapping: gadgets -> UNCATEGORIZED | note: Generic ""gadgets"" folder - requires review | brand Xiaomi appears in 4 categories (cross-category brand)",https://ik.imagekit.io/0iaahkrcv/gadgets/redmi-a7-pro-mobile%20(7).png?updatedAt=1786555410550
6a7cac115c7cd75eb8548d41,gadgets,redmi-a7-pro-mobile.png,redmi a7 pro mobile,Xiaomi,,,LOW,"folder mapping: gadgets -> UNCATEGORIZED | note: Generic ""gadgets"" folder - requires review | brand Xiaomi appears in 4 categories (cross-category brand)",https://ik.imagekit.io/0iaahkrcv/gadgets/redmi-a7-pro-mobile.png?updatedAt=1786555410614
6a7cac125c7cd75eb854949d,gadgets,redmi-a7-pro.png,redmi a7 pro,Xiaomi,,,LOW,"folder mapping: gadgets -> UNCATEGORIZED | note: Generic ""gadgets"" folder - requires review | brand Xiaomi appears in 4 categories (cross-category brand)",https://ik.imagekit.io/0iaahkrcv/gadgets/redmi-a7-pro.png?updatedAt=1786555410946
6a7cac115c7cd75eb8548bfd,gadgets,redmi14c (1).png,redmi14c,Xiaomi,,,LOW,"folder mapping: gadgets -> UNCATEGORIZED | note: Generic ""gadgets"" folder - requires review | brand Xiaomi appears in 4 categories (cross-category brand)",https://ik.imagekit.io/0iaahkrcv/gadgets/redmi14c%20(1).png?updatedAt=1786555410436
6a7cac115c7cd75eb85480f1,gadgets,redmi14c (10).png,redmi14c,Xiaomi,,,LOW,"folder mapping: gadgets -> UNCATEGORIZED | note: Generic ""gadgets"" folder - requires review | brand Xiaomi appears in 4 categories (cross-category brand)",https://ik.imagekit.io/0iaahkrcv/gadgets/redmi14c%20(10).png?updatedAt=1786555409715
6a7cac115c7cd75eb85481b6,gadgets,redmi14c (11).png,redmi14c,Xiaomi,,,LOW,"folder mapping: gadgets -> UNCATEGORIZED | note: Generic ""gadgets"" folder - requires review | brand Xiaomi appears in 4 categories (cross-category brand)",https://ik.imagekit.io/0iaahkrcv/gadgets/redmi14c%20(11).png?updatedAt=1786555409693
6a7cac115c7cd75eb8548c03,gadgets,redmi14c (2).png,redmi14c,Xiaomi,,,LOW,"folder mapping: gadgets -> UNCATEGORIZED | note: Generic ""gadgets"" folder - requires review | brand Xiaomi appears in 4 categories (cross-category brand)",https://ik.imagekit.io/0iaahkrcv/gadgets/redmi14c%20(2).png?updatedAt=1786555410408
6a7cac115c7cd75eb8548ba2,gadgets,redmi14c (3).png,redmi14c,Xiaomi,,,LOW,"folder mapping: gadgets -> UNCATEGORIZED | note: Generic ""gadgets"" folder - requires review | brand Xiaomi appears in 4 categories (cross-category brand)",https://ik.imagekit.io/0iaahkrcv/gadgets/redmi14c%20(3).png?updatedAt=1786555410373
6a7cac115c7cd75eb8548ba7,gadgets,redmi14c (4).png,redmi14c,Xiaomi,,,LOW,"folder mapping: gadgets -> UNCATEGORIZED | note: Generic ""gadgets"" folder - requires review | brand Xiaomi appears in 4 categories (cross-category brand)",https://ik.imagekit.io/0iaahkrcv/gadgets/redmi14c%20(4).png?updatedAt=1786555410384
6a7cac115c7cd75eb8548b8b,gadgets,redmi14c (5).png,redmi14c,Xiaomi,,,LOW,"folder mapping: gadgets -> UNCATEGORIZED | note: Generic ""gadgets"" folder - requires review | brand Xiaomi appears in 4 categories (cross-category brand)",https://ik.imagekit.io/0iaahkrcv/gadgets/redmi14c%20(5).png?updatedAt=1786555410377
6a7cac115c7cd75eb8548c0f,gadgets,redmi14c (6).png,redmi14c,Xiaomi,,,LOW,"folder mapping: gadgets -> UNCATEGORIZED | note: Generic ""gadgets"" folder - requires review | brand Xiaomi appears in 4 categories (cross-category brand)",https://ik.imagekit.io/0iaahkrcv/gadgets/redmi14c%20(6).png?updatedAt=1786555410433
6a7cac125c7cd75eb85498df,gadgets,redmi14c (7).png,redmi14c,Xiaomi,,,LOW,"folder mapping: gadgets -> UNCATEGORIZED | note: Generic ""gadgets"" folder - requires review | brand Xiaomi appears in 4 categories (cross-category brand)",https://ik.imagekit.io/0iaahkrcv/gadgets/redmi14c%20(7).png?updatedAt=1786555411013
6a7cac115c7cd75eb8548af5,gadgets,redmi14c (8).png,redmi14c,Xiaomi,,,LOW,"folder mapping: gadgets -> UNCATEGORIZED | note: Generic ""gadgets"" folder - requires review | brand Xiaomi appears in 4 categories (cross-category brand)",https://ik.imagekit.io/0iaahkrcv/gadgets/redmi14c%20(8).png?updatedAt=1786555410255
6a7cac125c7cd75eb85495ab,gadgets,redmi14c (9).png,redmi14c,Xiaomi,,,LOW,"folder mapping: gadgets -> UNCATEGORIZED | note: Generic ""gadgets"" folder - requires review | brand Xiaomi appears in 4 categories (cross-category brand)",https://ik.imagekit.io/0iaahkrcv/gadgets/redmi14c%20(9).png?updatedAt=1786555410886
6a7cac125c7cd75eb8549445,gadgets,redmi14c.png,redmi14c,Xiaomi,,,LOW,"folder mapping: gadgets -> UNCATEGORIZED | note: Generic ""gadgets"" folder - requires review | brand Xiaomi appears in 4 categories (cross-category brand)",https://ik.imagekit.io/0iaahkrcv/gadgets/redmi14c.png?updatedAt=1786555410785
6a7cac165c7cd75eb854c311,gadgets,samsung (1).png,samsung,Samsung,,,LOW,"folder mapping: gadgets -> UNCATEGORIZED | note: Generic ""gadgets"" folder - requires review | brand Samsung appears in 10 categories (cross-category brand)",https://ik.imagekit.io/0iaahkrcv/gadgets/samsung%20(1).png?updatedAt=1786555414823
6a7cac165c7cd75eb854c315,gadgets,samsung-products.png,samsung products,Samsung,,,LOW,"folder mapping: gadgets -> UNCATEGORIZED | note: Generic ""gadgets"" folder - requires review | brand Samsung appears in 10 categories (cross-category brand)",https://ik.imagekit.io/0iaahkrcv/gadgets/samsung-products.png?updatedAt=1786555414831
6a7cac165c7cd75eb854c713,gadgets,samsung.png,samsung,Samsung,,,LOW,"folder mapping: gadgets -> UNCATEGORIZED | note: Generic ""gadgets"" folder - requires review | brand Samsung appears in 10 categories (cross-category brand)",https://ik.imagekit.io/0iaahkrcv/gadgets/samsung.png?updatedAt=1786555415260
6a7cac165c7cd75eb854c716,gadgets,tablet (1).png,tablet,,C02,Tablets,MEDIUM,"folder mapping: gadgets -> UNCATEGORIZED | note: Generic ""gadgets"" folder - requires review | filename keyword: tablet",https://ik.imagekit.io/0iaahkrcv/gadgets/tablet%20(1).png?updatedAt=1786555415266
6a7cac165c7cd75eb854c6df,gadgets,tablet (10).png,tablet,,C02,Tablets,MEDIUM,"folder mapping: gadgets -> UNCATEGORIZED | note: Generic ""gadgets"" folder - requires review | filename keyword: tablet",https://ik.imagekit.io/0iaahkrcv/gadgets/tablet%20(10).png?updatedAt=1786555415164
6a7cac165c7cd75eb854c6e3,gadgets,tablet (11).png,tablet,,C02,Tablets,MEDIUM,"folder mapping: gadgets -> UNCATEGORIZED | note: Generic ""gadgets"" folder - requires review | filename keyword: tablet",https://ik.imagekit.io/0iaahkrcv/gadgets/tablet%20(11).png?updatedAt=1786555415157
6a7cac165c7cd75eb854c34a,gadgets,tablet (2).png,tablet,,C02,Tablets,MEDIUM,"folder mapping: gadgets -> UNCATEGORIZED | note: Generic ""gadgets"" folder - requires review | filename keyword: tablet",https://ik.imagekit.io/0iaahkrcv/gadgets/tablet%20(2).png?updatedAt=1786555414849
6a7cac165c7cd75eb854c707,gadgets,tablet (3).png,tablet,,C02,Tablets,MEDIUM,"folder mapping: gadgets -> UNCATEGORIZED | note: Generic ""gadgets"" folder - requires review | filename keyword: tablet",https://ik.imagekit.io/0iaahkrcv/gadgets/tablet%20(3).png?updatedAt=1786555415214
6a7cac165c7cd75eb854c728,gadgets,tablet (4).png,tablet,,C02,Tablets,MEDIUM,"folder mapping: gadgets -> UNCATEGORIZED | note: Generic ""gadgets"" folder - requires review | filename keyword: tablet",https://ik.imagekit.io/0iaahkrcv/gadgets/tablet%20(4).png?updatedAt=1786555415271
6a7cac165c7cd75eb854c6ec,gadgets,tablet (5).png,tablet,,C02,Tablets,MEDIUM,"folder mapping: gadgets -> UNCATEGORIZED | note: Generic ""gadgets"" folder - requires review | filename keyword: tablet",https://ik.imagekit.io/0iaahkrcv/gadgets/tablet%20(5).png?updatedAt=1786555415171
6a7cac175c7cd75eb854d5c5,gadgets,tablet (6).png,tablet,,C02,Tablets,MEDIUM,"folder mapping: gadgets -> UNCATEGORIZED | note: Generic ""gadgets"" folder - requires review | filename keyword: tablet",https://ik.imagekit.io/0iaahkrcv/gadgets/tablet%20(6).png?updatedAt=1786555416484
6a7cac165c7cd75eb854c7c7,gadgets,tablet (7).png,tablet,,C02,Tablets,MEDIUM,"folder mapping: gadgets -> UNCATEGORIZED | note: Generic ""gadgets"" folder - requires review | filename keyword: tablet",https://ik.imagekit.io/0iaahkrcv/gadgets/tablet%20(7).png?updatedAt=1786555415358
6a7cac185c7cd75eb854d698,gadgets,tablet (8).png,tablet,,C02,Tablets,MEDIUM,"folder mapping: gadgets -> UNCATEGORIZED | note: Generic ""gadgets"" folder - requires review | filename keyword: tablet",https://ik.imagekit.io/0iaahkrcv/gadgets/tablet%20(8).png?updatedAt=1786555416577
6a7cac175c7cd75eb854d536,gadgets,tablet (9).png,tablet,,C02,Tablets,MEDIUM,"folder mapping: gadgets -> UNCATEGORIZED | note: Generic ""gadgets"" folder - requires review | filename keyword: tablet",https://ik.imagekit.io/0iaahkrcv/gadgets/tablet%20(9).png?updatedAt=1786555416461
6a7cac185c7cd75eb854d91f,gadgets,tablet.png,tablet,,C02,Tablets,MEDIUM,"folder mapping: gadgets -> UNCATEGORIZED | note: Generic ""gadgets"" folder - requires review | filename keyword: tablet",https://ik.imagekit.io/0iaahkrcv/gadgets/tablet.png?updatedAt=1786555416677
6a7cac1a5c7cd75eb8550407,gadgets,view (1).png,view,,,,LOW,"folder mapping: gadgets -> UNCATEGORIZED | note: Generic ""gadgets"" folder - requires review",https://ik.imagekit.io/0iaahkrcv/gadgets/view%20(1).png?updatedAt=1786555418874
6a7cac1b5c7cd75eb8552124,gadgets,view (1).webp,view,,,,LOW,"folder mapping: gadgets -> UNCATEGORIZED | note: Generic ""gadgets"" folder - requires review",https://ik.imagekit.io/0iaahkrcv/gadgets/view%20(1).webp?updatedAt=1786555420330
6a7cac1b5c7cd75eb855213c,gadgets,view (10).png,view,,,,LOW,"folder mapping: gadgets -> UNCATEGORIZED | note: Generic ""gadgets"" folder - requires review",https://ik.imagekit.io/0iaahkrcv/gadgets/view%20(10).png?updatedAt=1786555420253
6a7cac185c7cd75eb854dc10,gadgets,view (11).png,view,,,,LOW,"folder mapping: gadgets -> UNCATEGORIZED | note: Generic ""gadgets"" folder - requires review",https://ik.imagekit.io/0iaahkrcv/gadgets/view%20(11).png?updatedAt=1786555416818
6a7cac185c7cd75eb854da8e,gadgets,view (12).png,view,,,,LOW,"folder mapping: gadgets -> UNCATEGORIZED | note: Generic ""gadgets"" folder - requires review",https://ik.imagekit.io/0iaahkrcv/gadgets/view%20(12).png?updatedAt=1786555416715
6a7cac185c7cd75eb854dc69,gadgets,view (13).png,view,,,,LOW,"folder mapping: gadgets -> UNCATEGORIZED | note: Generic ""gadgets"" folder - requires review",https://ik.imagekit.io/0iaahkrcv/gadgets/view%20(13).png?updatedAt=1786555416825
6a7cac185c7cd75eb854dcd1,gadgets,view (14).png,view,,,,LOW,"folder mapping: gadgets -> UNCATEGORIZED | note: Generic ""gadgets"" folder - requires review",https://ik.imagekit.io/0iaahkrcv/gadgets/view%20(14).png?updatedAt=1786555416801
6a7cac185c7cd75eb854e188,gadgets,view (15).png,view,,,,LOW,"folder mapping: gadgets -> UNCATEGORIZED | note: Generic ""gadgets"" folder - requires review",https://ik.imagekit.io/0iaahkrcv/gadgets/view%20(15).png?updatedAt=1786555417012
6a7cac185c7cd75eb854e167,gadgets,view (16).png,view,,,,LOW,"folder mapping: gadgets -> UNCATEGORIZED | note: Generic ""gadgets"" folder - requires review",https://ik.imagekit.io/0iaahkrcv/gadgets/view%20(16).png?updatedAt=1786555416992
6a7cac185c7cd75eb854e19d,gadgets,view (17).png,view,,,,LOW,"folder mapping: gadgets -> UNCATEGORIZED | note: Generic ""gadgets"" folder - requires review",https://ik.imagekit.io/0iaahkrcv/gadgets/view%20(17).png?updatedAt=1786555417008
6a7cac185c7cd75eb854e1da,gadgets,view (18).png,view,,,,LOW,"folder mapping: gadgets -> UNCATEGORIZED | note: Generic ""gadgets"" folder - requires review",https://ik.imagekit.io/0iaahkrcv/gadgets/view%20(18).png?updatedAt=1786555417037
6a7cac185c7cd75eb854e603,gadgets,view (19).png,view,,,,LOW,"folder mapping: gadgets -> UNCATEGORIZED | note: Generic ""gadgets"" folder - requires review",https://ik.imagekit.io/0iaahkrcv/gadgets/view%20(19).png?updatedAt=1786555417415
6a7cac185c7cd75eb854e5f2,gadgets,view (2).png,view,,,,LOW,"folder mapping: gadgets -> UNCATEGORIZED | note: Generic ""gadgets"" folder - requires review",https://ik.imagekit.io/0iaahkrcv/gadgets/view%20(2).png?updatedAt=1786555417402
6a7cac185c7cd75eb854e576,gadgets,view (2).webp,view,,,,LOW,"folder mapping: gadgets -> UNCATEGORIZED | note: Generic ""gadgets"" folder - requires review",https://ik.imagekit.io/0iaahkrcv/gadgets/view%20(2).webp?updatedAt=1786555417457
6a7cac185c7cd75eb854e5c7,gadgets,view (20).png,view,,,,LOW,"folder mapping: gadgets -> UNCATEGORIZED | note: Generic ""gadgets"" folder - requires review",https://ik.imagekit.io/0iaahkrcv/gadgets/view%20(20).png?updatedAt=1786555417318
6a7cac185c7cd75eb854e5e6,gadgets,view (21).png,view,,,,LOW,"folder mapping: gadgets -> UNCATEGORIZED | note: Generic ""gadgets"" folder - requires review",https://ik.imagekit.io/0iaahkrcv/gadgets/view%20(21).png?updatedAt=1786555417336
6a7cac195c7cd75eb854eb95,gadgets,view (22).png,view,,,,LOW,"folder mapping: gadgets -> UNCATEGORIZED | note: Generic ""gadgets"" folder - requires review",https://ik.imagekit.io/0iaahkrcv/gadgets/view%20(22).png?updatedAt=1786555417684
6a7cac195c7cd75eb854e9df,gadgets,view (23).png,view,,,,LOW,"folder mapping: gadgets -> UNCATEGORIZED | note: Generic ""gadgets"" folder - requires review",https://ik.imagekit.io/0iaahkrcv/gadgets/view%20(23).png?updatedAt=1786555417575
6a7cac195c7cd75eb854eeca,gadgets,view (24).png,view,,,,LOW,"folder mapping: gadgets -> UNCATEGORIZED | note: Generic ""gadgets"" folder - requires review",https://ik.imagekit.io/0iaahkrcv/gadgets/view%20(24).png?updatedAt=1786555417819
6a7cac195c7cd75eb854f3bf,gadgets,view (25).png,view,,,,LOW,"folder mapping: gadgets -> UNCATEGORIZED | note: Generic ""gadgets"" folder - requires review",https://ik.imagekit.io/0iaahkrcv/gadgets/view%20(25).png?updatedAt=1786555418028
6a7cac195c7cd75eb854f516,gadgets,view (26).png,view,,,,LOW,"folder mapping: gadgets -> UNCATEGORIZED | note: Generic ""gadgets"" folder - requires review",https://ik.imagekit.io/0iaahkrcv/gadgets/view%20(26).png?updatedAt=1786555418165
6a7cac195c7cd75eb854fb48,gadgets,view (27).png,view,,,,LOW,"folder mapping: gadgets -> UNCATEGORIZED | note: Generic ""gadgets"" folder - requires review",https://ik.imagekit.io/0iaahkrcv/gadgets/view%20(27).png?updatedAt=1786555418556
6a7cac195c7cd75eb854fc96,gadgets,view (28).png,view,,,,LOW,"folder mapping: gadgets -> UNCATEGORIZED | note: Generic ""gadgets"" folder - requires review",https://ik.imagekit.io/0iaahkrcv/gadgets/view%20(28).png?updatedAt=1786555418560
6a7cac195c7cd75eb854fb78,gadgets,view (29).png,view,,,,LOW,"folder mapping: gadgets -> UNCATEGORIZED | note: Generic ""gadgets"" folder - requires review",https://ik.imagekit.io/0iaahkrcv/gadgets/view%20(29).png?updatedAt=1786555418552
6a7cac1a5c7cd75eb854fdaa,gadgets,view (3).png,view,,,,LOW,"folder mapping: gadgets -> UNCATEGORIZED | note: Generic ""gadgets"" folder - requires review",https://ik.imagekit.io/0iaahkrcv/gadgets/view%20(3).png?updatedAt=1786555418571
6a7cac195c7cd75eb854fba1,gadgets,view (3).webp,view,,,,LOW,"folder mapping: gadgets -> UNCATEGORIZED | note: Generic ""gadgets"" folder - requires review",https://ik.imagekit.io/0iaahkrcv/gadgets/view%20(3).webp?updatedAt=1786555418545
6a7cac1a5c7cd75eb854fe69,gadgets,view (30).png,view,,,,LOW,"folder mapping: gadgets -> UNCATEGORIZED | note: Generic ""gadgets"" folder - requires review",https://ik.imagekit.io/0iaahkrcv/gadgets/view%20(30).png?updatedAt=1786555418574
6a7cac1a5c7cd75eb8550024,gadgets,view (31).png,view,,,,LOW,"folder mapping: gadgets -> UNCATEGORIZED | note: Generic ""gadgets"" folder - requires review",https://ik.imagekit.io/0iaahkrcv/gadgets/view%20(31).png?updatedAt=1786555418654
6a7cac1a5c7cd75eb85502e2,gadgets,view (32).png,view,,,,LOW,"folder mapping: gadgets -> UNCATEGORIZED | note: Generic ""gadgets"" folder - requires review",https://ik.imagekit.io/0iaahkrcv/gadgets/view%20(32).png?updatedAt=1786555418753
6a7cac1a5c7cd75eb85503fa,gadgets,view (33).png,view,,,,LOW,"folder mapping: gadgets -> UNCATEGORIZED | note: Generic ""gadgets"" folder - requires review",https://ik.imagekit.io/0iaahkrcv/gadgets/view%20(33).png?updatedAt=1786555418880
6a7cac1b5c7cd75eb85524ea,gadgets,view (34).png,view,,,,LOW,"folder mapping: gadgets -> UNCATEGORIZED | note: Generic ""gadgets"" folder - requires review",https://ik.imagekit.io/0iaahkrcv/gadgets/view%20(34).png?updatedAt=1786555420434
6a7cac1a5c7cd75eb85503f8,gadgets,view (35).png,view,,,,LOW,"folder mapping: gadgets -> UNCATEGORIZED | note: Generic ""gadgets"" folder - requires review",https://ik.imagekit.io/0iaahkrcv/gadgets/view%20(35).png?updatedAt=1786555418874
6a7cac1a5c7cd75eb8550802,gadgets,view (36).png,view,,,,LOW,"folder mapping: gadgets -> UNCATEGORIZED | note: Generic ""gadgets"" folder - requires review",https://ik.imagekit.io/0iaahkrcv/gadgets/view%20(36).png?updatedAt=1786555419124
6a7cac1a5c7cd75eb85509fd,gadgets,view (37).png,view,,,,LOW,"folder mapping: gadgets -> UNCATEGORIZED | note: Generic ""gadgets"" folder - requires review",https://ik.imagekit.io/0iaahkrcv/gadgets/view%20(37).png?updatedAt=1786555419214
6a7cac1a5c7cd75eb8550a16,gadgets,view (38).png,view,,,,LOW,"folder mapping: gadgets -> UNCATEGORIZED | note: Generic ""gadgets"" folder - requires review",https://ik.imagekit.io/0iaahkrcv/gadgets/view%20(38).png?updatedAt=1786555419206
6a7cac1a5c7cd75eb8550ac8,gadgets,view (39).png,view,,,,LOW,"folder mapping: gadgets -> UNCATEGORIZED | note: Generic ""gadgets"" folder - requires review",https://ik.imagekit.io/0iaahkrcv/gadgets/view%20(39).png?updatedAt=1786555419232
6a7cac1a5c7cd75eb8550bb9,gadgets,view (4).png,view,,,,LOW,"folder mapping: gadgets -> UNCATEGORIZED | note: Generic ""gadgets"" folder - requires review",https://ik.imagekit.io/0iaahkrcv/gadgets/view%20(4).png?updatedAt=1786555419224
6a7cac1a5c7cd75eb85510d4,gadgets,view (40).png,view,,,,LOW,"folder mapping: gadgets -> UNCATEGORIZED | note: Generic ""gadgets"" folder - requires review",https://ik.imagekit.io/0iaahkrcv/gadgets/view%20(40).png?updatedAt=1786555419444
6a7cac1b5c7cd75eb8551501,gadgets,view (41).png,view,,,,LOW,"folder mapping: gadgets -> UNCATEGORIZED | note: Generic ""gadgets"" folder - requires review",https://ik.imagekit.io/0iaahkrcv/gadgets/view%20(41).png?updatedAt=1786555419652
6a7cac1b5c7cd75eb855181d,gadgets,view (42).png,view,,,,LOW,"folder mapping: gadgets -> UNCATEGORIZED | note: Generic ""gadgets"" folder - requires review",https://ik.imagekit.io/0iaahkrcv/gadgets/view%20(42).png?updatedAt=1786555419932
6a7cac1b5c7cd75eb85524a5,gadgets,view (43).png,view,,,,LOW,"folder mapping: gadgets -> UNCATEGORIZED | note: Generic ""gadgets"" folder - requires review",https://ik.imagekit.io/0iaahkrcv/gadgets/view%20(43).png?updatedAt=1786555420407
6a7cac1b5c7cd75eb85519d0,gadgets,view (44).png,view,,,,LOW,"folder mapping: gadgets -> UNCATEGORIZED | note: Generic ""gadgets"" folder - requires review",https://ik.imagekit.io/0iaahkrcv/gadgets/view%20(44).png?updatedAt=1786555419908
6a7cac1b5c7cd75eb8551ab9,gadgets,view (5).png,view,,,,LOW,"folder mapping: gadgets -> UNCATEGORIZED | note: Generic ""gadgets"" folder - requires review",https://ik.imagekit.io/0iaahkrcv/gadgets/view%20(5).png?updatedAt=1786555420000
6a7cac1b5c7cd75eb8551af5,gadgets,view (6).png,view,,,,LOW,"folder mapping: gadgets -> UNCATEGORIZED | note: Generic ""gadgets"" folder - requires review",https://ik.imagekit.io/0iaahkrcv/gadgets/view%20(6).png?updatedAt=1786555419963
6a7cac1b5c7cd75eb8551c4b,gadgets,view (7).png,view,,,,LOW,"folder mapping: gadgets -> UNCATEGORIZED | note: Generic ""gadgets"" folder - requires review",https://ik.imagekit.io/0iaahkrcv/gadgets/view%20(7).png?updatedAt=1786555420022
6a7cac1b5c7cd75eb8551c5f,gadgets,view (8).png,view,,,,LOW,"folder mapping: gadgets -> UNCATEGORIZED | note: Generic ""gadgets"" folder - requires review",https://ik.imagekit.io/0iaahkrcv/gadgets/view%20(8).png?updatedAt=1786555420022
6a7cac1b5c7cd75eb855206d,gadgets,view (9).png,view,,,,LOW,"folder mapping: gadgets -> UNCATEGORIZED | note: Generic ""gadgets"" folder - requires review",https://ik.imagekit.io/0iaahkrcv/gadgets/view%20(9).png?updatedAt=1786555420172
6a7cac1c5c7cd75eb8552549,gadgets,view.png,view,,,,LOW,"folder mapping: gadgets -> UNCATEGORIZED | note: Generic ""gadgets"" folder - requires review",https://ik.imagekit.io/0iaahkrcv/gadgets/view.png?updatedAt=1786555420598
6a7cac1b5c7cd75eb8552499,gadgets,view.webp,view,,,,LOW,"folder mapping: gadgets -> UNCATEGORIZED | note: Generic ""gadgets"" folder - requires review",https://ik.imagekit.io/0iaahkrcv/gadgets/view.webp?updatedAt=1786555420487
6a7cac1b5c7cd75eb8551dea,gadgets,watch (1).png,watch,,C07,Smart Watches,MEDIUM,"folder mapping: gadgets -> UNCATEGORIZED | note: Generic ""gadgets"" folder - requires review | filename keyword: watch",https://ik.imagekit.io/0iaahkrcv/gadgets/watch%20(1).png?updatedAt=1786555420128
6a7cac1b5c7cd75eb8552398,gadgets,watch.png,watch,,C07,Smart Watches,MEDIUM,"folder mapping: gadgets -> UNCATEGORIZED | note: Generic ""gadgets"" folder - requires review | filename keyword: watch",https://ik.imagekit.io/0iaahkrcv/gadgets/watch.png?updatedAt=1786555420361
6a7cac1c5c7cd75eb855253d,gadgets,xiaomi-products.png,xiaomi products,Xiaomi,,,LOW,"folder mapping: gadgets -> UNCATEGORIZED | note: Generic ""gadgets"" folder - requires review | brand Xiaomi appears in 4 categories (cross-category brand)",https://ik.imagekit.io/0iaahkrcv/gadgets/xiaomi-products.png?updatedAt=1786555420620
6a7bbb545c7cd75eb846e96b,laptops1,02071036d032bb87ae722fcf7d2fd232.jpg,02071036d032bb87ae722fcf7d2fd232,,C03,Laptops,HIGH,folder mapping: laptops1 -> Laptops,https://ik.imagekit.io/0iaahkrcv/laptops1/Laptops%20_%20Nairobi%20Computer%20Shop%20(1)/02071036d032bb87ae722fcf7d2fd232.jpg?updatedAt=1786493780973
6a7bbb575c7cd75eb847112c,laptops1,02071036d032bb87ae722fcf7d2fd232@2x.jpg,02071036d032bb87ae722fcf7d2fd232@2x,,C03,Laptops,HIGH,folder mapping: laptops1 -> Laptops,https://ik.imagekit.io/0iaahkrcv/laptops1/Laptops%20_%20Nairobi%20Computer%20Shop%20(1)/02071036d032bb87ae722fcf7d2fd232@2x.jpg?updatedAt=1786493783509
6a7bbb545c7cd75eb846e96f,laptops1,0626058c2da1d3428e23960d05a16963.jpg,0626058c2da1d3428e23960d05a16963,,C03,Laptops,HIGH,folder mapping: laptops1 -> Laptops,https://ik.imagekit.io/0iaahkrcv/laptops1/Laptops%20_%20Nairobi%20Computer%20Shop%20(1)/0626058c2da1d3428e23960d05a16963.jpg?updatedAt=1786493780965
6a7bbb565c7cd75eb8470644,laptops1,0626058c2da1d3428e23960d05a16963@2x.jpg,0626058c2da1d3428e23960d05a16963@2x,,C03,Laptops,HIGH,folder mapping: laptops1 -> Laptops,https://ik.imagekit.io/0iaahkrcv/laptops1/Laptops%20_%20Nairobi%20Computer%20Shop%20(1)/0626058c2da1d3428e23960d05a16963@2x.jpg?updatedAt=1786493782785
6a7bbb545c7cd75eb846ec8f,laptops1,0bbfb731b30e349b9967e84007cb61cb.jpg,0bbfb731b30e349b9967e84007cb61cb,,C03,Laptops,HIGH,folder mapping: laptops1 -> Laptops,https://ik.imagekit.io/0iaahkrcv/laptops1/Laptops%20_%20Nairobi%20Computer%20Shop%20(1)/0bbfb731b30e349b9967e84007cb61cb.jpg?updatedAt=1786493781119
6a7bbb575c7cd75eb8471123,laptops1,0bbfb731b30e349b9967e84007cb61cb@2x.jpg,0bbfb731b30e349b9967e84007cb61cb@2x,,C03,Laptops,HIGH,folder mapping: laptops1 -> Laptops,https://ik.imagekit.io/0iaahkrcv/laptops1/Laptops%20_%20Nairobi%20Computer%20Shop%20(1)/0bbfb731b30e349b9967e84007cb61cb@2x.jpg?updatedAt=1786493783503
6a7bbb545c7cd75eb846ecb0,laptops1,0eadce89ab6d905fc650c57c61692583.jpg,0eadce89ab6d905fc650c57c61692583,,C03,Laptops,HIGH,folder mapping: laptops1 -> Laptops,https://ik.imagekit.io/0iaahkrcv/laptops1/Laptops%20_%20Nairobi%20Computer%20Shop%20(1)/0eadce89ab6d905fc650c57c61692583.jpg?updatedAt=1786493781146
6a7bbb565c7cd75eb847055d,laptops1,0eadce89ab6d905fc650c57c61692583@2x.jpg,0eadce89ab6d905fc650c57c61692583@2x,,C03,Laptops,HIGH,folder mapping: laptops1 -> Laptops,https://ik.imagekit.io/0iaahkrcv/laptops1/Laptops%20_%20Nairobi%20Computer%20Shop%20(1)/0eadce89ab6d905fc650c57c61692583@2x.jpg?updatedAt=1786493782688
6a7bbb545c7cd75eb846ecce,laptops1,113f07000e3bb21cbc5c0198c396dd9b.jpg,113f07000e3bb21cbc5c0198c396dd9b,,C03,Laptops,HIGH,folder mapping: laptops1 -> Laptops,https://ik.imagekit.io/0iaahkrcv/laptops1/Laptops%20_%20Nairobi%20Computer%20Shop%20(1)/113f07000e3bb21cbc5c0198c396dd9b.jpg?updatedAt=1786493781281
6a7bbb575c7cd75eb8471121,laptops1,113f07000e3bb21cbc5c0198c396dd9b@2x.jpg,113f07000e3bb21cbc5c0198c396dd9b@2x,,C03,Laptops,HIGH,folder mapping: laptops1 -> Laptops,https://ik.imagekit.io/0iaahkrcv/laptops1/Laptops%20_%20Nairobi%20Computer%20Shop%20(1)/113f07000e3bb21cbc5c0198c396dd9b@2x.jpg?updatedAt=1786493783498
6a7bbb545c7cd75eb846ed24,laptops1,15091a69ac522f897688b144323b7912.jpg,15091a69ac522f897688b144323b7912,,C03,Laptops,HIGH,folder mapping: laptops1 -> Laptops,https://ik.imagekit.io/0iaahkrcv/laptops1/Laptops%20_%20Nairobi%20Computer%20Shop%20(1)/15091a69ac522f897688b144323b7912.jpg?updatedAt=1786493781381
6a7bbb565c7cd75eb8470696,laptops1,15091a69ac522f897688b144323b7912@2x.jpg,15091a69ac522f897688b144323b7912@2x,,C03,Laptops,HIGH,folder mapping: laptops1 -> Laptops,https://ik.imagekit.io/0iaahkrcv/laptops1/Laptops%20_%20Nairobi%20Computer%20Shop%20(1)/15091a69ac522f897688b144323b7912@2x.jpg?updatedAt=1786493782786
6a7bbb565c7cd75eb84706bd,laptops1,17ad80366fae089d32984e5e2a92df9f.jpg,17ad80366fae089d32984e5e2a92df9f,,C03,Laptops,HIGH,folder mapping: laptops1 -> Laptops,https://ik.imagekit.io/0iaahkrcv/laptops1/Laptops%20_%20Nairobi%20Computer%20Shop%20(1)/17ad80366fae089d32984e5e2a92df9f.jpg?updatedAt=1786493782803
6a7bbb575c7cd75eb847135e,laptops1,17ad80366fae089d32984e5e2a92df9f@2x.jpg,17ad80366fae089d32984e5e2a92df9f@2x,,C03,Laptops,HIGH,folder mapping: laptops1 -> Laptops,https://ik.imagekit.io/0iaahkrcv/laptops1/Laptops%20_%20Nairobi%20Computer%20Shop%20(1)/17ad80366fae089d32984e5e2a92df9f@2x.jpg?updatedAt=1786493783680
6a7bbb545c7cd75eb846ef17,laptops1,19d5c70003a3df85c0c53e32390401e2.jpg,19d5c70003a3df85c0c53e32390401e2,,C03,Laptops,HIGH,folder mapping: laptops1 -> Laptops,https://ik.imagekit.io/0iaahkrcv/laptops1/Laptops%20_%20Nairobi%20Computer%20Shop%20(1)/19d5c70003a3df85c0c53e32390401e2.jpg?updatedAt=1786493781500
6a7bbb575c7cd75eb847120a,laptops1,19d5c70003a3df85c0c53e32390401e2@2x.jpg,19d5c70003a3df85c0c53e32390401e2@2x,,C03,Laptops,HIGH,folder mapping: laptops1 -> Laptops,https://ik.imagekit.io/0iaahkrcv/laptops1/Laptops%20_%20Nairobi%20Computer%20Shop%20(1)/19d5c70003a3df85c0c53e32390401e2@2x.jpg?updatedAt=1786493783556
6a7bbb555c7cd75eb846f33e,laptops1,1b7c126279760ba33c08859586b1cdf7.jpg,1b7c126279760ba33c08859586b1cdf7,,C03,Laptops,HIGH,folder mapping: laptops1 -> Laptops,https://ik.imagekit.io/0iaahkrcv/laptops1/Laptops%20_%20Nairobi%20Computer%20Shop%20(1)/1b7c126279760ba33c08859586b1cdf7.jpg?updatedAt=1786493781617
6a7bbb565c7cd75eb8470853,laptops1,1b7c126279760ba33c08859586b1cdf7@2x.jpg,1b7c126279760ba33c08859586b1cdf7@2x,,C03,Laptops,HIGH,folder mapping: laptops1 -> Laptops,https://ik.imagekit.io/0iaahkrcv/laptops1/Laptops%20_%20Nairobi%20Computer%20Shop%20(1)/1b7c126279760ba33c08859586b1cdf7@2x.jpg?updatedAt=1786493783001
6a7bbb555c7cd75eb846f3e6,laptops1,2839b1c92633d773f2561f6ceab607e5.jpg,2839b1c92633d773f2561f6ceab607e5,,C03,Laptops,HIGH,folder mapping: laptops1 -> Laptops,https://ik.imagekit.io/0iaahkrcv/laptops1/Laptops%20_%20Nairobi%20Computer%20Shop%20(1)/2839b1c92633d773f2561f6ceab607e5.jpg?updatedAt=1786493781604
6a7bbb575c7cd75eb8471235,laptops1,2839b1c92633d773f2561f6ceab607e5@2x.jpg,2839b1c92633d773f2561f6ceab607e5@2x,,C03,Laptops,HIGH,folder mapping: laptops1 -> Laptops,https://ik.imagekit.io/0iaahkrcv/laptops1/Laptops%20_%20Nairobi%20Computer%20Shop%20(1)/2839b1c92633d773f2561f6ceab607e5@2x.jpg?updatedAt=1786493783623
6a7bbb565c7cd75eb8470869,laptops1,2c47a295b6ec2dcc63253d3e904f1231.jpg,2c47a295b6ec2dcc63253d3e904f1231,,C03,Laptops,HIGH,folder mapping: laptops1 -> Laptops,https://ik.imagekit.io/0iaahkrcv/laptops1/Laptops%20_%20Nairobi%20Computer%20Shop%20(1)/2c47a295b6ec2dcc63253d3e904f1231.jpg?updatedAt=1786493783013
6a7bbb575c7cd75eb84713ad,laptops1,2c47a295b6ec2dcc63253d3e904f1231@2x.jpg,2c47a295b6ec2dcc63253d3e904f1231@2x,,C03,Laptops,HIGH,folder mapping: laptops1 -> Laptops,https://ik.imagekit.io/0iaahkrcv/laptops1/Laptops%20_%20Nairobi%20Computer%20Shop%20(1)/2c47a295b6ec2dcc63253d3e904f1231@2x.jpg?updatedAt=1786493783713
6a7bbb555c7cd75eb846f81a,laptops1,2f1f142d59481750648df92f6f08afe4.jpg,2f1f142d59481750648df92f6f08afe4,,C03,Laptops,HIGH,folder mapping: laptops1 -> Laptops,https://ik.imagekit.io/0iaahkrcv/laptops1/Laptops%20_%20Nairobi%20Computer%20Shop%20(1)/2f1f142d59481750648df92f6f08afe4.jpg?updatedAt=1786493781821
6a7bbb575c7cd75eb847139d,laptops1,2f1f142d59481750648df92f6f08afe4@2x.jpg,2f1f142d59481750648df92f6f08afe4@2x,,C03,Laptops,HIGH,folder mapping: laptops1 -> Laptops,https://ik.imagekit.io/0iaahkrcv/laptops1/Laptops%20_%20Nairobi%20Computer%20Shop%20(1)/2f1f142d59481750648df92f6f08afe4@2x.jpg?updatedAt=1786493783768
6a7bbb565c7cd75eb84709d5,laptops1,3289f0f8b2131378eef33821bb8f3600.jpg,3289f0f8b2131378eef33821bb8f3600,,C03,Laptops,HIGH,folder mapping: laptops1 -> Laptops,https://ik.imagekit.io/0iaahkrcv/laptops1/Laptops%20_%20Nairobi%20Computer%20Shop%20(1)/3289f0f8b2131378eef33821bb8f3600.jpg?updatedAt=1786493783116
6a7bbb575c7cd75eb8471769,laptops1,3289f0f8b2131378eef33821bb8f3600@2x.jpg,3289f0f8b2131378eef33821bb8f3600@2x,,C03,Laptops,HIGH,folder mapping: laptops1 -> Laptops,https://ik.imagekit.io/0iaahkrcv/laptops1/Laptops%20_%20Nairobi%20Computer%20Shop%20(1)/3289f0f8b2131378eef33821bb8f3600@2x.jpg?updatedAt=1786493784024
6a7bbb555c7cd75eb846fa2c,laptops1,341baffdb8192ab037862d39bee1af6d.jpg,341baffdb8192ab037862d39bee1af6d,,C03,Laptops,HIGH,folder mapping: laptops1 -> Laptops,https://ik.imagekit.io/0iaahkrcv/laptops1/Laptops%20_%20Nairobi%20Computer%20Shop%20(1)/341baffdb8192ab037862d39bee1af6d.jpg?updatedAt=1786493782055
6a7bbb575c7cd75eb84712bb,laptops1,341baffdb8192ab037862d39bee1af6d@2x.jpg,341baffdb8192ab037862d39bee1af6d@2x,,C03,Laptops,HIGH,folder mapping: laptops1 -> Laptops,https://ik.imagekit.io/0iaahkrcv/laptops1/Laptops%20_%20Nairobi%20Computer%20Shop%20(1)/341baffdb8192ab037862d39bee1af6d@2x.jpg?updatedAt=1786493783632
6a7bbb555c7cd75eb846fa3a,laptops1,35d6f0b9bdaf5922907f1e7e1ae26ab9.jpg,35d6f0b9bdaf5922907f1e7e1ae26ab9,,C03,Laptops,HIGH,folder mapping: laptops1 -> Laptops,https://ik.imagekit.io/0iaahkrcv/laptops1/Laptops%20_%20Nairobi%20Computer%20Shop%20(1)/35d6f0b9bdaf5922907f1e7e1ae26ab9.jpg?updatedAt=1786493782051
6a7bbb565c7cd75eb8470ab7,laptops1,35d6f0b9bdaf5922907f1e7e1ae26ab9@2x.jpg,35d6f0b9bdaf5922907f1e7e1ae26ab9@2x,,C03,Laptops,HIGH,folder mapping: laptops1 -> Laptops,https://ik.imagekit.io/0iaahkrcv/laptops1/Laptops%20_%20Nairobi%20Computer%20Shop%20(1)/35d6f0b9bdaf5922907f1e7e1ae26ab9@2x.jpg?updatedAt=1786493783161
6a7bbb555c7cd75eb846fc68,laptops1,3aa80c34c42b8e40ffd5a7145175aabc.jpg,3aa80c34c42b8e40ffd5a7145175aabc,,C03,Laptops,HIGH,folder mapping: laptops1 -> Laptops,https://ik.imagekit.io/0iaahkrcv/laptops1/Laptops%20_%20Nairobi%20Computer%20Shop%20(1)/3aa80c34c42b8e40ffd5a7145175aabc.jpg?updatedAt=1786493782237
6a7bbb575c7cd75eb84716b3,laptops1,3aa80c34c42b8e40ffd5a7145175aabc@2x.jpg,3aa80c34c42b8e40ffd5a7145175aabc@2x,,C03,Laptops,HIGH,folder mapping: laptops1 -> Laptops,https://ik.imagekit.io/0iaahkrcv/laptops1/Laptops%20_%20Nairobi%20Computer%20Shop%20(1)/3aa80c34c42b8e40ffd5a7145175aabc@2x.jpg?updatedAt=1786493783822
6a7bbb575c7cd75eb84716a4,laptops1,3ada94d83b9bc7d07dfc82101a0dfba0.jpg,3ada94d83b9bc7d07dfc82101a0dfba0,,C03,Laptops,HIGH,folder mapping: laptops1 -> Laptops,https://ik.imagekit.io/0iaahkrcv/laptops1/Laptops%20_%20Nairobi%20Computer%20Shop%20(1)/3ada94d83b9bc7d07dfc82101a0dfba0.jpg?updatedAt=1786493783819
6a7bbb585c7cd75eb8472e2e,laptops1,3ada94d83b9bc7d07dfc82101a0dfba0@2x.jpg,3ada94d83b9bc7d07dfc82101a0dfba0@2x,,C03,Laptops,HIGH,folder mapping: laptops1 -> Laptops,https://ik.imagekit.io/0iaahkrcv/laptops1/Laptops%20_%20Nairobi%20Computer%20Shop%20(1)/3ada94d83b9bc7d07dfc82101a0dfba0@2x.jpg?updatedAt=1786493785352
6a7bbb585c7cd75eb84725b7,laptops1,48b948c7515c7e4b2b82e669810f891e.jpg,48b948c7515c7e4b2b82e669810f891e,,C03,Laptops,HIGH,folder mapping: laptops1 -> Laptops,https://ik.imagekit.io/0iaahkrcv/laptops1/Laptops%20_%20Nairobi%20Computer%20Shop%20(1)/48b948c7515c7e4b2b82e669810f891e.jpg?updatedAt=1786493784905
6a7bbb585c7cd75eb8472e63,laptops1,48b948c7515c7e4b2b82e669810f891e@2x.jpg,48b948c7515c7e4b2b82e669810f891e@2x,,C03,Laptops,HIGH,folder mapping: laptops1 -> Laptops,https://ik.imagekit.io/0iaahkrcv/laptops1/Laptops%20_%20Nairobi%20Computer%20Shop%20(1)/48b948c7515c7e4b2b82e669810f891e@2x.jpg?updatedAt=1786493785378
6a7bbb585c7cd75eb8472e64,laptops1,4925558dcce4131c56d2dd41c85ae2dc.jpg,4925558dcce4131c56d2dd41c85ae2dc,,C03,Laptops,HIGH,folder mapping: laptops1 -> Laptops,https://ik.imagekit.io/0iaahkrcv/laptops1/Laptops%20_%20Nairobi%20Computer%20Shop%20(1)/4925558dcce4131c56d2dd41c85ae2dc.jpg?updatedAt=1786493785370
6a7bbb585c7cd75eb84725af,laptops1,4925558dcce4131c56d2dd41c85ae2dc@2x.jpg,4925558dcce4131c56d2dd41c85ae2dc@2x,,C03,Laptops,HIGH,folder mapping: laptops1 -> Laptops,https://ik.imagekit.io/0iaahkrcv/laptops1/Laptops%20_%20Nairobi%20Computer%20Shop%20(1)/4925558dcce4131c56d2dd41c85ae2dc@2x.jpg?updatedAt=1786493784948
6a7bbb585c7cd75eb8472e33,laptops1,4ae51e268ccff5838cdbeecaf44170ad.jpg,4ae51e268ccff5838cdbeecaf44170ad,,C03,Laptops,HIGH,folder mapping: laptops1 -> Laptops,https://ik.imagekit.io/0iaahkrcv/laptops1/Laptops%20_%20Nairobi%20Computer%20Shop%20(1)/4ae51e268ccff5838cdbeecaf44170ad.jpg?updatedAt=1786493785319
6a7bbb595c7cd75eb8473321,laptops1,4ae51e268ccff5838cdbeecaf44170ad@2x.jpg,4ae51e268ccff5838cdbeecaf44170ad@2x,,C03,Laptops,HIGH,folder mapping: laptops1 -> Laptops,https://ik.imagekit.io/0iaahkrcv/laptops1/Laptops%20_%20Nairobi%20Computer%20Shop%20(1)/4ae51e268ccff5838cdbeecaf44170ad@2x.jpg?updatedAt=1786493785755
6a7bbb595c7cd75eb8473322,laptops1,4ae6dad846c693bdcfe2eaf3a4c477c6.jpg,4ae6dad846c693bdcfe2eaf3a4c477c6,,C03,Laptops,HIGH,folder mapping: laptops1 -> Laptops,https://ik.imagekit.io/0iaahkrcv/laptops1/Laptops%20_%20Nairobi%20Computer%20Shop%20(1)/4ae6dad846c693bdcfe2eaf3a4c477c6.jpg?updatedAt=1786493785747
6a7bbb595c7cd75eb847386a,laptops1,4ae6dad846c693bdcfe2eaf3a4c477c6@2x.jpg,4ae6dad846c693bdcfe2eaf3a4c477c6@2x,,C03,Laptops,HIGH,folder mapping: laptops1 -> Laptops,https://ik.imagekit.io/0iaahkrcv/laptops1/Laptops%20_%20Nairobi%20Computer%20Shop%20(1)/4ae6dad846c693bdcfe2eaf3a4c477c6@2x.jpg?updatedAt=1786493786039
6a7bbb595c7cd75eb8473a49,laptops1,4af5696a62e379fdf2fb206463911697.jpg,4af5696a62e379fdf2fb206463911697,,C03,Laptops,HIGH,folder mapping: laptops1 -> Laptops,https://ik.imagekit.io/0iaahkrcv/laptops1/Laptops%20_%20Nairobi%20Computer%20Shop%20(1)/4af5696a62e379fdf2fb206463911697.jpg?updatedAt=1786493786064
6a7bbb5a5c7cd75eb8474c43,laptops1,4af5696a62e379fdf2fb206463911697@2x.jpg,4af5696a62e379fdf2fb206463911697@2x,,C03,Laptops,HIGH,folder mapping: laptops1 -> Laptops,https://ik.imagekit.io/0iaahkrcv/laptops1/Laptops%20_%20Nairobi%20Computer%20Shop%20(1)/4af5696a62e379fdf2fb206463911697@2x.jpg?updatedAt=1786493787111
6a7bbb595c7cd75eb8473abb,laptops1,4b4592c761b20b4f6a3c44281ce20c5a.jpg,4b4592c761b20b4f6a3c44281ce20c5a,,C03,Laptops,HIGH,folder mapping: laptops1 -> Laptops,https://ik.imagekit.io/0iaahkrcv/laptops1/Laptops%20_%20Nairobi%20Computer%20Shop%20(1)/4b4592c761b20b4f6a3c44281ce20c5a.jpg?updatedAt=1786493786088
6a7bbb5a5c7cd75eb8474d38,laptops1,4b4592c761b20b4f6a3c44281ce20c5a@2x.jpg,4b4592c761b20b4f6a3c44281ce20c5a@2x,,C03,Laptops,HIGH,folder mapping: laptops1 -> Laptops,https://ik.imagekit.io/0iaahkrcv/laptops1/Laptops%20_%20Nairobi%20Computer%20Shop%20(1)/4b4592c761b20b4f6a3c44281ce20c5a@2x.jpg?updatedAt=1786493787161
6a7bbb595c7cd75eb8473d88,laptops1,4bafe0e5b44a9a415cac43a7c7b3a32a.jpg,4bafe0e5b44a9a415cac43a7c7b3a32a,,C03,Laptops,HIGH,folder mapping: laptops1 -> Laptops,https://ik.imagekit.io/0iaahkrcv/laptops1/Laptops%20_%20Nairobi%20Computer%20Shop%20(1)/4bafe0e5b44a9a415cac43a7c7b3a32a.jpg?updatedAt=1786493786208
6a7bbb5a5c7cd75eb847479a,laptops1,4bafe0e5b44a9a415cac43a7c7b3a32a@2x.jpg,4bafe0e5b44a9a415cac43a7c7b3a32a@2x,,C03,Laptops,HIGH,folder mapping: laptops1 -> Laptops,https://ik.imagekit.io/0iaahkrcv/laptops1/Laptops%20_%20Nairobi%20Computer%20Shop%20(1)/4bafe0e5b44a9a415cac43a7c7b3a32a@2x.jpg?updatedAt=1786493786821
6a7bbb5a5c7cd75eb84747b5,laptops1,4e7b6a17d93781ad46e39ae239477dae.jpg,4e7b6a17d93781ad46e39ae239477dae,,C03,Laptops,HIGH,folder mapping: laptops1 -> Laptops,https://ik.imagekit.io/0iaahkrcv/laptops1/Laptops%20_%20Nairobi%20Computer%20Shop%20(1)/4e7b6a17d93781ad46e39ae239477dae.jpg?updatedAt=1786493786855
6a7bbb5a5c7cd75eb8474d86,laptops1,4e7b6a17d93781ad46e39ae239477dae@2x.jpg,4e7b6a17d93781ad46e39ae239477dae@2x,,C03,Laptops,HIGH,folder mapping: laptops1 -> Laptops,https://ik.imagekit.io/0iaahkrcv/laptops1/Laptops%20_%20Nairobi%20Computer%20Shop%20(1)/4e7b6a17d93781ad46e39ae239477dae@2x.jpg?updatedAt=1786493787345
6a7bbb595c7cd75eb8474031,laptops1,4f3ebb9a016e21b1c200311f6af717cf.jpg,4f3ebb9a016e21b1c200311f6af717cf,,C03,Laptops,HIGH,folder mapping: laptops1 -> Laptops,https://ik.imagekit.io/0iaahkrcv/laptops1/Laptops%20_%20Nairobi%20Computer%20Shop%20(1)/4f3ebb9a016e21b1c200311f6af717cf.jpg?updatedAt=1786493786411
6a7bbb5a5c7cd75eb8474daf,laptops1,4f3ebb9a016e21b1c200311f6af717cf@2x.jpg,4f3ebb9a016e21b1c200311f6af717cf@2x,,C03,Laptops,HIGH,folder mapping: laptops1 -> Laptops,https://ik.imagekit.io/0iaahkrcv/laptops1/Laptops%20_%20Nairobi%20Computer%20Shop%20(1)/4f3ebb9a016e21b1c200311f6af717cf@2x.jpg?updatedAt=1786493787381
6a7bbb595c7cd75eb8474057,laptops1,50e0ffeff755b1928aadf8a4da52d6f6.jpg,50e0ffeff755b1928aadf8a4da52d6f6,,C03,Laptops,HIGH,folder mapping: laptops1 -> Laptops,https://ik.imagekit.io/0iaahkrcv/laptops1/Laptops%20_%20Nairobi%20Computer%20Shop%20(1)/50e0ffeff755b1928aadf8a4da52d6f6.jpg?updatedAt=1786493786411
6a7bbb5a5c7cd75eb8474d77,laptops1,50e0ffeff755b1928aadf8a4da52d6f6@2x.jpg,50e0ffeff755b1928aadf8a4da52d6f6@2x,,C03,Laptops,HIGH,folder mapping: laptops1 -> Laptops,https://ik.imagekit.io/0iaahkrcv/laptops1/Laptops%20_%20Nairobi%20Computer%20Shop%20(1)/50e0ffeff755b1928aadf8a4da52d6f6@2x.jpg?updatedAt=1786493787254
6a7bbb5a5c7cd75eb847499d,laptops1,51181557c4d42c493d7c72c724b60eb1.jpg,51181557c4d42c493d7c72c724b60eb1,,C03,Laptops,HIGH,folder mapping: laptops1 -> Laptops,https://ik.imagekit.io/0iaahkrcv/laptops1/Laptops%20_%20Nairobi%20Computer%20Shop%20(1)/51181557c4d42c493d7c72c724b60eb1.jpg?updatedAt=1786493786937
6a7bbb5a5c7cd75eb8474d83,laptops1,51181557c4d42c493d7c72c724b60eb1@2x.jpg,51181557c4d42c493d7c72c724b60eb1@2x,,C03,Laptops,HIGH,folder mapping: laptops1 -> Laptops,https://ik.imagekit.io/0iaahkrcv/laptops1/Laptops%20_%20Nairobi%20Computer%20Shop%20(1)/51181557c4d42c493d7c72c724b60eb1@2x.jpg?updatedAt=1786493787352
6a7bbb5a5c7cd75eb8474d34,laptops1,55f9f8506b1785fd79fdb54812b65bbf.jpg,55f9f8506b1785fd79fdb54812b65bbf,,C03,Laptops,HIGH,folder mapping: laptops1 -> Laptops,https://ik.imagekit.io/0iaahkrcv/laptops1/Laptops%20_%20Nairobi%20Computer%20Shop%20(1)/55f9f8506b1785fd79fdb54812b65bbf.jpg?updatedAt=1786493787145
6a7bbb5a5c7cd75eb8474d7a,laptops1,55f9f8506b1785fd79fdb54812b65bbf@2x.jpg,55f9f8506b1785fd79fdb54812b65bbf@2x,,C03,Laptops,HIGH,folder mapping: laptops1 -> Laptops,https://ik.imagekit.io/0iaahkrcv/laptops1/Laptops%20_%20Nairobi%20Computer%20Shop%20(1)/55f9f8506b1785fd79fdb54812b65bbf@2x.jpg?updatedAt=1786493787270
6a7bbb5c5c7cd75eb847657c,laptops1,5b44871f37974b8f02762fd54591d7d9.jpg,5b44871f37974b8f02762fd54591d7d9,,C03,Laptops,HIGH,folder mapping: laptops1 -> Laptops,https://ik.imagekit.io/0iaahkrcv/laptops1/Laptops%20_%20Nairobi%20Computer%20Shop%20(1)/5b44871f37974b8f02762fd54591d7d9.jpg?updatedAt=1786493788703
6a7bbb815c7cd75eb848f10f,laptops1,5b44871f37974b8f02762fd54591d7d9@2x.jpg,5b44871f37974b8f02762fd54591d7d9@2x,,C03,Laptops,HIGH,folder mapping: laptops1 -> Laptops,https://ik.imagekit.io/0iaahkrcv/laptops1/Laptops%20_%20Nairobi%20Computer%20Shop%20(1)/5b44871f37974b8f02762fd54591d7d9@2x.jpg?updatedAt=1786493825909
6a7bbb815c7cd75eb848f0fd,laptops1,5b775df5580044516f03602dcb7cc842.jpg,5b775df5580044516f03602dcb7cc842,,C03,Laptops,HIGH,folder mapping: laptops1 -> Laptops,https://ik.imagekit.io/0iaahkrcv/laptops1/Laptops%20_%20Nairobi%20Computer%20Shop%20(1)/5b775df5580044516f03602dcb7cc842.jpg?updatedAt=1786493825834
6a7bbb7b5c7cd75eb848e653,laptops1,5b775df5580044516f03602dcb7cc842@2x.jpg,5b775df5580044516f03602dcb7cc842@2x,,C03,Laptops,HIGH,folder mapping: laptops1 -> Laptops,https://ik.imagekit.io/0iaahkrcv/laptops1/Laptops%20_%20Nairobi%20Computer%20Shop%20(1)/5b775df5580044516f03602dcb7cc842@2x.jpg?updatedAt=1786493821864
6a7bbb7b5c7cd75eb848e65a,laptops1,61b9f9296b6c797f80f5ffa6cb7ee3f8.jpg,61b9f9296b6c797f80f5ffa6cb7ee3f8,,C03,Laptops,HIGH,folder mapping: laptops1 -> Laptops,https://ik.imagekit.io/0iaahkrcv/laptops1/Laptops%20_%20Nairobi%20Computer%20Shop%20(1)/61b9f9296b6c797f80f5ffa6cb7ee3f8.jpg?updatedAt=1786493821852
6a7bbb7b5c7cd75eb848e64c,laptops1,61b9f9296b6c797f80f5ffa6cb7ee3f8@2x.jpg,61b9f9296b6c797f80f5ffa6cb7ee3f8@2x,,C03,Laptops,HIGH,folder mapping: laptops1 -> Laptops,https://ik.imagekit.io/0iaahkrcv/laptops1/Laptops%20_%20Nairobi%20Computer%20Shop%20(1)/61b9f9296b6c797f80f5ffa6cb7ee3f8@2x.jpg?updatedAt=1786493821859
6a7bbb7b5c7cd75eb848e64b,laptops1,644535c719628d2a036c49b00229094a.jpg,644535c719628d2a036c49b00229094a,,C03,Laptops,HIGH,folder mapping: laptops1 -> Laptops,https://ik.imagekit.io/0iaahkrcv/laptops1/Laptops%20_%20Nairobi%20Computer%20Shop%20(1)/644535c719628d2a036c49b00229094a.jpg?updatedAt=1786493821851
6a7bbb815c7cd75eb848f0f1,laptops1,644535c719628d2a036c49b00229094a@2x.jpg,644535c719628d2a036c49b00229094a@2x,,C03,Laptops,HIGH,folder mapping: laptops1 -> Laptops,https://ik.imagekit.io/0iaahkrcv/laptops1/Laptops%20_%20Nairobi%20Computer%20Shop%20(1)/644535c719628d2a036c49b00229094a@2x.jpg?updatedAt=1786493825812
6a7bbb7a5c7cd75eb848e4de,laptops1,684e51460d583c9587e46580f6d82238.jpg,684e51460d583c9587e46580f6d82238,,C03,Laptops,HIGH,folder mapping: laptops1 -> Laptops,https://ik.imagekit.io/0iaahkrcv/laptops1/Laptops%20_%20Nairobi%20Computer%20Shop%20(1)/684e51460d583c9587e46580f6d82238.jpg?updatedAt=1786493820849
6a7bbb7b5c7cd75eb848e652,laptops1,684e51460d583c9587e46580f6d82238@2x.jpg,684e51460d583c9587e46580f6d82238@2x,,C03,Laptops,HIGH,folder mapping: laptops1 -> Laptops,https://ik.imagekit.io/0iaahkrcv/laptops1/Laptops%20_%20Nairobi%20Computer%20Shop%20(1)/684e51460d583c9587e46580f6d82238@2x.jpg?updatedAt=1786493821852
6a7bbb865c7cd75eb8491207,laptops1,7441af453c59a5ad6ee69ce97523a07a.jpg,7441af453c59a5ad6ee69ce97523a07a,,C03,Laptops,HIGH,folder mapping: laptops1 -> Laptops,https://ik.imagekit.io/0iaahkrcv/laptops1/Laptops%20_%20Nairobi%20Computer%20Shop%20(1)/7441af453c59a5ad6ee69ce97523a07a.jpg?updatedAt=1786493832858
6a7bbb865c7cd75eb8491208,laptops1,7441af453c59a5ad6ee69ce97523a07a@2x.jpg,7441af453c59a5ad6ee69ce97523a07a@2x,,C03,Laptops,HIGH,folder mapping: laptops1 -> Laptops,https://ik.imagekit.io/0iaahkrcv/laptops1/Laptops%20_%20Nairobi%20Computer%20Shop%20(1)/7441af453c59a5ad6ee69ce97523a07a@2x.jpg?updatedAt=1786493832853
6a7bbb865c7cd75eb8491201,laptops1,7624ecc5081924c8dfb179cd75acb94b.jpg,7624ecc5081924c8dfb179cd75acb94b,,C03,Laptops,HIGH,folder mapping: laptops1 -> Laptops,https://ik.imagekit.io/0iaahkrcv/laptops1/Laptops%20_%20Nairobi%20Computer%20Shop%20(1)/7624ecc5081924c8dfb179cd75acb94b.jpg?updatedAt=1786493832837
6a7bbb875c7cd75eb84917d7,laptops1,7624ecc5081924c8dfb179cd75acb94b@2x.jpg,7624ecc5081924c8dfb179cd75acb94b@2x,,C03,Laptops,HIGH,folder mapping: laptops1 -> Laptops,https://ik.imagekit.io/0iaahkrcv/laptops1/Laptops%20_%20Nairobi%20Computer%20Shop%20(1)/7624ecc5081924c8dfb179cd75acb94b@2x.jpg?updatedAt=1786493833861
6a7bbb875c7cd75eb84917d6,laptops1,7c554eab1cd6c6b70ee39738a854496a.jpg,7c554eab1cd6c6b70ee39738a854496a,,C03,Laptops,HIGH,folder mapping: laptops1 -> Laptops,https://ik.imagekit.io/0iaahkrcv/laptops1/Laptops%20_%20Nairobi%20Computer%20Shop%20(1)/7c554eab1cd6c6b70ee39738a854496a.jpg?updatedAt=1786493833903
6a7bbb875c7cd75eb84917d4,laptops1,7c554eab1cd6c6b70ee39738a854496a@2x.jpg,7c554eab1cd6c6b70ee39738a854496a@2x,,C03,Laptops,HIGH,folder mapping: laptops1 -> Laptops,https://ik.imagekit.io/0iaahkrcv/laptops1/Laptops%20_%20Nairobi%20Computer%20Shop%20(1)/7c554eab1cd6c6b70ee39738a854496a@2x.jpg?updatedAt=1786493833882
6a7bbb865c7cd75eb8491200,laptops1,7fd7836b0f055040b57eb28a653c69d0.jpg,7fd7836b0f055040b57eb28a653c69d0,,C03,Laptops,HIGH,folder mapping: laptops1 -> Laptops,https://ik.imagekit.io/0iaahkrcv/laptops1/Laptops%20_%20Nairobi%20Computer%20Shop%20(1)/7fd7836b0f055040b57eb28a653c69d0.jpg?updatedAt=1786493832841
6a7bbb875c7cd75eb84917df,laptops1,7fd7836b0f055040b57eb28a653c69d0@2x.jpg,7fd7836b0f055040b57eb28a653c69d0@2x,,C03,Laptops,HIGH,folder mapping: laptops1 -> Laptops,https://ik.imagekit.io/0iaahkrcv/laptops1/Laptops%20_%20Nairobi%20Computer%20Shop%20(1)/7fd7836b0f055040b57eb28a653c69d0@2x.jpg?updatedAt=1786493833885
6a7bbb875c7cd75eb84917d8,laptops1,80675c838e117cd38a0d2b8baff5ab2b.jpg,80675c838e117cd38a0d2b8baff5ab2b,,C03,Laptops,HIGH,folder mapping: laptops1 -> Laptops,https://ik.imagekit.io/0iaahkrcv/laptops1/Laptops%20_%20Nairobi%20Computer%20Shop%20(1)/80675c838e117cd38a0d2b8baff5ab2b.jpg?updatedAt=1786493833908
6a7bbb895c7cd75eb849245f,laptops1,80675c838e117cd38a0d2b8baff5ab2b@2x.jpg,80675c838e117cd38a0d2b8baff5ab2b@2x,,C03,Laptops,HIGH,folder mapping: laptops1 -> Laptops,https://ik.imagekit.io/0iaahkrcv/laptops1/Laptops%20_%20Nairobi%20Computer%20Shop%20(1)/80675c838e117cd38a0d2b8baff5ab2b@2x.jpg?updatedAt=1786493834920
6a7bbb875c7cd75eb84917d9,laptops1,811f8326ea0eeb6f155215f9f8a2ddaf.jpg,811f8326ea0eeb6f155215f9f8a2ddaf,,C03,Laptops,HIGH,folder mapping: laptops1 -> Laptops,https://ik.imagekit.io/0iaahkrcv/laptops1/Laptops%20_%20Nairobi%20Computer%20Shop%20(1)/811f8326ea0eeb6f155215f9f8a2ddaf.jpg?updatedAt=1786493833913
6a7bbb895c7cd75eb8492413,laptops1,811f8326ea0eeb6f155215f9f8a2ddaf@2x.jpg,811f8326ea0eeb6f155215f9f8a2ddaf@2x,,C03,Laptops,HIGH,folder mapping: laptops1 -> Laptops,https://ik.imagekit.io/0iaahkrcv/laptops1/Laptops%20_%20Nairobi%20Computer%20Shop%20(1)/811f8326ea0eeb6f155215f9f8a2ddaf@2x.jpg?updatedAt=1786493834920
6a7bbb885c7cd75eb8491c8b,laptops1,82dc27c2e0991d1d4a2f888ca36402f6.jpg,82dc27c2e0991d1d4a2f888ca36402f6,,C03,Laptops,HIGH,folder mapping: laptops1 -> Laptops,https://ik.imagekit.io/0iaahkrcv/laptops1/Laptops%20_%20Nairobi%20Computer%20Shop%20(1)/82dc27c2e0991d1d4a2f888ca36402f6.jpg?updatedAt=1786493834054
6a7bbb895c7cd75eb8492405,laptops1,82dc27c2e0991d1d4a2f888ca36402f6@2x.jpg,82dc27c2e0991d1d4a2f888ca36402f6@2x,,C03,Laptops,HIGH,folder mapping: laptops1 -> Laptops,https://ik.imagekit.io/0iaahkrcv/laptops1/Laptops%20_%20Nairobi%20Computer%20Shop%20(1)/82dc27c2e0991d1d4a2f888ca36402f6@2x.jpg?updatedAt=1786493834933
6a7bbb875c7cd75eb84917d5,laptops1,8a1f973e8fce8fee250369ef37e0d097.jpg,8a1f973e8fce8fee250369ef37e0d097,,C03,Laptops,HIGH,folder mapping: laptops1 -> Laptops,https://ik.imagekit.io/0iaahkrcv/laptops1/Laptops%20_%20Nairobi%20Computer%20Shop%20(1)/8a1f973e8fce8fee250369ef37e0d097.jpg?updatedAt=1786493833861
6a7bbb8a5c7cd75eb84933b1,laptops1,8a1f973e8fce8fee250369ef37e0d097@2x.jpg,8a1f973e8fce8fee250369ef37e0d097@2x,,C03,Laptops,HIGH,folder mapping: laptops1 -> Laptops,https://ik.imagekit.io/0iaahkrcv/laptops1/Laptops%20_%20Nairobi%20Computer%20Shop%20(1)/8a1f973e8fce8fee250369ef37e0d097@2x.jpg?updatedAt=1786493835304
6a7bbb875c7cd75eb84917da,laptops1,8b1b2c708f1bd2db483daef4161c2c19.jpg,8b1b2c708f1bd2db483daef4161c2c19,,C03,Laptops,HIGH,folder mapping: laptops1 -> Laptops,https://ik.imagekit.io/0iaahkrcv/laptops1/Laptops%20_%20Nairobi%20Computer%20Shop%20(1)/8b1b2c708f1bd2db483daef4161c2c19.jpg?updatedAt=1786493833862
6a7bbb895c7cd75eb8492402,laptops1,8b1b2c708f1bd2db483daef4161c2c19@2x.jpg,8b1b2c708f1bd2db483daef4161c2c19@2x,,C03,Laptops,HIGH,folder mapping: laptops1 -> Laptops,https://ik.imagekit.io/0iaahkrcv/laptops1/Laptops%20_%20Nairobi%20Computer%20Shop%20(1)/8b1b2c708f1bd2db483daef4161c2c19@2x.jpg?updatedAt=1786493834961
6a7bbb885c7cd75eb8491c8d,laptops1,8d65682a062f1d63cace8c0a0cf7792f.jpg,8d65682a062f1d63cace8c0a0cf7792f,,C03,Laptops,HIGH,folder mapping: laptops1 -> Laptops,https://ik.imagekit.io/0iaahkrcv/laptops1/Laptops%20_%20Nairobi%20Computer%20Shop%20(1)/8d65682a062f1d63cace8c0a0cf7792f.jpg?updatedAt=1786493834063
6a7bbb895c7cd75eb849240d,laptops1,8d65682a062f1d63cace8c0a0cf7792f@2x.jpg,8d65682a062f1d63cace8c0a0cf7792f@2x,,C03,Laptops,HIGH,folder mapping: laptops1 -> Laptops,https://ik.imagekit.io/0iaahkrcv/laptops1/Laptops%20_%20Nairobi%20Computer%20Shop%20(1)/8d65682a062f1d63cace8c0a0cf7792f@2x.jpg?updatedAt=1786493834957
6a7bbb885c7cd75eb8491c8e,laptops1,98768877d77bdf816c889540f39b4052.jpg,98768877d77bdf816c889540f39b4052,,C03,Laptops,HIGH,folder mapping: laptops1 -> Laptops,https://ik.imagekit.io/0iaahkrcv/laptops1/Laptops%20_%20Nairobi%20Computer%20Shop%20(1)/98768877d77bdf816c889540f39b4052.jpg?updatedAt=1786493834043
6a7bbb8a5c7cd75eb84933b5,laptops1,98768877d77bdf816c889540f39b4052@2x.jpg,98768877d77bdf816c889540f39b4052@2x,,C03,Laptops,HIGH,folder mapping: laptops1 -> Laptops,https://ik.imagekit.io/0iaahkrcv/laptops1/Laptops%20_%20Nairobi%20Computer%20Shop%20(1)/98768877d77bdf816c889540f39b4052@2x.jpg?updatedAt=1786493835282
6a7bbb875c7cd75eb84917e7,laptops1,99bc52fe13f6eb4c68691c2caafcc708.jpg,99bc52fe13f6eb4c68691c2caafcc708,,C03,Laptops,HIGH,folder mapping: laptops1 -> Laptops,https://ik.imagekit.io/0iaahkrcv/laptops1/Laptops%20_%20Nairobi%20Computer%20Shop%20(1)/99bc52fe13f6eb4c68691c2caafcc708.jpg?updatedAt=1786493833889
6a7bbb895c7cd75eb8492437,laptops1,99bc52fe13f6eb4c68691c2caafcc708@2x.jpg,99bc52fe13f6eb4c68691c2caafcc708@2x,,C03,Laptops,HIGH,folder mapping: laptops1 -> Laptops,https://ik.imagekit.io/0iaahkrcv/laptops1/Laptops%20_%20Nairobi%20Computer%20Shop%20(1)/99bc52fe13f6eb4c68691c2caafcc708@2x.jpg?updatedAt=1786493834941
6a7bbb895c7cd75eb849240b,laptops1,9dab460e10b96f910ba61c9453e6e97e.jpg,9dab460e10b96f910ba61c9453e6e97e,,C03,Laptops,HIGH,folder mapping: laptops1 -> Laptops,https://ik.imagekit.io/0iaahkrcv/laptops1/Laptops%20_%20Nairobi%20Computer%20Shop%20(1)/9dab460e10b96f910ba61c9453e6e97e.jpg?updatedAt=1786493834924
6a7bbb8b5c7cd75eb849479b,laptops1,9dab460e10b96f910ba61c9453e6e97e@2x.jpg,9dab460e10b96f910ba61c9453e6e97e@2x,,C03,Laptops,HIGH,folder mapping: laptops1 -> Laptops,https://ik.imagekit.io/0iaahkrcv/laptops1/Laptops%20_%20Nairobi%20Computer%20Shop%20(1)/9dab460e10b96f910ba61c9453e6e97e@2x.jpg?updatedAt=1786493836215
6a7bbb895c7cd75eb84924f9,laptops1,9e3a79a0d12d262ee0b49a6446628e31.jpg,9e3a79a0d12d262ee0b49a6446628e31,,C03,Laptops,HIGH,folder mapping: laptops1 -> Laptops,https://ik.imagekit.io/0iaahkrcv/laptops1/Laptops%20_%20Nairobi%20Computer%20Shop%20(1)/9e3a79a0d12d262ee0b49a6446628e31.jpg?updatedAt=1786493834952
6a7bbb8a5c7cd75eb849337b,laptops1,9e3a79a0d12d262ee0b49a6446628e31@2x.jpg,9e3a79a0d12d262ee0b49a6446628e31@2x,,C03,Laptops,HIGH,folder mapping: laptops1 -> Laptops,https://ik.imagekit.io/0iaahkrcv/laptops1/Laptops%20_%20Nairobi%20Computer%20Shop%20(1)/9e3a79a0d12d262ee0b49a6446628e31@2x.jpg?updatedAt=1786493835322
6a7bbb8a5c7cd75eb8493337,laptops1,9fc0ade4321e26ce5824266495065e8c.jpg,9fc0ade4321e26ce5824266495065e8c,,C03,Laptops,HIGH,folder mapping: laptops1 -> Laptops,https://ik.imagekit.io/0iaahkrcv/laptops1/Laptops%20_%20Nairobi%20Computer%20Shop%20(1)/9fc0ade4321e26ce5824266495065e8c.jpg?updatedAt=1786493835270
6a7bbb8a5c7cd75eb84933ba,laptops1,9fc0ade4321e26ce5824266495065e8c@2x.jpg,9fc0ade4321e26ce5824266495065e8c@2x,,C03,Laptops,HIGH,folder mapping: laptops1 -> Laptops,https://ik.imagekit.io/0iaahkrcv/laptops1/Laptops%20_%20Nairobi%20Computer%20Shop%20(1)/9fc0ade4321e26ce5824266495065e8c@2x.jpg?updatedAt=1786493835281
6a7bbb895c7cd75eb849240e,laptops1,a240f9b45e3143f231e62aa58d311863.jpg,a240f9b45e3143f231e62aa58d311863,,C03,Laptops,HIGH,folder mapping: laptops1 -> Laptops,https://ik.imagekit.io/0iaahkrcv/laptops1/Laptops%20_%20Nairobi%20Computer%20Shop%20(1)/a240f9b45e3143f231e62aa58d311863.jpg?updatedAt=1786493834928
6a7bbb8a5c7cd75eb84933e0,laptops1,a240f9b45e3143f231e62aa58d311863@2x.jpg,a240f9b45e3143f231e62aa58d311863@2x,,C03,Laptops,HIGH,folder mapping: laptops1 -> Laptops,https://ik.imagekit.io/0iaahkrcv/laptops1/Laptops%20_%20Nairobi%20Computer%20Shop%20(1)/a240f9b45e3143f231e62aa58d311863@2x.jpg?updatedAt=1786493835338
6a7bbb8a5c7cd75eb84933c5,laptops1,adc99c02fb6c34c44e856b9d0569be30.jpg,adc99c02fb6c34c44e856b9d0569be30,,C03,Laptops,HIGH,folder mapping: laptops1 -> Laptops,https://ik.imagekit.io/0iaahkrcv/laptops1/Laptops%20_%20Nairobi%20Computer%20Shop%20(1)/adc99c02fb6c34c44e856b9d0569be30.jpg?updatedAt=1786493835308
6a7bbb8a5c7cd75eb84933ce,laptops1,adc99c02fb6c34c44e856b9d0569be30@2x.jpg,adc99c02fb6c34c44e856b9d0569be30@2x,,C03,Laptops,HIGH,folder mapping: laptops1 -> Laptops,https://ik.imagekit.io/0iaahkrcv/laptops1/Laptops%20_%20Nairobi%20Computer%20Shop%20(1)/adc99c02fb6c34c44e856b9d0569be30@2x.jpg?updatedAt=1786493835326
6a7bbb8a5c7cd75eb84933da,laptops1,af47b20c25b2df29107d02205ca987db.jpg,af47b20c25b2df29107d02205ca987db,,C03,Laptops,HIGH,folder mapping: laptops1 -> Laptops,https://ik.imagekit.io/0iaahkrcv/laptops1/Laptops%20_%20Nairobi%20Computer%20Shop%20(1)/af47b20c25b2df29107d02205ca987db.jpg?updatedAt=1786493835288
6a7bbb8b5c7cd75eb849478e,laptops1,af47b20c25b2df29107d02205ca987db@2x.jpg,af47b20c25b2df29107d02205ca987db@2x,,C03,Laptops,HIGH,folder mapping: laptops1 -> Laptops,https://ik.imagekit.io/0iaahkrcv/laptops1/Laptops%20_%20Nairobi%20Computer%20Shop%20(1)/af47b20c25b2df29107d02205ca987db@2x.jpg?updatedAt=1786493836222
6a7bbb885c7cd75eb8491c8f,laptops1,af98853a67f186124b808aece20ad162.jpg,af98853a67f186124b808aece20ad162,,C03,Laptops,HIGH,folder mapping: laptops1 -> Laptops,https://ik.imagekit.io/0iaahkrcv/laptops1/Laptops%20_%20Nairobi%20Computer%20Shop%20(1)/af98853a67f186124b808aece20ad162.jpg?updatedAt=1786493834090
6a7bbb8a5c7cd75eb84933d0,laptops1,af98853a67f186124b808aece20ad162@2x.jpg,af98853a67f186124b808aece20ad162@2x,,C03,Laptops,HIGH,folder mapping: laptops1 -> Laptops,https://ik.imagekit.io/0iaahkrcv/laptops1/Laptops%20_%20Nairobi%20Computer%20Shop%20(1)/af98853a67f186124b808aece20ad162@2x.jpg?updatedAt=1786493835286
6a7bbb895c7cd75eb8492403,laptops1,b3327b5acce281404afbbb4f83149662.jpg,b3327b5acce281404afbbb4f83149662,,C03,Laptops,HIGH,folder mapping: laptops1 -> Laptops,https://ik.imagekit.io/0iaahkrcv/laptops1/Laptops%20_%20Nairobi%20Computer%20Shop%20(1)/b3327b5acce281404afbbb4f83149662.jpg?updatedAt=1786493834928
6a7bbb8a5c7cd75eb849342a,laptops1,b3327b5acce281404afbbb4f83149662@2x.jpg,b3327b5acce281404afbbb4f83149662@2x,,C03,Laptops,HIGH,folder mapping: laptops1 -> Laptops,https://ik.imagekit.io/0iaahkrcv/laptops1/Laptops%20_%20Nairobi%20Computer%20Shop%20(1)/b3327b5acce281404afbbb4f83149662@2x.jpg?updatedAt=1786493835333
6a7bbb8a5c7cd75eb84933bc,laptops1,b9f04cdfbe6cab35a93d18ff188ff032.jpg,b9f04cdfbe6cab35a93d18ff188ff032,,C03,Laptops,HIGH,folder mapping: laptops1 -> Laptops,https://ik.imagekit.io/0iaahkrcv/laptops1/Laptops%20_%20Nairobi%20Computer%20Shop%20(1)/b9f04cdfbe6cab35a93d18ff188ff032.jpg?updatedAt=1786493835286
6a7bbb8b5c7cd75eb84947ab,laptops1,b9f04cdfbe6cab35a93d18ff188ff032@2x.jpg,b9f04cdfbe6cab35a93d18ff188ff032@2x,,C03,Laptops,HIGH,folder mapping: laptops1 -> Laptops,https://ik.imagekit.io/0iaahkrcv/laptops1/Laptops%20_%20Nairobi%20Computer%20Shop%20(1)/b9f04cdfbe6cab35a93d18ff188ff032@2x.jpg?updatedAt=1786493836325
6a7bbb895c7cd75eb849240f,laptops1,ba54707fa4d2ead9685bdfd63dbf629d.jpg,ba54707fa4d2ead9685bdfd63dbf629d,,C03,Laptops,HIGH,folder mapping: laptops1 -> Laptops,https://ik.imagekit.io/0iaahkrcv/laptops1/Laptops%20_%20Nairobi%20Computer%20Shop%20(1)/ba54707fa4d2ead9685bdfd63dbf629d.jpg?updatedAt=1786493834917
6a7bbb8a5c7cd75eb8493307,laptops1,ba54707fa4d2ead9685bdfd63dbf629d@2x.jpg,ba54707fa4d2ead9685bdfd63dbf629d@2x,,C03,Laptops,HIGH,folder mapping: laptops1 -> Laptops,https://ik.imagekit.io/0iaahkrcv/laptops1/Laptops%20_%20Nairobi%20Computer%20Shop%20(1)/ba54707fa4d2ead9685bdfd63dbf629d@2x.jpg?updatedAt=1786493835299
6a7bbb895c7cd75eb8492415,laptops1,ba64776c56deeb1ed5904b888e8f8f73.jpg,ba64776c56deeb1ed5904b888e8f8f73,,C03,Laptops,HIGH,folder mapping: laptops1 -> Laptops,https://ik.imagekit.io/0iaahkrcv/laptops1/Laptops%20_%20Nairobi%20Computer%20Shop%20(1)/ba64776c56deeb1ed5904b888e8f8f73.jpg?updatedAt=1786493834934
6a7bbb8a5c7cd75eb84933d4,laptops1,ba64776c56deeb1ed5904b888e8f8f73@2x.jpg,ba64776c56deeb1ed5904b888e8f8f73@2x,,C03,Laptops,HIGH,folder mapping: laptops1 -> Laptops,https://ik.imagekit.io/0iaahkrcv/laptops1/Laptops%20_%20Nairobi%20Computer%20Shop%20(1)/ba64776c56deeb1ed5904b888e8f8f73@2x.jpg?updatedAt=1786493835336
6a7bbb895c7cd75eb8492528,laptops1,bb8d74616ef69e8c01ef6cb463bab842.jpg,bb8d74616ef69e8c01ef6cb463bab842,,C03,Laptops,HIGH,folder mapping: laptops1 -> Laptops,https://ik.imagekit.io/0iaahkrcv/laptops1/Laptops%20_%20Nairobi%20Computer%20Shop%20(1)/bb8d74616ef69e8c01ef6cb463bab842.jpg?updatedAt=1786493834920
6a7bbb8a5c7cd75eb84933c4,laptops1,bb8d74616ef69e8c01ef6cb463bab842@2x.jpg,bb8d74616ef69e8c01ef6cb463bab842@2x,,C03,Laptops,HIGH,folder mapping: laptops1 -> Laptops,https://ik.imagekit.io/0iaahkrcv/laptops1/Laptops%20_%20Nairobi%20Computer%20Shop%20(1)/bb8d74616ef69e8c01ef6cb463bab842@2x.jpg?updatedAt=1786493835336
6a7bbb8a5c7cd75eb8493324,laptops1,c0e91eab884d340474c2f574a6fdc4c9.jpg,c0e91eab884d340474c2f574a6fdc4c9,,C03,Laptops,HIGH,folder mapping: laptops1 -> Laptops,https://ik.imagekit.io/0iaahkrcv/laptops1/Laptops%20_%20Nairobi%20Computer%20Shop%20(1)/c0e91eab884d340474c2f574a6fdc4c9.jpg?updatedAt=1786493835289
6a7bbb8b5c7cd75eb8494798,laptops1,c0e91eab884d340474c2f574a6fdc4c9@2x.jpg,c0e91eab884d340474c2f574a6fdc4c9@2x,,C03,Laptops,HIGH,folder mapping: laptops1 -> Laptops,https://ik.imagekit.io/0iaahkrcv/laptops1/Laptops%20_%20Nairobi%20Computer%20Shop%20(1)/c0e91eab884d340474c2f574a6fdc4c9@2x.jpg?updatedAt=1786493836251
6a7bbb895c7cd75eb849240c,laptops1,c4599c1f2d891b7e0635f0695db6ab83.jpg,c4599c1f2d891b7e0635f0695db6ab83,,C03,Laptops,HIGH,folder mapping: laptops1 -> Laptops,https://ik.imagekit.io/0iaahkrcv/laptops1/Laptops%20_%20Nairobi%20Computer%20Shop%20(1)/c4599c1f2d891b7e0635f0695db6ab83.jpg?updatedAt=1786493834948
6a7bbb8a5c7cd75eb84933dd,laptops1,c4599c1f2d891b7e0635f0695db6ab83@2x.jpg,c4599c1f2d891b7e0635f0695db6ab83@2x,,C03,Laptops,HIGH,folder mapping: laptops1 -> Laptops,https://ik.imagekit.io/0iaahkrcv/laptops1/Laptops%20_%20Nairobi%20Computer%20Shop%20(1)/c4599c1f2d891b7e0635f0695db6ab83@2x.jpg?updatedAt=1786493835332
6a7bbb895c7cd75eb8492404,laptops1,c8239ba2bad2c70184ee02a81f8a2467.jpg,c8239ba2bad2c70184ee02a81f8a2467,,C03,Laptops,HIGH,folder mapping: laptops1 -> Laptops,https://ik.imagekit.io/0iaahkrcv/laptops1/Laptops%20_%20Nairobi%20Computer%20Shop%20(1)/c8239ba2bad2c70184ee02a81f8a2467.jpg?updatedAt=1786493834946
6a7bbb8a5c7cd75eb849346c,laptops1,c8239ba2bad2c70184ee02a81f8a2467@2x.jpg,c8239ba2bad2c70184ee02a81f8a2467@2x,,C03,Laptops,HIGH,folder mapping: laptops1 -> Laptops,https://ik.imagekit.io/0iaahkrcv/laptops1/Laptops%20_%20Nairobi%20Computer%20Shop%20(1)/c8239ba2bad2c70184ee02a81f8a2467@2x.jpg?updatedAt=1786493835305
6a7bbb895c7cd75eb849248e,laptops1,cb1d0dcff884d53f13f5360ef41b2092.jpg,cb1d0dcff884d53f13f5360ef41b2092,,C03,Laptops,HIGH,folder mapping: laptops1 -> Laptops,https://ik.imagekit.io/0iaahkrcv/laptops1/Laptops%20_%20Nairobi%20Computer%20Shop%20(1)/cb1d0dcff884d53f13f5360ef41b2092.jpg?updatedAt=1786493834936
6a7bbb8a5c7cd75eb84933b4,laptops1,cb1d0dcff884d53f13f5360ef41b2092@2x.jpg,cb1d0dcff884d53f13f5360ef41b2092@2x,,C03,Laptops,HIGH,folder mapping: laptops1 -> Laptops,https://ik.imagekit.io/0iaahkrcv/laptops1/Laptops%20_%20Nairobi%20Computer%20Shop%20(1)/cb1d0dcff884d53f13f5360ef41b2092@2x.jpg?updatedAt=1786493835279
6a7bbb895c7cd75eb8492408,laptops1,ceb8b528cc5110ebb18661b450b6ee86.jpg,ceb8b528cc5110ebb18661b450b6ee86,,C03,Laptops,HIGH,folder mapping: laptops1 -> Laptops,https://ik.imagekit.io/0iaahkrcv/laptops1/Laptops%20_%20Nairobi%20Computer%20Shop%20(1)/ceb8b528cc5110ebb18661b450b6ee86.jpg?updatedAt=1786493834930
6a7bbb8b5c7cd75eb84947ac,laptops1,ceb8b528cc5110ebb18661b450b6ee86@2x.jpg,ceb8b528cc5110ebb18661b450b6ee86@2x,,C03,Laptops,HIGH,folder mapping: laptops1 -> Laptops,https://ik.imagekit.io/0iaahkrcv/laptops1/Laptops%20_%20Nairobi%20Computer%20Shop%20(1)/ceb8b528cc5110ebb18661b450b6ee86@2x.jpg?updatedAt=1786493836243
6a7bbb8a5c7cd75eb84933d6,laptops1,d01552f080c3d97a2a57c001eda71f45.jpg,d01552f080c3d97a2a57c001eda71f45,,C03,Laptops,HIGH,folder mapping: laptops1 -> Laptops,https://ik.imagekit.io/0iaahkrcv/laptops1/Laptops%20_%20Nairobi%20Computer%20Shop%20(1)/d01552f080c3d97a2a57c001eda71f45.jpg?updatedAt=1786493835314
6a7bbb8b5c7cd75eb84947a1,laptops1,d01552f080c3d97a2a57c001eda71f45@2x.jpg,d01552f080c3d97a2a57c001eda71f45@2x,,C03,Laptops,HIGH,folder mapping: laptops1 -> Laptops,https://ik.imagekit.io/0iaahkrcv/laptops1/Laptops%20_%20Nairobi%20Computer%20Shop%20(1)/d01552f080c3d97a2a57c001eda71f45@2x.jpg?updatedAt=1786493836278
6a7bbb8a5c7cd75eb84933d9,laptops1,d8e37769817cece31810dc519a25234a.jpg,d8e37769817cece31810dc519a25234a,,C03,Laptops,HIGH,folder mapping: laptops1 -> Laptops,https://ik.imagekit.io/0iaahkrcv/laptops1/Laptops%20_%20Nairobi%20Computer%20Shop%20(1)/d8e37769817cece31810dc519a25234a.jpg?updatedAt=1786493835310
6a7bbb8b5c7cd75eb8494795,laptops1,d8e37769817cece31810dc519a25234a@2x.jpg,d8e37769817cece31810dc519a25234a@2x,,C03,Laptops,HIGH,folder mapping: laptops1 -> Laptops,https://ik.imagekit.io/0iaahkrcv/laptops1/Laptops%20_%20Nairobi%20Computer%20Shop%20(1)/d8e37769817cece31810dc519a25234a@2x.jpg?updatedAt=1786493836252
6a7bbb895c7cd75eb8492455,laptops1,d9eaacc3d06ed95d109ebddbd6d0e19a.jpg,d9eaacc3d06ed95d109ebddbd6d0e19a,,C03,Laptops,HIGH,folder mapping: laptops1 -> Laptops,https://ik.imagekit.io/0iaahkrcv/laptops1/Laptops%20_%20Nairobi%20Computer%20Shop%20(1)/d9eaacc3d06ed95d109ebddbd6d0e19a.jpg?updatedAt=1786493834966
6a7bbb8b5c7cd75eb8494797,laptops1,d9eaacc3d06ed95d109ebddbd6d0e19a@2x.jpg,d9eaacc3d06ed95d109ebddbd6d0e19a@2x,,C03,Laptops,HIGH,folder mapping: laptops1 -> Laptops,https://ik.imagekit.io/0iaahkrcv/laptops1/Laptops%20_%20Nairobi%20Computer%20Shop%20(1)/d9eaacc3d06ed95d109ebddbd6d0e19a@2x.jpg?updatedAt=1786493836246
6a7bbb8b5c7cd75eb84947bc,laptops1,da8aa686fd777624c1fee56101fe9405.jpg,da8aa686fd777624c1fee56101fe9405,,C03,Laptops,HIGH,folder mapping: laptops1 -> Laptops,https://ik.imagekit.io/0iaahkrcv/laptops1/Laptops%20_%20Nairobi%20Computer%20Shop%20(1)/da8aa686fd777624c1fee56101fe9405.jpg?updatedAt=1786493836331
6a7bbb8b5c7cd75eb84947aa,laptops1,da8aa686fd777624c1fee56101fe9405@2x.jpg,da8aa686fd777624c1fee56101fe9405@2x,,C03,Laptops,HIGH,folder mapping: laptops1 -> Laptops,https://ik.imagekit.io/0iaahkrcv/laptops1/Laptops%20_%20Nairobi%20Computer%20Shop%20(1)/da8aa686fd777624c1fee56101fe9405@2x.jpg?updatedAt=1786493836240
6a7bbb8b5c7cd75eb8494919,laptops1,dc7318c7dacb79250bdbea71abac6e51.jpg,dc7318c7dacb79250bdbea71abac6e51,,C03,Laptops,HIGH,folder mapping: laptops1 -> Laptops,https://ik.imagekit.io/0iaahkrcv/laptops1/Laptops%20_%20Nairobi%20Computer%20Shop%20(1)/dc7318c7dacb79250bdbea71abac6e51.jpg?updatedAt=1786493836339
6a7bbb8c5c7cd75eb84959ef,laptops1,dc7318c7dacb79250bdbea71abac6e51@2x.jpg,dc7318c7dacb79250bdbea71abac6e51@2x,,C03,Laptops,HIGH,folder mapping: laptops1 -> Laptops,https://ik.imagekit.io/0iaahkrcv/laptops1/Laptops%20_%20Nairobi%20Computer%20Shop%20(1)/dc7318c7dacb79250bdbea71abac6e51@2x.jpg?updatedAt=1786493837095
6a7bbb8b5c7cd75eb849479d,laptops1,dc8ebc1dcc854751c8ab5e0c0a41490b.jpg,dc8ebc1dcc854751c8ab5e0c0a41490b,,C03,Laptops,HIGH,folder mapping: laptops1 -> Laptops,https://ik.imagekit.io/0iaahkrcv/laptops1/Laptops%20_%20Nairobi%20Computer%20Shop%20(1)/dc8ebc1dcc854751c8ab5e0c0a41490b.jpg?updatedAt=1786493836233
6a7bbb8b5c7cd75eb84948dc,laptops1,dc8ebc1dcc854751c8ab5e0c0a41490b@2x.jpg,dc8ebc1dcc854751c8ab5e0c0a41490b@2x,,C03,Laptops,HIGH,folder mapping: laptops1 -> Laptops,https://ik.imagekit.io/0iaahkrcv/laptops1/Laptops%20_%20Nairobi%20Computer%20Shop%20(1)/dc8ebc1dcc854751c8ab5e0c0a41490b@2x.jpg?updatedAt=1786493836300
6a7bbb8b5c7cd75eb84947a4,laptops1,de9aa486d70a3984d1ce335144acd717.jpg,de9aa486d70a3984d1ce335144acd717,,C03,Laptops,HIGH,folder mapping: laptops1 -> Laptops,https://ik.imagekit.io/0iaahkrcv/laptops1/Laptops%20_%20Nairobi%20Computer%20Shop%20(1)/de9aa486d70a3984d1ce335144acd717.jpg?updatedAt=1786493836274
6a7bbb8c5c7cd75eb8495735,laptops1,de9aa486d70a3984d1ce335144acd717@2x.jpg,de9aa486d70a3984d1ce335144acd717@2x,,C03,Laptops,HIGH,folder mapping: laptops1 -> Laptops,https://ik.imagekit.io/0iaahkrcv/laptops1/Laptops%20_%20Nairobi%20Computer%20Shop%20(1)/de9aa486d70a3984d1ce335144acd717@2x.jpg?updatedAt=1786493836866
6a7bbb8b5c7cd75eb84947ad,laptops1,default (1).svg,default,,C03,Laptops,HIGH,folder mapping: laptops1 -> Laptops,https://ik.imagekit.io/0iaahkrcv/laptops1/Laptops%20_%20Nairobi%20Computer%20Shop%20(1)/default%20(1).svg?updatedAt=1786493836345
6a7bbb8b5c7cd75eb8494791,laptops1,default (2).svg,default,,C03,Laptops,HIGH,folder mapping: laptops1 -> Laptops,https://ik.imagekit.io/0iaahkrcv/laptops1/Laptops%20_%20Nairobi%20Computer%20Shop%20(1)/default%20(2).svg?updatedAt=1786493836295
6a7bbb8b5c7cd75eb84949e6,laptops1,default (3).svg,default,,C03,Laptops,HIGH,folder mapping: laptops1 -> Laptops,https://ik.imagekit.io/0iaahkrcv/laptops1/Laptops%20_%20Nairobi%20Computer%20Shop%20(1)/default%20(3).svg?updatedAt=1786493836403
6a7bbb8b5c7cd75eb8494790,laptops1,default (4).svg,default,,C03,Laptops,HIGH,folder mapping: laptops1 -> Laptops,https://ik.imagekit.io/0iaahkrcv/laptops1/Laptops%20_%20Nairobi%20Computer%20Shop%20(1)/default%20(4).svg?updatedAt=1786493836299
6a7bbb8b5c7cd75eb8494796,laptops1,default.svg,default,,C03,Laptops,HIGH,folder mapping: laptops1 -> Laptops,https://ik.imagekit.io/0iaahkrcv/laptops1/Laptops%20_%20Nairobi%20Computer%20Shop%20(1)/default.svg?updatedAt=1786493836303
6a7bbb8b5c7cd75eb84947a8,laptops1,df993e3c890b4756371afc1e4dfb93f3.jpg,df993e3c890b4756371afc1e4dfb93f3,,C03,Laptops,HIGH,folder mapping: laptops1 -> Laptops,https://ik.imagekit.io/0iaahkrcv/laptops1/Laptops%20_%20Nairobi%20Computer%20Shop%20(1)/df993e3c890b4756371afc1e4dfb93f3.jpg?updatedAt=1786493836311
6a7bbb8c5c7cd75eb8495a08,laptops1,df993e3c890b4756371afc1e4dfb93f3@2x.jpg,df993e3c890b4756371afc1e4dfb93f3@2x,,C03,Laptops,HIGH,folder mapping: laptops1 -> Laptops,https://ik.imagekit.io/0iaahkrcv/laptops1/Laptops%20_%20Nairobi%20Computer%20Shop%20(1)/df993e3c890b4756371afc1e4dfb93f3@2x.jpg?updatedAt=1786493837094
6a7bbb8b5c7cd75eb849478d,laptops1,dfd5e1bd6d0ec287e5d11791cc53f0a1.jpg,dfd5e1bd6d0ec287e5d11791cc53f0a1,,C03,Laptops,HIGH,folder mapping: laptops1 -> Laptops,https://ik.imagekit.io/0iaahkrcv/laptops1/Laptops%20_%20Nairobi%20Computer%20Shop%20(1)/dfd5e1bd6d0ec287e5d11791cc53f0a1.jpg?updatedAt=1786493836238
6a7bbb8c5c7cd75eb8495765,laptops1,dfd5e1bd6d0ec287e5d11791cc53f0a1@2x.jpg,dfd5e1bd6d0ec287e5d11791cc53f0a1@2x,,C03,Laptops,HIGH,folder mapping: laptops1 -> Laptops,https://ik.imagekit.io/0iaahkrcv/laptops1/Laptops%20_%20Nairobi%20Computer%20Shop%20(1)/dfd5e1bd6d0ec287e5d11791cc53f0a1@2x.jpg?updatedAt=1786493836861
6a7bbb8b5c7cd75eb84947a9,laptops1,ecef3dddb343090cef4547290029e347.jpg,ecef3dddb343090cef4547290029e347,,C03,Laptops,HIGH,folder mapping: laptops1 -> Laptops,https://ik.imagekit.io/0iaahkrcv/laptops1/Laptops%20_%20Nairobi%20Computer%20Shop%20(1)/ecef3dddb343090cef4547290029e347.jpg?updatedAt=1786493836289
6a7bbb8c5c7cd75eb8495737,laptops1,ecef3dddb343090cef4547290029e347@2x.jpg,ecef3dddb343090cef4547290029e347@2x,,C03,Laptops,HIGH,folder mapping: laptops1 -> Laptops,https://ik.imagekit.io/0iaahkrcv/laptops1/Laptops%20_%20Nairobi%20Computer%20Shop%20(1)/ecef3dddb343090cef4547290029e347@2x.jpg?updatedAt=1786493836864
6a7bbb8b5c7cd75eb849479f,laptops1,ed372de92d4a7b8bfcc3d440050dfadc.jpg,ed372de92d4a7b8bfcc3d440050dfadc,,C03,Laptops,HIGH,folder mapping: laptops1 -> Laptops,https://ik.imagekit.io/0iaahkrcv/laptops1/Laptops%20_%20Nairobi%20Computer%20Shop%20(1)/ed372de92d4a7b8bfcc3d440050dfadc.jpg?updatedAt=1786493836305
6a7bbb8c5c7cd75eb849572f,laptops1,ed372de92d4a7b8bfcc3d440050dfadc@2x.jpg,ed372de92d4a7b8bfcc3d440050dfadc@2x,,C03,Laptops,HIGH,folder mapping: laptops1 -> Laptops,https://ik.imagekit.io/0iaahkrcv/laptops1/Laptops%20_%20Nairobi%20Computer%20Shop%20(1)/ed372de92d4a7b8bfcc3d440050dfadc@2x.jpg?updatedAt=1786493836860
6a7bbb8c5c7cd75eb849599f,laptops1,ee5b638b5fc9f3d46d57915b1d817037.jpg,ee5b638b5fc9f3d46d57915b1d817037,,C03,Laptops,HIGH,folder mapping: laptops1 -> Laptops,https://ik.imagekit.io/0iaahkrcv/laptops1/Laptops%20_%20Nairobi%20Computer%20Shop%20(1)/ee5b638b5fc9f3d46d57915b1d817037.jpg?updatedAt=1786493837114
6a7bbb8c5c7cd75eb84959d4,laptops1,ee5b638b5fc9f3d46d57915b1d817037@2x.jpg,ee5b638b5fc9f3d46d57915b1d817037@2x,,C03,Laptops,HIGH,folder mapping: laptops1 -> Laptops,https://ik.imagekit.io/0iaahkrcv/laptops1/Laptops%20_%20Nairobi%20Computer%20Shop%20(1)/ee5b638b5fc9f3d46d57915b1d817037@2x.jpg?updatedAt=1786493837116
6a7bbb8c5c7cd75eb84958ad,laptops1,f01d3eafea3493e8db66cea56f8eb1bb.jpg,f01d3eafea3493e8db66cea56f8eb1bb,,C03,Laptops,HIGH,folder mapping: laptops1 -> Laptops,https://ik.imagekit.io/0iaahkrcv/laptops1/Laptops%20_%20Nairobi%20Computer%20Shop%20(1)/f01d3eafea3493e8db66cea56f8eb1bb.jpg?updatedAt=1786493837083
6a7bbb8c5c7cd75eb849573c,laptops1,f01d3eafea3493e8db66cea56f8eb1bb@2x.jpg,f01d3eafea3493e8db66cea56f8eb1bb@2x,,C03,Laptops,HIGH,folder mapping: laptops1 -> Laptops,https://ik.imagekit.io/0iaahkrcv/laptops1/Laptops%20_%20Nairobi%20Computer%20Shop%20(1)/f01d3eafea3493e8db66cea56f8eb1bb@2x.jpg?updatedAt=1786493836869
6a7bbb8c5c7cd75eb8495894,laptops1,f1caf33053731cc653e0d8a8aaccd81d.jpg,f1caf33053731cc653e0d8a8aaccd81d,,C03,Laptops,HIGH,folder mapping: laptops1 -> Laptops,https://ik.imagekit.io/0iaahkrcv/laptops1/Laptops%20_%20Nairobi%20Computer%20Shop%20(1)/f1caf33053731cc653e0d8a8aaccd81d.jpg?updatedAt=1786493837053
6a7bbb8d5c7cd75eb8497835,laptops1,f1caf33053731cc653e0d8a8aaccd81d@2x.jpg,f1caf33053731cc653e0d8a8aaccd81d@2x,,C03,Laptops,HIGH,folder mapping: laptops1 -> Laptops,https://ik.imagekit.io/0iaahkrcv/laptops1/Laptops%20_%20Nairobi%20Computer%20Shop%20(1)/f1caf33053731cc653e0d8a8aaccd81d@2x.jpg?updatedAt=1786493841841
6a7bbb955c7cd75eb8498cf5,laptops1,f646497667afc6389f9f68acae5a7361.jpg,f646497667afc6389f9f68acae5a7361,,C03,Laptops,HIGH,folder mapping: laptops1 -> Laptops,https://ik.imagekit.io/0iaahkrcv/laptops1/Laptops%20_%20Nairobi%20Computer%20Shop%20(1)/f646497667afc6389f9f68acae5a7361.jpg?updatedAt=1786493856834
6a7bbb955c7cd75eb8498d4b,laptops1,f646497667afc6389f9f68acae5a7361@2x.jpg,f646497667afc6389f9f68acae5a7361@2x,,C03,Laptops,HIGH,folder mapping: laptops1 -> Laptops,https://ik.imagekit.io/0iaahkrcv/laptops1/Laptops%20_%20Nairobi%20Computer%20Shop%20(1)/f646497667afc6389f9f68acae5a7361@2x.jpg?updatedAt=1786493856842
6a7bbb965c7cd75eb8499681,laptops1,fe25336ba34072524a23b804578ba16f.jpg,fe25336ba34072524a23b804578ba16f,,C03,Laptops,HIGH,folder mapping: laptops1 -> Laptops,https://ik.imagekit.io/0iaahkrcv/laptops1/Laptops%20_%20Nairobi%20Computer%20Shop%20(1)/fe25336ba34072524a23b804578ba16f.jpg?updatedAt=1786493860851
6a7bbb955c7cd75eb8498ce3,laptops1,fe25336ba34072524a23b804578ba16f@2x.jpg,fe25336ba34072524a23b804578ba16f@2x,,C03,Laptops,HIGH,folder mapping: laptops1 -> Laptops,https://ik.imagekit.io/0iaahkrcv/laptops1/Laptops%20_%20Nairobi%20Computer%20Shop%20(1)/fe25336ba34072524a23b804578ba16f@2x.jpg?updatedAt=1786493856841
6a7bbb965c7cd75eb849969d,laptops1,ff4338ea1768c88323c1a2a5278b1bed.jpg,ff4338ea1768c88323c1a2a5278b1bed,,C03,Laptops,HIGH,folder mapping: laptops1 -> Laptops,https://ik.imagekit.io/0iaahkrcv/laptops1/Laptops%20_%20Nairobi%20Computer%20Shop%20(1)/ff4338ea1768c88323c1a2a5278b1bed.jpg?updatedAt=1786493860834
6a7bbb965c7cd75eb8499689,laptops1,ff4338ea1768c88323c1a2a5278b1bed@2x.jpg,ff4338ea1768c88323c1a2a5278b1bed@2x,,C03,Laptops,HIGH,folder mapping: laptops1 -> Laptops,https://ik.imagekit.io/0iaahkrcv/laptops1/Laptops%20_%20Nairobi%20Computer%20Shop%20(1)/ff4338ea1768c88323c1a2a5278b1bed@2x.jpg?updatedAt=1786493860864
6a7bbb955c7cd75eb8498ced,laptops1,logo.svg,logo,,C03,Laptops,HIGH,folder mapping: laptops1 -> Laptops,https://ik.imagekit.io/0iaahkrcv/laptops1/Laptops%20_%20Nairobi%20Computer%20Shop%20(1)/logo.svg?updatedAt=1786493847832
6a7bbb055c7cd75eb8424231,laptops1,061922ab6dce7d9964f293cecc2e176c.jpg,061922ab6dce7d9964f293cecc2e176c,,C03,Laptops,HIGH,folder mapping: laptops1 -> Laptops,https://ik.imagekit.io/0iaahkrcv/laptops1/Laptops%20_%20Nairobi%20Computer%20Shop%20(2)/061922ab6dce7d9964f293cecc2e176c.jpg?updatedAt=1786493701618
6a7bbb065c7cd75eb842541e,laptops1,061922ab6dce7d9964f293cecc2e176c@2x.jpg,061922ab6dce7d9964f293cecc2e176c@2x,,C03,Laptops,HIGH,folder mapping: laptops1 -> Laptops,https://ik.imagekit.io/0iaahkrcv/laptops1/Laptops%20_%20Nairobi%20Computer%20Shop%20(2)/061922ab6dce7d9964f293cecc2e176c@2x.jpg?updatedAt=1786493702721
6a7bbb005c7cd75eb841fc8c,laptops1,090c1a9c81eebfacfe3ca3a1560887e1.jpg,090c1a9c81eebfacfe3ca3a1560887e1,,C03,Laptops,HIGH,folder mapping: laptops1 -> Laptops,https://ik.imagekit.io/0iaahkrcv/laptops1/Laptops%20_%20Nairobi%20Computer%20Shop%20(2)/090c1a9c81eebfacfe3ca3a1560887e1.jpg?updatedAt=1786493697465
6a7bbb065c7cd75eb842526a,laptops1,090c1a9c81eebfacfe3ca3a1560887e1@2x.jpg,090c1a9c81eebfacfe3ca3a1560887e1@2x,,C03,Laptops,HIGH,folder mapping: laptops1 -> Laptops,https://ik.imagekit.io/0iaahkrcv/laptops1/Laptops%20_%20Nairobi%20Computer%20Shop%20(2)/090c1a9c81eebfacfe3ca3a1560887e1@2x.jpg?updatedAt=1786493702676
6a7bbb035c7cd75eb8422a21,laptops1,0bbb4735074145633a0a63ed0a898511.jpg,0bbb4735074145633a0a63ed0a898511,,C03,Laptops,HIGH,folder mapping: laptops1 -> Laptops,https://ik.imagekit.io/0iaahkrcv/laptops1/Laptops%20_%20Nairobi%20Computer%20Shop%20(2)/0bbb4735074145633a0a63ed0a898511.jpg?updatedAt=1786493700093
6a7bbb055c7cd75eb8424d8d,laptops1,0bbb4735074145633a0a63ed0a898511@2x.jpg,0bbb4735074145633a0a63ed0a898511@2x,,C03,Laptops,HIGH,folder mapping: laptops1 -> Laptops,https://ik.imagekit.io/0iaahkrcv/laptops1/Laptops%20_%20Nairobi%20Computer%20Shop%20(2)/0bbb4735074145633a0a63ed0a898511@2x.jpg?updatedAt=1786493702279
6a7bbb045c7cd75eb8423dbd,laptops1,0e0219513d0009dd697aaaee792848c7.jpg,0e0219513d0009dd697aaaee792848c7,,C03,Laptops,HIGH,folder mapping: laptops1 -> Laptops,https://ik.imagekit.io/0iaahkrcv/laptops1/Laptops%20_%20Nairobi%20Computer%20Shop%20(2)/0e0219513d0009dd697aaaee792848c7.jpg?updatedAt=1786493701205
6a7bbb035c7cd75eb8422f43,laptops1,0e0219513d0009dd697aaaee792848c7@2x.jpg,0e0219513d0009dd697aaaee792848c7@2x,,C03,Laptops,HIGH,folder mapping: laptops1 -> Laptops,https://ik.imagekit.io/0iaahkrcv/laptops1/Laptops%20_%20Nairobi%20Computer%20Shop%20(2)/0e0219513d0009dd697aaaee792848c7@2x.jpg?updatedAt=1786493700406
6a7bbb005c7cd75eb841fc92,laptops1,1498dabbe39e2ca87477178af46f165e.jpg,1498dabbe39e2ca87477178af46f165e,,C03,Laptops,HIGH,folder mapping: laptops1 -> Laptops,https://ik.imagekit.io/0iaahkrcv/laptops1/Laptops%20_%20Nairobi%20Computer%20Shop%20(2)/1498dabbe39e2ca87477178af46f165e.jpg?updatedAt=1786493697463
6a7bbb055c7cd75eb8424b01,laptops1,1498dabbe39e2ca87477178af46f165e@2x.jpg,1498dabbe39e2ca87477178af46f165e@2x,,C03,Laptops,HIGH,folder mapping: laptops1 -> Laptops,https://ik.imagekit.io/0iaahkrcv/laptops1/Laptops%20_%20Nairobi%20Computer%20Shop%20(2)/1498dabbe39e2ca87477178af46f165e@2x.jpg?updatedAt=1786493702049
6a7bbb045c7cd75eb842369b,laptops1,16a6e9574455ae8ad63fac71bebfde69.jpg,16a6e9574455ae8ad63fac71bebfde69,,C03,Laptops,HIGH,folder mapping: laptops1 -> Laptops,https://ik.imagekit.io/0iaahkrcv/laptops1/Laptops%20_%20Nairobi%20Computer%20Shop%20(2)/16a6e9574455ae8ad63fac71bebfde69.jpg?updatedAt=1786493700855
6a7bbb055c7cd75eb842482f,laptops1,16a6e9574455ae8ad63fac71bebfde69@2x.jpg,16a6e9574455ae8ad63fac71bebfde69@2x,,C03,Laptops,HIGH,folder mapping: laptops1 -> Laptops,https://ik.imagekit.io/0iaahkrcv/laptops1/Laptops%20_%20Nairobi%20Computer%20Shop%20(2)/16a6e9574455ae8ad63fac71bebfde69@2x.jpg?updatedAt=1786493702010
6a7bbb005c7cd75eb841f52a,laptops1,1bdfb59cb9c2268d9b77ca22181fb628.jpg,1bdfb59cb9c2268d9b77ca22181fb628,,C03,Laptops,HIGH,folder mapping: laptops1 -> Laptops,https://ik.imagekit.io/0iaahkrcv/laptops1/Laptops%20_%20Nairobi%20Computer%20Shop%20(2)/1bdfb59cb9c2268d9b77ca22181fb628.jpg?updatedAt=1786493696997
6a7bbb015c7cd75eb841ffa4,laptops1,1bdfb59cb9c2268d9b77ca22181fb628@2x.jpg,1bdfb59cb9c2268d9b77ca22181fb628@2x,,C03,Laptops,HIGH,folder mapping: laptops1 -> Laptops,https://ik.imagekit.io/0iaahkrcv/laptops1/Laptops%20_%20Nairobi%20Computer%20Shop%20(2)/1bdfb59cb9c2268d9b77ca22181fb628@2x.jpg?updatedAt=1786493697576
6a7bbb045c7cd75eb8423af3,laptops1,1bee0334ea861a4099b6e207452b660e.jpg,1bee0334ea861a4099b6e207452b660e,,C03,Laptops,HIGH,folder mapping: laptops1 -> Laptops,https://ik.imagekit.io/0iaahkrcv/laptops1/Laptops%20_%20Nairobi%20Computer%20Shop%20(2)/1bee0334ea861a4099b6e207452b660e.jpg?updatedAt=1786493701019
6a7bbb065c7cd75eb8424f54,laptops1,1bee0334ea861a4099b6e207452b660e@2x.jpg,1bee0334ea861a4099b6e207452b660e@2x,,C03,Laptops,HIGH,folder mapping: laptops1 -> Laptops,https://ik.imagekit.io/0iaahkrcv/laptops1/Laptops%20_%20Nairobi%20Computer%20Shop%20(2)/1bee0334ea861a4099b6e207452b660e@2x.jpg?updatedAt=1786493702525
6a7bbb005c7cd75eb841f0ff,laptops1,29d958f17df145d88e302184d6054251.jpg,29d958f17df145d88e302184d6054251,,C03,Laptops,HIGH,folder mapping: laptops1 -> Laptops,https://ik.imagekit.io/0iaahkrcv/laptops1/Laptops%20_%20Nairobi%20Computer%20Shop%20(2)/29d958f17df145d88e302184d6054251.jpg?updatedAt=1786493696784
6a7bbb035c7cd75eb8422ed1,laptops1,29d958f17df145d88e302184d6054251@2x.jpg,29d958f17df145d88e302184d6054251@2x,,C03,Laptops,HIGH,folder mapping: laptops1 -> Laptops,https://ik.imagekit.io/0iaahkrcv/laptops1/Laptops%20_%20Nairobi%20Computer%20Shop%20(2)/29d958f17df145d88e302184d6054251@2x.jpg?updatedAt=1786493700339
6a7bbb015c7cd75eb841ffb0,laptops1,2a65730a99e234a35d65a3b39e45b767.jpg,2a65730a99e234a35d65a3b39e45b767,,C03,Laptops,HIGH,folder mapping: laptops1 -> Laptops,https://ik.imagekit.io/0iaahkrcv/laptops1/Laptops%20_%20Nairobi%20Computer%20Shop%20(2)/2a65730a99e234a35d65a3b39e45b767.jpg?updatedAt=1786493697610
6a7bbb005c7cd75eb841fd3b,laptops1,2a65730a99e234a35d65a3b39e45b767@2x.jpg,2a65730a99e234a35d65a3b39e45b767@2x,,C03,Laptops,HIGH,folder mapping: laptops1 -> Laptops,https://ik.imagekit.io/0iaahkrcv/laptops1/Laptops%20_%20Nairobi%20Computer%20Shop%20(2)/2a65730a99e234a35d65a3b39e45b767@2x.jpg?updatedAt=1786493697519
6a7bbb055c7cd75eb8424db2,laptops1,2e406fd183f2f966fbbd619d0c5daf35.jpg,2e406fd183f2f966fbbd619d0c5daf35,,C03,Laptops,HIGH,folder mapping: laptops1 -> Laptops,https://ik.imagekit.io/0iaahkrcv/laptops1/Laptops%20_%20Nairobi%20Computer%20Shop%20(2)/2e406fd183f2f966fbbd619d0c5daf35.jpg?updatedAt=1786493702369
6a7bbb065c7cd75eb84252ea,laptops1,2e406fd183f2f966fbbd619d0c5daf35@2x.jpg,2e406fd183f2f966fbbd619d0c5daf35@2x,,C03,Laptops,HIGH,folder mapping: laptops1 -> Laptops,https://ik.imagekit.io/0iaahkrcv/laptops1/Laptops%20_%20Nairobi%20Computer%20Shop%20(2)/2e406fd183f2f966fbbd619d0c5daf35@2x.jpg?updatedAt=1786493702623
6a7bbb065c7cd75eb8425708,laptops1,364268d3035da04f1cdec893dc6aa78a.jpg,364268d3035da04f1cdec893dc6aa78a,,C03,Laptops,HIGH,folder mapping: laptops1 -> Laptops,https://ik.imagekit.io/0iaahkrcv/laptops1/Laptops%20_%20Nairobi%20Computer%20Shop%20(2)/364268d3035da04f1cdec893dc6aa78a.jpg?updatedAt=1786493702781
6a7bbb065c7cd75eb84257ec,laptops1,364268d3035da04f1cdec893dc6aa78a@2x.jpg,364268d3035da04f1cdec893dc6aa78a@2x,,C03,Laptops,HIGH,folder mapping: laptops1 -> Laptops,https://ik.imagekit.io/0iaahkrcv/laptops1/Laptops%20_%20Nairobi%20Computer%20Shop%20(2)/364268d3035da04f1cdec893dc6aa78a@2x.jpg?updatedAt=1786493702865
6a7bbb065c7cd75eb8426020,laptops1,3c7c026f04c25098b60d3d4da86fdc45.jpg,3c7c026f04c25098b60d3d4da86fdc45,,C03,Laptops,HIGH,folder mapping: laptops1 -> Laptops,https://ik.imagekit.io/0iaahkrcv/laptops1/Laptops%20_%20Nairobi%20Computer%20Shop%20(2)/3c7c026f04c25098b60d3d4da86fdc45.jpg?updatedAt=1786493703317
6a7bbb065c7cd75eb842604b,laptops1,3c7c026f04c25098b60d3d4da86fdc45@2x.jpg,3c7c026f04c25098b60d3d4da86fdc45@2x,,C03,Laptops,HIGH,folder mapping: laptops1 -> Laptops,https://ik.imagekit.io/0iaahkrcv/laptops1/Laptops%20_%20Nairobi%20Computer%20Shop%20(2)/3c7c026f04c25098b60d3d4da86fdc45@2x.jpg?updatedAt=1786493703339
6a7bbb165c7cd75eb84374d9,laptops1,40273013074105d3b47d5545f57800a6.jpg,40273013074105d3b47d5545f57800a6,,C03,Laptops,HIGH,folder mapping: laptops1 -> Laptops,https://ik.imagekit.io/0iaahkrcv/laptops1/Laptops%20_%20Nairobi%20Computer%20Shop%20(2)/40273013074105d3b47d5545f57800a6.jpg?updatedAt=1786493719355
6a7bbb165c7cd75eb843769e,laptops1,40273013074105d3b47d5545f57800a6@2x.jpg,40273013074105d3b47d5545f57800a6@2x,,C03,Laptops,HIGH,folder mapping: laptops1 -> Laptops,https://ik.imagekit.io/0iaahkrcv/laptops1/Laptops%20_%20Nairobi%20Computer%20Shop%20(2)/40273013074105d3b47d5545f57800a6@2x.jpg?updatedAt=1786493719441
6a7bbb165c7cd75eb843761e,laptops1,4246cf0660f3c8948dc38f77d6be166b.jpg,4246cf0660f3c8948dc38f77d6be166b,,C03,Laptops,HIGH,folder mapping: laptops1 -> Laptops,https://ik.imagekit.io/0iaahkrcv/laptops1/Laptops%20_%20Nairobi%20Computer%20Shop%20(2)/4246cf0660f3c8948dc38f77d6be166b.jpg?updatedAt=1786493719431
6a7bbb175c7cd75eb8437bd5,laptops1,4246cf0660f3c8948dc38f77d6be166b@2x.jpg,4246cf0660f3c8948dc38f77d6be166b@2x,,C03,Laptops,HIGH,folder mapping: laptops1 -> Laptops,https://ik.imagekit.io/0iaahkrcv/laptops1/Laptops%20_%20Nairobi%20Computer%20Shop%20(2)/4246cf0660f3c8948dc38f77d6be166b@2x.jpg?updatedAt=1786493719664
6a7bbb175c7cd75eb8437b7a,laptops1,47758a818c162d49dc370018a227e5ca.jpg,47758a818c162d49dc370018a227e5ca,,C03,Laptops,HIGH,folder mapping: laptops1 -> Laptops,https://ik.imagekit.io/0iaahkrcv/laptops1/Laptops%20_%20Nairobi%20Computer%20Shop%20(2)/47758a818c162d49dc370018a227e5ca.jpg?updatedAt=1786493719648
6a7bbb175c7cd75eb8437cb8,laptops1,47758a818c162d49dc370018a227e5ca@2x.jpg,47758a818c162d49dc370018a227e5ca@2x,,C03,Laptops,HIGH,folder mapping: laptops1 -> Laptops,https://ik.imagekit.io/0iaahkrcv/laptops1/Laptops%20_%20Nairobi%20Computer%20Shop%20(2)/47758a818c162d49dc370018a227e5ca@2x.jpg?updatedAt=1786493719799
6a7bbb175c7cd75eb8437cbb,laptops1,47880299b004c58fb3aab57ead32f7b6.jpg,47880299b004c58fb3aab57ead32f7b6,,C03,Laptops,HIGH,folder mapping: laptops1 -> Laptops,https://ik.imagekit.io/0iaahkrcv/laptops1/Laptops%20_%20Nairobi%20Computer%20Shop%20(2)/47880299b004c58fb3aab57ead32f7b6.jpg?updatedAt=1786493719772
6a7bbb175c7cd75eb8437cc8,laptops1,47880299b004c58fb3aab57ead32f7b6@2x.jpg,47880299b004c58fb3aab57ead32f7b6@2x,,C03,Laptops,HIGH,folder mapping: laptops1 -> Laptops,https://ik.imagekit.io/0iaahkrcv/laptops1/Laptops%20_%20Nairobi%20Computer%20Shop%20(2)/47880299b004c58fb3aab57ead32f7b6@2x.jpg?updatedAt=1786493719846
6a7bbb175c7cd75eb8437c03,laptops1,4812e4b07db30530cff4701a0eadc4f2.jpg,4812e4b07db30530cff4701a0eadc4f2,,C03,Laptops,HIGH,folder mapping: laptops1 -> Laptops,https://ik.imagekit.io/0iaahkrcv/laptops1/Laptops%20_%20Nairobi%20Computer%20Shop%20(2)/4812e4b07db30530cff4701a0eadc4f2.jpg?updatedAt=1786493719668
6a7bbb185c7cd75eb8439514,laptops1,4812e4b07db30530cff4701a0eadc4f2@2x.jpg,4812e4b07db30530cff4701a0eadc4f2@2x,,C03,Laptops,HIGH,folder mapping: laptops1 -> Laptops,https://ik.imagekit.io/0iaahkrcv/laptops1/Laptops%20_%20Nairobi%20Computer%20Shop%20(2)/4812e4b07db30530cff4701a0eadc4f2@2x.jpg?updatedAt=1786493721211
6a7bbb205c7cd75eb8441a13,laptops1,4909f3fd7c574fe01781b1a3de61ee56.jpg,4909f3fd7c574fe01781b1a3de61ee56,,C03,Laptops,HIGH,folder mapping: laptops1 -> Laptops,https://ik.imagekit.io/0iaahkrcv/laptops1/Laptops%20_%20Nairobi%20Computer%20Shop%20(2)/4909f3fd7c574fe01781b1a3de61ee56.jpg?updatedAt=1786493729369
6a7bbb205c7cd75eb8441a35,laptops1,4909f3fd7c574fe01781b1a3de61ee56@2x.jpg,4909f3fd7c574fe01781b1a3de61ee56@2x,,C03,Laptops,HIGH,folder mapping: laptops1 -> Laptops,https://ik.imagekit.io/0iaahkrcv/laptops1/Laptops%20_%20Nairobi%20Computer%20Shop%20(2)/4909f3fd7c574fe01781b1a3de61ee56@2x.jpg?updatedAt=1786493729389
6a7bbb205c7cd75eb8441b82,laptops1,4ac61a4966cd46d9f5024dc8023c777d.jpg,4ac61a4966cd46d9f5024dc8023c777d,,C03,Laptops,HIGH,folder mapping: laptops1 -> Laptops,https://ik.imagekit.io/0iaahkrcv/laptops1/Laptops%20_%20Nairobi%20Computer%20Shop%20(2)/4ac61a4966cd46d9f5024dc8023c777d.jpg?updatedAt=1786493729456
6a7bbb215c7cd75eb8441d40,laptops1,4ac61a4966cd46d9f5024dc8023c777d@2x.jpg,4ac61a4966cd46d9f5024dc8023c777d@2x,,C03,Laptops,HIGH,folder mapping: laptops1 -> Laptops,https://ik.imagekit.io/0iaahkrcv/laptops1/Laptops%20_%20Nairobi%20Computer%20Shop%20(2)/4ac61a4966cd46d9f5024dc8023c777d@2x.jpg?updatedAt=1786493729706
6a7bbb215c7cd75eb8441d33,laptops1,4c1788c39ba5d53978edc9680c3c1dd1.jpg,4c1788c39ba5d53978edc9680c3c1dd1,,C03,Laptops,HIGH,folder mapping: laptops1 -> Laptops,https://ik.imagekit.io/0iaahkrcv/laptops1/Laptops%20_%20Nairobi%20Computer%20Shop%20(2)/4c1788c39ba5d53978edc9680c3c1dd1.jpg?updatedAt=1786493729682
6a7bbb215c7cd75eb8441d93,laptops1,4c1788c39ba5d53978edc9680c3c1dd1@2x.jpg,4c1788c39ba5d53978edc9680c3c1dd1@2x,,C03,Laptops,HIGH,folder mapping: laptops1 -> Laptops,https://ik.imagekit.io/0iaahkrcv/laptops1/Laptops%20_%20Nairobi%20Computer%20Shop%20(2)/4c1788c39ba5d53978edc9680c3c1dd1@2x.jpg?updatedAt=1786493729746
6a7bbb215c7cd75eb844243e,laptops1,4c2b11b0e1e70bcec6046c8b7d4713cb.jpg,4c2b11b0e1e70bcec6046c8b7d4713cb,,C03,Laptops,HIGH,folder mapping: laptops1 -> Laptops,https://ik.imagekit.io/0iaahkrcv/laptops1/Laptops%20_%20Nairobi%20Computer%20Shop%20(2)/4c2b11b0e1e70bcec6046c8b7d4713cb.jpg?updatedAt=1786493729966
6a7bbb215c7cd75eb844230d,laptops1,4c2b11b0e1e70bcec6046c8b7d4713cb@2x.jpg,4c2b11b0e1e70bcec6046c8b7d4713cb@2x,,C03,Laptops,HIGH,folder mapping: laptops1 -> Laptops,https://ik.imagekit.io/0iaahkrcv/laptops1/Laptops%20_%20Nairobi%20Computer%20Shop%20(2)/4c2b11b0e1e70bcec6046c8b7d4713cb@2x.jpg?updatedAt=1786493729890
6a7bbb215c7cd75eb84424fe,laptops1,4d535dd4ebb9ddf7632a9e03b6c15ef7.jpg,4d535dd4ebb9ddf7632a9e03b6c15ef7,,C03,Laptops,HIGH,folder mapping: laptops1 -> Laptops,https://ik.imagekit.io/0iaahkrcv/laptops1/Laptops%20_%20Nairobi%20Computer%20Shop%20(2)/4d535dd4ebb9ddf7632a9e03b6c15ef7.jpg?updatedAt=1786493729997
6a7bbb215c7cd75eb8442a42,laptops1,4d535dd4ebb9ddf7632a9e03b6c15ef7@2x.jpg,4d535dd4ebb9ddf7632a9e03b6c15ef7@2x,,C03,Laptops,HIGH,folder mapping: laptops1 -> Laptops,https://ik.imagekit.io/0iaahkrcv/laptops1/Laptops%20_%20Nairobi%20Computer%20Shop%20(2)/4d535dd4ebb9ddf7632a9e03b6c15ef7@2x.jpg?updatedAt=1786493730213
6a7bbb215c7cd75eb8442a56,laptops1,4d793504507de3682230db485e5f792a.jpg,4d793504507de3682230db485e5f792a,,C03,Laptops,HIGH,folder mapping: laptops1 -> Laptops,https://ik.imagekit.io/0iaahkrcv/laptops1/Laptops%20_%20Nairobi%20Computer%20Shop%20(2)/4d793504507de3682230db485e5f792a.jpg?updatedAt=1786493730211
6a7bbb235c7cd75eb8444b74,laptops1,4d793504507de3682230db485e5f792a@2x.jpg,4d793504507de3682230db485e5f792a@2x,,C03,Laptops,HIGH,folder mapping: laptops1 -> Laptops,https://ik.imagekit.io/0iaahkrcv/laptops1/Laptops%20_%20Nairobi%20Computer%20Shop%20(2)/4d793504507de3682230db485e5f792a@2x.jpg?updatedAt=1786493732162
6a7bbb215c7cd75eb8442904,laptops1,51bc7779b138f6de5ecc4971a895597d.jpg,51bc7779b138f6de5ecc4971a895597d,,C03,Laptops,HIGH,folder mapping: laptops1 -> Laptops,https://ik.imagekit.io/0iaahkrcv/laptops1/Laptops%20_%20Nairobi%20Computer%20Shop%20(2)/51bc7779b138f6de5ecc4971a895597d.jpg?updatedAt=1786493730129
6a7bbb235c7cd75eb8445097,laptops1,51bc7779b138f6de5ecc4971a895597d@2x.jpg,51bc7779b138f6de5ecc4971a895597d@2x,,C03,Laptops,HIGH,folder mapping: laptops1 -> Laptops,https://ik.imagekit.io/0iaahkrcv/laptops1/Laptops%20_%20Nairobi%20Computer%20Shop%20(2)/51bc7779b138f6de5ecc4971a895597d@2x.jpg?updatedAt=1786493732339
6a7bbb215c7cd75eb8442cf7,laptops1,54afdf8ac46beaf58d18ffd29fc98c9c.jpg,54afdf8ac46beaf58d18ffd29fc98c9c,,C03,Laptops,HIGH,folder mapping: laptops1 -> Laptops,https://ik.imagekit.io/0iaahkrcv/laptops1/Laptops%20_%20Nairobi%20Computer%20Shop%20(2)/54afdf8ac46beaf58d18ffd29fc98c9c.jpg?updatedAt=1786493730346
6a7bbb235c7cd75eb84452be,laptops1,54afdf8ac46beaf58d18ffd29fc98c9c@2x.jpg,54afdf8ac46beaf58d18ffd29fc98c9c@2x,,C03,Laptops,HIGH,folder mapping: laptops1 -> Laptops,https://ik.imagekit.io/0iaahkrcv/laptops1/Laptops%20_%20Nairobi%20Computer%20Shop%20(2)/54afdf8ac46beaf58d18ffd29fc98c9c@2x.jpg?updatedAt=1786493732443
6a7bbb215c7cd75eb8442cf6,laptops1,5d575244b6cc5f44eec3977f8186364e.jpg,5d575244b6cc5f44eec3977f8186364e,,C03,Laptops,HIGH,folder mapping: laptops1 -> Laptops,https://ik.imagekit.io/0iaahkrcv/laptops1/Laptops%20_%20Nairobi%20Computer%20Shop%20(2)/5d575244b6cc5f44eec3977f8186364e.jpg?updatedAt=1786493730322
6a7bbb245c7cd75eb844612c,laptops1,5d575244b6cc5f44eec3977f8186364e@2x.jpg,5d575244b6cc5f44eec3977f8186364e@2x,,C03,Laptops,HIGH,folder mapping: laptops1 -> Laptops,https://ik.imagekit.io/0iaahkrcv/laptops1/Laptops%20_%20Nairobi%20Computer%20Shop%20(2)/5d575244b6cc5f44eec3977f8186364e@2x.jpg?updatedAt=1786493733233
6a7bbb215c7cd75eb8442d92,laptops1,5f027da6fa12872be3d61e0f3ef6bbc7.jpg,5f027da6fa12872be3d61e0f3ef6bbc7,,C03,Laptops,HIGH,folder mapping: laptops1 -> Laptops,https://ik.imagekit.io/0iaahkrcv/laptops1/Laptops%20_%20Nairobi%20Computer%20Shop%20(2)/5f027da6fa12872be3d61e0f3ef6bbc7.jpg?updatedAt=1786493730465
6a7bbb245c7cd75eb844620c,laptops1,5f027da6fa12872be3d61e0f3ef6bbc7@2x.jpg,5f027da6fa12872be3d61e0f3ef6bbc7@2x,,C03,Laptops,HIGH,folder mapping: laptops1 -> Laptops,https://ik.imagekit.io/0iaahkrcv/laptops1/Laptops%20_%20Nairobi%20Computer%20Shop%20(2)/5f027da6fa12872be3d61e0f3ef6bbc7@2x.jpg?updatedAt=1786493733341
6a7bbb235c7cd75eb84451b4,laptops1,64e850b37c15fa893050933ec5e94d74.jpg,64e850b37c15fa893050933ec5e94d74,,C03,Laptops,HIGH,folder mapping: laptops1 -> Laptops,https://ik.imagekit.io/0iaahkrcv/laptops1/Laptops%20_%20Nairobi%20Computer%20Shop%20(2)/64e850b37c15fa893050933ec5e94d74.jpg?updatedAt=1786493732402
6a7bbb245c7cd75eb8446134,laptops1,64e850b37c15fa893050933ec5e94d74@2x.jpg,64e850b37c15fa893050933ec5e94d74@2x,,C03,Laptops,HIGH,folder mapping: laptops1 -> Laptops,https://ik.imagekit.io/0iaahkrcv/laptops1/Laptops%20_%20Nairobi%20Computer%20Shop%20(2)/64e850b37c15fa893050933ec5e94d74@2x.jpg?updatedAt=1786493733265
6a7bbb225c7cd75eb8442f27,laptops1,6c89312f4392dabbf9fc959988fe20e7.jpg,6c89312f4392dabbf9fc959988fe20e7,,C03,Laptops,HIGH,folder mapping: laptops1 -> Laptops,https://ik.imagekit.io/0iaahkrcv/laptops1/Laptops%20_%20Nairobi%20Computer%20Shop%20(2)/6c89312f4392dabbf9fc959988fe20e7.jpg?updatedAt=1786493730563
6a7bbb235c7cd75eb8445388,laptops1,6c89312f4392dabbf9fc959988fe20e7@2x.jpg,6c89312f4392dabbf9fc959988fe20e7@2x,,C03,Laptops,HIGH,folder mapping: laptops1 -> Laptops,https://ik.imagekit.io/0iaahkrcv/laptops1/Laptops%20_%20Nairobi%20Computer%20Shop%20(2)/6c89312f4392dabbf9fc959988fe20e7@2x.jpg?updatedAt=1786493732487
6a7bbb235c7cd75eb84451f6,laptops1,74edbfbb93c013725adc9f8bf39ac037.jpg,74edbfbb93c013725adc9f8bf39ac037,,C03,Laptops,HIGH,folder mapping: laptops1 -> Laptops,https://ik.imagekit.io/0iaahkrcv/laptops1/Laptops%20_%20Nairobi%20Computer%20Shop%20(2)/74edbfbb93c013725adc9f8bf39ac037.jpg?updatedAt=1786493732380
6a7bbb245c7cd75eb84461f0,laptops1,74edbfbb93c013725adc9f8bf39ac037@2x.jpg,74edbfbb93c013725adc9f8bf39ac037@2x,,C03,Laptops,HIGH,folder mapping: laptops1 -> Laptops,https://ik.imagekit.io/0iaahkrcv/laptops1/Laptops%20_%20Nairobi%20Computer%20Shop%20(2)/74edbfbb93c013725adc9f8bf39ac037@2x.jpg?updatedAt=1786493733324
6a7bbb225c7cd75eb84435d1,laptops1,77cab90a7decc07cd52a0d6c252e6801.jpg,77cab90a7decc07cd52a0d6c252e6801,,C03,Laptops,HIGH,folder mapping: laptops1 -> Laptops,https://ik.imagekit.io/0iaahkrcv/laptops1/Laptops%20_%20Nairobi%20Computer%20Shop%20(2)/77cab90a7decc07cd52a0d6c252e6801.jpg?updatedAt=1786493730846
6a7bbb245c7cd75eb84461f6,laptops1,77cab90a7decc07cd52a0d6c252e6801@2x.jpg,77cab90a7decc07cd52a0d6c252e6801@2x,,C03,Laptops,HIGH,folder mapping: laptops1 -> Laptops,https://ik.imagekit.io/0iaahkrcv/laptops1/Laptops%20_%20Nairobi%20Computer%20Shop%20(2)/77cab90a7decc07cd52a0d6c252e6801@2x.jpg?updatedAt=1786493733326
6a7bbb245c7cd75eb84455e2,laptops1,784e703b40d4231e94d812998bb9d321.jpg,784e703b40d4231e94d812998bb9d321,,C03,Laptops,HIGH,folder mapping: laptops1 -> Laptops,https://ik.imagekit.io/0iaahkrcv/laptops1/Laptops%20_%20Nairobi%20Computer%20Shop%20(2)/784e703b40d4231e94d812998bb9d321.jpg?updatedAt=1786493732575
6a7bbb255c7cd75eb8446416,laptops1,784e703b40d4231e94d812998bb9d321@2x.jpg,784e703b40d4231e94d812998bb9d321@2x,,C03,Laptops,HIGH,folder mapping: laptops1 -> Laptops,https://ik.imagekit.io/0iaahkrcv/laptops1/Laptops%20_%20Nairobi%20Computer%20Shop%20(2)/784e703b40d4231e94d812998bb9d321@2x.jpg?updatedAt=1786493733595
6a7bbb225c7cd75eb844356c,laptops1,78cc567e4c0827ca436497b0fdf9c1de.jpg,78cc567e4c0827ca436497b0fdf9c1de,,C03,Laptops,HIGH,folder mapping: laptops1 -> Laptops,https://ik.imagekit.io/0iaahkrcv/laptops1/Laptops%20_%20Nairobi%20Computer%20Shop%20(2)/78cc567e4c0827ca436497b0fdf9c1de.jpg?updatedAt=1786493730802
6a7bbb245c7cd75eb8445659,laptops1,78cc567e4c0827ca436497b0fdf9c1de@2x.jpg,78cc567e4c0827ca436497b0fdf9c1de@2x,,C03,Laptops,HIGH,folder mapping: laptops1 -> Laptops,https://ik.imagekit.io/0iaahkrcv/laptops1/Laptops%20_%20Nairobi%20Computer%20Shop%20(2)/78cc567e4c0827ca436497b0fdf9c1de@2x.jpg?updatedAt=1786493732634
6a7bbb225c7cd75eb84439ae,laptops1,79875b3637b8b0a2c7c044161232cdab.jpg,79875b3637b8b0a2c7c044161232cdab,,C03,Laptops,HIGH,folder mapping: laptops1 -> Laptops,https://ik.imagekit.io/0iaahkrcv/laptops1/Laptops%20_%20Nairobi%20Computer%20Shop%20(2)/79875b3637b8b0a2c7c044161232cdab.jpg?updatedAt=1786493731019
6a7bbb245c7cd75eb8446206,laptops1,79875b3637b8b0a2c7c044161232cdab@2x.jpg,79875b3637b8b0a2c7c044161232cdab@2x,,C03,Laptops,HIGH,folder mapping: laptops1 -> Laptops,https://ik.imagekit.io/0iaahkrcv/laptops1/Laptops%20_%20Nairobi%20Computer%20Shop%20(2)/79875b3637b8b0a2c7c044161232cdab@2x.jpg?updatedAt=1786493733293
6a7bbb225c7cd75eb8443a04,laptops1,7b89150ecbb1358030a10bb56d184635.jpg,7b89150ecbb1358030a10bb56d184635,,C03,Laptops,HIGH,folder mapping: laptops1 -> Laptops,https://ik.imagekit.io/0iaahkrcv/laptops1/Laptops%20_%20Nairobi%20Computer%20Shop%20(2)/7b89150ecbb1358030a10bb56d184635.jpg?updatedAt=1786493731047
6a7bbb245c7cd75eb84462a1,laptops1,7b89150ecbb1358030a10bb56d184635@2x.jpg,7b89150ecbb1358030a10bb56d184635@2x,,C03,Laptops,HIGH,folder mapping: laptops1 -> Laptops,https://ik.imagekit.io/0iaahkrcv/laptops1/Laptops%20_%20Nairobi%20Computer%20Shop%20(2)/7b89150ecbb1358030a10bb56d184635@2x.jpg?updatedAt=1786493733384
6a7bbb225c7cd75eb8443b00,laptops1,7d5c63776c8f26b7cf2651aac87b67f4.jpg,7d5c63776c8f26b7cf2651aac87b67f4,,C03,Laptops,HIGH,folder mapping: laptops1 -> Laptops,https://ik.imagekit.io/0iaahkrcv/laptops1/Laptops%20_%20Nairobi%20Computer%20Shop%20(2)/7d5c63776c8f26b7cf2651aac87b67f4.jpg?updatedAt=1786493731199
6a7bbb245c7cd75eb8445723,laptops1,7d5c63776c8f26b7cf2651aac87b67f4@2x.jpg,7d5c63776c8f26b7cf2651aac87b67f4@2x,,C03,Laptops,HIGH,folder mapping: laptops1 -> Laptops,https://ik.imagekit.io/0iaahkrcv/laptops1/Laptops%20_%20Nairobi%20Computer%20Shop%20(2)/7d5c63776c8f26b7cf2651aac87b67f4@2x.jpg?updatedAt=1786493732824
6a7bbb225c7cd75eb8443b6e,laptops1,82d1a0d5bf7bb479c9c4a2e98371cfe4.jpg,82d1a0d5bf7bb479c9c4a2e98371cfe4,,C03,Laptops,HIGH,folder mapping: laptops1 -> Laptops,https://ik.imagekit.io/0iaahkrcv/laptops1/Laptops%20_%20Nairobi%20Computer%20Shop%20(2)/82d1a0d5bf7bb479c9c4a2e98371cfe4.jpg?updatedAt=1786493731317
6a7bbb245c7cd75eb844571e,laptops1,82d1a0d5bf7bb479c9c4a2e98371cfe4@2x.jpg,82d1a0d5bf7bb479c9c4a2e98371cfe4@2x,,C03,Laptops,HIGH,folder mapping: laptops1 -> Laptops,https://ik.imagekit.io/0iaahkrcv/laptops1/Laptops%20_%20Nairobi%20Computer%20Shop%20(2)/82d1a0d5bf7bb479c9c4a2e98371cfe4@2x.jpg?updatedAt=1786493732818
6a7bbb245c7cd75eb844570b,laptops1,86dcfe368bf81db92c7b2ba5661093a2.jpg,86dcfe368bf81db92c7b2ba5661093a2,,C03,Laptops,HIGH,folder mapping: laptops1 -> Laptops,https://ik.imagekit.io/0iaahkrcv/laptops1/Laptops%20_%20Nairobi%20Computer%20Shop%20(2)/86dcfe368bf81db92c7b2ba5661093a2.jpg?updatedAt=1786493732799
6a7bbb255c7cd75eb8446aa6,laptops1,86dcfe368bf81db92c7b2ba5661093a2@2x.jpg,86dcfe368bf81db92c7b2ba5661093a2@2x,,C03,Laptops,HIGH,folder mapping: laptops1 -> Laptops,https://ik.imagekit.io/0iaahkrcv/laptops1/Laptops%20_%20Nairobi%20Computer%20Shop%20(2)/86dcfe368bf81db92c7b2ba5661093a2@2x.jpg?updatedAt=1786493734046
6a7bbb225c7cd75eb8444026,laptops1,87638e12ac988f2778b182ab3fe6eaa4.jpg,87638e12ac988f2778b182ab3fe6eaa4,,C03,Laptops,HIGH,folder mapping: laptops1 -> Laptops,https://ik.imagekit.io/0iaahkrcv/laptops1/Laptops%20_%20Nairobi%20Computer%20Shop%20(2)/87638e12ac988f2778b182ab3fe6eaa4.jpg?updatedAt=1786493731479
6a7bbb255c7cd75eb8446413,laptops1,87638e12ac988f2778b182ab3fe6eaa4@2x.jpg,87638e12ac988f2778b182ab3fe6eaa4@2x,,C03,Laptops,HIGH,folder mapping: laptops1 -> Laptops,https://ik.imagekit.io/0iaahkrcv/laptops1/Laptops%20_%20Nairobi%20Computer%20Shop%20(2)/87638e12ac988f2778b182ab3fe6eaa4@2x.jpg?updatedAt=1786493733527
6a7bbb225c7cd75eb8444085,laptops1,8b7f5f7895cb130a0a92d68725b5d57f.jpg,8b7f5f7895cb130a0a92d68725b5d57f,,C03,Laptops,HIGH,folder mapping: laptops1 -> Laptops,https://ik.imagekit.io/0iaahkrcv/laptops1/Laptops%20_%20Nairobi%20Computer%20Shop%20(2)/8b7f5f7895cb130a0a92d68725b5d57f.jpg?updatedAt=1786493731462
6a7bbb255c7cd75eb844640c,laptops1,8b7f5f7895cb130a0a92d68725b5d57f@2x.jpg,8b7f5f7895cb130a0a92d68725b5d57f@2x,,C03,Laptops,HIGH,folder mapping: laptops1 -> Laptops,https://ik.imagekit.io/0iaahkrcv/laptops1/Laptops%20_%20Nairobi%20Computer%20Shop%20(2)/8b7f5f7895cb130a0a92d68725b5d57f@2x.jpg?updatedAt=1786493733552
6a7bbb235c7cd75eb844437e,laptops1,8c1f387dbf2240e778cd49f9f13ff8dd.jpg,8c1f387dbf2240e778cd49f9f13ff8dd,,C03,Laptops,HIGH,folder mapping: laptops1 -> Laptops,https://ik.imagekit.io/0iaahkrcv/laptops1/Laptops%20_%20Nairobi%20Computer%20Shop%20(2)/8c1f387dbf2240e778cd49f9f13ff8dd.jpg?updatedAt=1786493731607
6a7bbb255c7cd75eb844641a,laptops1,8c1f387dbf2240e778cd49f9f13ff8dd@2x.jpg,8c1f387dbf2240e778cd49f9f13ff8dd@2x,,C03,Laptops,HIGH,folder mapping: laptops1 -> Laptops,https://ik.imagekit.io/0iaahkrcv/laptops1/Laptops%20_%20Nairobi%20Computer%20Shop%20(2)/8c1f387dbf2240e778cd49f9f13ff8dd@2x.jpg?updatedAt=1786493733553
6a7bbb235c7cd75eb84446e1,laptops1,8e897d1f9ac8e43da447f3c7b89a1ad3.jpg,8e897d1f9ac8e43da447f3c7b89a1ad3,,C03,Laptops,HIGH,folder mapping: laptops1 -> Laptops,https://ik.imagekit.io/0iaahkrcv/laptops1/Laptops%20_%20Nairobi%20Computer%20Shop%20(2)/8e897d1f9ac8e43da447f3c7b89a1ad3.jpg?updatedAt=1786493731802
6a7bbb245c7cd75eb8445d29,laptops1,8e897d1f9ac8e43da447f3c7b89a1ad3@2x.jpg,8e897d1f9ac8e43da447f3c7b89a1ad3@2x,,C03,Laptops,HIGH,folder mapping: laptops1 -> Laptops,https://ik.imagekit.io/0iaahkrcv/laptops1/Laptops%20_%20Nairobi%20Computer%20Shop%20(2)/8e897d1f9ac8e43da447f3c7b89a1ad3@2x.jpg?updatedAt=1786493733126
6a7bbb235c7cd75eb84446ca,laptops1,8ec7315ffb1e3609606a59057de08c44.jpg,8ec7315ffb1e3609606a59057de08c44,,C03,Laptops,HIGH,folder mapping: laptops1 -> Laptops,https://ik.imagekit.io/0iaahkrcv/laptops1/Laptops%20_%20Nairobi%20Computer%20Shop%20(2)/8ec7315ffb1e3609606a59057de08c44.jpg?updatedAt=1786493731769
6a7bbb255c7cd75eb8446410,laptops1,8ec7315ffb1e3609606a59057de08c44@2x.jpg,8ec7315ffb1e3609606a59057de08c44@2x,,C03,Laptops,HIGH,folder mapping: laptops1 -> Laptops,https://ik.imagekit.io/0iaahkrcv/laptops1/Laptops%20_%20Nairobi%20Computer%20Shop%20(2)/8ec7315ffb1e3609606a59057de08c44@2x.jpg?updatedAt=1786493733558
6a7bbb235c7cd75eb8444900,laptops1,9138d3e0bdc54940e0297862a67dc816.jpg,9138d3e0bdc54940e0297862a67dc816,,C03,Laptops,HIGH,folder mapping: laptops1 -> Laptops,https://ik.imagekit.io/0iaahkrcv/laptops1/Laptops%20_%20Nairobi%20Computer%20Shop%20(2)/9138d3e0bdc54940e0297862a67dc816.jpg?updatedAt=1786493731905
6a7bbb235c7cd75eb8444917,laptops1,9138d3e0bdc54940e0297862a67dc816@2x.jpg,9138d3e0bdc54940e0297862a67dc816@2x,,C03,Laptops,HIGH,folder mapping: laptops1 -> Laptops,https://ik.imagekit.io/0iaahkrcv/laptops1/Laptops%20_%20Nairobi%20Computer%20Shop%20(2)/9138d3e0bdc54940e0297862a67dc816@2x.jpg?updatedAt=1786493732004
6a7bbb245c7cd75eb8445b4a,laptops1,9243d8f6c814e3c411724b1497f22bd1.jpg,9243d8f6c814e3c411724b1497f22bd1,,C03,Laptops,HIGH,folder mapping: laptops1 -> Laptops,https://ik.imagekit.io/0iaahkrcv/laptops1/Laptops%20_%20Nairobi%20Computer%20Shop%20(2)/9243d8f6c814e3c411724b1497f22bd1.jpg?updatedAt=1786493733014
6a7bbb255c7cd75eb844647d,laptops1,9243d8f6c814e3c411724b1497f22bd1@2x.jpg,9243d8f6c814e3c411724b1497f22bd1@2x,,C03,Laptops,HIGH,folder mapping: laptops1 -> Laptops,https://ik.imagekit.io/0iaahkrcv/laptops1/Laptops%20_%20Nairobi%20Computer%20Shop%20(2)/9243d8f6c814e3c411724b1497f22bd1@2x.jpg?updatedAt=1786493733714
6a7bbb235c7cd75eb844490f,laptops1,985fe9d26395d3a1b8709e323b20035b.jpg,985fe9d26395d3a1b8709e323b20035b,,C03,Laptops,HIGH,folder mapping: laptops1 -> Laptops,https://ik.imagekit.io/0iaahkrcv/laptops1/Laptops%20_%20Nairobi%20Computer%20Shop%20(2)/985fe9d26395d3a1b8709e323b20035b.jpg?updatedAt=1786493731993
6a7bbb235c7cd75eb844492b,laptops1,985fe9d26395d3a1b8709e323b20035b@2x.jpg,985fe9d26395d3a1b8709e323b20035b@2x,,C03,Laptops,HIGH,folder mapping: laptops1 -> Laptops,https://ik.imagekit.io/0iaahkrcv/laptops1/Laptops%20_%20Nairobi%20Computer%20Shop%20(2)/985fe9d26395d3a1b8709e323b20035b@2x.jpg?updatedAt=1786493732043
6a7bbb245c7cd75eb8445b75,laptops1,9cc179fc34389b6f0dd5d208be9d2533.jpg,9cc179fc34389b6f0dd5d208be9d2533,,C03,Laptops,HIGH,folder mapping: laptops1 -> Laptops,https://ik.imagekit.io/0iaahkrcv/laptops1/Laptops%20_%20Nairobi%20Computer%20Shop%20(2)/9cc179fc34389b6f0dd5d208be9d2533.jpg?updatedAt=1786493733048
6a7bbb255c7cd75eb8446469,laptops1,9cc179fc34389b6f0dd5d208be9d2533@2x.jpg,9cc179fc34389b6f0dd5d208be9d2533@2x,,C03,Laptops,HIGH,folder mapping: laptops1 -> Laptops,https://ik.imagekit.io/0iaahkrcv/laptops1/Laptops%20_%20Nairobi%20Computer%20Shop%20(2)/9cc179fc34389b6f0dd5d208be9d2533@2x.jpg?updatedAt=1786493733697
6a7bbb235c7cd75eb8444a46,laptops1,a089ec2a174aa64764e425c55cbab47d.jpg,a089ec2a174aa64764e425c55cbab47d,,C03,Laptops,HIGH,folder mapping: laptops1 -> Laptops,https://ik.imagekit.io/0iaahkrcv/laptops1/Laptops%20_%20Nairobi%20Computer%20Shop%20(2)/a089ec2a174aa64764e425c55cbab47d.jpg?updatedAt=1786493732122
6a7bbb245c7cd75eb844613a,laptops1,a089ec2a174aa64764e425c55cbab47d@2x.jpg,a089ec2a174aa64764e425c55cbab47d@2x,,C03,Laptops,HIGH,folder mapping: laptops1 -> Laptops,https://ik.imagekit.io/0iaahkrcv/laptops1/Laptops%20_%20Nairobi%20Computer%20Shop%20(2)/a089ec2a174aa64764e425c55cbab47d@2x.jpg?updatedAt=1786493733239
6a7bbb235c7cd75eb8444d5e,laptops1,a14ea8c71bbdfcdec2775c104605988c.jpg,a14ea8c71bbdfcdec2775c104605988c,,C03,Laptops,HIGH,folder mapping: laptops1 -> Laptops,https://ik.imagekit.io/0iaahkrcv/laptops1/Laptops%20_%20Nairobi%20Computer%20Shop%20(2)/a14ea8c71bbdfcdec2775c104605988c.jpg?updatedAt=1786493732269
6a7bbb255c7cd75eb8446b4b,laptops1,a14ea8c71bbdfcdec2775c104605988c@2x.jpg,a14ea8c71bbdfcdec2775c104605988c@2x,,C03,Laptops,HIGH,folder mapping: laptops1 -> Laptops,https://ik.imagekit.io/0iaahkrcv/laptops1/Laptops%20_%20Nairobi%20Computer%20Shop%20(2)/a14ea8c71bbdfcdec2775c104605988c@2x.jpg?updatedAt=1786493733971
6a7bbb255c7cd75eb8446573,laptops1,a1b644e2934823ede0a27fb9ac7d659e.jpg,a1b644e2934823ede0a27fb9ac7d659e,,C03,Laptops,HIGH,folder mapping: laptops1 -> Laptops,https://ik.imagekit.io/0iaahkrcv/laptops1/Laptops%20_%20Nairobi%20Computer%20Shop%20(2)/a1b644e2934823ede0a27fb9ac7d659e.jpg?updatedAt=1786493733762
6a7bbb265c7cd75eb8447acc,laptops1,a1b644e2934823ede0a27fb9ac7d659e@2x.jpg,a1b644e2934823ede0a27fb9ac7d659e@2x,,C03,Laptops,HIGH,folder mapping: laptops1 -> Laptops,https://ik.imagekit.io/0iaahkrcv/laptops1/Laptops%20_%20Nairobi%20Computer%20Shop%20(2)/a1b644e2934823ede0a27fb9ac7d659e@2x.jpg?updatedAt=1786493734839
6a7bbb255c7cd75eb8446b75,laptops1,a4e28883e06d377457f06ea09ce7e557.jpg,a4e28883e06d377457f06ea09ce7e557,,C03,Laptops,HIGH,folder mapping: laptops1 -> Laptops,https://ik.imagekit.io/0iaahkrcv/laptops1/Laptops%20_%20Nairobi%20Computer%20Shop%20(2)/a4e28883e06d377457f06ea09ce7e557.jpg?updatedAt=1786493733971
6a7bbb265c7cd75eb8447b3c,laptops1,a4e28883e06d377457f06ea09ce7e557@2x.jpg,a4e28883e06d377457f06ea09ce7e557@2x,,C03,Laptops,HIGH,folder mapping: laptops1 -> Laptops,https://ik.imagekit.io/0iaahkrcv/laptops1/Laptops%20_%20Nairobi%20Computer%20Shop%20(2)/a4e28883e06d377457f06ea09ce7e557@2x.jpg?updatedAt=1786493734869
6a7bbb255c7cd75eb8446c13,laptops1,a7ff8f1a4e0c7d8435f53e5110a1db08.jpg,a7ff8f1a4e0c7d8435f53e5110a1db08,,C03,Laptops,HIGH,folder mapping: laptops1 -> Laptops,https://ik.imagekit.io/0iaahkrcv/laptops1/Laptops%20_%20Nairobi%20Computer%20Shop%20(2)/a7ff8f1a4e0c7d8435f53e5110a1db08.jpg?updatedAt=1786493734034
6a7bbb265c7cd75eb8447fce,laptops1,a7ff8f1a4e0c7d8435f53e5110a1db08@2x.jpg,a7ff8f1a4e0c7d8435f53e5110a1db08@2x,,C03,Laptops,HIGH,folder mapping: laptops1 -> Laptops,https://ik.imagekit.io/0iaahkrcv/laptops1/Laptops%20_%20Nairobi%20Computer%20Shop%20(2)/a7ff8f1a4e0c7d8435f53e5110a1db08@2x.jpg?updatedAt=1786493735371
6a7bbb265c7cd75eb8447b48,laptops1,a9304240a69bedf8f60391b0935d7e56.jpg,a9304240a69bedf8f60391b0935d7e56,,C03,Laptops,HIGH,folder mapping: laptops1 -> Laptops,https://ik.imagekit.io/0iaahkrcv/laptops1/Laptops%20_%20Nairobi%20Computer%20Shop%20(2)/a9304240a69bedf8f60391b0935d7e56.jpg?updatedAt=1786493734874
6a7bbb275c7cd75eb84486b0,laptops1,a9304240a69bedf8f60391b0935d7e56@2x.jpg,a9304240a69bedf8f60391b0935d7e56@2x,,C03,Laptops,HIGH,folder mapping: laptops1 -> Laptops,https://ik.imagekit.io/0iaahkrcv/laptops1/Laptops%20_%20Nairobi%20Computer%20Shop%20(2)/a9304240a69bedf8f60391b0935d7e56@2x.jpg?updatedAt=1786493735706
6a7bbb265c7cd75eb8447d02,laptops1,a945ec2e60ffa89f93fd1badfe5443ac.jpg,a945ec2e60ffa89f93fd1badfe5443ac,,C03,Laptops,HIGH,folder mapping: laptops1 -> Laptops,https://ik.imagekit.io/0iaahkrcv/laptops1/Laptops%20_%20Nairobi%20Computer%20Shop%20(2)/a945ec2e60ffa89f93fd1badfe5443ac.jpg?updatedAt=1786493734995
6a7bbb275c7cd75eb84483b9,laptops1,a945ec2e60ffa89f93fd1badfe5443ac@2x.jpg,a945ec2e60ffa89f93fd1badfe5443ac@2x,,C03,Laptops,HIGH,folder mapping: laptops1 -> Laptops,https://ik.imagekit.io/0iaahkrcv/laptops1/Laptops%20_%20Nairobi%20Computer%20Shop%20(2)/a945ec2e60ffa89f93fd1badfe5443ac@2x.jpg?updatedAt=1786493735581
6a7bbb255c7cd75eb844713d,laptops1,a9b8be6d23c43dcf6e7f5b9c0599fd84.jpg,a9b8be6d23c43dcf6e7f5b9c0599fd84,,C03,Laptops,HIGH,folder mapping: laptops1 -> Laptops,https://ik.imagekit.io/0iaahkrcv/laptops1/Laptops%20_%20Nairobi%20Computer%20Shop%20(2)/a9b8be6d23c43dcf6e7f5b9c0599fd84.jpg?updatedAt=1786493734342
6a7bbb265c7cd75eb8447e39,laptops1,a9b8be6d23c43dcf6e7f5b9c0599fd84@2x.jpg,a9b8be6d23c43dcf6e7f5b9c0599fd84@2x,,C03,Laptops,HIGH,folder mapping: laptops1 -> Laptops,https://ik.imagekit.io/0iaahkrcv/laptops1/Laptops%20_%20Nairobi%20Computer%20Shop%20(2)/a9b8be6d23c43dcf6e7f5b9c0599fd84@2x.jpg?updatedAt=1786493735066
6a7bbb255c7cd75eb84471bd,laptops1,af0ac76bb616613a54f580698eba964b.jpg,af0ac76bb616613a54f580698eba964b,,C03,Laptops,HIGH,folder mapping: laptops1 -> Laptops,https://ik.imagekit.io/0iaahkrcv/laptops1/Laptops%20_%20Nairobi%20Computer%20Shop%20(2)/af0ac76bb616613a54f580698eba964b.jpg?updatedAt=1786493734413
6a7bbb265c7cd75eb8447e76,laptops1,af0ac76bb616613a54f580698eba964b@2x.jpg,af0ac76bb616613a54f580698eba964b@2x,,C03,Laptops,HIGH,folder mapping: laptops1 -> Laptops,https://ik.imagekit.io/0iaahkrcv/laptops1/Laptops%20_%20Nairobi%20Computer%20Shop%20(2)/af0ac76bb616613a54f580698eba964b@2x.jpg?updatedAt=1786493735198
6a7bbb265c7cd75eb8447e31,laptops1,b0cff12bca0be7118bab5fc5e325a766.jpg,b0cff12bca0be7118bab5fc5e325a766,,C03,Laptops,HIGH,folder mapping: laptops1 -> Laptops,https://ik.imagekit.io/0iaahkrcv/laptops1/Laptops%20_%20Nairobi%20Computer%20Shop%20(2)/b0cff12bca0be7118bab5fc5e325a766.jpg?updatedAt=1786493735060
6a7bbb275c7cd75eb8448900,laptops1,b0cff12bca0be7118bab5fc5e325a766@2x.jpg,b0cff12bca0be7118bab5fc5e325a766@2x,,C03,Laptops,HIGH,folder mapping: laptops1 -> Laptops,https://ik.imagekit.io/0iaahkrcv/laptops1/Laptops%20_%20Nairobi%20Computer%20Shop%20(2)/b0cff12bca0be7118bab5fc5e325a766@2x.jpg?updatedAt=1786493735759
6a7bbb265c7cd75eb8447e94,laptops1,b2a2302b41e2107dbb8ee8da326ab84d.jpg,b2a2302b41e2107dbb8ee8da326ab84d,,C03,Laptops,HIGH,folder mapping: laptops1 -> Laptops,https://ik.imagekit.io/0iaahkrcv/laptops1/Laptops%20_%20Nairobi%20Computer%20Shop%20(2)/b2a2302b41e2107dbb8ee8da326ab84d.jpg?updatedAt=1786493735228
6a7bbb275c7cd75eb844891d,laptops1,b2a2302b41e2107dbb8ee8da326ab84d@2x.jpg,b2a2302b41e2107dbb8ee8da326ab84d@2x,,C03,Laptops,HIGH,folder mapping: laptops1 -> Laptops,https://ik.imagekit.io/0iaahkrcv/laptops1/Laptops%20_%20Nairobi%20Computer%20Shop%20(2)/b2a2302b41e2107dbb8ee8da326ab84d@2x.jpg?updatedAt=1786493735711
6a7bbb265c7cd75eb844749f,laptops1,ba06f7d976b902bad77eba47750c5eb4.jpg,ba06f7d976b902bad77eba47750c5eb4,,C03,Laptops,HIGH,folder mapping: laptops1 -> Laptops,https://ik.imagekit.io/0iaahkrcv/laptops1/Laptops%20_%20Nairobi%20Computer%20Shop%20(2)/ba06f7d976b902bad77eba47750c5eb4.jpg?updatedAt=1786493734670
6a7bbb265c7cd75eb8447e9a,laptops1,ba06f7d976b902bad77eba47750c5eb4@2x.jpg,ba06f7d976b902bad77eba47750c5eb4@2x,,C03,Laptops,HIGH,folder mapping: laptops1 -> Laptops,https://ik.imagekit.io/0iaahkrcv/laptops1/Laptops%20_%20Nairobi%20Computer%20Shop%20(2)/ba06f7d976b902bad77eba47750c5eb4@2x.jpg?updatedAt=1786493735233
6a7bbb265c7cd75eb8447843,laptops1,ba53ef03ab15ff7a48107a8922846034.jpg,ba53ef03ab15ff7a48107a8922846034,,C03,Laptops,HIGH,folder mapping: laptops1 -> Laptops,https://ik.imagekit.io/0iaahkrcv/laptops1/Laptops%20_%20Nairobi%20Computer%20Shop%20(2)/ba53ef03ab15ff7a48107a8922846034.jpg?updatedAt=1786493734861
6a7bbb275c7cd75eb8448699,laptops1,ba53ef03ab15ff7a48107a8922846034@2x.jpg,ba53ef03ab15ff7a48107a8922846034@2x,,C03,Laptops,HIGH,folder mapping: laptops1 -> Laptops,https://ik.imagekit.io/0iaahkrcv/laptops1/Laptops%20_%20Nairobi%20Computer%20Shop%20(2)/ba53ef03ab15ff7a48107a8922846034@2x.jpg?updatedAt=1786493735652
6a7bbb265c7cd75eb8447822,laptops1,bfaa61fde871ec28f7059bc55e1558c1.jpg,bfaa61fde871ec28f7059bc55e1558c1,,C03,Laptops,HIGH,folder mapping: laptops1 -> Laptops,https://ik.imagekit.io/0iaahkrcv/laptops1/Laptops%20_%20Nairobi%20Computer%20Shop%20(2)/bfaa61fde871ec28f7059bc55e1558c1.jpg?updatedAt=1786493734769
6a7bbb275c7cd75eb84487c8,laptops1,bfaa61fde871ec28f7059bc55e1558c1@2x.jpg,bfaa61fde871ec28f7059bc55e1558c1@2x,,C03,Laptops,HIGH,folder mapping: laptops1 -> Laptops,https://ik.imagekit.io/0iaahkrcv/laptops1/Laptops%20_%20Nairobi%20Computer%20Shop%20(2)/bfaa61fde871ec28f7059bc55e1558c1@2x.jpg?updatedAt=1786493735697
6a7bbb285c7cd75eb844ab1d,laptops1,c133b54b2867187052c8a4df3eb0a27a.jpg,c133b54b2867187052c8a4df3eb0a27a,,C03,Laptops,HIGH,folder mapping: laptops1 -> Laptops,https://ik.imagekit.io/0iaahkrcv/laptops1/Laptops%20_%20Nairobi%20Computer%20Shop%20(2)/c133b54b2867187052c8a4df3eb0a27a.jpg?updatedAt=1786493737039
6a7bbb455c7cd75eb8460025,laptops1,c133b54b2867187052c8a4df3eb0a27a@2x.jpg,c133b54b2867187052c8a4df3eb0a27a@2x,,C03,Laptops,HIGH,folder mapping: laptops1 -> Laptops,https://ik.imagekit.io/0iaahkrcv/laptops1/Laptops%20_%20Nairobi%20Computer%20Shop%20(2)/c133b54b2867187052c8a4df3eb0a27a@2x.jpg?updatedAt=1786493765766
6a7bbb455c7cd75eb8460ac0,laptops1,c48c3f3842d901016a7a9550ece0b0f1.jpg,c48c3f3842d901016a7a9550ece0b0f1,,C03,Laptops,HIGH,folder mapping: laptops1 -> Laptops,https://ik.imagekit.io/0iaahkrcv/laptops1/Laptops%20_%20Nairobi%20Computer%20Shop%20(2)/c48c3f3842d901016a7a9550ece0b0f1.jpg?updatedAt=1786493766386
6a7bbb455c7cd75eb8460b09,laptops1,c48c3f3842d901016a7a9550ece0b0f1@2x.jpg,c48c3f3842d901016a7a9550ece0b0f1@2x,,C03,Laptops,HIGH,folder mapping: laptops1 -> Laptops,https://ik.imagekit.io/0iaahkrcv/laptops1/Laptops%20_%20Nairobi%20Computer%20Shop%20(2)/c48c3f3842d901016a7a9550ece0b0f1@2x.jpg?updatedAt=1786493766399
6a7bbb455c7cd75eb8460b0c,laptops1,cd57558fb4ab4a5f5ebba7738ba9a83c.jpg,cd57558fb4ab4a5f5ebba7738ba9a83c,,C03,Laptops,HIGH,folder mapping: laptops1 -> Laptops,https://ik.imagekit.io/0iaahkrcv/laptops1/Laptops%20_%20Nairobi%20Computer%20Shop%20(2)/cd57558fb4ab4a5f5ebba7738ba9a83c.jpg?updatedAt=1786493766393
6a7bbb455c7cd75eb8460afc,laptops1,cd57558fb4ab4a5f5ebba7738ba9a83c@2x.jpg,cd57558fb4ab4a5f5ebba7738ba9a83c@2x,,C03,Laptops,HIGH,folder mapping: laptops1 -> Laptops,https://ik.imagekit.io/0iaahkrcv/laptops1/Laptops%20_%20Nairobi%20Computer%20Shop%20(2)/cd57558fb4ab4a5f5ebba7738ba9a83c@2x.jpg?updatedAt=1786493766382
6a7bbb465c7cd75eb8460dc4,laptops1,d60a6377674cf41860ed470891b26760.jpg,d60a6377674cf41860ed470891b26760,,C03,Laptops,HIGH,folder mapping: laptops1 -> Laptops,https://ik.imagekit.io/0iaahkrcv/laptops1/Laptops%20_%20Nairobi%20Computer%20Shop%20(2)/d60a6377674cf41860ed470891b26760.jpg?updatedAt=1786493766570
6a7bbb465c7cd75eb8460e94,laptops1,d60a6377674cf41860ed470891b26760@2x.jpg,d60a6377674cf41860ed470891b26760@2x,,C03,Laptops,HIGH,folder mapping: laptops1 -> Laptops,https://ik.imagekit.io/0iaahkrcv/laptops1/Laptops%20_%20Nairobi%20Computer%20Shop%20(2)/d60a6377674cf41860ed470891b26760@2x.jpg?updatedAt=1786493766684
6a7bbb465c7cd75eb8460e8e,laptops1,d806086da52b43f295ee0144a54afc81.jpg,d806086da52b43f295ee0144a54afc81,,C03,Laptops,HIGH,folder mapping: laptops1 -> Laptops,https://ik.imagekit.io/0iaahkrcv/laptops1/Laptops%20_%20Nairobi%20Computer%20Shop%20(2)/d806086da52b43f295ee0144a54afc81.jpg?updatedAt=1786493766681
6a7bbb465c7cd75eb8460ef0,laptops1,d806086da52b43f295ee0144a54afc81@2x.jpg,d806086da52b43f295ee0144a54afc81@2x,,C03,Laptops,HIGH,folder mapping: laptops1 -> Laptops,https://ik.imagekit.io/0iaahkrcv/laptops1/Laptops%20_%20Nairobi%20Computer%20Shop%20(2)/d806086da52b43f295ee0144a54afc81@2x.jpg?updatedAt=1786493767049
6a7bbb485c7cd75eb8463746,laptops1,db58f144cb0a45a4045f983ba0056ca0.jpg,db58f144cb0a45a4045f983ba0056ca0,,C03,Laptops,HIGH,folder mapping: laptops1 -> Laptops,https://ik.imagekit.io/0iaahkrcv/laptops1/Laptops%20_%20Nairobi%20Computer%20Shop%20(2)/db58f144cb0a45a4045f983ba0056ca0.jpg?updatedAt=1786493769392
6a7bbb485c7cd75eb8463761,laptops1,db58f144cb0a45a4045f983ba0056ca0@2x.jpg,db58f144cb0a45a4045f983ba0056ca0@2x,,C03,Laptops,HIGH,folder mapping: laptops1 -> Laptops,https://ik.imagekit.io/0iaahkrcv/laptops1/Laptops%20_%20Nairobi%20Computer%20Shop%20(2)/db58f144cb0a45a4045f983ba0056ca0@2x.jpg?updatedAt=1786493769395
6a7bbb525c7cd75eb846cedd,laptops1,dbbf9ef63d5f91ceaaf010b94624ed58.jpg,dbbf9ef63d5f91ceaaf010b94624ed58,,C03,Laptops,HIGH,folder mapping: laptops1 -> Laptops,https://ik.imagekit.io/0iaahkrcv/laptops1/Laptops%20_%20Nairobi%20Computer%20Shop%20(2)/dbbf9ef63d5f91ceaaf010b94624ed58.jpg?updatedAt=1786493779440
6a7bbb525c7cd75eb846cf2e,laptops1,dbbf9ef63d5f91ceaaf010b94624ed58@2x.jpg,dbbf9ef63d5f91ceaaf010b94624ed58@2x,,C03,Laptops,HIGH,folder mapping: laptops1 -> Laptops,https://ik.imagekit.io/0iaahkrcv/laptops1/Laptops%20_%20Nairobi%20Computer%20Shop%20(2)/dbbf9ef63d5f91ceaaf010b94624ed58@2x.jpg?updatedAt=1786493779472
6a7bbb525c7cd75eb846cf18,laptops1,dc5c6c407c4c25b44b5830711fdd15a7.jpg,dc5c6c407c4c25b44b5830711fdd15a7,,C03,Laptops,HIGH,folder mapping: laptops1 -> Laptops,https://ik.imagekit.io/0iaahkrcv/laptops1/Laptops%20_%20Nairobi%20Computer%20Shop%20(2)/dc5c6c407c4c25b44b5830711fdd15a7.jpg?updatedAt=1786493779463
6a7bbb535c7cd75eb846d458,laptops1,dc5c6c407c4c25b44b5830711fdd15a7@2x.jpg,dc5c6c407c4c25b44b5830711fdd15a7@2x,,C03,Laptops,HIGH,folder mapping: laptops1 -> Laptops,https://ik.imagekit.io/0iaahkrcv/laptops1/Laptops%20_%20Nairobi%20Computer%20Shop%20(2)/dc5c6c407c4c25b44b5830711fdd15a7@2x.jpg?updatedAt=1786493779886
6a7bbb535c7cd75eb846d157,laptops1,dedcaccdbf80c3fb53760e071d1ad623.jpg,dedcaccdbf80c3fb53760e071d1ad623,,C03,Laptops,HIGH,folder mapping: laptops1 -> Laptops,https://ik.imagekit.io/0iaahkrcv/laptops1/Laptops%20_%20Nairobi%20Computer%20Shop%20(2)/dedcaccdbf80c3fb53760e071d1ad623.jpg?updatedAt=1786493779697
6a7bbb535c7cd75eb846d366,laptops1,dedcaccdbf80c3fb53760e071d1ad623@2x.jpg,dedcaccdbf80c3fb53760e071d1ad623@2x,,C03,Laptops,HIGH,folder mapping: laptops1 -> Laptops,https://ik.imagekit.io/0iaahkrcv/laptops1/Laptops%20_%20Nairobi%20Computer%20Shop%20(2)/dedcaccdbf80c3fb53760e071d1ad623@2x.jpg?updatedAt=1786493779872
6a7bbb535c7cd75eb846d9cf,laptops1,default (1).svg,default,,C03,Laptops,HIGH,folder mapping: laptops1 -> Laptops,https://ik.imagekit.io/0iaahkrcv/laptops1/Laptops%20_%20Nairobi%20Computer%20Shop%20(2)/default%20(1).svg?updatedAt=1786493780133
6a7bbb535c7cd75eb846da57,laptops1,default (2).svg,default,,C03,Laptops,HIGH,folder mapping: laptops1 -> Laptops,https://ik.imagekit.io/0iaahkrcv/laptops1/Laptops%20_%20Nairobi%20Computer%20Shop%20(2)/default%20(2).svg?updatedAt=1786493780170
6a7bbb535c7cd75eb846da21,laptops1,default (3).svg,default,,C03,Laptops,HIGH,folder mapping: laptops1 -> Laptops,https://ik.imagekit.io/0iaahkrcv/laptops1/Laptops%20_%20Nairobi%20Computer%20Shop%20(2)/default%20(3).svg?updatedAt=1786493780165
6a7bbb535c7cd75eb846d9fa,laptops1,default (4).svg,default,,C03,Laptops,HIGH,folder mapping: laptops1 -> Laptops,https://ik.imagekit.io/0iaahkrcv/laptops1/Laptops%20_%20Nairobi%20Computer%20Shop%20(2)/default%20(4).svg?updatedAt=1786493780144
6a7bbb535c7cd75eb846da51,laptops1,default.svg,default,,C03,Laptops,HIGH,folder mapping: laptops1 -> Laptops,https://ik.imagekit.io/0iaahkrcv/laptops1/Laptops%20_%20Nairobi%20Computer%20Shop%20(2)/default.svg?updatedAt=1786493780195
6a7bbb535c7cd75eb846db07,laptops1,e45fef374bf9b2c9a048012312c72cd2.jpg,e45fef374bf9b2c9a048012312c72cd2,,C03,Laptops,HIGH,folder mapping: laptops1 -> Laptops,https://ik.imagekit.io/0iaahkrcv/laptops1/Laptops%20_%20Nairobi%20Computer%20Shop%20(2)/e45fef374bf9b2c9a048012312c72cd2.jpg?updatedAt=1786493780157
6a7bbb535c7cd75eb846deb8,laptops1,e45fef374bf9b2c9a048012312c72cd2@2x.jpg,e45fef374bf9b2c9a048012312c72cd2@2x,,C03,Laptops,HIGH,folder mapping: laptops1 -> Laptops,https://ik.imagekit.io/0iaahkrcv/laptops1/Laptops%20_%20Nairobi%20Computer%20Shop%20(2)/e45fef374bf9b2c9a048012312c72cd2@2x.jpg?updatedAt=1786493780294
6a7bbb535c7cd75eb846dc0d,laptops1,e53dd9b5307d446b84698119aa7edeb1.jpg,e53dd9b5307d446b84698119aa7edeb1,,C03,Laptops,HIGH,folder mapping: laptops1 -> Laptops,https://ik.imagekit.io/0iaahkrcv/laptops1/Laptops%20_%20Nairobi%20Computer%20Shop%20(2)/e53dd9b5307d446b84698119aa7edeb1.jpg?updatedAt=1786493780189
6a7bbb535c7cd75eb846deb4,laptops1,e53dd9b5307d446b84698119aa7edeb1@2x.jpg,e53dd9b5307d446b84698119aa7edeb1@2x,,C03,Laptops,HIGH,folder mapping: laptops1 -> Laptops,https://ik.imagekit.io/0iaahkrcv/laptops1/Laptops%20_%20Nairobi%20Computer%20Shop%20(2)/e53dd9b5307d446b84698119aa7edeb1@2x.jpg?updatedAt=1786493780284
6a7bbb535c7cd75eb846dee5,laptops1,ea7178ea6a7813472c08b9385d502b0f.jpg,ea7178ea6a7813472c08b9385d502b0f,,C03,Laptops,HIGH,folder mapping: laptops1 -> Laptops,https://ik.imagekit.io/0iaahkrcv/laptops1/Laptops%20_%20Nairobi%20Computer%20Shop%20(2)/ea7178ea6a7813472c08b9385d502b0f.jpg?updatedAt=1786493780385
6a7bbb555c7cd75eb846fc64,laptops1,ea7178ea6a7813472c08b9385d502b0f@2x.jpg,ea7178ea6a7813472c08b9385d502b0f@2x,,C03,Laptops,HIGH,folder mapping: laptops1 -> Laptops,https://ik.imagekit.io/0iaahkrcv/laptops1/Laptops%20_%20Nairobi%20Computer%20Shop%20(2)/ea7178ea6a7813472c08b9385d502b0f@2x.jpg?updatedAt=1786493782230
6a7bbb545c7cd75eb846df61,laptops1,ebe5127b2b586c1dd80cd36664205264.jpg,ebe5127b2b586c1dd80cd36664205264,,C03,Laptops,HIGH,folder mapping: laptops1 -> Laptops,https://ik.imagekit.io/0iaahkrcv/laptops1/Laptops%20_%20Nairobi%20Computer%20Shop%20(2)/ebe5127b2b586c1dd80cd36664205264.jpg?updatedAt=1786493780488
6a7bbb555c7cd75eb846fd3d,laptops1,ebe5127b2b586c1dd80cd36664205264@2x.jpg,ebe5127b2b586c1dd80cd36664205264@2x,,C03,Laptops,HIGH,folder mapping: laptops1 -> Laptops,https://ik.imagekit.io/0iaahkrcv/laptops1/Laptops%20_%20Nairobi%20Computer%20Shop%20(2)/ebe5127b2b586c1dd80cd36664205264@2x.jpg?updatedAt=1786493782260
6a7bbb535c7cd75eb846debf,laptops1,eded263db33e4811acde7bd867445bdc.jpg,eded263db33e4811acde7bd867445bdc,,C03,Laptops,HIGH,folder mapping: laptops1 -> Laptops,https://ik.imagekit.io/0iaahkrcv/laptops1/Laptops%20_%20Nairobi%20Computer%20Shop%20(2)/eded263db33e4811acde7bd867445bdc.jpg?updatedAt=1786493780323
6a7bbb565c7cd75eb8470ab3,laptops1,eded263db33e4811acde7bd867445bdc@2x.jpg,eded263db33e4811acde7bd867445bdc@2x,,C03,Laptops,HIGH,folder mapping: laptops1 -> Laptops,https://ik.imagekit.io/0iaahkrcv/laptops1/Laptops%20_%20Nairobi%20Computer%20Shop%20(2)/eded263db33e4811acde7bd867445bdc@2x.jpg?updatedAt=1786493783165
6a7bbb545c7cd75eb846dfdf,laptops1,f0f78588d33ed44e6d2384eb05427026.jpg,f0f78588d33ed44e6d2384eb05427026,,C03,Laptops,HIGH,folder mapping: laptops1 -> Laptops,https://ik.imagekit.io/0iaahkrcv/laptops1/Laptops%20_%20Nairobi%20Computer%20Shop%20(2)/f0f78588d33ed44e6d2384eb05427026.jpg?updatedAt=1786493780627
6a7bbb565c7cd75eb8470e2e,laptops1,f0f78588d33ed44e6d2384eb05427026@2x.jpg,f0f78588d33ed44e6d2384eb05427026@2x,,C03,Laptops,HIGH,folder mapping: laptops1 -> Laptops,https://ik.imagekit.io/0iaahkrcv/laptops1/Laptops%20_%20Nairobi%20Computer%20Shop%20(2)/f0f78588d33ed44e6d2384eb05427026@2x.jpg?updatedAt=1786493783380
6a7bbb555c7cd75eb846fd2f,laptops1,f32878edd045e055b846b8c355ae9fc5.jpg,f32878edd045e055b846b8c355ae9fc5,,C03,Laptops,HIGH,folder mapping: laptops1 -> Laptops,https://ik.imagekit.io/0iaahkrcv/laptops1/Laptops%20_%20Nairobi%20Computer%20Shop%20(2)/f32878edd045e055b846b8c355ae9fc5.jpg?updatedAt=1786493782263
6a7bbb575c7cd75eb847152c,laptops1,f32878edd045e055b846b8c355ae9fc5@2x.jpg,f32878edd045e055b846b8c355ae9fc5@2x,,C03,Laptops,HIGH,folder mapping: laptops1 -> Laptops,https://ik.imagekit.io/0iaahkrcv/laptops1/Laptops%20_%20Nairobi%20Computer%20Shop%20(2)/f32878edd045e055b846b8c355ae9fc5@2x.jpg?updatedAt=1786493783749
6a7bbb555c7cd75eb8470120,laptops1,f37daba2564c3154a4b2aa3802bbb187.jpg,f37daba2564c3154a4b2aa3802bbb187,,C03,Laptops,HIGH,folder mapping: laptops1 -> Laptops,https://ik.imagekit.io/0iaahkrcv/laptops1/Laptops%20_%20Nairobi%20Computer%20Shop%20(2)/f37daba2564c3154a4b2aa3802bbb187.jpg?updatedAt=1786493782446
6a7bbb575c7cd75eb84714df,laptops1,f37daba2564c3154a4b2aa3802bbb187@2x.jpg,f37daba2564c3154a4b2aa3802bbb187@2x,,C03,Laptops,HIGH,folder mapping: laptops1 -> Laptops,https://ik.imagekit.io/0iaahkrcv/laptops1/Laptops%20_%20Nairobi%20Computer%20Shop%20(2)/f37daba2564c3154a4b2aa3802bbb187@2x.jpg?updatedAt=1786493783760
6a7bbb545c7cd75eb846e458,laptops1,fbec983192d1cccfc4fc84ddf0c28216.jpg,fbec983192d1cccfc4fc84ddf0c28216,,C03,Laptops,HIGH,folder mapping: laptops1 -> Laptops,https://ik.imagekit.io/0iaahkrcv/laptops1/Laptops%20_%20Nairobi%20Computer%20Shop%20(2)/fbec983192d1cccfc4fc84ddf0c28216.jpg?updatedAt=1786493780719
6a7bbb565c7cd75eb847103b,laptops1,fbec983192d1cccfc4fc84ddf0c28216@2x.jpg,fbec983192d1cccfc4fc84ddf0c28216@2x,,C03,Laptops,HIGH,folder mapping: laptops1 -> Laptops,https://ik.imagekit.io/0iaahkrcv/laptops1/Laptops%20_%20Nairobi%20Computer%20Shop%20(2)/fbec983192d1cccfc4fc84ddf0c28216@2x.jpg?updatedAt=1786493783489
6a7bbb575c7cd75eb8471781,laptops1,logo.svg,logo,,C03,Laptops,HIGH,folder mapping: laptops1 -> Laptops,https://ik.imagekit.io/0iaahkrcv/laptops1/Laptops%20_%20Nairobi%20Computer%20Shop%20(2)/logo.svg?updatedAt=1786493784188
6a7bbaff5c7cd75eb841dbee,laptops1,000a4f6bd48570af831b85b20058a2cf.jpg,000a4f6bd48570af831b85b20058a2cf,,C03,Laptops,HIGH,folder mapping: laptops1 -> Laptops,https://ik.imagekit.io/0iaahkrcv/laptops1/Laptops%20_%20Nairobi%20Computer%20Shop%20(3)/000a4f6bd48570af831b85b20058a2cf.jpg?updatedAt=1786493695745
6a7bbb035c7cd75eb8422f36,laptops1,000a4f6bd48570af831b85b20058a2cf@2x.jpg,000a4f6bd48570af831b85b20058a2cf@2x,,C03,Laptops,HIGH,folder mapping: laptops1 -> Laptops,https://ik.imagekit.io/0iaahkrcv/laptops1/Laptops%20_%20Nairobi%20Computer%20Shop%20(3)/000a4f6bd48570af831b85b20058a2cf@2x.jpg?updatedAt=1786493700417
6a7bbaff5c7cd75eb841e4b7,laptops1,058ba75a32d171c6b09b8b6383aa2612.jpg,058ba75a32d171c6b09b8b6383aa2612,,C03,Laptops,HIGH,folder mapping: laptops1 -> Laptops,https://ik.imagekit.io/0iaahkrcv/laptops1/Laptops%20_%20Nairobi%20Computer%20Shop%20(3)/058ba75a32d171c6b09b8b6383aa2612.jpg?updatedAt=1786493696040
6a7bbaff5c7cd75eb841e074,laptops1,058ba75a32d171c6b09b8b6383aa2612@2x.jpg,058ba75a32d171c6b09b8b6383aa2612@2x,,C03,Laptops,HIGH,folder mapping: laptops1 -> Laptops,https://ik.imagekit.io/0iaahkrcv/laptops1/Laptops%20_%20Nairobi%20Computer%20Shop%20(3)/058ba75a32d171c6b09b8b6383aa2612@2x.jpg?updatedAt=1786493695902
6a7bbaff5c7cd75eb841e8bc,laptops1,11c02ffde34067fec7090bbd6b05b67e.jpg,11c02ffde34067fec7090bbd6b05b67e,,C03,Laptops,HIGH,folder mapping: laptops1 -> Laptops,https://ik.imagekit.io/0iaahkrcv/laptops1/Laptops%20_%20Nairobi%20Computer%20Shop%20(3)/11c02ffde34067fec7090bbd6b05b67e.jpg?updatedAt=1786493696325
6a7bbb005c7cd75eb841f637,laptops1,11c02ffde34067fec7090bbd6b05b67e@2x.jpg,11c02ffde34067fec7090bbd6b05b67e@2x,,C03,Laptops,HIGH,folder mapping: laptops1 -> Laptops,https://ik.imagekit.io/0iaahkrcv/laptops1/Laptops%20_%20Nairobi%20Computer%20Shop%20(3)/11c02ffde34067fec7090bbd6b05b67e@2x.jpg?updatedAt=1786493697232
6a7bbaff5c7cd75eb841e1de,laptops1,170a4b747ca4942c043901aa53a6d107.jpg,170a4b747ca4942c043901aa53a6d107,,C03,Laptops,HIGH,folder mapping: laptops1 -> Laptops,https://ik.imagekit.io/0iaahkrcv/laptops1/Laptops%20_%20Nairobi%20Computer%20Shop%20(3)/170a4b747ca4942c043901aa53a6d107.jpg?updatedAt=1786493695988
6a7bbb035c7cd75eb8422f89,laptops1,170a4b747ca4942c043901aa53a6d107@2x.jpg,170a4b747ca4942c043901aa53a6d107@2x,,C03,Laptops,HIGH,folder mapping: laptops1 -> Laptops,https://ik.imagekit.io/0iaahkrcv/laptops1/Laptops%20_%20Nairobi%20Computer%20Shop%20(3)/170a4b747ca4942c043901aa53a6d107@2x.jpg?updatedAt=1786493700512
6a7bbaff5c7cd75eb841e268,laptops1,1795735fe61b540cdaef18228d55f206.jpg,1795735fe61b540cdaef18228d55f206,,C03,Laptops,HIGH,folder mapping: laptops1 -> Laptops,https://ik.imagekit.io/0iaahkrcv/laptops1/Laptops%20_%20Nairobi%20Computer%20Shop%20(3)/1795735fe61b540cdaef18228d55f206.jpg?updatedAt=1786493696011
6a7bbaff5c7cd75eb841db06,laptops1,1795735fe61b540cdaef18228d55f206@2x.jpg,1795735fe61b540cdaef18228d55f206@2x,,C03,Laptops,HIGH,folder mapping: laptops1 -> Laptops,https://ik.imagekit.io/0iaahkrcv/laptops1/Laptops%20_%20Nairobi%20Computer%20Shop%20(3)/1795735fe61b540cdaef18228d55f206@2x.jpg?updatedAt=1786493695542
6a7bbaff5c7cd75eb841dc28,laptops1,1ff35df32680997518b2c49e7bdf51a4.jpg,1ff35df32680997518b2c49e7bdf51a4,,C03,Laptops,HIGH,folder mapping: laptops1 -> Laptops,https://ik.imagekit.io/0iaahkrcv/laptops1/Laptops%20_%20Nairobi%20Computer%20Shop%20(3)/1ff35df32680997518b2c49e7bdf51a4.jpg?updatedAt=1786493696153
6a7bbb055c7cd75eb8424dcb,laptops1,1ff35df32680997518b2c49e7bdf51a4@2x.jpg,1ff35df32680997518b2c49e7bdf51a4@2x,,C03,Laptops,HIGH,folder mapping: laptops1 -> Laptops,https://ik.imagekit.io/0iaahkrcv/laptops1/Laptops%20_%20Nairobi%20Computer%20Shop%20(3)/1ff35df32680997518b2c49e7bdf51a4@2x.jpg?updatedAt=1786493702358
6a7bbaff5c7cd75eb841e727,laptops1,2337dd8908caf9a3594a44e3e71fbfac.jpg,2337dd8908caf9a3594a44e3e71fbfac,,C03,Laptops,HIGH,folder mapping: laptops1 -> Laptops,https://ik.imagekit.io/0iaahkrcv/laptops1/Laptops%20_%20Nairobi%20Computer%20Shop%20(3)/2337dd8908caf9a3594a44e3e71fbfac.jpg?updatedAt=1786493696214
6a7bbb055c7cd75eb8424d43,laptops1,2337dd8908caf9a3594a44e3e71fbfac@2x.jpg,2337dd8908caf9a3594a44e3e71fbfac@2x,,C03,Laptops,HIGH,folder mapping: laptops1 -> Laptops,https://ik.imagekit.io/0iaahkrcv/laptops1/Laptops%20_%20Nairobi%20Computer%20Shop%20(3)/2337dd8908caf9a3594a44e3e71fbfac@2x.jpg?updatedAt=1786493702250
6a7bbb005c7cd75eb841f632,laptops1,2758b3c30523da7e2dc7a598f13653f0.jpg,2758b3c30523da7e2dc7a598f13653f0,,C03,Laptops,HIGH,folder mapping: laptops1 -> Laptops,https://ik.imagekit.io/0iaahkrcv/laptops1/Laptops%20_%20Nairobi%20Computer%20Shop%20(3)/2758b3c30523da7e2dc7a598f13653f0.jpg?updatedAt=1786493697264
6a7bbb035c7cd75eb8422b8a,laptops1,2758b3c30523da7e2dc7a598f13653f0@2x.jpg,2758b3c30523da7e2dc7a598f13653f0@2x,,C03,Laptops,HIGH,folder mapping: laptops1 -> Laptops,https://ik.imagekit.io/0iaahkrcv/laptops1/Laptops%20_%20Nairobi%20Computer%20Shop%20(3)/2758b3c30523da7e2dc7a598f13653f0@2x.jpg?updatedAt=1786493700209
6a7bbb005c7cd75eb841f62d,laptops1,31539135d6fece0885abd34dcd2e076b.jpg,31539135d6fece0885abd34dcd2e076b,,C03,Laptops,HIGH,folder mapping: laptops1 -> Laptops,https://ik.imagekit.io/0iaahkrcv/laptops1/Laptops%20_%20Nairobi%20Computer%20Shop%20(3)/31539135d6fece0885abd34dcd2e076b.jpg?updatedAt=1786493697226
6a7bbb045c7cd75eb8422fbf,laptops1,31539135d6fece0885abd34dcd2e076b@2x.jpg,31539135d6fece0885abd34dcd2e076b@2x,,C03,Laptops,HIGH,folder mapping: laptops1 -> Laptops,https://ik.imagekit.io/0iaahkrcv/laptops1/Laptops%20_%20Nairobi%20Computer%20Shop%20(3)/31539135d6fece0885abd34dcd2e076b@2x.jpg?updatedAt=1786493700587
6a7bbaff5c7cd75eb841e71f,laptops1,32e14785a6c98ee8e4c22de3f515cac0.jpg,32e14785a6c98ee8e4c22de3f515cac0,,C03,Laptops,HIGH,folder mapping: laptops1 -> Laptops,https://ik.imagekit.io/0iaahkrcv/laptops1/Laptops%20_%20Nairobi%20Computer%20Shop%20(3)/32e14785a6c98ee8e4c22de3f515cac0.jpg?updatedAt=1786493696220
6a7bbb045c7cd75eb84231bb,laptops1,32e14785a6c98ee8e4c22de3f515cac0@2x.jpg,32e14785a6c98ee8e4c22de3f515cac0@2x,,C03,Laptops,HIGH,folder mapping: laptops1 -> Laptops,https://ik.imagekit.io/0iaahkrcv/laptops1/Laptops%20_%20Nairobi%20Computer%20Shop%20(3)/32e14785a6c98ee8e4c22de3f515cac0@2x.jpg?updatedAt=1786493700705
6a7bbb005c7cd75eb841f60b,laptops1,3c890baf67527b832a6574d8600d7f5e.jpg,3c890baf67527b832a6574d8600d7f5e,,C03,Laptops,HIGH,folder mapping: laptops1 -> Laptops,https://ik.imagekit.io/0iaahkrcv/laptops1/Laptops%20_%20Nairobi%20Computer%20Shop%20(3)/3c890baf67527b832a6574d8600d7f5e.jpg?updatedAt=1786493697265
6a7bbb065c7cd75eb8425d0a,laptops1,3c890baf67527b832a6574d8600d7f5e@2x.jpg,3c890baf67527b832a6574d8600d7f5e@2x,,C03,Laptops,HIGH,folder mapping: laptops1 -> Laptops,https://ik.imagekit.io/0iaahkrcv/laptops1/Laptops%20_%20Nairobi%20Computer%20Shop%20(3)/3c890baf67527b832a6574d8600d7f5e@2x.jpg?updatedAt=1786493703023
6a7bbb045c7cd75eb84234ca,laptops1,3d645722b6a0cb7b75e8ab15d3e9aeed.jpg,3d645722b6a0cb7b75e8ab15d3e9aeed,,C03,Laptops,HIGH,folder mapping: laptops1 -> Laptops,https://ik.imagekit.io/0iaahkrcv/laptops1/Laptops%20_%20Nairobi%20Computer%20Shop%20(3)/3d645722b6a0cb7b75e8ab15d3e9aeed.jpg?updatedAt=1786493700793
6a7bbb065c7cd75eb84251f4,laptops1,3d645722b6a0cb7b75e8ab15d3e9aeed@2x.jpg,3d645722b6a0cb7b75e8ab15d3e9aeed@2x,,C03,Laptops,HIGH,folder mapping: laptops1 -> Laptops,https://ik.imagekit.io/0iaahkrcv/laptops1/Laptops%20_%20Nairobi%20Computer%20Shop%20(3)/3d645722b6a0cb7b75e8ab15d3e9aeed@2x.jpg?updatedAt=1786493702642
6a7bbb025c7cd75eb842116c,laptops1,40687a0a81ff3370ea0ba5e90e7fc8fc.jpg,40687a0a81ff3370ea0ba5e90e7fc8fc,,C03,Laptops,HIGH,folder mapping: laptops1 -> Laptops,https://ik.imagekit.io/0iaahkrcv/laptops1/Laptops%20_%20Nairobi%20Computer%20Shop%20(3)/40687a0a81ff3370ea0ba5e90e7fc8fc.jpg?updatedAt=1786493698585
6a7bbb055c7cd75eb8424d48,laptops1,40687a0a81ff3370ea0ba5e90e7fc8fc@2x.jpg,40687a0a81ff3370ea0ba5e90e7fc8fc@2x,,C03,Laptops,HIGH,folder mapping: laptops1 -> Laptops,https://ik.imagekit.io/0iaahkrcv/laptops1/Laptops%20_%20Nairobi%20Computer%20Shop%20(3)/40687a0a81ff3370ea0ba5e90e7fc8fc@2x.jpg?updatedAt=1786493702295
6a7bbb025c7cd75eb8421fee,laptops1,41ca9205b911165877ba32d8de40dc6d.jpg,41ca9205b911165877ba32d8de40dc6d,,C03,Laptops,HIGH,folder mapping: laptops1 -> Laptops,https://ik.imagekit.io/0iaahkrcv/laptops1/Laptops%20_%20Nairobi%20Computer%20Shop%20(3)/41ca9205b911165877ba32d8de40dc6d.jpg?updatedAt=1786493699519
6a7bbb055c7cd75eb8424d5a,laptops1,41ca9205b911165877ba32d8de40dc6d@2x.jpg,41ca9205b911165877ba32d8de40dc6d@2x,,C03,Laptops,HIGH,folder mapping: laptops1 -> Laptops,https://ik.imagekit.io/0iaahkrcv/laptops1/Laptops%20_%20Nairobi%20Computer%20Shop%20(3)/41ca9205b911165877ba32d8de40dc6d@2x.jpg?updatedAt=1786493702291
6a7bbb035c7cd75eb84220e0,laptops1,4c2dbe36853cfb4a457b357711e5519d.jpg,4c2dbe36853cfb4a457b357711e5519d,,C03,Laptops,HIGH,folder mapping: laptops1 -> Laptops,https://ik.imagekit.io/0iaahkrcv/laptops1/Laptops%20_%20Nairobi%20Computer%20Shop%20(3)/4c2dbe36853cfb4a457b357711e5519d.jpg?updatedAt=1786493699609
6a7bbb055c7cd75eb8424d4b,laptops1,4c2dbe36853cfb4a457b357711e5519d@2x.jpg,4c2dbe36853cfb4a457b357711e5519d@2x,,C03,Laptops,HIGH,folder mapping: laptops1 -> Laptops,https://ik.imagekit.io/0iaahkrcv/laptops1/Laptops%20_%20Nairobi%20Computer%20Shop%20(3)/4c2dbe36853cfb4a457b357711e5519d@2x.jpg?updatedAt=1786493702298
6a7bbb025c7cd75eb8421a7d,laptops1,66b1dba56423d90c95b7f1035050a1ca.jpg,66b1dba56423d90c95b7f1035050a1ca,,C03,Laptops,HIGH,folder mapping: laptops1 -> Laptops,https://ik.imagekit.io/0iaahkrcv/laptops1/Laptops%20_%20Nairobi%20Computer%20Shop%20(3)/66b1dba56423d90c95b7f1035050a1ca.jpg?updatedAt=1786493699732
6a7bbb005c7cd75eb841f63e,laptops1,66b1dba56423d90c95b7f1035050a1ca@2x.jpg,66b1dba56423d90c95b7f1035050a1ca@2x,,C03,Laptops,HIGH,folder mapping: laptops1 -> Laptops,https://ik.imagekit.io/0iaahkrcv/laptops1/Laptops%20_%20Nairobi%20Computer%20Shop%20(3)/66b1dba56423d90c95b7f1035050a1ca@2x.jpg?updatedAt=1786493697271
6a7bbb035c7cd75eb8422112,laptops1,6e7e90166df0df7c7f285635ff962345.jpg,6e7e90166df0df7c7f285635ff962345,,C03,Laptops,HIGH,folder mapping: laptops1 -> Laptops,https://ik.imagekit.io/0iaahkrcv/laptops1/Laptops%20_%20Nairobi%20Computer%20Shop%20(3)/6e7e90166df0df7c7f285635ff962345.jpg?updatedAt=1786493699733
6a7bbb005c7cd75eb841f640,laptops1,6e7e90166df0df7c7f285635ff962345@2x.jpg,6e7e90166df0df7c7f285635ff962345@2x,,C03,Laptops,HIGH,folder mapping: laptops1 -> Laptops,https://ik.imagekit.io/0iaahkrcv/laptops1/Laptops%20_%20Nairobi%20Computer%20Shop%20(3)/6e7e90166df0df7c7f285635ff962345@2x.jpg?updatedAt=1786493697232
6a7bbb015c7cd75eb8420447,laptops1,6ec16b9360953b9925c0cd1efc03f989.jpg,6ec16b9360953b9925c0cd1efc03f989,,C03,Laptops,HIGH,folder mapping: laptops1 -> Laptops,https://ik.imagekit.io/0iaahkrcv/laptops1/Laptops%20_%20Nairobi%20Computer%20Shop%20(3)/6ec16b9360953b9925c0cd1efc03f989.jpg?updatedAt=1786493697984
6a7bbb055c7cd75eb8424b4f,laptops1,6ec16b9360953b9925c0cd1efc03f989@2x.jpg,6ec16b9360953b9925c0cd1efc03f989@2x,,C03,Laptops,HIGH,folder mapping: laptops1 -> Laptops,https://ik.imagekit.io/0iaahkrcv/laptops1/Laptops%20_%20Nairobi%20Computer%20Shop%20(3)/6ec16b9360953b9925c0cd1efc03f989@2x.jpg?updatedAt=1786493702068
6a7bbb025c7cd75eb8421179,laptops1,77fdd700e55be5137221ae4a2a3d389f.jpg,77fdd700e55be5137221ae4a2a3d389f,,C03,Laptops,HIGH,folder mapping: laptops1 -> Laptops,https://ik.imagekit.io/0iaahkrcv/laptops1/Laptops%20_%20Nairobi%20Computer%20Shop%20(3)/77fdd700e55be5137221ae4a2a3d389f.jpg?updatedAt=1786493698582
6a7bbb055c7cd75eb8424e37,laptops1,77fdd700e55be5137221ae4a2a3d389f@2x.jpg,77fdd700e55be5137221ae4a2a3d389f@2x,,C03,Laptops,HIGH,folder mapping: laptops1 -> Laptops,https://ik.imagekit.io/0iaahkrcv/laptops1/Laptops%20_%20Nairobi%20Computer%20Shop%20(3)/77fdd700e55be5137221ae4a2a3d389f@2x.jpg?updatedAt=1786493702521
6a7bbb015c7cd75eb8420c98,laptops1,7c42f74371c8b184f806f89862ed9bc5.jpg,7c42f74371c8b184f806f89862ed9bc5,,C03,Laptops,HIGH,folder mapping: laptops1 -> Laptops,https://ik.imagekit.io/0iaahkrcv/laptops1/Laptops%20_%20Nairobi%20Computer%20Shop%20(3)/7c42f74371c8b184f806f89862ed9bc5.jpg?updatedAt=1786493698334
6a7bbb045c7cd75eb8423829,laptops1,7c42f74371c8b184f806f89862ed9bc5@2x.jpg,7c42f74371c8b184f806f89862ed9bc5@2x,,C03,Laptops,HIGH,folder mapping: laptops1 -> Laptops,https://ik.imagekit.io/0iaahkrcv/laptops1/Laptops%20_%20Nairobi%20Computer%20Shop%20(3)/7c42f74371c8b184f806f89862ed9bc5@2x.jpg?updatedAt=1786493700920
6a7bbb025c7cd75eb8421b37,laptops1,815aca503de093b0756f8b1fd8ab6607.jpg,815aca503de093b0756f8b1fd8ab6607,,C03,Laptops,HIGH,folder mapping: laptops1 -> Laptops,https://ik.imagekit.io/0iaahkrcv/laptops1/Laptops%20_%20Nairobi%20Computer%20Shop%20(3)/815aca503de093b0756f8b1fd8ab6607.jpg?updatedAt=1786493699208
6a7bbb045c7cd75eb8423e50,laptops1,815aca503de093b0756f8b1fd8ab6607@2x.jpg,815aca503de093b0756f8b1fd8ab6607@2x,,C03,Laptops,HIGH,folder mapping: laptops1 -> Laptops,https://ik.imagekit.io/0iaahkrcv/laptops1/Laptops%20_%20Nairobi%20Computer%20Shop%20(3)/815aca503de093b0756f8b1fd8ab6607@2x.jpg?updatedAt=1786493701263
6a7bbb015c7cd75eb8420594,laptops1,8d2a5e4976dbe74fa541870be43009fb.jpg,8d2a5e4976dbe74fa541870be43009fb,,C03,Laptops,HIGH,folder mapping: laptops1 -> Laptops,https://ik.imagekit.io/0iaahkrcv/laptops1/Laptops%20_%20Nairobi%20Computer%20Shop%20(3)/8d2a5e4976dbe74fa541870be43009fb.jpg?updatedAt=1786493698108
6a7bbb045c7cd75eb84236a1,laptops1,8d2a5e4976dbe74fa541870be43009fb@2x.jpg,8d2a5e4976dbe74fa541870be43009fb@2x,,C03,Laptops,HIGH,folder mapping: laptops1 -> Laptops,https://ik.imagekit.io/0iaahkrcv/laptops1/Laptops%20_%20Nairobi%20Computer%20Shop%20(3)/8d2a5e4976dbe74fa541870be43009fb@2x.jpg?updatedAt=1786493700873
6a7bbb025c7cd75eb8421ca9,laptops1,9327ccd583737a5ab4b54c9f83546bf6.jpg,9327ccd583737a5ab4b54c9f83546bf6,,C03,Laptops,HIGH,folder mapping: laptops1 -> Laptops,https://ik.imagekit.io/0iaahkrcv/laptops1/Laptops%20_%20Nairobi%20Computer%20Shop%20(3)/9327ccd583737a5ab4b54c9f83546bf6.jpg?updatedAt=1786493699281
6a7bbb055c7cd75eb8424554,laptops1,9327ccd583737a5ab4b54c9f83546bf6@2x.jpg,9327ccd583737a5ab4b54c9f83546bf6@2x,,C03,Laptops,HIGH,folder mapping: laptops1 -> Laptops,https://ik.imagekit.io/0iaahkrcv/laptops1/Laptops%20_%20Nairobi%20Computer%20Shop%20(3)/9327ccd583737a5ab4b54c9f83546bf6@2x.jpg?updatedAt=1786493701857
6a7bbb015c7cd75eb8420b5a,laptops1,aaa08151dcffb69ffe04e848a962b132.jpg,aaa08151dcffb69ffe04e848a962b132,,C03,Laptops,HIGH,folder mapping: laptops1 -> Laptops,https://ik.imagekit.io/0iaahkrcv/laptops1/Laptops%20_%20Nairobi%20Computer%20Shop%20(3)/aaa08151dcffb69ffe04e848a962b132.jpg?updatedAt=1786493698324
6a7bbb055c7cd75eb8424e00,laptops1,aaa08151dcffb69ffe04e848a962b132@2x.jpg,aaa08151dcffb69ffe04e848a962b132@2x,,C03,Laptops,HIGH,folder mapping: laptops1 -> Laptops,https://ik.imagekit.io/0iaahkrcv/laptops1/Laptops%20_%20Nairobi%20Computer%20Shop%20(3)/aaa08151dcffb69ffe04e848a962b132@2x.jpg?updatedAt=1786493702457
6a7bbb035c7cd75eb84225af,laptops1,ab755482965c8bca98fd48c97c8fd77b.jpg,ab755482965c8bca98fd48c97c8fd77b,,C03,Laptops,HIGH,folder mapping: laptops1 -> Laptops,https://ik.imagekit.io/0iaahkrcv/laptops1/Laptops%20_%20Nairobi%20Computer%20Shop%20(3)/ab755482965c8bca98fd48c97c8fd77b.jpg?updatedAt=1786493699963
6a7bbb065c7cd75eb8424f44,laptops1,ab755482965c8bca98fd48c97c8fd77b@2x.jpg,ab755482965c8bca98fd48c97c8fd77b@2x,,C03,Laptops,HIGH,folder mapping: laptops1 -> Laptops,https://ik.imagekit.io/0iaahkrcv/laptops1/Laptops%20_%20Nairobi%20Computer%20Shop%20(3)/ab755482965c8bca98fd48c97c8fd77b@2x.jpg?updatedAt=1786493702552
6a7bbb025c7cd75eb84212fa,laptops1,ce2b1178785792ad75e09770b7a9e715.jpg,ce2b1178785792ad75e09770b7a9e715,,C03,Laptops,HIGH,folder mapping: laptops1 -> Laptops,https://ik.imagekit.io/0iaahkrcv/laptops1/Laptops%20_%20Nairobi%20Computer%20Shop%20(3)/ce2b1178785792ad75e09770b7a9e715.jpg?updatedAt=1786493698860
6a7bbb055c7cd75eb8424e33,laptops1,ce2b1178785792ad75e09770b7a9e715@2x.jpg,ce2b1178785792ad75e09770b7a9e715@2x,,C03,Laptops,HIGH,folder mapping: laptops1 -> Laptops,https://ik.imagekit.io/0iaahkrcv/laptops1/Laptops%20_%20Nairobi%20Computer%20Shop%20(3)/ce2b1178785792ad75e09770b7a9e715@2x.jpg?updatedAt=1786493702498
6a7bbb025c7cd75eb8421829,laptops1,d1d22e487884667d03de7f15937ada9a.jpg,d1d22e487884667d03de7f15937ada9a,,C03,Laptops,HIGH,folder mapping: laptops1 -> Laptops,https://ik.imagekit.io/0iaahkrcv/laptops1/Laptops%20_%20Nairobi%20Computer%20Shop%20(3)/d1d22e487884667d03de7f15937ada9a.jpg?updatedAt=1786493699108
6a7bbb055c7cd75eb8424dfd,laptops1,d1d22e487884667d03de7f15937ada9a@2x.jpg,d1d22e487884667d03de7f15937ada9a@2x,,C03,Laptops,HIGH,folder mapping: laptops1 -> Laptops,https://ik.imagekit.io/0iaahkrcv/laptops1/Laptops%20_%20Nairobi%20Computer%20Shop%20(3)/d1d22e487884667d03de7f15937ada9a@2x.jpg?updatedAt=1786493702450
6a7bbb025c7cd75eb8421278,laptops1,d3a3b0819eee7f20e8c51937e4c52631.jpg,d3a3b0819eee7f20e8c51937e4c52631,,C03,Laptops,HIGH,folder mapping: laptops1 -> Laptops,https://ik.imagekit.io/0iaahkrcv/laptops1/Laptops%20_%20Nairobi%20Computer%20Shop%20(3)/d3a3b0819eee7f20e8c51937e4c52631.jpg?updatedAt=1786493698700
6a7bbb055c7cd75eb84244fd,laptops1,d3a3b0819eee7f20e8c51937e4c52631@2x.jpg,d3a3b0819eee7f20e8c51937e4c52631@2x,,C03,Laptops,HIGH,folder mapping: laptops1 -> Laptops,https://ik.imagekit.io/0iaahkrcv/laptops1/Laptops%20_%20Nairobi%20Computer%20Shop%20(3)/d3a3b0819eee7f20e8c51937e4c52631@2x.jpg?updatedAt=1786493701711
6a7bbb025c7cd75eb84214e9,laptops1,d56a06b70679b341aa809c944f0dfcce.jpg,d56a06b70679b341aa809c944f0dfcce,,C03,Laptops,HIGH,folder mapping: laptops1 -> Laptops,https://ik.imagekit.io/0iaahkrcv/laptops1/Laptops%20_%20Nairobi%20Computer%20Shop%20(3)/d56a06b70679b341aa809c944f0dfcce.jpg?updatedAt=1786493698923
6a7bbb015c7cd75eb84200ef,laptops1,d56a06b70679b341aa809c944f0dfcce@2x.jpg,d56a06b70679b341aa809c944f0dfcce@2x,,C03,Laptops,HIGH,folder mapping: laptops1 -> Laptops,https://ik.imagekit.io/0iaahkrcv/laptops1/Laptops%20_%20Nairobi%20Computer%20Shop%20(3)/d56a06b70679b341aa809c944f0dfcce@2x.jpg?updatedAt=1786493697660
6a7bbb025c7cd75eb8421ca1,laptops1,default (1).svg,default,,C03,Laptops,HIGH,folder mapping: laptops1 -> Laptops,https://ik.imagekit.io/0iaahkrcv/laptops1/Laptops%20_%20Nairobi%20Computer%20Shop%20(3)/default%20(1).svg?updatedAt=1786493699356
6a7bbb025c7cd75eb8421287,laptops1,default (2).svg,default,,C03,Laptops,HIGH,folder mapping: laptops1 -> Laptops,https://ik.imagekit.io/0iaahkrcv/laptops1/Laptops%20_%20Nairobi%20Computer%20Shop%20(3)/default%20(2).svg?updatedAt=1786493698830
6a7bbb025c7cd75eb8421ad3,laptops1,default (3).svg,default,,C03,Laptops,HIGH,folder mapping: laptops1 -> Laptops,https://ik.imagekit.io/0iaahkrcv/laptops1/Laptops%20_%20Nairobi%20Computer%20Shop%20(3)/default%20(3).svg?updatedAt=1786493699276
6a7bbb025c7cd75eb84212a7,laptops1,default (4).svg,default,,C03,Laptops,HIGH,folder mapping: laptops1 -> Laptops,https://ik.imagekit.io/0iaahkrcv/laptops1/Laptops%20_%20Nairobi%20Computer%20Shop%20(3)/default%20(4).svg?updatedAt=1786493698824
6a7bbb015c7cd75eb842044f,laptops1,default.svg,default,,C03,Laptops,HIGH,folder mapping: laptops1 -> Laptops,https://ik.imagekit.io/0iaahkrcv/laptops1/Laptops%20_%20Nairobi%20Computer%20Shop%20(3)/default.svg?updatedAt=1786493698072
6a7bbb025c7cd75eb8421f01,laptops1,e27d1654e9d353f8ad076fa152888160.jpg,e27d1654e9d353f8ad076fa152888160,,C03,Laptops,HIGH,folder mapping: laptops1 -> Laptops,https://ik.imagekit.io/0iaahkrcv/laptops1/Laptops%20_%20Nairobi%20Computer%20Shop%20(3)/e27d1654e9d353f8ad076fa152888160.jpg?updatedAt=1786493699425
6a7bbb055c7cd75eb8424d90,laptops1,e27d1654e9d353f8ad076fa152888160@2x.jpg,e27d1654e9d353f8ad076fa152888160@2x,,C03,Laptops,HIGH,folder mapping: laptops1 -> Laptops,https://ik.imagekit.io/0iaahkrcv/laptops1/Laptops%20_%20Nairobi%20Computer%20Shop%20(3)/e27d1654e9d353f8ad076fa152888160@2x.jpg?updatedAt=1786493702283
6a7bbb025c7cd75eb84217c9,laptops1,e2b29e8984f200dd7acd10f8b58b68ea.jpg,e2b29e8984f200dd7acd10f8b58b68ea,,C03,Laptops,HIGH,folder mapping: laptops1 -> Laptops,https://ik.imagekit.io/0iaahkrcv/laptops1/Laptops%20_%20Nairobi%20Computer%20Shop%20(3)/e2b29e8984f200dd7acd10f8b58b68ea.jpg?updatedAt=1786493699674
6a7bbb055c7cd75eb8424cee,laptops1,e2b29e8984f200dd7acd10f8b58b68ea@2x.jpg,e2b29e8984f200dd7acd10f8b58b68ea@2x,,C03,Laptops,HIGH,folder mapping: laptops1 -> Laptops,https://ik.imagekit.io/0iaahkrcv/laptops1/Laptops%20_%20Nairobi%20Computer%20Shop%20(3)/e2b29e8984f200dd7acd10f8b58b68ea@2x.jpg?updatedAt=1786493702233
6a7bbb035c7cd75eb84220f0,laptops1,e87ef047803491d6c6b645c79e04fe72.jpg,e87ef047803491d6c6b645c79e04fe72,,C03,Laptops,HIGH,folder mapping: laptops1 -> Laptops,https://ik.imagekit.io/0iaahkrcv/laptops1/Laptops%20_%20Nairobi%20Computer%20Shop%20(3)/e87ef047803491d6c6b645c79e04fe72.jpg?updatedAt=1786493699630
6a7bbb055c7cd75eb8424504,laptops1,e87ef047803491d6c6b645c79e04fe72@2x.jpg,e87ef047803491d6c6b645c79e04fe72@2x,,C03,Laptops,HIGH,folder mapping: laptops1 -> Laptops,https://ik.imagekit.io/0iaahkrcv/laptops1/Laptops%20_%20Nairobi%20Computer%20Shop%20(3)/e87ef047803491d6c6b645c79e04fe72@2x.jpg?updatedAt=1786493701749
6a7bbaff5c7cd75eb841e8b6,laptops1,ea2fa825704eacbcbe8b6a031becec68.jpg,ea2fa825704eacbcbe8b6a031becec68,,C03,Laptops,HIGH,folder mapping: laptops1 -> Laptops,https://ik.imagekit.io/0iaahkrcv/laptops1/Laptops%20_%20Nairobi%20Computer%20Shop%20(3)/ea2fa825704eacbcbe8b6a031becec68.jpg?updatedAt=1786493696324
6a7bbb055c7cd75eb8424c7e,laptops1,ea2fa825704eacbcbe8b6a031becec68@2x.jpg,ea2fa825704eacbcbe8b6a031becec68@2x,,C03,Laptops,HIGH,folder mapping: laptops1 -> Laptops,https://ik.imagekit.io/0iaahkrcv/laptops1/Laptops%20_%20Nairobi%20Computer%20Shop%20(3)/ea2fa825704eacbcbe8b6a031becec68@2x.jpg?updatedAt=1786493702169
6a7bbb045c7cd75eb8423b04,laptops1,ed819260c8353e1feb75a0a5b331387e.jpg,ed819260c8353e1feb75a0a5b331387e,,C03,Laptops,HIGH,folder mapping: laptops1 -> Laptops,https://ik.imagekit.io/0iaahkrcv/laptops1/Laptops%20_%20Nairobi%20Computer%20Shop%20(3)/ed819260c8353e1feb75a0a5b331387e.jpg?updatedAt=1786493701116
6a7bbb065c7cd75eb8425156,laptops1,ed819260c8353e1feb75a0a5b331387e@2x.jpg,ed819260c8353e1feb75a0a5b331387e@2x,,C03,Laptops,HIGH,folder mapping: laptops1 -> Laptops,https://ik.imagekit.io/0iaahkrcv/laptops1/Laptops%20_%20Nairobi%20Computer%20Shop%20(3)/ed819260c8353e1feb75a0a5b331387e@2x.jpg?updatedAt=1786493702594
6a7bbb005c7cd75eb841e97d,laptops1,f4d7a2dc2c4d5b96e54a5fdc9112ff32.jpg,f4d7a2dc2c4d5b96e54a5fdc9112ff32,,C03,Laptops,HIGH,folder mapping: laptops1 -> Laptops,https://ik.imagekit.io/0iaahkrcv/laptops1/Laptops%20_%20Nairobi%20Computer%20Shop%20(3)/f4d7a2dc2c4d5b96e54a5fdc9112ff32.jpg?updatedAt=1786493696491
6a7bbb055c7cd75eb8424cdc,laptops1,f4d7a2dc2c4d5b96e54a5fdc9112ff32@2x.jpg,f4d7a2dc2c4d5b96e54a5fdc9112ff32@2x,,C03,Laptops,HIGH,folder mapping: laptops1 -> Laptops,https://ik.imagekit.io/0iaahkrcv/laptops1/Laptops%20_%20Nairobi%20Computer%20Shop%20(3)/f4d7a2dc2c4d5b96e54a5fdc9112ff32@2x.jpg?updatedAt=1786493702179
6a7bbb005c7cd75eb841ecf9,laptops1,f9eb67323fcbefa2b7d41859bef2ee4f.jpg,f9eb67323fcbefa2b7d41859bef2ee4f,,C03,Laptops,HIGH,folder mapping: laptops1 -> Laptops,https://ik.imagekit.io/0iaahkrcv/laptops1/Laptops%20_%20Nairobi%20Computer%20Shop%20(3)/f9eb67323fcbefa2b7d41859bef2ee4f.jpg?updatedAt=1786493696647
6a7bbb055c7cd75eb8424817,laptops1,f9eb67323fcbefa2b7d41859bef2ee4f@2x.jpg,f9eb67323fcbefa2b7d41859bef2ee4f@2x,,C03,Laptops,HIGH,folder mapping: laptops1 -> Laptops,https://ik.imagekit.io/0iaahkrcv/laptops1/Laptops%20_%20Nairobi%20Computer%20Shop%20(3)/f9eb67323fcbefa2b7d41859bef2ee4f@2x.jpg?updatedAt=1786493701895
6a7bbb005c7cd75eb841f079,laptops1,fd690c123aa9a69d3440904815d48da8.jpg,fd690c123aa9a69d3440904815d48da8,,C03,Laptops,HIGH,folder mapping: laptops1 -> Laptops,https://ik.imagekit.io/0iaahkrcv/laptops1/Laptops%20_%20Nairobi%20Computer%20Shop%20(3)/fd690c123aa9a69d3440904815d48da8.jpg?updatedAt=1786493696753
6a7bbb055c7cd75eb8424d54,laptops1,fd690c123aa9a69d3440904815d48da8@2x.jpg,fd690c123aa9a69d3440904815d48da8@2x,,C03,Laptops,HIGH,folder mapping: laptops1 -> Laptops,https://ik.imagekit.io/0iaahkrcv/laptops1/Laptops%20_%20Nairobi%20Computer%20Shop%20(3)/fd690c123aa9a69d3440904815d48da8@2x.jpg?updatedAt=1786493702829
6a7bbb065c7cd75eb84254cd,laptops1,logo.svg,logo,,C03,Laptops,HIGH,folder mapping: laptops1 -> Laptops,https://ik.imagekit.io/0iaahkrcv/laptops1/Laptops%20_%20Nairobi%20Computer%20Shop%20(3)/logo.svg?updatedAt=1786493702824
6a7c21d55c7cd75eb836434e,Sound Bars,1 (1).jpg,1,,C08,Audio,HIGH,folder mapping: Sound Bars -> Audio,https://ik.imagekit.io/0iaahkrcv/Sound%20Bars/1%20(1).jpg?updatedAt=1786520021884
6a7c21d55c7cd75eb83644f2,Sound Bars,1.jpg,1,,C08,Audio,HIGH,folder mapping: Sound Bars -> Audio,https://ik.imagekit.io/0iaahkrcv/Sound%20Bars/1.jpg?updatedAt=1786520022043
6a7c21d55c7cd75eb8364207,Sound Bars,138x18 (1).png,138x18,,C08,Audio,HIGH,folder mapping: Sound Bars -> Audio,https://ik.imagekit.io/0iaahkrcv/Sound%20Bars/138x18%20(1).png?updatedAt=1786520021804
6a7c21d55c7cd75eb83646c3,Sound Bars,138x18 (2).png,138x18,,C08,Audio,HIGH,folder mapping: Sound Bars -> Audio,https://ik.imagekit.io/0iaahkrcv/Sound%20Bars/138x18%20(2).png?updatedAt=1786520022352
6a7c21d55c7cd75eb83641e0,Sound Bars,138x18.png,138x18,,C08,Audio,HIGH,folder mapping: Sound Bars -> Audio,https://ik.imagekit.io/0iaahkrcv/Sound%20Bars/138x18.png?updatedAt=1786520021794
6a7c21d55c7cd75eb836421e,Sound Bars,bot.5beef7d8 (1).svg,bot.5beef7d8,,C08,Audio,HIGH,folder mapping: Sound Bars -> Audio,https://ik.imagekit.io/0iaahkrcv/Sound%20Bars/bot.5beef7d8%20(1).svg?updatedAt=1786520021875
6a7c21d55c7cd75eb8364353,Sound Bars,bot.5beef7d8 (10).svg,bot.5beef7d8,,C08,Audio,HIGH,folder mapping: Sound Bars -> Audio,https://ik.imagekit.io/0iaahkrcv/Sound%20Bars/bot.5beef7d8%20(10).svg?updatedAt=1786520021953
6a7c21d55c7cd75eb836441a,Sound Bars,bot.5beef7d8 (2).svg,bot.5beef7d8,,C08,Audio,HIGH,folder mapping: Sound Bars -> Audio,https://ik.imagekit.io/0iaahkrcv/Sound%20Bars/bot.5beef7d8%20(2).svg?updatedAt=1786520022105
6a7c21d55c7cd75eb8364807,Sound Bars,bot.5beef7d8 (3).svg,bot.5beef7d8,,C08,Audio,HIGH,folder mapping: Sound Bars -> Audio,https://ik.imagekit.io/0iaahkrcv/Sound%20Bars/bot.5beef7d8%20(3).svg?updatedAt=1786520022417
6a7c21d65c7cd75eb8364b28,Sound Bars,bot.5beef7d8 (4).svg,bot.5beef7d8,,C08,Audio,HIGH,folder mapping: Sound Bars -> Audio,https://ik.imagekit.io/0iaahkrcv/Sound%20Bars/bot.5beef7d8%20(4).svg?updatedAt=1786520022697
6a7c21d55c7cd75eb836472e,Sound Bars,bot.5beef7d8 (5).svg,bot.5beef7d8,,C08,Audio,HIGH,folder mapping: Sound Bars -> Audio,https://ik.imagekit.io/0iaahkrcv/Sound%20Bars/bot.5beef7d8%20(5).svg?updatedAt=1786520022425
6a7c21d55c7cd75eb83643b6,Sound Bars,bot.5beef7d8 (6).svg,bot.5beef7d8,,C08,Audio,HIGH,folder mapping: Sound Bars -> Audio,https://ik.imagekit.io/0iaahkrcv/Sound%20Bars/bot.5beef7d8%20(6).svg?updatedAt=1786520022064
6a7c21d55c7cd75eb83649ad,Sound Bars,bot.5beef7d8 (7).svg,bot.5beef7d8,,C08,Audio,HIGH,folder mapping: Sound Bars -> Audio,https://ik.imagekit.io/0iaahkrcv/Sound%20Bars/bot.5beef7d8%20(7).svg?updatedAt=1786520022793
6a7c21d55c7cd75eb83643a0,Sound Bars,bot.5beef7d8 (8).svg,bot.5beef7d8,,C08,Audio,HIGH,folder mapping: Sound Bars -> Audio,https://ik.imagekit.io/0iaahkrcv/Sound%20Bars/bot.5beef7d8%20(8).svg?updatedAt=1786520022036
6a7c21d55c7cd75eb8364739,Sound Bars,bot.5beef7d8 (9).svg,bot.5beef7d8,,C08,Audio,HIGH,folder mapping: Sound Bars -> Audio,https://ik.imagekit.io/0iaahkrcv/Sound%20Bars/bot.5beef7d8%20(9).svg?updatedAt=1786520022317
6a7c21d55c7cd75eb83647ee,Sound Bars,bot.5beef7d8.svg,bot.5beef7d8,,C08,Audio,HIGH,folder mapping: Sound Bars -> Audio,https://ik.imagekit.io/0iaahkrcv/Sound%20Bars/bot.5beef7d8.svg?updatedAt=1786520022423
6a7c21d55c7cd75eb8364817,Sound Bars,download (1).svg,download,,C08,Audio,HIGH,folder mapping: Sound Bars -> Audio,https://ik.imagekit.io/0iaahkrcv/Sound%20Bars/download%20(1).svg?updatedAt=1786520022429
6a7c21d55c7cd75eb8364b18,Sound Bars,download (10).svg,download,,C08,Audio,HIGH,folder mapping: Sound Bars -> Audio,https://ik.imagekit.io/0iaahkrcv/Sound%20Bars/download%20(10).svg?updatedAt=1786520022643
6a7c21d55c7cd75eb83643be,Sound Bars,download (11).svg,download,,C08,Audio,HIGH,folder mapping: Sound Bars -> Audio,https://ik.imagekit.io/0iaahkrcv/Sound%20Bars/download%20(11).svg?updatedAt=1786520022095
6a7c21d55c7cd75eb83642a6,Sound Bars,download (12).svg,download,,C08,Audio,HIGH,folder mapping: Sound Bars -> Audio,https://ik.imagekit.io/0iaahkrcv/Sound%20Bars/download%20(12).svg?updatedAt=1786520021985
6a7c21d55c7cd75eb83647fa,Sound Bars,download (13).svg,download,,C08,Audio,HIGH,folder mapping: Sound Bars -> Audio,https://ik.imagekit.io/0iaahkrcv/Sound%20Bars/download%20(13).svg?updatedAt=1786520022387
6a7c21d55c7cd75eb83642bd,Sound Bars,download (14).svg,download,,C08,Audio,HIGH,folder mapping: Sound Bars -> Audio,https://ik.imagekit.io/0iaahkrcv/Sound%20Bars/download%20(14).svg?updatedAt=1786520022011
6a7c21d55c7cd75eb8364826,Sound Bars,download (15).svg,download,,C08,Audio,HIGH,folder mapping: Sound Bars -> Audio,https://ik.imagekit.io/0iaahkrcv/Sound%20Bars/download%20(15).svg?updatedAt=1786520022643
6a7c21d55c7cd75eb83641e3,Sound Bars,download (16).svg,download,,C08,Audio,HIGH,folder mapping: Sound Bars -> Audio,https://ik.imagekit.io/0iaahkrcv/Sound%20Bars/download%20(16).svg?updatedAt=1786520021814
6a7c21d55c7cd75eb8364801,Sound Bars,download (17).svg,download,,C08,Audio,HIGH,folder mapping: Sound Bars -> Audio,https://ik.imagekit.io/0iaahkrcv/Sound%20Bars/download%20(17).svg?updatedAt=1786520022392
6a7c21da5c7cd75eb8366e1c,Sound Bars,download (18).svg,download,,C08,Audio,HIGH,folder mapping: Sound Bars -> Audio,https://ik.imagekit.io/0iaahkrcv/Sound%20Bars/download%20(18).svg?updatedAt=1786520026987
6a7c21d95c7cd75eb8366409,Sound Bars,download (19).svg,download,,C08,Audio,HIGH,folder mapping: Sound Bars -> Audio,https://ik.imagekit.io/0iaahkrcv/Sound%20Bars/download%20(19).svg?updatedAt=1786520025639
6a7c21d55c7cd75eb83647d9,Sound Bars,download (2).svg,download,,C08,Audio,HIGH,folder mapping: Sound Bars -> Audio,https://ik.imagekit.io/0iaahkrcv/Sound%20Bars/download%20(2).svg?updatedAt=1786520022393
6a7c21d55c7cd75eb8364776,Sound Bars,download (20).svg,download,,C08,Audio,HIGH,folder mapping: Sound Bars -> Audio,https://ik.imagekit.io/0iaahkrcv/Sound%20Bars/download%20(20).svg?updatedAt=1786520022337
6a7c21d75c7cd75eb83655e5,Sound Bars,download (21).svg,download,,C08,Audio,HIGH,folder mapping: Sound Bars -> Audio,https://ik.imagekit.io/0iaahkrcv/Sound%20Bars/download%20(21).svg?updatedAt=1786520023950
6a7c21d75c7cd75eb83656ec,Sound Bars,download (3).svg,download,,C08,Audio,HIGH,folder mapping: Sound Bars -> Audio,https://ik.imagekit.io/0iaahkrcv/Sound%20Bars/download%20(3).svg?updatedAt=1786520024103
6a7c21d65c7cd75eb8364b79,Sound Bars,download (4).svg,download,,C08,Audio,HIGH,folder mapping: Sound Bars -> Audio,https://ik.imagekit.io/0iaahkrcv/Sound%20Bars/download%20(4).svg?updatedAt=1786520022891
6a7c21d75c7cd75eb8365906,Sound Bars,download (5).svg,download,,C08,Audio,HIGH,folder mapping: Sound Bars -> Audio,https://ik.imagekit.io/0iaahkrcv/Sound%20Bars/download%20(5).svg?updatedAt=1786520024390
6a7c21da5c7cd75eb8366c75,Sound Bars,download (6).svg,download,,C08,Audio,HIGH,folder mapping: Sound Bars -> Audio,https://ik.imagekit.io/0iaahkrcv/Sound%20Bars/download%20(6).svg?updatedAt=1786520026735
6a7c21d95c7cd75eb836664a,Sound Bars,download (7).svg,download,,C08,Audio,HIGH,folder mapping: Sound Bars -> Audio,https://ik.imagekit.io/0iaahkrcv/Sound%20Bars/download%20(7).svg?updatedAt=1786520025974
6a7c21d75c7cd75eb8365867,Sound Bars,download (8).svg,download,,C08,Audio,HIGH,folder mapping: Sound Bars -> Audio,https://ik.imagekit.io/0iaahkrcv/Sound%20Bars/download%20(8).svg?updatedAt=1786520024314
6a7c21d65c7cd75eb8364b97,Sound Bars,download (9).svg,download,,C08,Audio,HIGH,folder mapping: Sound Bars -> Audio,https://ik.imagekit.io/0iaahkrcv/Sound%20Bars/download%20(9).svg?updatedAt=1786520022725
6a7c21d65c7cd75eb8364bcf,Sound Bars,download.svg,download,,C08,Audio,HIGH,folder mapping: Sound Bars -> Audio,https://ik.imagekit.io/0iaahkrcv/Sound%20Bars/download.svg?updatedAt=1786520022742
6a7c21e95c7cd75eb83731ee,Sound Bars,i-global.dca212ad - 2026-08-12T101816.001.svg,i global.dca212ad 2026 08 12T101816.001,,C08,Audio,HIGH,folder mapping: Sound Bars -> Audio,https://ik.imagekit.io/0iaahkrcv/Sound%20Bars/i-global.dca212ad%20-%202026-08-12T101816.001.svg?updatedAt=1786520042376
6a7c21e95c7cd75eb837310f,Sound Bars,i-global.dca212ad - 2026-08-12T101816.106.svg,i global.dca212ad 2026 08 12T101816.106,,C08,Audio,HIGH,folder mapping: Sound Bars -> Audio,https://ik.imagekit.io/0iaahkrcv/Sound%20Bars/i-global.dca212ad%20-%202026-08-12T101816.106.svg?updatedAt=1786520042436
6a7c21e95c7cd75eb8373221,Sound Bars,i-global.dca212ad - 2026-08-12T101816.634.svg,i global.dca212ad 2026 08 12T101816.634,,C08,Audio,HIGH,folder mapping: Sound Bars -> Audio,https://ik.imagekit.io/0iaahkrcv/Sound%20Bars/i-global.dca212ad%20-%202026-08-12T101816.634.svg?updatedAt=1786520042370
6a7c21e95c7cd75eb8373241,Sound Bars,i-global.dca212ad - 2026-08-12T101816.708.svg,i global.dca212ad 2026 08 12T101816.708,,C08,Audio,HIGH,folder mapping: Sound Bars -> Audio,https://ik.imagekit.io/0iaahkrcv/Sound%20Bars/i-global.dca212ad%20-%202026-08-12T101816.708.svg?updatedAt=1786520042359
6a7c21f65c7cd75eb837a135,Sound Bars,i-global.dca212ad - 2026-08-12T101820.229.svg,i global.dca212ad 2026 08 12T101820.229,,C08,Audio,HIGH,folder mapping: Sound Bars -> Audio,https://ik.imagekit.io/0iaahkrcv/Sound%20Bars/i-global.dca212ad%20-%202026-08-12T101820.229.svg?updatedAt=1786520055527
6a7c22065c7cd75eb837ef88,Sound Bars,i-global.dca212ad - 2026-08-12T101820.230.svg,i global.dca212ad 2026 08 12T101820.230,,C08,Audio,HIGH,folder mapping: Sound Bars -> Audio,https://ik.imagekit.io/0iaahkrcv/Sound%20Bars/i-global.dca212ad%20-%202026-08-12T101820.230.svg?updatedAt=1786520071652
6a7c22065c7cd75eb837ef4d,Sound Bars,i-global.dca212ad - 2026-08-12T101820.369.svg,i global.dca212ad 2026 08 12T101820.369,,C08,Audio,HIGH,folder mapping: Sound Bars -> Audio,https://ik.imagekit.io/0iaahkrcv/Sound%20Bars/i-global.dca212ad%20-%202026-08-12T101820.369.svg?updatedAt=1786520071606
6a7c22075c7cd75eb837f07f,Sound Bars,i-global.dca212ad - 2026-08-12T101820.373.svg,i global.dca212ad 2026 08 12T101820.373,,C08,Audio,HIGH,folder mapping: Sound Bars -> Audio,https://ik.imagekit.io/0iaahkrcv/Sound%20Bars/i-global.dca212ad%20-%202026-08-12T101820.373.svg?updatedAt=1786520071882
6a7c22075c7cd75eb837f070,Sound Bars,i-global.dca212ad - 2026-08-12T102012.590.svg,i global.dca212ad 2026 08 12T102012.590,,C08,Audio,HIGH,folder mapping: Sound Bars -> Audio,https://ik.imagekit.io/0iaahkrcv/Sound%20Bars/i-global.dca212ad%20-%202026-08-12T102012.590.svg?updatedAt=1786520071893
6a7c22075c7cd75eb837f055,Sound Bars,i-global.dca212ad - 2026-08-12T102012.680.svg,i global.dca212ad 2026 08 12T102012.680,,C08,Audio,HIGH,folder mapping: Sound Bars -> Audio,https://ik.imagekit.io/0iaahkrcv/Sound%20Bars/i-global.dca212ad%20-%202026-08-12T102012.680.svg?updatedAt=1786520072004
6a7c22075c7cd75eb837f052,Sound Bars,i-global.dca212ad - 2026-08-12T102012.787.svg,i global.dca212ad 2026 08 12T102012.787,,C08,Audio,HIGH,folder mapping: Sound Bars -> Audio,https://ik.imagekit.io/0iaahkrcv/Sound%20Bars/i-global.dca212ad%20-%202026-08-12T102012.787.svg?updatedAt=1786520071876
6a7c22075c7cd75eb837f091,Sound Bars,i-global.dca212ad - 2026-08-12T102012.905.svg,i global.dca212ad 2026 08 12T102012.905,,C08,Audio,HIGH,folder mapping: Sound Bars -> Audio,https://ik.imagekit.io/0iaahkrcv/Sound%20Bars/i-global.dca212ad%20-%202026-08-12T102012.905.svg?updatedAt=1786520071892
6a7c22075c7cd75eb837f0b6,Sound Bars,i-global.dca212ad - 2026-08-12T102012.989.svg,i global.dca212ad 2026 08 12T102012.989,,C08,Audio,HIGH,folder mapping: Sound Bars -> Audio,https://ik.imagekit.io/0iaahkrcv/Sound%20Bars/i-global.dca212ad%20-%202026-08-12T102012.989.svg?updatedAt=1786520071937
6a7c22095c7cd75eb837fad0,Sound Bars,i-global.dca212ad - 2026-08-12T102013.071.svg,i global.dca212ad 2026 08 12T102013.071,,C08,Audio,HIGH,folder mapping: Sound Bars -> Audio,https://ik.imagekit.io/0iaahkrcv/Sound%20Bars/i-global.dca212ad%20-%202026-08-12T102013.071.svg?updatedAt=1786520074302
6a7c220b5c7cd75eb8380499,Sound Bars,i-global.dca212ad - 2026-08-12T102013.252.svg,i global.dca212ad 2026 08 12T102013.252,,C08,Audio,HIGH,folder mapping: Sound Bars -> Audio,https://ik.imagekit.io/0iaahkrcv/Sound%20Bars/i-global.dca212ad%20-%202026-08-12T102013.252.svg?updatedAt=1786520076000
6a7c22105c7cd75eb838289b,Sound Bars,i-global.dca212ad - 2026-08-12T102017.640.svg,i global.dca212ad 2026 08 12T102017.640,,C08,Audio,HIGH,folder mapping: Sound Bars -> Audio,https://ik.imagekit.io/0iaahkrcv/Sound%20Bars/i-global.dca212ad%20-%202026-08-12T102017.640.svg?updatedAt=1786520081420
6a7c22135c7cd75eb838430f,Sound Bars,i-global.dca212ad - 2026-08-12T102017.683.svg,i global.dca212ad 2026 08 12T102017.683,,C08,Audio,HIGH,folder mapping: Sound Bars -> Audio,https://ik.imagekit.io/0iaahkrcv/Sound%20Bars/i-global.dca212ad%20-%202026-08-12T102017.683.svg?updatedAt=1786520084526
6a7c221e5c7cd75eb83874db,Sound Bars,i-global.dca212ad - 2026-08-12T102018.378.svg,i global.dca212ad 2026 08 12T102018.378,,C08,Audio,HIGH,folder mapping: Sound Bars -> Audio,https://ik.imagekit.io/0iaahkrcv/Sound%20Bars/i-global.dca212ad%20-%202026-08-12T102018.378.svg?updatedAt=1786520094886
6a7c21e45c7cd75eb836f4d7,Sound Bars,i-global.dca212ad (1).svg,i global.dca212ad,,C08,Audio,HIGH,folder mapping: Sound Bars -> Audio,https://ik.imagekit.io/0iaahkrcv/Sound%20Bars/i-global.dca212ad%20(1).svg?updatedAt=1786520037545
6a7c21e55c7cd75eb836fa98,Sound Bars,i-global.dca212ad (10).svg,i global.dca212ad,,C08,Audio,HIGH,folder mapping: Sound Bars -> Audio,https://ik.imagekit.io/0iaahkrcv/Sound%20Bars/i-global.dca212ad%20(10).svg?updatedAt=1786520038074
6a7c21e25c7cd75eb836dd27,Sound Bars,i-global.dca212ad (100).svg,i global.dca212ad,,C08,Audio,HIGH,folder mapping: Sound Bars -> Audio,https://ik.imagekit.io/0iaahkrcv/Sound%20Bars/i-global.dca212ad%20(100).svg?updatedAt=1786520035602
6a7c21e55c7cd75eb836fb48,Sound Bars,i-global.dca212ad (11).svg,i global.dca212ad,,C08,Audio,HIGH,folder mapping: Sound Bars -> Audio,https://ik.imagekit.io/0iaahkrcv/Sound%20Bars/i-global.dca212ad%20(11).svg?updatedAt=1786520038177
6a7c21e65c7cd75eb837031f,Sound Bars,i-global.dca212ad (12).svg,i global.dca212ad,,C08,Audio,HIGH,folder mapping: Sound Bars -> Audio,https://ik.imagekit.io/0iaahkrcv/Sound%20Bars/i-global.dca212ad%20(12).svg?updatedAt=1786520038702
6a7c21e55c7cd75eb836fc21,Sound Bars,i-global.dca212ad (13).svg,i global.dca212ad,,C08,Audio,HIGH,folder mapping: Sound Bars -> Audio,https://ik.imagekit.io/0iaahkrcv/Sound%20Bars/i-global.dca212ad%20(13).svg?updatedAt=1786520038203
6a7c21e55c7cd75eb836fc88,Sound Bars,i-global.dca212ad (14).svg,i global.dca212ad,,C08,Audio,HIGH,folder mapping: Sound Bars -> Audio,https://ik.imagekit.io/0iaahkrcv/Sound%20Bars/i-global.dca212ad%20(14).svg?updatedAt=1786520038208
6a7c21e55c7cd75eb836fc3c,Sound Bars,i-global.dca212ad (15).svg,i global.dca212ad,,C08,Audio,HIGH,folder mapping: Sound Bars -> Audio,https://ik.imagekit.io/0iaahkrcv/Sound%20Bars/i-global.dca212ad%20(15).svg?updatedAt=1786520038247
6a7c21e05c7cd75eb836c752,Sound Bars,i-global.dca212ad (16).svg,i global.dca212ad,,C08,Audio,HIGH,folder mapping: Sound Bars -> Audio,https://ik.imagekit.io/0iaahkrcv/Sound%20Bars/i-global.dca212ad%20(16).svg?updatedAt=1786520033485
6a7c21e65c7cd75eb83702f9,Sound Bars,i-global.dca212ad (17).svg,i global.dca212ad,,C08,Audio,HIGH,folder mapping: Sound Bars -> Audio,https://ik.imagekit.io/0iaahkrcv/Sound%20Bars/i-global.dca212ad%20(17).svg?updatedAt=1786520038742
6a7c21e45c7cd75eb836f522,Sound Bars,i-global.dca212ad (18).svg,i global.dca212ad,,C08,Audio,HIGH,folder mapping: Sound Bars -> Audio,https://ik.imagekit.io/0iaahkrcv/Sound%20Bars/i-global.dca212ad%20(18).svg?updatedAt=1786520037599
6a7c21e55c7cd75eb836fc02,Sound Bars,i-global.dca212ad (19).svg,i global.dca212ad,,C08,Audio,HIGH,folder mapping: Sound Bars -> Audio,https://ik.imagekit.io/0iaahkrcv/Sound%20Bars/i-global.dca212ad%20(19).svg?updatedAt=1786520038268
6a7c21e45c7cd75eb836f380,Sound Bars,i-global.dca212ad (2).svg,i global.dca212ad,,C08,Audio,HIGH,folder mapping: Sound Bars -> Audio,https://ik.imagekit.io/0iaahkrcv/Sound%20Bars/i-global.dca212ad%20(2).svg?updatedAt=1786520037416
6a7c21e45c7cd75eb836f443,Sound Bars,i-global.dca212ad (20).svg,i global.dca212ad,,C08,Audio,HIGH,folder mapping: Sound Bars -> Audio,https://ik.imagekit.io/0iaahkrcv/Sound%20Bars/i-global.dca212ad%20(20).svg?updatedAt=1786520037548
6a7c21e55c7cd75eb836fc08,Sound Bars,i-global.dca212ad (21).svg,i global.dca212ad,,C08,Audio,HIGH,folder mapping: Sound Bars -> Audio,https://ik.imagekit.io/0iaahkrcv/Sound%20Bars/i-global.dca212ad%20(21).svg?updatedAt=1786520038227
6a7c21e35c7cd75eb836de3f,Sound Bars,i-global.dca212ad (22).svg,i global.dca212ad,,C08,Audio,HIGH,folder mapping: Sound Bars -> Audio,https://ik.imagekit.io/0iaahkrcv/Sound%20Bars/i-global.dca212ad%20(22).svg?updatedAt=1786520035719
6a7c21e05c7cd75eb836c7c6,Sound Bars,i-global.dca212ad (23).svg,i global.dca212ad,,C08,Audio,HIGH,folder mapping: Sound Bars -> Audio,https://ik.imagekit.io/0iaahkrcv/Sound%20Bars/i-global.dca212ad%20(23).svg?updatedAt=1786520033519
6a7c21e55c7cd75eb836fb33,Sound Bars,i-global.dca212ad (24).svg,i global.dca212ad,,C08,Audio,HIGH,folder mapping: Sound Bars -> Audio,https://ik.imagekit.io/0iaahkrcv/Sound%20Bars/i-global.dca212ad%20(24).svg?updatedAt=1786520038075
6a7c21e55c7cd75eb836f622,Sound Bars,i-global.dca212ad (25).svg,i global.dca212ad,,C08,Audio,HIGH,folder mapping: Sound Bars -> Audio,https://ik.imagekit.io/0iaahkrcv/Sound%20Bars/i-global.dca212ad%20(25).svg?updatedAt=1786520037695
6a7c21e45c7cd75eb836f49a,Sound Bars,i-global.dca212ad (26).svg,i global.dca212ad,,C08,Audio,HIGH,folder mapping: Sound Bars -> Audio,https://ik.imagekit.io/0iaahkrcv/Sound%20Bars/i-global.dca212ad%20(26).svg?updatedAt=1786520037710
6a7c21e45c7cd75eb836f506,Sound Bars,i-global.dca212ad (27).svg,i global.dca212ad,,C08,Audio,HIGH,folder mapping: Sound Bars -> Audio,https://ik.imagekit.io/0iaahkrcv/Sound%20Bars/i-global.dca212ad%20(27).svg?updatedAt=1786520037592
6a7c21e55c7cd75eb836fafa,Sound Bars,i-global.dca212ad (28).svg,i global.dca212ad,,C08,Audio,HIGH,folder mapping: Sound Bars -> Audio,https://ik.imagekit.io/0iaahkrcv/Sound%20Bars/i-global.dca212ad%20(28).svg?updatedAt=1786520038091
6a7c21e55c7cd75eb836fb74,Sound Bars,i-global.dca212ad (29).svg,i global.dca212ad,,C08,Audio,HIGH,folder mapping: Sound Bars -> Audio,https://ik.imagekit.io/0iaahkrcv/Sound%20Bars/i-global.dca212ad%20(29).svg?updatedAt=1786520038139
6a7c21e55c7cd75eb836fbf6,Sound Bars,i-global.dca212ad (3).svg,i global.dca212ad,,C08,Audio,HIGH,folder mapping: Sound Bars -> Audio,https://ik.imagekit.io/0iaahkrcv/Sound%20Bars/i-global.dca212ad%20(3).svg?updatedAt=1786520038243
6a7c21e45c7cd75eb836f52f,Sound Bars,i-global.dca212ad (30).svg,i global.dca212ad,,C08,Audio,HIGH,folder mapping: Sound Bars -> Audio,https://ik.imagekit.io/0iaahkrcv/Sound%20Bars/i-global.dca212ad%20(30).svg?updatedAt=1786520037617
6a7c21e55c7cd75eb836fde1,Sound Bars,i-global.dca212ad (31).svg,i global.dca212ad,,C08,Audio,HIGH,folder mapping: Sound Bars -> Audio,https://ik.imagekit.io/0iaahkrcv/Sound%20Bars/i-global.dca212ad%20(31).svg?updatedAt=1786520038462
6a7c21e55c7cd75eb836fbad,Sound Bars,i-global.dca212ad (32).svg,i global.dca212ad,,C08,Audio,HIGH,folder mapping: Sound Bars -> Audio,https://ik.imagekit.io/0iaahkrcv/Sound%20Bars/i-global.dca212ad%20(32).svg?updatedAt=1786520038193
6a7c21e55c7cd75eb836ff14,Sound Bars,i-global.dca212ad (33).svg,i global.dca212ad,,C08,Audio,HIGH,folder mapping: Sound Bars -> Audio,https://ik.imagekit.io/0iaahkrcv/Sound%20Bars/i-global.dca212ad%20(33).svg?updatedAt=1786520038527
6a7c21e55c7cd75eb836fd44,Sound Bars,i-global.dca212ad (34).svg,i global.dca212ad,,C08,Audio,HIGH,folder mapping: Sound Bars -> Audio,https://ik.imagekit.io/0iaahkrcv/Sound%20Bars/i-global.dca212ad%20(34).svg?updatedAt=1786520038278
6a7c21e55c7cd75eb836fab4,Sound Bars,i-global.dca212ad (35).svg,i global.dca212ad,,C08,Audio,HIGH,folder mapping: Sound Bars -> Audio,https://ik.imagekit.io/0iaahkrcv/Sound%20Bars/i-global.dca212ad%20(35).svg?updatedAt=1786520038032
6a7c21e45c7cd75eb836f5ae,Sound Bars,i-global.dca212ad (36).svg,i global.dca212ad,,C08,Audio,HIGH,folder mapping: Sound Bars -> Audio,https://ik.imagekit.io/0iaahkrcv/Sound%20Bars/i-global.dca212ad%20(36).svg?updatedAt=1786520037656
6a7c21e55c7cd75eb836fb54,Sound Bars,i-global.dca212ad (37).svg,i global.dca212ad,,C08,Audio,HIGH,folder mapping: Sound Bars -> Audio,https://ik.imagekit.io/0iaahkrcv/Sound%20Bars/i-global.dca212ad%20(37).svg?updatedAt=1786520038110
6a7c21e55c7cd75eb836ff68,Sound Bars,i-global.dca212ad (38).svg,i global.dca212ad,,C08,Audio,HIGH,folder mapping: Sound Bars -> Audio,https://ik.imagekit.io/0iaahkrcv/Sound%20Bars/i-global.dca212ad%20(38).svg?updatedAt=1786520038474
6a7c21e55c7cd75eb836ff3c,Sound Bars,i-global.dca212ad (39).svg,i global.dca212ad,,C08,Audio,HIGH,folder mapping: Sound Bars -> Audio,https://ik.imagekit.io/0iaahkrcv/Sound%20Bars/i-global.dca212ad%20(39).svg?updatedAt=1786520038428
6a7c21e55c7cd75eb836fc57,Sound Bars,i-global.dca212ad (4).svg,i global.dca212ad,,C08,Audio,HIGH,folder mapping: Sound Bars -> Audio,https://ik.imagekit.io/0iaahkrcv/Sound%20Bars/i-global.dca212ad%20(4).svg?updatedAt=1786520038245
6a7c21e55c7cd75eb836fcb9,Sound Bars,i-global.dca212ad (40).svg,i global.dca212ad,,C08,Audio,HIGH,folder mapping: Sound Bars -> Audio,https://ik.imagekit.io/0iaahkrcv/Sound%20Bars/i-global.dca212ad%20(40).svg?updatedAt=1786520038275
6a7c21e55c7cd75eb83700b7,Sound Bars,i-global.dca212ad (41).svg,i global.dca212ad,,C08,Audio,HIGH,folder mapping: Sound Bars -> Audio,https://ik.imagekit.io/0iaahkrcv/Sound%20Bars/i-global.dca212ad%20(41).svg?updatedAt=1786520038601
6a7c21e55c7cd75eb836fd7f,Sound Bars,i-global.dca212ad (42).svg,i global.dca212ad,,C08,Audio,HIGH,folder mapping: Sound Bars -> Audio,https://ik.imagekit.io/0iaahkrcv/Sound%20Bars/i-global.dca212ad%20(42).svg?updatedAt=1786520038449
6a7c21e55c7cd75eb836ffeb,Sound Bars,i-global.dca212ad (43).svg,i global.dca212ad,,C08,Audio,HIGH,folder mapping: Sound Bars -> Audio,https://ik.imagekit.io/0iaahkrcv/Sound%20Bars/i-global.dca212ad%20(43).svg?updatedAt=1786520038519
6a7c21e55c7cd75eb83701f5,Sound Bars,i-global.dca212ad (44).svg,i global.dca212ad,,C08,Audio,HIGH,folder mapping: Sound Bars -> Audio,https://ik.imagekit.io/0iaahkrcv/Sound%20Bars/i-global.dca212ad%20(44).svg?updatedAt=1786520038635
6a7c21e55c7cd75eb836ffe6,Sound Bars,i-global.dca212ad (45).svg,i global.dca212ad,,C08,Audio,HIGH,folder mapping: Sound Bars -> Audio,https://ik.imagekit.io/0iaahkrcv/Sound%20Bars/i-global.dca212ad%20(45).svg?updatedAt=1786520038633
6a7c21e45c7cd75eb836f5cc,Sound Bars,i-global.dca212ad (46).svg,i global.dca212ad,,C08,Audio,HIGH,folder mapping: Sound Bars -> Audio,https://ik.imagekit.io/0iaahkrcv/Sound%20Bars/i-global.dca212ad%20(46).svg?updatedAt=1786520037695
6a7c21e55c7cd75eb836fc01,Sound Bars,i-global.dca212ad (47).svg,i global.dca212ad,,C08,Audio,HIGH,folder mapping: Sound Bars -> Audio,https://ik.imagekit.io/0iaahkrcv/Sound%20Bars/i-global.dca212ad%20(47).svg?updatedAt=1786520038254
6a7c21e55c7cd75eb836fbb1,Sound Bars,i-global.dca212ad (48).svg,i global.dca212ad,,C08,Audio,HIGH,folder mapping: Sound Bars -> Audio,https://ik.imagekit.io/0iaahkrcv/Sound%20Bars/i-global.dca212ad%20(48).svg?updatedAt=1786520038180
6a7c21e55c7cd75eb8370077,Sound Bars,i-global.dca212ad (49).svg,i global.dca212ad,,C08,Audio,HIGH,folder mapping: Sound Bars -> Audio,https://ik.imagekit.io/0iaahkrcv/Sound%20Bars/i-global.dca212ad%20(49).svg?updatedAt=1786520038525
6a7c21e55c7cd75eb8370117,Sound Bars,i-global.dca212ad (5).svg,i global.dca212ad,,C08,Audio,HIGH,folder mapping: Sound Bars -> Audio,https://ik.imagekit.io/0iaahkrcv/Sound%20Bars/i-global.dca212ad%20(5).svg?updatedAt=1786520038587
6a7c21e55c7cd75eb836fc0b,Sound Bars,i-global.dca212ad (50).svg,i global.dca212ad,,C08,Audio,HIGH,folder mapping: Sound Bars -> Audio,https://ik.imagekit.io/0iaahkrcv/Sound%20Bars/i-global.dca212ad%20(50).svg?updatedAt=1786520038353
6a7c21e55c7cd75eb8370052,Sound Bars,i-global.dca212ad (51).svg,i global.dca212ad,,C08,Audio,HIGH,folder mapping: Sound Bars -> Audio,https://ik.imagekit.io/0iaahkrcv/Sound%20Bars/i-global.dca212ad%20(51).svg?updatedAt=1786520038538
6a7c21e65c7cd75eb83702a4,Sound Bars,i-global.dca212ad (52).svg,i global.dca212ad,,C08,Audio,HIGH,folder mapping: Sound Bars -> Audio,https://ik.imagekit.io/0iaahkrcv/Sound%20Bars/i-global.dca212ad%20(52).svg?updatedAt=1786520038742
6a7c21e55c7cd75eb836fd9d,Sound Bars,i-global.dca212ad (53).svg,i global.dca212ad,,C08,Audio,HIGH,folder mapping: Sound Bars -> Audio,https://ik.imagekit.io/0iaahkrcv/Sound%20Bars/i-global.dca212ad%20(53).svg?updatedAt=1786520038354
6a7c21e55c7cd75eb836fd4d,Sound Bars,i-global.dca212ad (54).svg,i global.dca212ad,,C08,Audio,HIGH,folder mapping: Sound Bars -> Audio,https://ik.imagekit.io/0iaahkrcv/Sound%20Bars/i-global.dca212ad%20(54).svg?updatedAt=1786520038303
6a7c21e65c7cd75eb837039e,Sound Bars,i-global.dca212ad (55).svg,i global.dca212ad,,C08,Audio,HIGH,folder mapping: Sound Bars -> Audio,https://ik.imagekit.io/0iaahkrcv/Sound%20Bars/i-global.dca212ad%20(55).svg?updatedAt=1786520038840
6a7c21e55c7cd75eb8370008,Sound Bars,i-global.dca212ad (56).svg,i global.dca212ad,,C08,Audio,HIGH,folder mapping: Sound Bars -> Audio,https://ik.imagekit.io/0iaahkrcv/Sound%20Bars/i-global.dca212ad%20(56).svg?updatedAt=1786520038582
6a7c21e55c7cd75eb836fd77,Sound Bars,i-global.dca212ad (57).svg,i global.dca212ad,,C08,Audio,HIGH,folder mapping: Sound Bars -> Audio,https://ik.imagekit.io/0iaahkrcv/Sound%20Bars/i-global.dca212ad%20(57).svg?updatedAt=1786520038253
6a7c21e45c7cd75eb836f4f0,Sound Bars,i-global.dca212ad (58).svg,i global.dca212ad,,C08,Audio,HIGH,folder mapping: Sound Bars -> Audio,https://ik.imagekit.io/0iaahkrcv/Sound%20Bars/i-global.dca212ad%20(58).svg?updatedAt=1786520037614
6a7c21e55c7cd75eb837008a,Sound Bars,i-global.dca212ad (59).svg,i global.dca212ad,,C08,Audio,HIGH,folder mapping: Sound Bars -> Audio,https://ik.imagekit.io/0iaahkrcv/Sound%20Bars/i-global.dca212ad%20(59).svg?updatedAt=1786520038551
6a7c21e55c7cd75eb836fd98,Sound Bars,i-global.dca212ad (6).svg,i global.dca212ad,,C08,Audio,HIGH,folder mapping: Sound Bars -> Audio,https://ik.imagekit.io/0iaahkrcv/Sound%20Bars/i-global.dca212ad%20(6).svg?updatedAt=1786520038289
6a7c21e65c7cd75eb8370327,Sound Bars,i-global.dca212ad (60).svg,i global.dca212ad,,C08,Audio,HIGH,folder mapping: Sound Bars -> Audio,https://ik.imagekit.io/0iaahkrcv/Sound%20Bars/i-global.dca212ad%20(60).svg?updatedAt=1786520038785
6a7c21e65c7cd75eb83703f4,Sound Bars,i-global.dca212ad (61).svg,i global.dca212ad,,C08,Audio,HIGH,folder mapping: Sound Bars -> Audio,https://ik.imagekit.io/0iaahkrcv/Sound%20Bars/i-global.dca212ad%20(61).svg?updatedAt=1786520038754
6a7c21e55c7cd75eb8370277,Sound Bars,i-global.dca212ad (62).svg,i global.dca212ad,,C08,Audio,HIGH,folder mapping: Sound Bars -> Audio,https://ik.imagekit.io/0iaahkrcv/Sound%20Bars/i-global.dca212ad%20(62).svg?updatedAt=1786520038719
6a7c21e55c7cd75eb83700a8,Sound Bars,i-global.dca212ad (63).svg,i global.dca212ad,,C08,Audio,HIGH,folder mapping: Sound Bars -> Audio,https://ik.imagekit.io/0iaahkrcv/Sound%20Bars/i-global.dca212ad%20(63).svg?updatedAt=1786520038674
6a7c21e55c7cd75eb8370269,Sound Bars,i-global.dca212ad (64).svg,i global.dca212ad,,C08,Audio,HIGH,folder mapping: Sound Bars -> Audio,https://ik.imagekit.io/0iaahkrcv/Sound%20Bars/i-global.dca212ad%20(64).svg?updatedAt=1786520038723
6a7c21e95c7cd75eb8372961,Sound Bars,i-global.dca212ad (65).svg,i global.dca212ad,,C08,Audio,HIGH,folder mapping: Sound Bars -> Audio,https://ik.imagekit.io/0iaahkrcv/Sound%20Bars/i-global.dca212ad%20(65).svg?updatedAt=1786520041872
6a7c21e95c7cd75eb8372f7f,Sound Bars,i-global.dca212ad (66).svg,i global.dca212ad,,C08,Audio,HIGH,folder mapping: Sound Bars -> Audio,https://ik.imagekit.io/0iaahkrcv/Sound%20Bars/i-global.dca212ad%20(66).svg?updatedAt=1786520042343
6a7c21e95c7cd75eb8372f8e,Sound Bars,i-global.dca212ad (67).svg,i global.dca212ad,,C08,Audio,HIGH,folder mapping: Sound Bars -> Audio,https://ik.imagekit.io/0iaahkrcv/Sound%20Bars/i-global.dca212ad%20(67).svg?updatedAt=1786520042217
6a7c21e95c7cd75eb837304b,Sound Bars,i-global.dca212ad (68).svg,i global.dca212ad,,C08,Audio,HIGH,folder mapping: Sound Bars -> Audio,https://ik.imagekit.io/0iaahkrcv/Sound%20Bars/i-global.dca212ad%20(68).svg?updatedAt=1786520042269
6a7c21e95c7cd75eb8372fd2,Sound Bars,i-global.dca212ad (69).svg,i global.dca212ad,,C08,Audio,HIGH,folder mapping: Sound Bars -> Audio,https://ik.imagekit.io/0iaahkrcv/Sound%20Bars/i-global.dca212ad%20(69).svg?updatedAt=1786520042313
6a7c21e95c7cd75eb8373072,Sound Bars,i-global.dca212ad (7).svg,i global.dca212ad,,C08,Audio,HIGH,folder mapping: Sound Bars -> Audio,https://ik.imagekit.io/0iaahkrcv/Sound%20Bars/i-global.dca212ad%20(7).svg?updatedAt=1786520042317
6a7c21e95c7cd75eb83730ab,Sound Bars,i-global.dca212ad (70).svg,i global.dca212ad,,C08,Audio,HIGH,folder mapping: Sound Bars -> Audio,https://ik.imagekit.io/0iaahkrcv/Sound%20Bars/i-global.dca212ad%20(70).svg?updatedAt=1786520042199
6a7c21e95c7cd75eb8372fde,Sound Bars,i-global.dca212ad (71).svg,i global.dca212ad,,C08,Audio,HIGH,folder mapping: Sound Bars -> Audio,https://ik.imagekit.io/0iaahkrcv/Sound%20Bars/i-global.dca212ad%20(71).svg?updatedAt=1786520042405
6a7c21e95c7cd75eb8372f2e,Sound Bars,i-global.dca212ad (72).svg,i global.dca212ad,,C08,Audio,HIGH,folder mapping: Sound Bars -> Audio,https://ik.imagekit.io/0iaahkrcv/Sound%20Bars/i-global.dca212ad%20(72).svg?updatedAt=1786520042373
6a7c21e95c7cd75eb8372fb8,Sound Bars,i-global.dca212ad (73).svg,i global.dca212ad,,C08,Audio,HIGH,folder mapping: Sound Bars -> Audio,https://ik.imagekit.io/0iaahkrcv/Sound%20Bars/i-global.dca212ad%20(73).svg?updatedAt=1786520042365
6a7c21e95c7cd75eb8372fed,Sound Bars,i-global.dca212ad (74).svg,i global.dca212ad,,C08,Audio,HIGH,folder mapping: Sound Bars -> Audio,https://ik.imagekit.io/0iaahkrcv/Sound%20Bars/i-global.dca212ad%20(74).svg?updatedAt=1786520042264
6a7c21e95c7cd75eb8372f61,Sound Bars,i-global.dca212ad (75).svg,i global.dca212ad,,C08,Audio,HIGH,folder mapping: Sound Bars -> Audio,https://ik.imagekit.io/0iaahkrcv/Sound%20Bars/i-global.dca212ad%20(75).svg?updatedAt=1786520042151
6a7c21e95c7cd75eb83730b4,Sound Bars,i-global.dca212ad (76).svg,i global.dca212ad,,C08,Audio,HIGH,folder mapping: Sound Bars -> Audio,https://ik.imagekit.io/0iaahkrcv/Sound%20Bars/i-global.dca212ad%20(76).svg?updatedAt=1786520042200
6a7c21e95c7cd75eb8373021,Sound Bars,i-global.dca212ad (77).svg,i global.dca212ad,,C08,Audio,HIGH,folder mapping: Sound Bars -> Audio,https://ik.imagekit.io/0iaahkrcv/Sound%20Bars/i-global.dca212ad%20(77).svg?updatedAt=1786520042332
6a7c21e95c7cd75eb8372d4f,Sound Bars,i-global.dca212ad (78).svg,i global.dca212ad,,C08,Audio,HIGH,folder mapping: Sound Bars -> Audio,https://ik.imagekit.io/0iaahkrcv/Sound%20Bars/i-global.dca212ad%20(78).svg?updatedAt=1786520042025
6a7c21e95c7cd75eb8372d2c,Sound Bars,i-global.dca212ad (79).svg,i global.dca212ad,,C08,Audio,HIGH,folder mapping: Sound Bars -> Audio,https://ik.imagekit.io/0iaahkrcv/Sound%20Bars/i-global.dca212ad%20(79).svg?updatedAt=1786520042283
6a7c21e95c7cd75eb8372be7,Sound Bars,i-global.dca212ad (8).svg,i global.dca212ad,,C08,Audio,HIGH,folder mapping: Sound Bars -> Audio,https://ik.imagekit.io/0iaahkrcv/Sound%20Bars/i-global.dca212ad%20(8).svg?updatedAt=1786520042177
6a7c21e95c7cd75eb8372cc8,Sound Bars,i-global.dca212ad (80).svg,i global.dca212ad,,C08,Audio,HIGH,folder mapping: Sound Bars -> Audio,https://ik.imagekit.io/0iaahkrcv/Sound%20Bars/i-global.dca212ad%20(80).svg?updatedAt=1786520042150
6a7c21e95c7cd75eb8372d13,Sound Bars,i-global.dca212ad (81).svg,i global.dca212ad,,C08,Audio,HIGH,folder mapping: Sound Bars -> Audio,https://ik.imagekit.io/0iaahkrcv/Sound%20Bars/i-global.dca212ad%20(81).svg?updatedAt=1786520042087
6a7c21e95c7cd75eb8372d09,Sound Bars,i-global.dca212ad (82).svg,i global.dca212ad,,C08,Audio,HIGH,folder mapping: Sound Bars -> Audio,https://ik.imagekit.io/0iaahkrcv/Sound%20Bars/i-global.dca212ad%20(82).svg?updatedAt=1786520042104
6a7c21e95c7cd75eb8372d6e,Sound Bars,i-global.dca212ad (83).svg,i global.dca212ad,,C08,Audio,HIGH,folder mapping: Sound Bars -> Audio,https://ik.imagekit.io/0iaahkrcv/Sound%20Bars/i-global.dca212ad%20(83).svg?updatedAt=1786520042219
6a7c21e95c7cd75eb8372e5c,Sound Bars,i-global.dca212ad (84).svg,i global.dca212ad,,C08,Audio,HIGH,folder mapping: Sound Bars -> Audio,https://ik.imagekit.io/0iaahkrcv/Sound%20Bars/i-global.dca212ad%20(84).svg?updatedAt=1786520042220
6a7c21e95c7cd75eb8372d60,Sound Bars,i-global.dca212ad (85).svg,i global.dca212ad,,C08,Audio,HIGH,folder mapping: Sound Bars -> Audio,https://ik.imagekit.io/0iaahkrcv/Sound%20Bars/i-global.dca212ad%20(85).svg?updatedAt=1786520042156
6a7c21e95c7cd75eb8372e73,Sound Bars,i-global.dca212ad (86).svg,i global.dca212ad,,C08,Audio,HIGH,folder mapping: Sound Bars -> Audio,https://ik.imagekit.io/0iaahkrcv/Sound%20Bars/i-global.dca212ad%20(86).svg?updatedAt=1786520042099
6a7c21e95c7cd75eb8372e71,Sound Bars,i-global.dca212ad (87).svg,i global.dca212ad,,C08,Audio,HIGH,folder mapping: Sound Bars -> Audio,https://ik.imagekit.io/0iaahkrcv/Sound%20Bars/i-global.dca212ad%20(87).svg?updatedAt=1786520042215
6a7c21e95c7cd75eb8372ebd,Sound Bars,i-global.dca212ad (88).svg,i global.dca212ad,,C08,Audio,HIGH,folder mapping: Sound Bars -> Audio,https://ik.imagekit.io/0iaahkrcv/Sound%20Bars/i-global.dca212ad%20(88).svg?updatedAt=1786520042211
6a7c21e95c7cd75eb8372edf,Sound Bars,i-global.dca212ad (89).svg,i global.dca212ad,,C08,Audio,HIGH,folder mapping: Sound Bars -> Audio,https://ik.imagekit.io/0iaahkrcv/Sound%20Bars/i-global.dca212ad%20(89).svg?updatedAt=1786520042251
6a7c21e95c7cd75eb8372e82,Sound Bars,i-global.dca212ad (9).svg,i global.dca212ad,,C08,Audio,HIGH,folder mapping: Sound Bars -> Audio,https://ik.imagekit.io/0iaahkrcv/Sound%20Bars/i-global.dca212ad%20(9).svg?updatedAt=1786520042230
6a7c21e95c7cd75eb8372f40,Sound Bars,i-global.dca212ad (90).svg,i global.dca212ad,,C08,Audio,HIGH,folder mapping: Sound Bars -> Audio,https://ik.imagekit.io/0iaahkrcv/Sound%20Bars/i-global.dca212ad%20(90).svg?updatedAt=1786520042244
6a7c21e95c7cd75eb8372e8d,Sound Bars,i-global.dca212ad (91).svg,i global.dca212ad,,C08,Audio,HIGH,folder mapping: Sound Bars -> Audio,https://ik.imagekit.io/0iaahkrcv/Sound%20Bars/i-global.dca212ad%20(91).svg?updatedAt=1786520042301
6a7c21e95c7cd75eb8372efa,Sound Bars,i-global.dca212ad (92).svg,i global.dca212ad,,C08,Audio,HIGH,folder mapping: Sound Bars -> Audio,https://ik.imagekit.io/0iaahkrcv/Sound%20Bars/i-global.dca212ad%20(92).svg?updatedAt=1786520042223
6a7c21e95c7cd75eb8372dec,Sound Bars,i-global.dca212ad (93).svg,i global.dca212ad,,C08,Audio,HIGH,folder mapping: Sound Bars -> Audio,https://ik.imagekit.io/0iaahkrcv/Sound%20Bars/i-global.dca212ad%20(93).svg?updatedAt=1786520042225
6a7c21e95c7cd75eb8372dc6,Sound Bars,i-global.dca212ad (94).svg,i global.dca212ad,,C08,Audio,HIGH,folder mapping: Sound Bars -> Audio,https://ik.imagekit.io/0iaahkrcv/Sound%20Bars/i-global.dca212ad%20(94).svg?updatedAt=1786520042287
6a7c21e95c7cd75eb8372edb,Sound Bars,i-global.dca212ad (95).svg,i global.dca212ad,,C08,Audio,HIGH,folder mapping: Sound Bars -> Audio,https://ik.imagekit.io/0iaahkrcv/Sound%20Bars/i-global.dca212ad%20(95).svg?updatedAt=1786520042316
6a7c21e95c7cd75eb8372f9f,Sound Bars,i-global.dca212ad (96).svg,i global.dca212ad,,C08,Audio,HIGH,folder mapping: Sound Bars -> Audio,https://ik.imagekit.io/0iaahkrcv/Sound%20Bars/i-global.dca212ad%20(96).svg?updatedAt=1786520042454
6a7c21e95c7cd75eb8372eba,Sound Bars,i-global.dca212ad (97).svg,i global.dca212ad,,C08,Audio,HIGH,folder mapping: Sound Bars -> Audio,https://ik.imagekit.io/0iaahkrcv/Sound%20Bars/i-global.dca212ad%20(97).svg?updatedAt=1786520042103
6a7c21e95c7cd75eb8373047,Sound Bars,i-global.dca212ad (98).svg,i global.dca212ad,,C08,Audio,HIGH,folder mapping: Sound Bars -> Audio,https://ik.imagekit.io/0iaahkrcv/Sound%20Bars/i-global.dca212ad%20(98).svg?updatedAt=1786520042171
6a7c21e95c7cd75eb837300a,Sound Bars,i-global.dca212ad (99).svg,i global.dca212ad,,C08,Audio,HIGH,folder mapping: Sound Bars -> Audio,https://ik.imagekit.io/0iaahkrcv/Sound%20Bars/i-global.dca212ad%20(99).svg?updatedAt=1786520042270
6a7c22145c7cd75eb83847f4,Sound Bars,i-global.dca212ad.svg,i global.dca212ad,,C08,Audio,HIGH,folder mapping: Sound Bars -> Audio,https://ik.imagekit.io/0iaahkrcv/Sound%20Bars/i-global.dca212ad.svg?updatedAt=1786520085267
6a7c22295c7cd75eb838b61e,Sound Bars,i-icons.50302365 - 2026-08-12T100242.431.svg,i icons.50302365 2026 08 12T100242.431,,C08,Audio,HIGH,folder mapping: Sound Bars -> Audio,https://ik.imagekit.io/0iaahkrcv/Sound%20Bars/i-icons.50302365%20-%202026-08-12T100242.431.svg?updatedAt=1786520105841
6a7c22295c7cd75eb838b6a8,Sound Bars,i-icons.50302365 - 2026-08-12T100242.457.svg,i icons.50302365 2026 08 12T100242.457,,C08,Audio,HIGH,folder mapping: Sound Bars -> Audio,https://ik.imagekit.io/0iaahkrcv/Sound%20Bars/i-icons.50302365%20-%202026-08-12T100242.457.svg?updatedAt=1786520105839
6a7c22295c7cd75eb838b671,Sound Bars,i-icons.50302365 - 2026-08-12T100243.098.svg,i icons.50302365 2026 08 12T100243.098,,C08,Audio,HIGH,folder mapping: Sound Bars -> Audio,https://ik.imagekit.io/0iaahkrcv/Sound%20Bars/i-icons.50302365%20-%202026-08-12T100243.098.svg?updatedAt=1786520105898
6a7c22295c7cd75eb838b68f,Sound Bars,i-icons.50302365 - 2026-08-12T100243.129.svg,i icons.50302365 2026 08 12T100243.129,,C08,Audio,HIGH,folder mapping: Sound Bars -> Audio,https://ik.imagekit.io/0iaahkrcv/Sound%20Bars/i-icons.50302365%20-%202026-08-12T100243.129.svg?updatedAt=1786520105825
6a7c22295c7cd75eb838b683,Sound Bars,i-icons.50302365 - 2026-08-12T100243.130.svg,i icons.50302365 2026 08 12T100243.130,,C08,Audio,HIGH,folder mapping: Sound Bars -> Audio,https://ik.imagekit.io/0iaahkrcv/Sound%20Bars/i-icons.50302365%20-%202026-08-12T100243.130.svg?updatedAt=1786520105917
6a7c22295c7cd75eb838b639,Sound Bars,i-icons.50302365 - 2026-08-12T100243.156.svg,i icons.50302365 2026 08 12T100243.156,,C08,Audio,HIGH,folder mapping: Sound Bars -> Audio,https://ik.imagekit.io/0iaahkrcv/Sound%20Bars/i-icons.50302365%20-%202026-08-12T100243.156.svg?updatedAt=1786520105716
6a7c22295c7cd75eb838bbda,Sound Bars,i-icons.50302365 - 2026-08-12T100244.495.svg,i icons.50302365 2026 08 12T100244.495,,C08,Audio,HIGH,folder mapping: Sound Bars -> Audio,https://ik.imagekit.io/0iaahkrcv/Sound%20Bars/i-icons.50302365%20-%202026-08-12T100244.495.svg?updatedAt=1786520106755
6a7c222f5c7cd75eb838e0f6,Sound Bars,i-icons.50302365 - 2026-08-12T100312.807.svg,i icons.50302365 2026 08 12T100312.807,,C08,Audio,HIGH,folder mapping: Sound Bars -> Audio,https://ik.imagekit.io/0iaahkrcv/Sound%20Bars/i-icons.50302365%20-%202026-08-12T100312.807.svg?updatedAt=1786520112284
6a7c222e5c7cd75eb838d398,Sound Bars,i-icons.50302365 - 2026-08-12T100312.907.svg,i icons.50302365 2026 08 12T100312.907,,C08,Audio,HIGH,folder mapping: Sound Bars -> Audio,https://ik.imagekit.io/0iaahkrcv/Sound%20Bars/i-icons.50302365%20-%202026-08-12T100312.907.svg?updatedAt=1786520111321
6a7c222f5c7cd75eb838e197,Sound Bars,i-icons.50302365 - 2026-08-12T100312.908.svg,i icons.50302365 2026 08 12T100312.908,,C08,Audio,HIGH,folder mapping: Sound Bars -> Audio,https://ik.imagekit.io/0iaahkrcv/Sound%20Bars/i-icons.50302365%20-%202026-08-12T100312.908.svg?updatedAt=1786520112349
6a7c223a5c7cd75eb8391ee2,Sound Bars,i-icons.50302365 - 2026-08-12T100313.172.svg,i icons.50302365 2026 08 12T100313.172,,C08,Audio,HIGH,folder mapping: Sound Bars -> Audio,https://ik.imagekit.io/0iaahkrcv/Sound%20Bars/i-icons.50302365%20-%202026-08-12T100313.172.svg?updatedAt=1786520122929
6a7c223a5c7cd75eb839201d,Sound Bars,i-icons.50302365 - 2026-08-12T100313.173.svg,i icons.50302365 2026 08 12T100313.173,,C08,Audio,HIGH,folder mapping: Sound Bars -> Audio,https://ik.imagekit.io/0iaahkrcv/Sound%20Bars/i-icons.50302365%20-%202026-08-12T100313.173.svg?updatedAt=1786520123064
6a7c223a5c7cd75eb83920c3,Sound Bars,i-icons.50302365 - 2026-08-12T100313.175.svg,i icons.50302365 2026 08 12T100313.175,,C08,Audio,HIGH,folder mapping: Sound Bars -> Audio,https://ik.imagekit.io/0iaahkrcv/Sound%20Bars/i-icons.50302365%20-%202026-08-12T100313.175.svg?updatedAt=1786520123039
6a7c223a5c7cd75eb8392131,Sound Bars,i-icons.50302365 - 2026-08-12T100313.221.svg,i icons.50302365 2026 08 12T100313.221,,C08,Audio,HIGH,folder mapping: Sound Bars -> Audio,https://ik.imagekit.io/0iaahkrcv/Sound%20Bars/i-icons.50302365%20-%202026-08-12T100313.221.svg?updatedAt=1786520123116
6a7c223a5c7cd75eb83920b2,Sound Bars,i-icons.50302365 - 2026-08-12T100313.224.svg,i icons.50302365 2026 08 12T100313.224,,C08,Audio,HIGH,folder mapping: Sound Bars -> Audio,https://ik.imagekit.io/0iaahkrcv/Sound%20Bars/i-icons.50302365%20-%202026-08-12T100313.224.svg?updatedAt=1786520123070
6a7c223a5c7cd75eb8392259,Sound Bars,i-icons.50302365 - 2026-08-12T100313.233.svg,i icons.50302365 2026 08 12T100313.233,,C08,Audio,HIGH,folder mapping: Sound Bars -> Audio,https://ik.imagekit.io/0iaahkrcv/Sound%20Bars/i-icons.50302365%20-%202026-08-12T100313.233.svg?updatedAt=1786520123206
6a7c223a5c7cd75eb8392505,Sound Bars,i-icons.50302365 - 2026-08-12T100313.243.svg,i icons.50302365 2026 08 12T100313.243,,C08,Audio,HIGH,folder mapping: Sound Bars -> Audio,https://ik.imagekit.io/0iaahkrcv/Sound%20Bars/i-icons.50302365%20-%202026-08-12T100313.243.svg?updatedAt=1786520123540
6a7c223a5c7cd75eb839233f,Sound Bars,i-icons.50302365 - 2026-08-12T100313.247.svg,i icons.50302365 2026 08 12T100313.247,,C08,Audio,HIGH,folder mapping: Sound Bars -> Audio,https://ik.imagekit.io/0iaahkrcv/Sound%20Bars/i-icons.50302365%20-%202026-08-12T100313.247.svg?updatedAt=1786520123224
6a7c223a5c7cd75eb839267b,Sound Bars,i-icons.50302365 - 2026-08-12T100313.266.svg,i icons.50302365 2026 08 12T100313.266,,C08,Audio,HIGH,folder mapping: Sound Bars -> Audio,https://ik.imagekit.io/0iaahkrcv/Sound%20Bars/i-icons.50302365%20-%202026-08-12T100313.266.svg?updatedAt=1786520123680
6a7c223a5c7cd75eb8392659,Sound Bars,i-icons.50302365 - 2026-08-12T100313.417.svg,i icons.50302365 2026 08 12T100313.417,,C08,Audio,HIGH,folder mapping: Sound Bars -> Audio,https://ik.imagekit.io/0iaahkrcv/Sound%20Bars/i-icons.50302365%20-%202026-08-12T100313.417.svg?updatedAt=1786520123578
6a7c223a5c7cd75eb83923da,Sound Bars,i-icons.50302365 - 2026-08-12T100313.574.svg,i icons.50302365 2026 08 12T100313.574,,C08,Audio,HIGH,folder mapping: Sound Bars -> Audio,https://ik.imagekit.io/0iaahkrcv/Sound%20Bars/i-icons.50302365%20-%202026-08-12T100313.574.svg?updatedAt=1786520123344
6a7c223a5c7cd75eb83926ed,Sound Bars,i-icons.50302365 - 2026-08-12T100314.286.svg,i icons.50302365 2026 08 12T100314.286,,C08,Audio,HIGH,folder mapping: Sound Bars -> Audio,https://ik.imagekit.io/0iaahkrcv/Sound%20Bars/i-icons.50302365%20-%202026-08-12T100314.286.svg?updatedAt=1786520123648
6a7c223a5c7cd75eb83926bb,Sound Bars,i-icons.50302365 - 2026-08-12T100314.523.svg,i icons.50302365 2026 08 12T100314.523,,C08,Audio,HIGH,folder mapping: Sound Bars -> Audio,https://ik.imagekit.io/0iaahkrcv/Sound%20Bars/i-icons.50302365%20-%202026-08-12T100314.523.svg?updatedAt=1786520123721
6a7c223a5c7cd75eb83923d0,Sound Bars,i-icons.50302365 - 2026-08-12T100315.384.svg,i icons.50302365 2026 08 12T100315.384,,C08,Audio,HIGH,folder mapping: Sound Bars -> Audio,https://ik.imagekit.io/0iaahkrcv/Sound%20Bars/i-icons.50302365%20-%202026-08-12T100315.384.svg?updatedAt=1786520123360
6a7c223a5c7cd75eb839265c,Sound Bars,i-icons.50302365 - 2026-08-12T100315.389.svg,i icons.50302365 2026 08 12T100315.389,,C08,Audio,HIGH,folder mapping: Sound Bars -> Audio,https://ik.imagekit.io/0iaahkrcv/Sound%20Bars/i-icons.50302365%20-%202026-08-12T100315.389.svg?updatedAt=1786520123727
6a7c223a5c7cd75eb83926ae,Sound Bars,i-icons.50302365 - 2026-08-12T100316.209.svg,i icons.50302365 2026 08 12T100316.209,,C08,Audio,HIGH,folder mapping: Sound Bars -> Audio,https://ik.imagekit.io/0iaahkrcv/Sound%20Bars/i-icons.50302365%20-%202026-08-12T100316.209.svg?updatedAt=1786520123671
6a7c223a5c7cd75eb8392626,Sound Bars,i-icons.50302365 - 2026-08-12T100316.226.svg,i icons.50302365 2026 08 12T100316.226,,C08,Audio,HIGH,folder mapping: Sound Bars -> Audio,https://ik.imagekit.io/0iaahkrcv/Sound%20Bars/i-icons.50302365%20-%202026-08-12T100316.226.svg?updatedAt=1786520123676
6a7c223a5c7cd75eb83924a5,Sound Bars,i-icons.50302365 - 2026-08-12T100316.530.svg,i icons.50302365 2026 08 12T100316.530,,C08,Audio,HIGH,folder mapping: Sound Bars -> Audio,https://ik.imagekit.io/0iaahkrcv/Sound%20Bars/i-icons.50302365%20-%202026-08-12T100316.530.svg?updatedAt=1786520123443
6a7c223a5c7cd75eb83924b1,Sound Bars,i-icons.50302365 - 2026-08-12T100316.531.svg,i icons.50302365 2026 08 12T100316.531,,C08,Audio,HIGH,folder mapping: Sound Bars -> Audio,https://ik.imagekit.io/0iaahkrcv/Sound%20Bars/i-icons.50302365%20-%202026-08-12T100316.531.svg?updatedAt=1786520123456
6a7c223a5c7cd75eb83925c5,Sound Bars,i-icons.50302365 - 2026-08-12T100316.544.svg,i icons.50302365 2026 08 12T100316.544,,C08,Audio,HIGH,folder mapping: Sound Bars -> Audio,https://ik.imagekit.io/0iaahkrcv/Sound%20Bars/i-icons.50302365%20-%202026-08-12T100316.544.svg?updatedAt=1786520123542
6a7c223a5c7cd75eb83924f2,Sound Bars,i-icons.50302365 - 2026-08-12T100316.545.svg,i icons.50302365 2026 08 12T100316.545,,C08,Audio,HIGH,folder mapping: Sound Bars -> Audio,https://ik.imagekit.io/0iaahkrcv/Sound%20Bars/i-icons.50302365%20-%202026-08-12T100316.545.svg?updatedAt=1786520123450
6a7c223a5c7cd75eb8392661,Sound Bars,i-icons.50302365 - 2026-08-12T100316.546.svg,i icons.50302365 2026 08 12T100316.546,,C08,Audio,HIGH,folder mapping: Sound Bars -> Audio,https://ik.imagekit.io/0iaahkrcv/Sound%20Bars/i-icons.50302365%20-%202026-08-12T100316.546.svg?updatedAt=1786520123616
6a7c223b5c7cd75eb8392750,Sound Bars,i-icons.50302365 - 2026-08-12T100317.620.svg,i icons.50302365 2026 08 12T100317.620,,C08,Audio,HIGH,folder mapping: Sound Bars -> Audio,https://ik.imagekit.io/0iaahkrcv/Sound%20Bars/i-icons.50302365%20-%202026-08-12T100317.620.svg?updatedAt=1786520123833
6a7c223b5c7cd75eb839277e,Sound Bars,i-icons.50302365 - 2026-08-12T100317.621.svg,i icons.50302365 2026 08 12T100317.621,,C08,Audio,HIGH,folder mapping: Sound Bars -> Audio,https://ik.imagekit.io/0iaahkrcv/Sound%20Bars/i-icons.50302365%20-%202026-08-12T100317.621.svg?updatedAt=1786520123727
6a7c223b5c7cd75eb8392857,Sound Bars,i-icons.50302365 - 2026-08-12T100318.254.svg,i icons.50302365 2026 08 12T100318.254,,C08,Audio,HIGH,folder mapping: Sound Bars -> Audio,https://ik.imagekit.io/0iaahkrcv/Sound%20Bars/i-icons.50302365%20-%202026-08-12T100318.254.svg?updatedAt=1786520123781
6a7c223b5c7cd75eb83927d3,Sound Bars,i-icons.50302365 - 2026-08-12T100426.666.svg,i icons.50302365 2026 08 12T100426.666,,C08,Audio,HIGH,folder mapping: Sound Bars -> Audio,https://ik.imagekit.io/0iaahkrcv/Sound%20Bars/i-icons.50302365%20-%202026-08-12T100426.666.svg?updatedAt=1786520123854
6a7c223b5c7cd75eb83927e6,Sound Bars,i-icons.50302365 - 2026-08-12T100426.753.svg,i icons.50302365 2026 08 12T100426.753,,C08,Audio,HIGH,folder mapping: Sound Bars -> Audio,https://ik.imagekit.io/0iaahkrcv/Sound%20Bars/i-icons.50302365%20-%202026-08-12T100426.753.svg?updatedAt=1786520123753
6a7c223a5c7cd75eb839270d,Sound Bars,i-icons.50302365 - 2026-08-12T100426.847.svg,i icons.50302365 2026 08 12T100426.847,,C08,Audio,HIGH,folder mapping: Sound Bars -> Audio,https://ik.imagekit.io/0iaahkrcv/Sound%20Bars/i-icons.50302365%20-%202026-08-12T100426.847.svg?updatedAt=1786520123794
6a7c223a5c7cd75eb8391f49,Sound Bars,i-icons.50302365 - 2026-08-12T100426.990.svg,i icons.50302365 2026 08 12T100426.990,,C08,Audio,HIGH,folder mapping: Sound Bars -> Audio,https://ik.imagekit.io/0iaahkrcv/Sound%20Bars/i-icons.50302365%20-%202026-08-12T100426.990.svg?updatedAt=1786520122929
6a7c223b5c7cd75eb83927a4,Sound Bars,i-icons.50302365 - 2026-08-12T100427.107.svg,i icons.50302365 2026 08 12T100427.107,,C08,Audio,HIGH,folder mapping: Sound Bars -> Audio,https://ik.imagekit.io/0iaahkrcv/Sound%20Bars/i-icons.50302365%20-%202026-08-12T100427.107.svg?updatedAt=1786520123811
6a7c223a5c7cd75eb8391fa9,Sound Bars,i-icons.50302365 - 2026-08-12T100427.159.svg,i icons.50302365 2026 08 12T100427.159,,C08,Audio,HIGH,folder mapping: Sound Bars -> Audio,https://ik.imagekit.io/0iaahkrcv/Sound%20Bars/i-icons.50302365%20-%202026-08-12T100427.159.svg?updatedAt=1786520123127
6a7c223b5c7cd75eb8392816,Sound Bars,i-icons.50302365 - 2026-08-12T100427.297.svg,i icons.50302365 2026 08 12T100427.297,,C08,Audio,HIGH,folder mapping: Sound Bars -> Audio,https://ik.imagekit.io/0iaahkrcv/Sound%20Bars/i-icons.50302365%20-%202026-08-12T100427.297.svg?updatedAt=1786520123797
6a7c223b5c7cd75eb839295f,Sound Bars,i-icons.50302365 - 2026-08-12T100427.394.svg,i icons.50302365 2026 08 12T100427.394,,C08,Audio,HIGH,folder mapping: Sound Bars -> Audio,https://ik.imagekit.io/0iaahkrcv/Sound%20Bars/i-icons.50302365%20-%202026-08-12T100427.394.svg?updatedAt=1786520123919
6a7c223b5c7cd75eb8392998,Sound Bars,i-icons.50302365 - 2026-08-12T100427.544.svg,i icons.50302365 2026 08 12T100427.544,,C08,Audio,HIGH,folder mapping: Sound Bars -> Audio,https://ik.imagekit.io/0iaahkrcv/Sound%20Bars/i-icons.50302365%20-%202026-08-12T100427.544.svg?updatedAt=1786520123862
6a7c223b5c7cd75eb8392a44,Sound Bars,i-icons.50302365 - 2026-08-12T100427.551.svg,i icons.50302365 2026 08 12T100427.551,,C08,Audio,HIGH,folder mapping: Sound Bars -> Audio,https://ik.imagekit.io/0iaahkrcv/Sound%20Bars/i-icons.50302365%20-%202026-08-12T100427.551.svg?updatedAt=1786520123986
6a7c223b5c7cd75eb8392a41,Sound Bars,i-icons.50302365 - 2026-08-12T100427.712.svg,i icons.50302365 2026 08 12T100427.712,,C08,Audio,HIGH,folder mapping: Sound Bars -> Audio,https://ik.imagekit.io/0iaahkrcv/Sound%20Bars/i-icons.50302365%20-%202026-08-12T100427.712.svg?updatedAt=1786520123930
6a7c223b5c7cd75eb8392a93,Sound Bars,i-icons.50302365 - 2026-08-12T100427.928.svg,i icons.50302365 2026 08 12T100427.928,,C08,Audio,HIGH,folder mapping: Sound Bars -> Audio,https://ik.imagekit.io/0iaahkrcv/Sound%20Bars/i-icons.50302365%20-%202026-08-12T100427.928.svg?updatedAt=1786520124050
6a7c223b5c7cd75eb8392a71,Sound Bars,i-icons.50302365 - 2026-08-12T100428.025.svg,i icons.50302365 2026 08 12T100428.025,,C08,Audio,HIGH,folder mapping: Sound Bars -> Audio,https://ik.imagekit.io/0iaahkrcv/Sound%20Bars/i-icons.50302365%20-%202026-08-12T100428.025.svg?updatedAt=1786520123940
6a7c223b5c7cd75eb8392a98,Sound Bars,i-icons.50302365 - 2026-08-12T100428.144.svg,i icons.50302365 2026 08 12T100428.144,,C08,Audio,HIGH,folder mapping: Sound Bars -> Audio,https://ik.imagekit.io/0iaahkrcv/Sound%20Bars/i-icons.50302365%20-%202026-08-12T100428.144.svg?updatedAt=1786520124018
6a7c223b5c7cd75eb8392ae2,Sound Bars,i-icons.50302365 - 2026-08-12T100428.272.svg,i icons.50302365 2026 08 12T100428.272,,C08,Audio,HIGH,folder mapping: Sound Bars -> Audio,https://ik.imagekit.io/0iaahkrcv/Sound%20Bars/i-icons.50302365%20-%202026-08-12T100428.272.svg?updatedAt=1786520124029
6a7c223b5c7cd75eb8392acf,Sound Bars,i-icons.50302365 - 2026-08-12T100429.438.svg,i icons.50302365 2026 08 12T100429.438,,C08,Audio,HIGH,folder mapping: Sound Bars -> Audio,https://ik.imagekit.io/0iaahkrcv/Sound%20Bars/i-icons.50302365%20-%202026-08-12T100429.438.svg?updatedAt=1786520124061
6a7c223b5c7cd75eb8392baa,Sound Bars,i-icons.50302365 - 2026-08-12T100429.545.svg,i icons.50302365 2026 08 12T100429.545,,C08,Audio,HIGH,folder mapping: Sound Bars -> Audio,https://ik.imagekit.io/0iaahkrcv/Sound%20Bars/i-icons.50302365%20-%202026-08-12T100429.545.svg?updatedAt=1786520124230
6a7c223b5c7cd75eb8392b83,Sound Bars,i-icons.50302365 - 2026-08-12T100429.694.svg,i icons.50302365 2026 08 12T100429.694,,C08,Audio,HIGH,folder mapping: Sound Bars -> Audio,https://ik.imagekit.io/0iaahkrcv/Sound%20Bars/i-icons.50302365%20-%202026-08-12T100429.694.svg?updatedAt=1786520124175
6a7c223b5c7cd75eb8392bcf,Sound Bars,i-icons.50302365 - 2026-08-12T100429.764.svg,i icons.50302365 2026 08 12T100429.764,,C08,Audio,HIGH,folder mapping: Sound Bars -> Audio,https://ik.imagekit.io/0iaahkrcv/Sound%20Bars/i-icons.50302365%20-%202026-08-12T100429.764.svg?updatedAt=1786520124225
6a7c223b5c7cd75eb8392bc2,Sound Bars,i-icons.50302365 - 2026-08-12T100430.309.svg,i icons.50302365 2026 08 12T100430.309,,C08,Audio,HIGH,folder mapping: Sound Bars -> Audio,https://ik.imagekit.io/0iaahkrcv/Sound%20Bars/i-icons.50302365%20-%202026-08-12T100430.309.svg?updatedAt=1786520124338
6a7c223b5c7cd75eb8392c39,Sound Bars,i-icons.50302365 - 2026-08-12T100430.310.svg,i icons.50302365 2026 08 12T100430.310,,C08,Audio,HIGH,folder mapping: Sound Bars -> Audio,https://ik.imagekit.io/0iaahkrcv/Sound%20Bars/i-icons.50302365%20-%202026-08-12T100430.310.svg?updatedAt=1786520124363
6a7c223b5c7cd75eb8392ca8,Sound Bars,i-icons.50302365 - 2026-08-12T100430.378.svg,i icons.50302365 2026 08 12T100430.378,,C08,Audio,HIGH,folder mapping: Sound Bars -> Audio,https://ik.imagekit.io/0iaahkrcv/Sound%20Bars/i-icons.50302365%20-%202026-08-12T100430.378.svg?updatedAt=1786520124484
6a7c223b5c7cd75eb8392cd1,Sound Bars,i-icons.50302365 - 2026-08-12T100430.398.svg,i icons.50302365 2026 08 12T100430.398,,C08,Audio,HIGH,folder mapping: Sound Bars -> Audio,https://ik.imagekit.io/0iaahkrcv/Sound%20Bars/i-icons.50302365%20-%202026-08-12T100430.398.svg?updatedAt=1786520124481
6a7c223b5c7cd75eb8392c45,Sound Bars,i-icons.50302365 - 2026-08-12T100430.500.svg,i icons.50302365 2026 08 12T100430.500,,C08,Audio,HIGH,folder mapping: Sound Bars -> Audio,https://ik.imagekit.io/0iaahkrcv/Sound%20Bars/i-icons.50302365%20-%202026-08-12T100430.500.svg?updatedAt=1786520124386
6a7c223b5c7cd75eb8392c40,Sound Bars,i-icons.50302365 - 2026-08-12T100430.558.svg,i icons.50302365 2026 08 12T100430.558,,C08,Audio,HIGH,folder mapping: Sound Bars -> Audio,https://ik.imagekit.io/0iaahkrcv/Sound%20Bars/i-icons.50302365%20-%202026-08-12T100430.558.svg?updatedAt=1786520124413
6a7c223b5c7cd75eb8392c6f,Sound Bars,i-icons.50302365 - 2026-08-12T100430.622.svg,i icons.50302365 2026 08 12T100430.622,,C08,Audio,HIGH,folder mapping: Sound Bars -> Audio,https://ik.imagekit.io/0iaahkrcv/Sound%20Bars/i-icons.50302365%20-%202026-08-12T100430.622.svg?updatedAt=1786520124377
6a7c223b5c7cd75eb8392cab,Sound Bars,i-icons.50302365 - 2026-08-12T100430.675.svg,i icons.50302365 2026 08 12T100430.675,,C08,Audio,HIGH,folder mapping: Sound Bars -> Audio,https://ik.imagekit.io/0iaahkrcv/Sound%20Bars/i-icons.50302365%20-%202026-08-12T100430.675.svg?updatedAt=1786520124418
6a7c223c5c7cd75eb83930db,Sound Bars,i-icons.50302365 - 2026-08-12T100430.804.svg,i icons.50302365 2026 08 12T100430.804,,C08,Audio,HIGH,folder mapping: Sound Bars -> Audio,https://ik.imagekit.io/0iaahkrcv/Sound%20Bars/i-icons.50302365%20-%202026-08-12T100430.804.svg?updatedAt=1786520124964
6a7c223d5c7cd75eb8393c98,Sound Bars,i-icons.50302365 - 2026-08-12T100430.907.svg,i icons.50302365 2026 08 12T100430.907,,C08,Audio,HIGH,folder mapping: Sound Bars -> Audio,https://ik.imagekit.io/0iaahkrcv/Sound%20Bars/i-icons.50302365%20-%202026-08-12T100430.907.svg?updatedAt=1786520126283
6a7c223c5c7cd75eb83932ef,Sound Bars,i-icons.50302365 - 2026-08-12T100430.959.svg,i icons.50302365 2026 08 12T100430.959,,C08,Audio,HIGH,folder mapping: Sound Bars -> Audio,https://ik.imagekit.io/0iaahkrcv/Sound%20Bars/i-icons.50302365%20-%202026-08-12T100430.959.svg?updatedAt=1786520125360
6a7c223c5c7cd75eb83936b5,Sound Bars,i-icons.50302365 - 2026-08-12T100431.161.svg,i icons.50302365 2026 08 12T100431.161,,C08,Audio,HIGH,folder mapping: Sound Bars -> Audio,https://ik.imagekit.io/0iaahkrcv/Sound%20Bars/i-icons.50302365%20-%202026-08-12T100431.161.svg?updatedAt=1786520125683
6a7c223d5c7cd75eb8393a67,Sound Bars,i-icons.50302365 - 2026-08-12T100431.284.svg,i icons.50302365 2026 08 12T100431.284,,C08,Audio,HIGH,folder mapping: Sound Bars -> Audio,https://ik.imagekit.io/0iaahkrcv/Sound%20Bars/i-icons.50302365%20-%202026-08-12T100431.284.svg?updatedAt=1786520125992
6a7c223d5c7cd75eb8393ae8,Sound Bars,i-icons.50302365 - 2026-08-12T100431.351.svg,i icons.50302365 2026 08 12T100431.351,,C08,Audio,HIGH,folder mapping: Sound Bars -> Audio,https://ik.imagekit.io/0iaahkrcv/Sound%20Bars/i-icons.50302365%20-%202026-08-12T100431.351.svg?updatedAt=1786520126102
6a7c223d5c7cd75eb8393af9,Sound Bars,i-icons.50302365 - 2026-08-12T100431.610.svg,i icons.50302365 2026 08 12T100431.610,,C08,Audio,HIGH,folder mapping: Sound Bars -> Audio,https://ik.imagekit.io/0iaahkrcv/Sound%20Bars/i-icons.50302365%20-%202026-08-12T100431.610.svg?updatedAt=1786520126209
6a7c223d5c7cd75eb8393ad8,Sound Bars,i-icons.50302365 - 2026-08-12T100432.094.svg,i icons.50302365 2026 08 12T100432.094,,C08,Audio,HIGH,folder mapping: Sound Bars -> Audio,https://ik.imagekit.io/0iaahkrcv/Sound%20Bars/i-icons.50302365%20-%202026-08-12T100432.094.svg?updatedAt=1786520126109
6a7c223d5c7cd75eb8393b38,Sound Bars,i-icons.50302365 - 2026-08-12T100512.239.svg,i icons.50302365 2026 08 12T100512.239,,C08,Audio,HIGH,folder mapping: Sound Bars -> Audio,https://ik.imagekit.io/0iaahkrcv/Sound%20Bars/i-icons.50302365%20-%202026-08-12T100512.239.svg?updatedAt=1786520126144
6a7c223d5c7cd75eb8393b33,Sound Bars,i-icons.50302365 - 2026-08-12T100512.338.svg,i icons.50302365 2026 08 12T100512.338,,C08,Audio,HIGH,folder mapping: Sound Bars -> Audio,https://ik.imagekit.io/0iaahkrcv/Sound%20Bars/i-icons.50302365%20-%202026-08-12T100512.338.svg?updatedAt=1786520126222
6a7c223d5c7cd75eb8393abe,Sound Bars,i-icons.50302365 - 2026-08-12T100512.444.svg,i icons.50302365 2026 08 12T100512.444,,C08,Audio,HIGH,folder mapping: Sound Bars -> Audio,https://ik.imagekit.io/0iaahkrcv/Sound%20Bars/i-icons.50302365%20-%202026-08-12T100512.444.svg?updatedAt=1786520126043
6a7c223d5c7cd75eb8393c86,Sound Bars,i-icons.50302365 - 2026-08-12T100512.551.svg,i icons.50302365 2026 08 12T100512.551,,C08,Audio,HIGH,folder mapping: Sound Bars -> Audio,https://ik.imagekit.io/0iaahkrcv/Sound%20Bars/i-icons.50302365%20-%202026-08-12T100512.551.svg?updatedAt=1786520126317
6a7c223d5c7cd75eb8393c74,Sound Bars,i-icons.50302365 - 2026-08-12T100512.684.svg,i icons.50302365 2026 08 12T100512.684,,C08,Audio,HIGH,folder mapping: Sound Bars -> Audio,https://ik.imagekit.io/0iaahkrcv/Sound%20Bars/i-icons.50302365%20-%202026-08-12T100512.684.svg?updatedAt=1786520126289
6a7c223d5c7cd75eb8393ca6,Sound Bars,i-icons.50302365 - 2026-08-12T100512.779.svg,i icons.50302365 2026 08 12T100512.779,,C08,Audio,HIGH,folder mapping: Sound Bars -> Audio,https://ik.imagekit.io/0iaahkrcv/Sound%20Bars/i-icons.50302365%20-%202026-08-12T100512.779.svg?updatedAt=1786520126428
6a7c223d5c7cd75eb8393cd1,Sound Bars,i-icons.50302365 - 2026-08-12T100512.974.svg,i icons.50302365 2026 08 12T100512.974,,C08,Audio,HIGH,folder mapping: Sound Bars -> Audio,https://ik.imagekit.io/0iaahkrcv/Sound%20Bars/i-icons.50302365%20-%202026-08-12T100512.974.svg?updatedAt=1786520126298
6a7c223e5c7cd75eb8394202,Sound Bars,i-icons.50302365 - 2026-08-12T100513.047.svg,i icons.50302365 2026 08 12T100513.047,,C08,Audio,HIGH,folder mapping: Sound Bars -> Audio,https://ik.imagekit.io/0iaahkrcv/Sound%20Bars/i-icons.50302365%20-%202026-08-12T100513.047.svg?updatedAt=1786520126735
6a7c223e5c7cd75eb8394254,Sound Bars,i-icons.50302365 - 2026-08-12T100513.165.svg,i icons.50302365 2026 08 12T100513.165,,C08,Audio,HIGH,folder mapping: Sound Bars -> Audio,https://ik.imagekit.io/0iaahkrcv/Sound%20Bars/i-icons.50302365%20-%202026-08-12T100513.165.svg?updatedAt=1786520126797
6a7c223e5c7cd75eb8394453,Sound Bars,i-icons.50302365 - 2026-08-12T100513.298.svg,i icons.50302365 2026 08 12T100513.298,,C08,Audio,HIGH,folder mapping: Sound Bars -> Audio,https://ik.imagekit.io/0iaahkrcv/Sound%20Bars/i-icons.50302365%20-%202026-08-12T100513.298.svg?updatedAt=1786520127074
6a7c223e5c7cd75eb83946dd,Sound Bars,i-icons.50302365 - 2026-08-12T100513.302.svg,i icons.50302365 2026 08 12T100513.302,,C08,Audio,HIGH,folder mapping: Sound Bars -> Audio,https://ik.imagekit.io/0iaahkrcv/Sound%20Bars/i-icons.50302365%20-%202026-08-12T100513.302.svg?updatedAt=1786520127028
6a7c223e5c7cd75eb8394463,Sound Bars,i-icons.50302365 - 2026-08-12T100513.625.svg,i icons.50302365 2026 08 12T100513.625,,C08,Audio,HIGH,folder mapping: Sound Bars -> Audio,https://ik.imagekit.io/0iaahkrcv/Sound%20Bars/i-icons.50302365%20-%202026-08-12T100513.625.svg?updatedAt=1786520126918
6a7c223e5c7cd75eb83944a9,Sound Bars,i-icons.50302365 - 2026-08-12T100513.682.svg,i icons.50302365 2026 08 12T100513.682,,C08,Audio,HIGH,folder mapping: Sound Bars -> Audio,https://ik.imagekit.io/0iaahkrcv/Sound%20Bars/i-icons.50302365%20-%202026-08-12T100513.682.svg?updatedAt=1786520126976
6a7c223e5c7cd75eb8394559,Sound Bars,i-icons.50302365 - 2026-08-12T100513.762.svg,i icons.50302365 2026 08 12T100513.762,,C08,Audio,HIGH,folder mapping: Sound Bars -> Audio,https://ik.imagekit.io/0iaahkrcv/Sound%20Bars/i-icons.50302365%20-%202026-08-12T100513.762.svg?updatedAt=1786520127074
6a7c223e5c7cd75eb8394624,Sound Bars,i-icons.50302365 - 2026-08-12T100513.998.svg,i icons.50302365 2026 08 12T100513.998,,C08,Audio,HIGH,folder mapping: Sound Bars -> Audio,https://ik.imagekit.io/0iaahkrcv/Sound%20Bars/i-icons.50302365%20-%202026-08-12T100513.998.svg?updatedAt=1786520127114
6a7c223e5c7cd75eb8394618,Sound Bars,i-icons.50302365 - 2026-08-12T100514.794.svg,i icons.50302365 2026 08 12T100514.794,,C08,Audio,HIGH,folder mapping: Sound Bars -> Audio,https://ik.imagekit.io/0iaahkrcv/Sound%20Bars/i-icons.50302365%20-%202026-08-12T100514.794.svg?updatedAt=1786520126971
6a7c223e5c7cd75eb83946f6,Sound Bars,i-icons.50302365 - 2026-08-12T100514.807.svg,i icons.50302365 2026 08 12T100514.807,,C08,Audio,HIGH,folder mapping: Sound Bars -> Audio,https://ik.imagekit.io/0iaahkrcv/Sound%20Bars/i-icons.50302365%20-%202026-08-12T100514.807.svg?updatedAt=1786520127119
6a7c223e5c7cd75eb8394711,Sound Bars,i-icons.50302365 - 2026-08-12T100514.926.svg,i icons.50302365 2026 08 12T100514.926,,C08,Audio,HIGH,folder mapping: Sound Bars -> Audio,https://ik.imagekit.io/0iaahkrcv/Sound%20Bars/i-icons.50302365%20-%202026-08-12T100514.926.svg?updatedAt=1786520127166
6a7c223e5c7cd75eb839470b,Sound Bars,i-icons.50302365 - 2026-08-12T100515.138.svg,i icons.50302365 2026 08 12T100515.138,,C08,Audio,HIGH,folder mapping: Sound Bars -> Audio,https://ik.imagekit.io/0iaahkrcv/Sound%20Bars/i-icons.50302365%20-%202026-08-12T100515.138.svg?updatedAt=1786520127095
6a7c223e5c7cd75eb83946e3,Sound Bars,i-icons.50302365 - 2026-08-12T100515.147.svg,i icons.50302365 2026 08 12T100515.147,,C08,Audio,HIGH,folder mapping: Sound Bars -> Audio,https://ik.imagekit.io/0iaahkrcv/Sound%20Bars/i-icons.50302365%20-%202026-08-12T100515.147.svg?updatedAt=1786520127079
6a7c223e5c7cd75eb83946ff,Sound Bars,i-icons.50302365 - 2026-08-12T100515.281.svg,i icons.50302365 2026 08 12T100515.281,,C08,Audio,HIGH,folder mapping: Sound Bars -> Audio,https://ik.imagekit.io/0iaahkrcv/Sound%20Bars/i-icons.50302365%20-%202026-08-12T100515.281.svg?updatedAt=1786520127252
6a7c223e5c7cd75eb83946b1,Sound Bars,i-icons.50302365 - 2026-08-12T100515.390.svg,i icons.50302365 2026 08 12T100515.390,,C08,Audio,HIGH,folder mapping: Sound Bars -> Audio,https://ik.imagekit.io/0iaahkrcv/Sound%20Bars/i-icons.50302365%20-%202026-08-12T100515.390.svg?updatedAt=1786520127107
6a7c223e5c7cd75eb8394709,Sound Bars,i-icons.50302365 - 2026-08-12T100515.479.svg,i icons.50302365 2026 08 12T100515.479,,C08,Audio,HIGH,folder mapping: Sound Bars -> Audio,https://ik.imagekit.io/0iaahkrcv/Sound%20Bars/i-icons.50302365%20-%202026-08-12T100515.479.svg?updatedAt=1786520127155
6a7c223e5c7cd75eb83946cc,Sound Bars,i-icons.50302365 - 2026-08-12T100515.695.svg,i icons.50302365 2026 08 12T100515.695,,C08,Audio,HIGH,folder mapping: Sound Bars -> Audio,https://ik.imagekit.io/0iaahkrcv/Sound%20Bars/i-icons.50302365%20-%202026-08-12T100515.695.svg?updatedAt=1786520127085
6a7c223e5c7cd75eb8394737,Sound Bars,i-icons.50302365 - 2026-08-12T100515.809.svg,i icons.50302365 2026 08 12T100515.809,,C08,Audio,HIGH,folder mapping: Sound Bars -> Audio,https://ik.imagekit.io/0iaahkrcv/Sound%20Bars/i-icons.50302365%20-%202026-08-12T100515.809.svg?updatedAt=1786520127122
6a7c223e5c7cd75eb83947b9,Sound Bars,i-icons.50302365 - 2026-08-12T100515.939.svg,i icons.50302365 2026 08 12T100515.939,,C08,Audio,HIGH,folder mapping: Sound Bars -> Audio,https://ik.imagekit.io/0iaahkrcv/Sound%20Bars/i-icons.50302365%20-%202026-08-12T100515.939.svg?updatedAt=1786520127355
6a7c223e5c7cd75eb839470c,Sound Bars,i-icons.50302365 - 2026-08-12T100516.012.svg,i icons.50302365 2026 08 12T100516.012,,C08,Audio,HIGH,folder mapping: Sound Bars -> Audio,https://ik.imagekit.io/0iaahkrcv/Sound%20Bars/i-icons.50302365%20-%202026-08-12T100516.012.svg?updatedAt=1786520127264
6a7c223e5c7cd75eb8394792,Sound Bars,i-icons.50302365 - 2026-08-12T100516.095.svg,i icons.50302365 2026 08 12T100516.095,,C08,Audio,HIGH,folder mapping: Sound Bars -> Audio,https://ik.imagekit.io/0iaahkrcv/Sound%20Bars/i-icons.50302365%20-%202026-08-12T100516.095.svg?updatedAt=1786520127212
6a7c223e5c7cd75eb8394788,Sound Bars,i-icons.50302365 - 2026-08-12T100516.200.svg,i icons.50302365 2026 08 12T100516.200,,C08,Audio,HIGH,folder mapping: Sound Bars -> Audio,https://ik.imagekit.io/0iaahkrcv/Sound%20Bars/i-icons.50302365%20-%202026-08-12T100516.200.svg?updatedAt=1786520127268
6a7c223e5c7cd75eb83947e8,Sound Bars,i-icons.50302365 - 2026-08-12T100516.296.svg,i icons.50302365 2026 08 12T100516.296,,C08,Audio,HIGH,folder mapping: Sound Bars -> Audio,https://ik.imagekit.io/0iaahkrcv/Sound%20Bars/i-icons.50302365%20-%202026-08-12T100516.296.svg?updatedAt=1786520127366
6a7c223e5c7cd75eb83946a8,Sound Bars,i-icons.50302365 - 2026-08-12T100516.432.svg,i icons.50302365 2026 08 12T100516.432,,C08,Audio,HIGH,folder mapping: Sound Bars -> Audio,https://ik.imagekit.io/0iaahkrcv/Sound%20Bars/i-icons.50302365%20-%202026-08-12T100516.432.svg?updatedAt=1786520127045
6a7c223e5c7cd75eb83947c3,Sound Bars,i-icons.50302365 - 2026-08-12T100516.505.svg,i icons.50302365 2026 08 12T100516.505,,C08,Audio,HIGH,folder mapping: Sound Bars -> Audio,https://ik.imagekit.io/0iaahkrcv/Sound%20Bars/i-icons.50302365%20-%202026-08-12T100516.505.svg?updatedAt=1786520127284
6a7c223e5c7cd75eb839473d,Sound Bars,i-icons.50302365 - 2026-08-12T100516.641.svg,i icons.50302365 2026 08 12T100516.641,,C08,Audio,HIGH,folder mapping: Sound Bars -> Audio,https://ik.imagekit.io/0iaahkrcv/Sound%20Bars/i-icons.50302365%20-%202026-08-12T100516.641.svg?updatedAt=1786520127110
6a7c223e5c7cd75eb83947cb,Sound Bars,i-icons.50302365 - 2026-08-12T100516.756.svg,i icons.50302365 2026 08 12T100516.756,,C08,Audio,HIGH,folder mapping: Sound Bars -> Audio,https://ik.imagekit.io/0iaahkrcv/Sound%20Bars/i-icons.50302365%20-%202026-08-12T100516.756.svg?updatedAt=1786520127153
6a7c223e5c7cd75eb83947fc,Sound Bars,i-icons.50302365 - 2026-08-12T100516.836.svg,i icons.50302365 2026 08 12T100516.836,,C08,Audio,HIGH,folder mapping: Sound Bars -> Audio,https://ik.imagekit.io/0iaahkrcv/Sound%20Bars/i-icons.50302365%20-%202026-08-12T100516.836.svg?updatedAt=1786520127436
6a7c223e5c7cd75eb839483b,Sound Bars,i-icons.50302365 - 2026-08-12T100517.325.svg,i icons.50302365 2026 08 12T100517.325,,C08,Audio,HIGH,folder mapping: Sound Bars -> Audio,https://ik.imagekit.io/0iaahkrcv/Sound%20Bars/i-icons.50302365%20-%202026-08-12T100517.325.svg?updatedAt=1786520127237
6a7c223e5c7cd75eb83947a3,Sound Bars,i-icons.50302365 - 2026-08-12T101529.058.svg,i icons.50302365 2026 08 12T101529.058,,C08,Audio,HIGH,folder mapping: Sound Bars -> Audio,https://ik.imagekit.io/0iaahkrcv/Sound%20Bars/i-icons.50302365%20-%202026-08-12T101529.058.svg?updatedAt=1786520127300
6a7c223e5c7cd75eb83947f5,Sound Bars,i-icons.50302365 - 2026-08-12T101529.238.svg,i icons.50302365 2026 08 12T101529.238,,C08,Audio,HIGH,folder mapping: Sound Bars -> Audio,https://ik.imagekit.io/0iaahkrcv/Sound%20Bars/i-icons.50302365%20-%202026-08-12T101529.238.svg?updatedAt=1786520127184
6a7c223e5c7cd75eb8394897,Sound Bars,i-icons.50302365 - 2026-08-12T101529.246.svg,i icons.50302365 2026 08 12T101529.246,,C08,Audio,HIGH,folder mapping: Sound Bars -> Audio,https://ik.imagekit.io/0iaahkrcv/Sound%20Bars/i-icons.50302365%20-%202026-08-12T101529.246.svg?updatedAt=1786520127356
6a7c223e5c7cd75eb83947a8,Sound Bars,i-icons.50302365 - 2026-08-12T101529.257.svg,i icons.50302365 2026 08 12T101529.257,,C08,Audio,HIGH,folder mapping: Sound Bars -> Audio,https://ik.imagekit.io/0iaahkrcv/Sound%20Bars/i-icons.50302365%20-%202026-08-12T101529.257.svg?updatedAt=1786520127211
6a7c22435c7cd75eb8396ce6,Sound Bars,i-icons.50302365 - 2026-08-12T101529.280.svg,i icons.50302365 2026 08 12T101529.280,,C08,Audio,HIGH,folder mapping: Sound Bars -> Audio,https://ik.imagekit.io/0iaahkrcv/Sound%20Bars/i-icons.50302365%20-%202026-08-12T101529.280.svg?updatedAt=1786520131764
6a7c22455c7cd75eb8397cfa,Sound Bars,i-icons.50302365 - 2026-08-12T101529.291.svg,i icons.50302365 2026 08 12T101529.291,,C08,Audio,HIGH,folder mapping: Sound Bars -> Audio,https://ik.imagekit.io/0iaahkrcv/Sound%20Bars/i-icons.50302365%20-%202026-08-12T101529.291.svg?updatedAt=1786520133918
6a7c22425c7cd75eb8396c6d,Sound Bars,i-icons.50302365 - 2026-08-12T101529.406.svg,i icons.50302365 2026 08 12T101529.406,,C08,Audio,HIGH,folder mapping: Sound Bars -> Audio,https://ik.imagekit.io/0iaahkrcv/Sound%20Bars/i-icons.50302365%20-%202026-08-12T101529.406.svg?updatedAt=1786520131773
6a7c22445c7cd75eb8397902,Sound Bars,i-icons.50302365 - 2026-08-12T101529.407.svg,i icons.50302365 2026 08 12T101529.407,,C08,Audio,HIGH,folder mapping: Sound Bars -> Audio,https://ik.imagekit.io/0iaahkrcv/Sound%20Bars/i-icons.50302365%20-%202026-08-12T101529.407.svg?updatedAt=1786520133458
6a7c22445c7cd75eb839799e,Sound Bars,i-icons.50302365 - 2026-08-12T101529.412.svg,i icons.50302365 2026 08 12T101529.412,,C08,Audio,HIGH,folder mapping: Sound Bars -> Audio,https://ik.imagekit.io/0iaahkrcv/Sound%20Bars/i-icons.50302365%20-%202026-08-12T101529.412.svg?updatedAt=1786520133550
6a7c224a5c7cd75eb839ac00,Sound Bars,i-icons.50302365 - 2026-08-12T101529.600.svg,i icons.50302365 2026 08 12T101529.600,,C08,Audio,HIGH,folder mapping: Sound Bars -> Audio,https://ik.imagekit.io/0iaahkrcv/Sound%20Bars/i-icons.50302365%20-%202026-08-12T101529.600.svg?updatedAt=1786520139226
6a7c224b5c7cd75eb839b20a,Sound Bars,i-icons.50302365 - 2026-08-12T101529.608.svg,i icons.50302365 2026 08 12T101529.608,,C08,Audio,HIGH,folder mapping: Sound Bars -> Audio,https://ik.imagekit.io/0iaahkrcv/Sound%20Bars/i-icons.50302365%20-%202026-08-12T101529.608.svg?updatedAt=1786520139729
6a7c224a5c7cd75eb839ae41,Sound Bars,i-icons.50302365 - 2026-08-12T101529.628.svg,i icons.50302365 2026 08 12T101529.628,,C08,Audio,HIGH,folder mapping: Sound Bars -> Audio,https://ik.imagekit.io/0iaahkrcv/Sound%20Bars/i-icons.50302365%20-%202026-08-12T101529.628.svg?updatedAt=1786520140097
6a7c224a5c7cd75eb839aefd,Sound Bars,i-icons.50302365 - 2026-08-12T101529.929.svg,i icons.50302365 2026 08 12T101529.929,,C08,Audio,HIGH,folder mapping: Sound Bars -> Audio,https://ik.imagekit.io/0iaahkrcv/Sound%20Bars/i-icons.50302365%20-%202026-08-12T101529.929.svg?updatedAt=1786520140083
6a7c224b5c7cd75eb839b204,Sound Bars,i-icons.50302365 - 2026-08-12T101530.112.svg,i icons.50302365 2026 08 12T101530.112,,C08,Audio,HIGH,folder mapping: Sound Bars -> Audio,https://ik.imagekit.io/0iaahkrcv/Sound%20Bars/i-icons.50302365%20-%202026-08-12T101530.112.svg?updatedAt=1786520139730
6a7c224b5c7cd75eb839b1ee,Sound Bars,i-icons.50302365 - 2026-08-12T101530.177.svg,i icons.50302365 2026 08 12T101530.177,,C08,Audio,HIGH,folder mapping: Sound Bars -> Audio,https://ik.imagekit.io/0iaahkrcv/Sound%20Bars/i-icons.50302365%20-%202026-08-12T101530.177.svg?updatedAt=1786520139873
6a7c224b5c7cd75eb839b190,Sound Bars,i-icons.50302365 - 2026-08-12T101530.178.svg,i icons.50302365 2026 08 12T101530.178,,C08,Audio,HIGH,folder mapping: Sound Bars -> Audio,https://ik.imagekit.io/0iaahkrcv/Sound%20Bars/i-icons.50302365%20-%202026-08-12T101530.178.svg?updatedAt=1786520140283
6a7c224b5c7cd75eb839b1da,Sound Bars,i-icons.50302365 - 2026-08-12T101530.192.svg,i icons.50302365 2026 08 12T101530.192,,C08,Audio,HIGH,folder mapping: Sound Bars -> Audio,https://ik.imagekit.io/0iaahkrcv/Sound%20Bars/i-icons.50302365%20-%202026-08-12T101530.192.svg?updatedAt=1786520139776
6a7c224b5c7cd75eb839b4fe,Sound Bars,i-icons.50302365 - 2026-08-12T101530.263.svg,i icons.50302365 2026 08 12T101530.263,,C08,Audio,HIGH,folder mapping: Sound Bars -> Audio,https://ik.imagekit.io/0iaahkrcv/Sound%20Bars/i-icons.50302365%20-%202026-08-12T101530.263.svg?updatedAt=1786520140541
6a7c224b5c7cd75eb839bb9a,Sound Bars,i-icons.50302365 - 2026-08-12T101530.270.svg,i icons.50302365 2026 08 12T101530.270,,C08,Audio,HIGH,folder mapping: Sound Bars -> Audio,https://ik.imagekit.io/0iaahkrcv/Sound%20Bars/i-icons.50302365%20-%202026-08-12T101530.270.svg?updatedAt=1786520140649
6a7c224b5c7cd75eb839b885,Sound Bars,i-icons.50302365 - 2026-08-12T101530.327.svg,i icons.50302365 2026 08 12T101530.327,,C08,Audio,HIGH,folder mapping: Sound Bars -> Audio,https://ik.imagekit.io/0iaahkrcv/Sound%20Bars/i-icons.50302365%20-%202026-08-12T101530.327.svg?updatedAt=1786520140460
6a7c224b5c7cd75eb839b921,Sound Bars,i-icons.50302365 - 2026-08-12T101530.339.svg,i icons.50302365 2026 08 12T101530.339,,C08,Audio,HIGH,folder mapping: Sound Bars -> Audio,https://ik.imagekit.io/0iaahkrcv/Sound%20Bars/i-icons.50302365%20-%202026-08-12T101530.339.svg?updatedAt=1786520140478
6a7c224b5c7cd75eb839b85d,Sound Bars,i-icons.50302365 - 2026-08-12T101530.477.svg,i icons.50302365 2026 08 12T101530.477,,C08,Audio,HIGH,folder mapping: Sound Bars -> Audio,https://ik.imagekit.io/0iaahkrcv/Sound%20Bars/i-icons.50302365%20-%202026-08-12T101530.477.svg?updatedAt=1786520140466
6a7c224d5c7cd75eb839c748,Sound Bars,i-icons.50302365 - 2026-08-12T101530.689.svg,i icons.50302365 2026 08 12T101530.689,,C08,Audio,HIGH,folder mapping: Sound Bars -> Audio,https://ik.imagekit.io/0iaahkrcv/Sound%20Bars/i-icons.50302365%20-%202026-08-12T101530.689.svg?updatedAt=1786520141748
6a7c224c5c7cd75eb839bed9,Sound Bars,i-icons.50302365 - 2026-08-12T101530.695.svg,i icons.50302365 2026 08 12T101530.695,,C08,Audio,HIGH,folder mapping: Sound Bars -> Audio,https://ik.imagekit.io/0iaahkrcv/Sound%20Bars/i-icons.50302365%20-%202026-08-12T101530.695.svg?updatedAt=1786520140973
6a7c224c5c7cd75eb839c06f,Sound Bars,i-icons.50302365 - 2026-08-12T101530.782.svg,i icons.50302365 2026 08 12T101530.782,,C08,Audio,HIGH,folder mapping: Sound Bars -> Audio,https://ik.imagekit.io/0iaahkrcv/Sound%20Bars/i-icons.50302365%20-%202026-08-12T101530.782.svg?updatedAt=1786520141161
6a7c224d5c7cd75eb839c9b0,Sound Bars,i-icons.50302365 - 2026-08-12T101530.879.svg,i icons.50302365 2026 08 12T101530.879,,C08,Audio,HIGH,folder mapping: Sound Bars -> Audio,https://ik.imagekit.io/0iaahkrcv/Sound%20Bars/i-icons.50302365%20-%202026-08-12T101530.879.svg?updatedAt=1786520141942
6a7c224c5c7cd75eb839bfb3,Sound Bars,i-icons.50302365 - 2026-08-12T101531.101.svg,i icons.50302365 2026 08 12T101531.101,,C08,Audio,HIGH,folder mapping: Sound Bars -> Audio,https://ik.imagekit.io/0iaahkrcv/Sound%20Bars/i-icons.50302365%20-%202026-08-12T101531.101.svg?updatedAt=1786520141050
6a7c224c5c7cd75eb839be5b,Sound Bars,i-icons.50302365 - 2026-08-12T101531.193.svg,i icons.50302365 2026 08 12T101531.193,,C08,Audio,HIGH,folder mapping: Sound Bars -> Audio,https://ik.imagekit.io/0iaahkrcv/Sound%20Bars/i-icons.50302365%20-%202026-08-12T101531.193.svg?updatedAt=1786520141029
6a7c224d5c7cd75eb839c77f,Sound Bars,i-icons.50302365 - 2026-08-12T101531.325.svg,i icons.50302365 2026 08 12T101531.325,,C08,Audio,HIGH,folder mapping: Sound Bars -> Audio,https://ik.imagekit.io/0iaahkrcv/Sound%20Bars/i-icons.50302365%20-%202026-08-12T101531.325.svg?updatedAt=1786520141746
6a7c224c5c7cd75eb839bfc3,Sound Bars,i-icons.50302365 - 2026-08-12T101532.012.svg,i icons.50302365 2026 08 12T101532.012,,C08,Audio,HIGH,folder mapping: Sound Bars -> Audio,https://ik.imagekit.io/0iaahkrcv/Sound%20Bars/i-icons.50302365%20-%202026-08-12T101532.012.svg?updatedAt=1786520141093
6a7c224c5c7cd75eb839c25a,Sound Bars,i-icons.50302365 - 2026-08-12T101619.206.svg,i icons.50302365 2026 08 12T101619.206,,C08,Audio,HIGH,folder mapping: Sound Bars -> Audio,https://ik.imagekit.io/0iaahkrcv/Sound%20Bars/i-icons.50302365%20-%202026-08-12T101619.206.svg?updatedAt=1786520141282
6a7c224c5c7cd75eb839c50b,Sound Bars,i-icons.50302365 - 2026-08-12T101619.242.svg,i icons.50302365 2026 08 12T101619.242,,C08,Audio,HIGH,folder mapping: Sound Bars -> Audio,https://ik.imagekit.io/0iaahkrcv/Sound%20Bars/i-icons.50302365%20-%202026-08-12T101619.242.svg?updatedAt=1786520141522
6a7c224d5c7cd75eb839c6f3,Sound Bars,i-icons.50302365 - 2026-08-12T101619.259.svg,i icons.50302365 2026 08 12T101619.259,,C08,Audio,HIGH,folder mapping: Sound Bars -> Audio,https://ik.imagekit.io/0iaahkrcv/Sound%20Bars/i-icons.50302365%20-%202026-08-12T101619.259.svg?updatedAt=1786520141713
6a7c224c5c7cd75eb839c223,Sound Bars,i-icons.50302365 - 2026-08-12T101619.260.svg,i icons.50302365 2026 08 12T101619.260,,C08,Audio,HIGH,folder mapping: Sound Bars -> Audio,https://ik.imagekit.io/0iaahkrcv/Sound%20Bars/i-icons.50302365%20-%202026-08-12T101619.260.svg?updatedAt=1786520141272
6a7c224d5c7cd75eb839c945,Sound Bars,i-icons.50302365 - 2026-08-12T101619.395.svg,i icons.50302365 2026 08 12T101619.395,,C08,Audio,HIGH,folder mapping: Sound Bars -> Audio,https://ik.imagekit.io/0iaahkrcv/Sound%20Bars/i-icons.50302365%20-%202026-08-12T101619.395.svg?updatedAt=1786520141908
6a7c224d5c7cd75eb839c70d,Sound Bars,i-icons.50302365 - 2026-08-12T101620.439.svg,i icons.50302365 2026 08 12T101620.439,,C08,Audio,HIGH,folder mapping: Sound Bars -> Audio,https://ik.imagekit.io/0iaahkrcv/Sound%20Bars/i-icons.50302365%20-%202026-08-12T101620.439.svg?updatedAt=1786520141731
6a7c224d5c7cd75eb839c86d,Sound Bars,i-icons.50302365 - 2026-08-12T101620.442.svg,i icons.50302365 2026 08 12T101620.442,,C08,Audio,HIGH,folder mapping: Sound Bars -> Audio,https://ik.imagekit.io/0iaahkrcv/Sound%20Bars/i-icons.50302365%20-%202026-08-12T101620.442.svg?updatedAt=1786520141873
6a7c224b5c7cd75eb839b2f0,Sound Bars,i-icons.50302365 - 2026-08-12T101620.465.svg,i icons.50302365 2026 08 12T101620.465,,C08,Audio,HIGH,folder mapping: Sound Bars -> Audio,https://ik.imagekit.io/0iaahkrcv/Sound%20Bars/i-icons.50302365%20-%202026-08-12T101620.465.svg?updatedAt=1786520139784
6a7c224b5c7cd75eb839b318,Sound Bars,i-icons.50302365 - 2026-08-12T101620.590.svg,i icons.50302365 2026 08 12T101620.590,,C08,Audio,HIGH,folder mapping: Sound Bars -> Audio,https://ik.imagekit.io/0iaahkrcv/Sound%20Bars/i-icons.50302365%20-%202026-08-12T101620.590.svg?updatedAt=1786520139794
6a7c224b5c7cd75eb839b300,Sound Bars,i-icons.50302365 - 2026-08-12T101620.591.svg,i icons.50302365 2026 08 12T101620.591,,C08,Audio,HIGH,folder mapping: Sound Bars -> Audio,https://ik.imagekit.io/0iaahkrcv/Sound%20Bars/i-icons.50302365%20-%202026-08-12T101620.591.svg?updatedAt=1786520139786
6a7c224e5c7cd75eb839d7b2,Sound Bars,i-icons.50302365 - 2026-08-12T101622.221.svg,i icons.50302365 2026 08 12T101622.221,,C08,Audio,HIGH,folder mapping: Sound Bars -> Audio,https://ik.imagekit.io/0iaahkrcv/Sound%20Bars/i-icons.50302365%20-%202026-08-12T101622.221.svg?updatedAt=1786520143103
6a7c224e5c7cd75eb839d7bb,Sound Bars,i-icons.50302365 - 2026-08-12T101622.355.svg,i icons.50302365 2026 08 12T101622.355,,C08,Audio,HIGH,folder mapping: Sound Bars -> Audio,https://ik.imagekit.io/0iaahkrcv/Sound%20Bars/i-icons.50302365%20-%202026-08-12T101622.355.svg?updatedAt=1786520143133
6a7c224e5c7cd75eb839d8d6,Sound Bars,i-icons.50302365 - 2026-08-12T101623.063.svg,i icons.50302365 2026 08 12T101623.063,,C08,Audio,HIGH,folder mapping: Sound Bars -> Audio,https://ik.imagekit.io/0iaahkrcv/Sound%20Bars/i-icons.50302365%20-%202026-08-12T101623.063.svg?updatedAt=1786520143232
6a7c224e5c7cd75eb839d8bd,Sound Bars,i-icons.50302365 - 2026-08-12T101623.912.svg,i icons.50302365 2026 08 12T101623.912,,C08,Audio,HIGH,folder mapping: Sound Bars -> Audio,https://ik.imagekit.io/0iaahkrcv/Sound%20Bars/i-icons.50302365%20-%202026-08-12T101623.912.svg?updatedAt=1786520143188
6a7c224e5c7cd75eb839d8e2,Sound Bars,i-icons.50302365 - 2026-08-12T101624.093.svg,i icons.50302365 2026 08 12T101624.093,,C08,Audio,HIGH,folder mapping: Sound Bars -> Audio,https://ik.imagekit.io/0iaahkrcv/Sound%20Bars/i-icons.50302365%20-%202026-08-12T101624.093.svg?updatedAt=1786520143320
6a7c224e5c7cd75eb839d8f5,Sound Bars,i-icons.50302365 - 2026-08-12T101624.123.svg,i icons.50302365 2026 08 12T101624.123,,C08,Audio,HIGH,folder mapping: Sound Bars -> Audio,https://ik.imagekit.io/0iaahkrcv/Sound%20Bars/i-icons.50302365%20-%202026-08-12T101624.123.svg?updatedAt=1786520143416
6a7c224e5c7cd75eb839da3e,Sound Bars,i-icons.50302365 - 2026-08-12T101624.124.svg,i icons.50302365 2026 08 12T101624.124,,C08,Audio,HIGH,folder mapping: Sound Bars -> Audio,https://ik.imagekit.io/0iaahkrcv/Sound%20Bars/i-icons.50302365%20-%202026-08-12T101624.124.svg?updatedAt=1786520143574
6a7c224e5c7cd75eb839da06,Sound Bars,i-icons.50302365 - 2026-08-12T101624.321.svg,i icons.50302365 2026 08 12T101624.321,,C08,Audio,HIGH,folder mapping: Sound Bars -> Audio,https://ik.imagekit.io/0iaahkrcv/Sound%20Bars/i-icons.50302365%20-%202026-08-12T101624.321.svg?updatedAt=1786520143511
6a7c224e5c7cd75eb839da21,Sound Bars,i-icons.50302365 - 2026-08-12T101624.338.svg,i icons.50302365 2026 08 12T101624.338,,C08,Audio,HIGH,folder mapping: Sound Bars -> Audio,https://ik.imagekit.io/0iaahkrcv/Sound%20Bars/i-icons.50302365%20-%202026-08-12T101624.338.svg?updatedAt=1786520143494
6a7c224e5c7cd75eb839daef,Sound Bars,i-icons.50302365 - 2026-08-12T101624.339.svg,i icons.50302365 2026 08 12T101624.339,,C08,Audio,HIGH,folder mapping: Sound Bars -> Audio,https://ik.imagekit.io/0iaahkrcv/Sound%20Bars/i-icons.50302365%20-%202026-08-12T101624.339.svg?updatedAt=1786520143556
6a7c224e5c7cd75eb839da35,Sound Bars,i-icons.50302365 - 2026-08-12T101624.741.svg,i icons.50302365 2026 08 12T101624.741,,C08,Audio,HIGH,folder mapping: Sound Bars -> Audio,https://ik.imagekit.io/0iaahkrcv/Sound%20Bars/i-icons.50302365%20-%202026-08-12T101624.741.svg?updatedAt=1786520143517
6a7c224e5c7cd75eb839db11,Sound Bars,i-icons.50302365 - 2026-08-12T101624.818.svg,i icons.50302365 2026 08 12T101624.818,,C08,Audio,HIGH,folder mapping: Sound Bars -> Audio,https://ik.imagekit.io/0iaahkrcv/Sound%20Bars/i-icons.50302365%20-%202026-08-12T101624.818.svg?updatedAt=1786520143711
6a7c224e5c7cd75eb839db36,Sound Bars,i-icons.50302365 - 2026-08-12T101624.830.svg,i icons.50302365 2026 08 12T101624.830,,C08,Audio,HIGH,folder mapping: Sound Bars -> Audio,https://ik.imagekit.io/0iaahkrcv/Sound%20Bars/i-icons.50302365%20-%202026-08-12T101624.830.svg?updatedAt=1786520143725
6a7c224f5c7cd75eb839db7c,Sound Bars,i-icons.50302365 - 2026-08-12T101625.140.svg,i icons.50302365 2026 08 12T101625.140,,C08,Audio,HIGH,folder mapping: Sound Bars -> Audio,https://ik.imagekit.io/0iaahkrcv/Sound%20Bars/i-icons.50302365%20-%202026-08-12T101625.140.svg?updatedAt=1786520143641
6a7c224f5c7cd75eb839db90,Sound Bars,i-icons.50302365 - 2026-08-12T101625.389.svg,i icons.50302365 2026 08 12T101625.389,,C08,Audio,HIGH,folder mapping: Sound Bars -> Audio,https://ik.imagekit.io/0iaahkrcv/Sound%20Bars/i-icons.50302365%20-%202026-08-12T101625.389.svg?updatedAt=1786520143666
6a7c224f5c7cd75eb839dbc6,Sound Bars,i-icons.50302365 - 2026-08-12T101625.390.svg,i icons.50302365 2026 08 12T101625.390,,C08,Audio,HIGH,folder mapping: Sound Bars -> Audio,https://ik.imagekit.io/0iaahkrcv/Sound%20Bars/i-icons.50302365%20-%202026-08-12T101625.390.svg?updatedAt=1786520143723
6a7c224f5c7cd75eb839dbc3,Sound Bars,i-icons.50302365 - 2026-08-12T101625.391.svg,i icons.50302365 2026 08 12T101625.391,,C08,Audio,HIGH,folder mapping: Sound Bars -> Audio,https://ik.imagekit.io/0iaahkrcv/Sound%20Bars/i-icons.50302365%20-%202026-08-12T101625.391.svg?updatedAt=1786520143831
6a7c224f5c7cd75eb839dcab,Sound Bars,i-icons.50302365 - 2026-08-12T101626.879.svg,i icons.50302365 2026 08 12T101626.879,,C08,Audio,HIGH,folder mapping: Sound Bars -> Audio,https://ik.imagekit.io/0iaahkrcv/Sound%20Bars/i-icons.50302365%20-%202026-08-12T101626.879.svg?updatedAt=1786520143776
6a7c224e5c7cd75eb839db50,Sound Bars,i-icons.50302365 - 2026-08-12T101727.515.svg,i icons.50302365 2026 08 12T101727.515,,C08,Audio,HIGH,folder mapping: Sound Bars -> Audio,https://ik.imagekit.io/0iaahkrcv/Sound%20Bars/i-icons.50302365%20-%202026-08-12T101727.515.svg?updatedAt=1786520143722
6a7c224f5c7cd75eb839dc3e,Sound Bars,i-icons.50302365 - 2026-08-12T101727.772.svg,i icons.50302365 2026 08 12T101727.772,,C08,Audio,HIGH,folder mapping: Sound Bars -> Audio,https://ik.imagekit.io/0iaahkrcv/Sound%20Bars/i-icons.50302365%20-%202026-08-12T101727.772.svg?updatedAt=1786520143776
6a7c22505c7cd75eb839ef42,Sound Bars,i-icons.50302365 - 2026-08-12T101727.776.svg,i icons.50302365 2026 08 12T101727.776,,C08,Audio,HIGH,folder mapping: Sound Bars -> Audio,https://ik.imagekit.io/0iaahkrcv/Sound%20Bars/i-icons.50302365%20-%202026-08-12T101727.776.svg?updatedAt=1786520144873
6a7c22505c7cd75eb839f1b2,Sound Bars,i-icons.50302365 - 2026-08-12T101727.839.svg,i icons.50302365 2026 08 12T101727.839,,C08,Audio,HIGH,folder mapping: Sound Bars -> Audio,https://ik.imagekit.io/0iaahkrcv/Sound%20Bars/i-icons.50302365%20-%202026-08-12T101727.839.svg?updatedAt=1786520145085
6a7c22505c7cd75eb839efb1,Sound Bars,i-icons.50302365 - 2026-08-12T101727.873.svg,i icons.50302365 2026 08 12T101727.873,,C08,Audio,HIGH,folder mapping: Sound Bars -> Audio,https://ik.imagekit.io/0iaahkrcv/Sound%20Bars/i-icons.50302365%20-%202026-08-12T101727.873.svg?updatedAt=1786520144879
6a7c22505c7cd75eb839f18e,Sound Bars,i-icons.50302365 - 2026-08-12T101728.171.svg,i icons.50302365 2026 08 12T101728.171,,C08,Audio,HIGH,folder mapping: Sound Bars -> Audio,https://ik.imagekit.io/0iaahkrcv/Sound%20Bars/i-icons.50302365%20-%202026-08-12T101728.171.svg?updatedAt=1786520145104
6a7c22505c7cd75eb839f43f,Sound Bars,i-icons.50302365 - 2026-08-12T101728.255.svg,i icons.50302365 2026 08 12T101728.255,,C08,Audio,HIGH,folder mapping: Sound Bars -> Audio,https://ik.imagekit.io/0iaahkrcv/Sound%20Bars/i-icons.50302365%20-%202026-08-12T101728.255.svg?updatedAt=1786520145682
6a7c22505c7cd75eb839f44d,Sound Bars,i-icons.50302365 - 2026-08-12T101728.402.svg,i icons.50302365 2026 08 12T101728.402,,C08,Audio,HIGH,folder mapping: Sound Bars -> Audio,https://ik.imagekit.io/0iaahkrcv/Sound%20Bars/i-icons.50302365%20-%202026-08-12T101728.402.svg?updatedAt=1786520145770
6a7c22505c7cd75eb839f434,Sound Bars,i-icons.50302365 - 2026-08-12T101728.477.svg,i icons.50302365 2026 08 12T101728.477,,C08,Audio,HIGH,folder mapping: Sound Bars -> Audio,https://ik.imagekit.io/0iaahkrcv/Sound%20Bars/i-icons.50302365%20-%202026-08-12T101728.477.svg?updatedAt=1786520145485
6a7c22505c7cd75eb839f4c0,Sound Bars,i-icons.50302365 - 2026-08-12T101728.642.svg,i icons.50302365 2026 08 12T101728.642,,C08,Audio,HIGH,folder mapping: Sound Bars -> Audio,https://ik.imagekit.io/0iaahkrcv/Sound%20Bars/i-icons.50302365%20-%202026-08-12T101728.642.svg?updatedAt=1786520145875
6a7c22505c7cd75eb839f4fa,Sound Bars,i-icons.50302365 - 2026-08-12T101728.989.svg,i icons.50302365 2026 08 12T101728.989,,C08,Audio,HIGH,folder mapping: Sound Bars -> Audio,https://ik.imagekit.io/0iaahkrcv/Sound%20Bars/i-icons.50302365%20-%202026-08-12T101728.989.svg?updatedAt=1786520145858
6a7c22505c7cd75eb839f3bc,Sound Bars,i-icons.50302365 - 2026-08-12T101729.355.svg,i icons.50302365 2026 08 12T101729.355,,C08,Audio,HIGH,folder mapping: Sound Bars -> Audio,https://ik.imagekit.io/0iaahkrcv/Sound%20Bars/i-icons.50302365%20-%202026-08-12T101729.355.svg?updatedAt=1786520145420
6a7c22505c7cd75eb839f421,Sound Bars,i-icons.50302365 - 2026-08-12T101730.751.svg,i icons.50302365 2026 08 12T101730.751,,C08,Audio,HIGH,folder mapping: Sound Bars -> Audio,https://ik.imagekit.io/0iaahkrcv/Sound%20Bars/i-icons.50302365%20-%202026-08-12T101730.751.svg?updatedAt=1786520145466
6a7c22505c7cd75eb839f3f0,Sound Bars,i-icons.50302365 - 2026-08-12T101731.684.svg,i icons.50302365 2026 08 12T101731.684,,C08,Audio,HIGH,folder mapping: Sound Bars -> Audio,https://ik.imagekit.io/0iaahkrcv/Sound%20Bars/i-icons.50302365%20-%202026-08-12T101731.684.svg?updatedAt=1786520145498
6a7c22505c7cd75eb839f464,Sound Bars,i-icons.50302365 - 2026-08-12T101733.054.svg,i icons.50302365 2026 08 12T101733.054,,C08,Audio,HIGH,folder mapping: Sound Bars -> Audio,https://ik.imagekit.io/0iaahkrcv/Sound%20Bars/i-icons.50302365%20-%202026-08-12T101733.054.svg?updatedAt=1786520145597
6a7c22505c7cd75eb839f4a2,Sound Bars,i-icons.50302365 - 2026-08-12T101733.068.svg,i icons.50302365 2026 08 12T101733.068,,C08,Audio,HIGH,folder mapping: Sound Bars -> Audio,https://ik.imagekit.io/0iaahkrcv/Sound%20Bars/i-icons.50302365%20-%202026-08-12T101733.068.svg?updatedAt=1786520145535
6a7c22505c7cd75eb839f403,Sound Bars,i-icons.50302365 - 2026-08-12T101733.091.svg,i icons.50302365 2026 08 12T101733.091,,C08,Audio,HIGH,folder mapping: Sound Bars -> Audio,https://ik.imagekit.io/0iaahkrcv/Sound%20Bars/i-icons.50302365%20-%202026-08-12T101733.091.svg?updatedAt=1786520145406
6a7c22505c7cd75eb839f39f,Sound Bars,i-icons.50302365 - 2026-08-12T101733.210.svg,i icons.50302365 2026 08 12T101733.210,,C08,Audio,HIGH,folder mapping: Sound Bars -> Audio,https://ik.imagekit.io/0iaahkrcv/Sound%20Bars/i-icons.50302365%20-%202026-08-12T101733.210.svg?updatedAt=1786520145381
6a7c22505c7cd75eb839f489,Sound Bars,i-icons.50302365 - 2026-08-12T101733.237.svg,i icons.50302365 2026 08 12T101733.237,,C08,Audio,HIGH,folder mapping: Sound Bars -> Audio,https://ik.imagekit.io/0iaahkrcv/Sound%20Bars/i-icons.50302365%20-%202026-08-12T101733.237.svg?updatedAt=1786520145586
6a7c22505c7cd75eb839f3d7,Sound Bars,i-icons.50302365 - 2026-08-12T101734.160.svg,i icons.50302365 2026 08 12T101734.160,,C08,Audio,HIGH,folder mapping: Sound Bars -> Audio,https://ik.imagekit.io/0iaahkrcv/Sound%20Bars/i-icons.50302365%20-%202026-08-12T101734.160.svg?updatedAt=1786520145467
6a7c22505c7cd75eb839f479,Sound Bars,i-icons.50302365 - 2026-08-12T101734.164.svg,i icons.50302365 2026 08 12T101734.164,,C08,Audio,HIGH,folder mapping: Sound Bars -> Audio,https://ik.imagekit.io/0iaahkrcv/Sound%20Bars/i-icons.50302365%20-%202026-08-12T101734.164.svg?updatedAt=1786520145825
6a7c22505c7cd75eb839f445,Sound Bars,i-icons.50302365 - 2026-08-12T101734.244.svg,i icons.50302365 2026 08 12T101734.244,,C08,Audio,HIGH,folder mapping: Sound Bars -> Audio,https://ik.imagekit.io/0iaahkrcv/Sound%20Bars/i-icons.50302365%20-%202026-08-12T101734.244.svg?updatedAt=1786520145687
6a7c22505c7cd75eb839f3da,Sound Bars,i-icons.50302365 - 2026-08-12T101734.368.svg,i icons.50302365 2026 08 12T101734.368,,C08,Audio,HIGH,folder mapping: Sound Bars -> Audio,https://ik.imagekit.io/0iaahkrcv/Sound%20Bars/i-icons.50302365%20-%202026-08-12T101734.368.svg?updatedAt=1786520145420
6a7c22505c7cd75eb839f540,Sound Bars,i-icons.50302365 - 2026-08-12T101735.195.svg,i icons.50302365 2026 08 12T101735.195,,C08,Audio,HIGH,folder mapping: Sound Bars -> Audio,https://ik.imagekit.io/0iaahkrcv/Sound%20Bars/i-icons.50302365%20-%202026-08-12T101735.195.svg?updatedAt=1786520145660
6a7c22505c7cd75eb839f43d,Sound Bars,i-icons.50302365 - 2026-08-12T101735.203.svg,i icons.50302365 2026 08 12T101735.203,,C08,Audio,HIGH,folder mapping: Sound Bars -> Audio,https://ik.imagekit.io/0iaahkrcv/Sound%20Bars/i-icons.50302365%20-%202026-08-12T101735.203.svg?updatedAt=1786520145439
6a7c22505c7cd75eb839f4b1,Sound Bars,i-icons.50302365 - 2026-08-12T101735.215.svg,i icons.50302365 2026 08 12T101735.215,,C08,Audio,HIGH,folder mapping: Sound Bars -> Audio,https://ik.imagekit.io/0iaahkrcv/Sound%20Bars/i-icons.50302365%20-%202026-08-12T101735.215.svg?updatedAt=1786520145616
6a7c22505c7cd75eb839f415,Sound Bars,i-icons.50302365 - 2026-08-12T101735.269.svg,i icons.50302365 2026 08 12T101735.269,,C08,Audio,HIGH,folder mapping: Sound Bars -> Audio,https://ik.imagekit.io/0iaahkrcv/Sound%20Bars/i-icons.50302365%20-%202026-08-12T101735.269.svg?updatedAt=1786520145397
6a7c22505c7cd75eb839f484,Sound Bars,i-icons.50302365 - 2026-08-12T101736.659.svg,i icons.50302365 2026 08 12T101736.659,,C08,Audio,HIGH,folder mapping: Sound Bars -> Audio,https://ik.imagekit.io/0iaahkrcv/Sound%20Bars/i-icons.50302365%20-%202026-08-12T101736.659.svg?updatedAt=1786520145737
6a7c22505c7cd75eb839f47e,Sound Bars,i-icons.50302365 - 2026-08-12T101736.675.svg,i icons.50302365 2026 08 12T101736.675,,C08,Audio,HIGH,folder mapping: Sound Bars -> Audio,https://ik.imagekit.io/0iaahkrcv/Sound%20Bars/i-icons.50302365%20-%202026-08-12T101736.675.svg?updatedAt=1786520145511
6a7c22505c7cd75eb839f497,Sound Bars,i-icons.50302365 - 2026-08-12T101738.478.svg,i icons.50302365 2026 08 12T101738.478,,C08,Audio,HIGH,folder mapping: Sound Bars -> Audio,https://ik.imagekit.io/0iaahkrcv/Sound%20Bars/i-icons.50302365%20-%202026-08-12T101738.478.svg?updatedAt=1786520145556
6a7c22505c7cd75eb839f492,Sound Bars,i-icons.50302365 - 2026-08-12T101814.119.svg,i icons.50302365 2026 08 12T101814.119,,C08,Audio,HIGH,folder mapping: Sound Bars -> Audio,https://ik.imagekit.io/0iaahkrcv/Sound%20Bars/i-icons.50302365%20-%202026-08-12T101814.119.svg?updatedAt=1786520145546
6a7c22505c7cd75eb839f460,Sound Bars,i-icons.50302365 - 2026-08-12T101814.266.svg,i icons.50302365 2026 08 12T101814.266,,C08,Audio,HIGH,folder mapping: Sound Bars -> Audio,https://ik.imagekit.io/0iaahkrcv/Sound%20Bars/i-icons.50302365%20-%202026-08-12T101814.266.svg?updatedAt=1786520145474
6a7c22505c7cd75eb839f45b,Sound Bars,i-icons.50302365 - 2026-08-12T101814.309.svg,i icons.50302365 2026 08 12T101814.309,,C08,Audio,HIGH,folder mapping: Sound Bars -> Audio,https://ik.imagekit.io/0iaahkrcv/Sound%20Bars/i-icons.50302365%20-%202026-08-12T101814.309.svg?updatedAt=1786520145470
6a7c22505c7cd75eb839f46f,Sound Bars,i-icons.50302365 - 2026-08-12T101814.343.svg,i icons.50302365 2026 08 12T101814.343,,C08,Audio,HIGH,folder mapping: Sound Bars -> Audio,https://ik.imagekit.io/0iaahkrcv/Sound%20Bars/i-icons.50302365%20-%202026-08-12T101814.343.svg?updatedAt=1786520145451
6a7c22505c7cd75eb839f4ae,Sound Bars,i-icons.50302365 - 2026-08-12T101814.501.svg,i icons.50302365 2026 08 12T101814.501,,C08,Audio,HIGH,folder mapping: Sound Bars -> Audio,https://ik.imagekit.io/0iaahkrcv/Sound%20Bars/i-icons.50302365%20-%202026-08-12T101814.501.svg?updatedAt=1786520145510
6a7c22505c7cd75eb839f4d5,Sound Bars,i-icons.50302365 - 2026-08-12T101814.601.svg,i icons.50302365 2026 08 12T101814.601,,C08,Audio,HIGH,folder mapping: Sound Bars -> Audio,https://ik.imagekit.io/0iaahkrcv/Sound%20Bars/i-icons.50302365%20-%202026-08-12T101814.601.svg?updatedAt=1786520145516
6a7c22505c7cd75eb839f408,Sound Bars,i-icons.50302365 - 2026-08-12T101814.736.svg,i icons.50302365 2026 08 12T101814.736,,C08,Audio,HIGH,folder mapping: Sound Bars -> Audio,https://ik.imagekit.io/0iaahkrcv/Sound%20Bars/i-icons.50302365%20-%202026-08-12T101814.736.svg?updatedAt=1786520145448
6a7c22505c7cd75eb839f4ea,Sound Bars,i-icons.50302365 - 2026-08-12T101814.769.svg,i icons.50302365 2026 08 12T101814.769,,C08,Audio,HIGH,folder mapping: Sound Bars -> Audio,https://ik.imagekit.io/0iaahkrcv/Sound%20Bars/i-icons.50302365%20-%202026-08-12T101814.769.svg?updatedAt=1786520145742
6a7c22515c7cd75eb839f78b,Sound Bars,i-icons.50302365 - 2026-08-12T101815.232.svg,i icons.50302365 2026 08 12T101815.232,,C08,Audio,HIGH,folder mapping: Sound Bars -> Audio,https://ik.imagekit.io/0iaahkrcv/Sound%20Bars/i-icons.50302365%20-%202026-08-12T101815.232.svg?updatedAt=1786520145896
6a7c22505c7cd75eb839f427,Sound Bars,i-icons.50302365 - 2026-08-12T101815.765.svg,i icons.50302365 2026 08 12T101815.765,,C08,Audio,HIGH,folder mapping: Sound Bars -> Audio,https://ik.imagekit.io/0iaahkrcv/Sound%20Bars/i-icons.50302365%20-%202026-08-12T101815.765.svg?updatedAt=1786520145445
6a7c22505c7cd75eb839f4c7,Sound Bars,i-icons.50302365 - 2026-08-12T101815.779.svg,i icons.50302365 2026 08 12T101815.779,,C08,Audio,HIGH,folder mapping: Sound Bars -> Audio,https://ik.imagekit.io/0iaahkrcv/Sound%20Bars/i-icons.50302365%20-%202026-08-12T101815.779.svg?updatedAt=1786520145552
6a7c22505c7cd75eb839f48a,Sound Bars,i-icons.50302365 - 2026-08-12T101815.780.svg,i icons.50302365 2026 08 12T101815.780,,C08,Audio,HIGH,folder mapping: Sound Bars -> Audio,https://ik.imagekit.io/0iaahkrcv/Sound%20Bars/i-icons.50302365%20-%202026-08-12T101815.780.svg?updatedAt=1786520145526
6a7c22505c7cd75eb839f483,Sound Bars,i-icons.50302365 - 2026-08-12T101815.784.svg,i icons.50302365 2026 08 12T101815.784,,C08,Audio,HIGH,folder mapping: Sound Bars -> Audio,https://ik.imagekit.io/0iaahkrcv/Sound%20Bars/i-icons.50302365%20-%202026-08-12T101815.784.svg?updatedAt=1786520145492
6a7c22505c7cd75eb839f4de,Sound Bars,i-icons.50302365 - 2026-08-12T101815.839.svg,i icons.50302365 2026 08 12T101815.839,,C08,Audio,HIGH,folder mapping: Sound Bars -> Audio,https://ik.imagekit.io/0iaahkrcv/Sound%20Bars/i-icons.50302365%20-%202026-08-12T101815.839.svg?updatedAt=1786520145747
6a7c22505c7cd75eb839f4a9,Sound Bars,i-icons.50302365 - 2026-08-12T101816.713.svg,i icons.50302365 2026 08 12T101816.713,,C08,Audio,HIGH,folder mapping: Sound Bars -> Audio,https://ik.imagekit.io/0iaahkrcv/Sound%20Bars/i-icons.50302365%20-%202026-08-12T101816.713.svg?updatedAt=1786520145478
6a7c22505c7cd75eb839f493,Sound Bars,i-icons.50302365 - 2026-08-12T101816.902.svg,i icons.50302365 2026 08 12T101816.902,,C08,Audio,HIGH,folder mapping: Sound Bars -> Audio,https://ik.imagekit.io/0iaahkrcv/Sound%20Bars/i-icons.50302365%20-%202026-08-12T101816.902.svg?updatedAt=1786520145704
6a7c22505c7cd75eb839f51a,Sound Bars,i-icons.50302365 - 2026-08-12T101817.393.svg,i icons.50302365 2026 08 12T101817.393,,C08,Audio,HIGH,folder mapping: Sound Bars -> Audio,https://ik.imagekit.io/0iaahkrcv/Sound%20Bars/i-icons.50302365%20-%202026-08-12T101817.393.svg?updatedAt=1786520145644
6a7c22505c7cd75eb839f4f9,Sound Bars,i-icons.50302365 - 2026-08-12T101817.506.svg,i icons.50302365 2026 08 12T101817.506,,C08,Audio,HIGH,folder mapping: Sound Bars -> Audio,https://ik.imagekit.io/0iaahkrcv/Sound%20Bars/i-icons.50302365%20-%202026-08-12T101817.506.svg?updatedAt=1786520145860
6a7c22515c7cd75eb839f855,Sound Bars,i-icons.50302365 - 2026-08-12T101817.556.svg,i icons.50302365 2026 08 12T101817.556,,C08,Audio,HIGH,folder mapping: Sound Bars -> Audio,https://ik.imagekit.io/0iaahkrcv/Sound%20Bars/i-icons.50302365%20-%202026-08-12T101817.556.svg?updatedAt=1786520146078
6a7c22515c7cd75eb839f8a3,Sound Bars,i-icons.50302365 - 2026-08-12T101817.575.svg,i icons.50302365 2026 08 12T101817.575,,C08,Audio,HIGH,folder mapping: Sound Bars -> Audio,https://ik.imagekit.io/0iaahkrcv/Sound%20Bars/i-icons.50302365%20-%202026-08-12T101817.575.svg?updatedAt=1786520146135
6a7c22515c7cd75eb839f88f,Sound Bars,i-icons.50302365 - 2026-08-12T101817.591.svg,i icons.50302365 2026 08 12T101817.591,,C08,Audio,HIGH,folder mapping: Sound Bars -> Audio,https://ik.imagekit.io/0iaahkrcv/Sound%20Bars/i-icons.50302365%20-%202026-08-12T101817.591.svg?updatedAt=1786520146382
6a7c22525c7cd75eb839fb91,Sound Bars,i-icons.50302365 - 2026-08-12T101817.748.svg,i icons.50302365 2026 08 12T101817.748,,C08,Audio,HIGH,folder mapping: Sound Bars -> Audio,https://ik.imagekit.io/0iaahkrcv/Sound%20Bars/i-icons.50302365%20-%202026-08-12T101817.748.svg?updatedAt=1786520146708
6a7c22535c7cd75eb83a07da,Sound Bars,i-icons.50302365 - 2026-08-12T101818.023.svg,i icons.50302365 2026 08 12T101818.023,,C08,Audio,HIGH,folder mapping: Sound Bars -> Audio,https://ik.imagekit.io/0iaahkrcv/Sound%20Bars/i-icons.50302365%20-%202026-08-12T101818.023.svg?updatedAt=1786520148704
6a7c22535c7cd75eb83a0793,Sound Bars,i-icons.50302365 - 2026-08-12T101818.685.svg,i icons.50302365 2026 08 12T101818.685,,C08,Audio,HIGH,folder mapping: Sound Bars -> Audio,https://ik.imagekit.io/0iaahkrcv/Sound%20Bars/i-icons.50302365%20-%202026-08-12T101818.685.svg?updatedAt=1786520148550
6a7c22535c7cd75eb83a07ef,Sound Bars,i-icons.50302365 - 2026-08-12T101819.114.svg,i icons.50302365 2026 08 12T101819.114,,C08,Audio,HIGH,folder mapping: Sound Bars -> Audio,https://ik.imagekit.io/0iaahkrcv/Sound%20Bars/i-icons.50302365%20-%202026-08-12T101819.114.svg?updatedAt=1786520148624
6a7c22525c7cd75eb839fd61,Sound Bars,i-icons.50302365 - 2026-08-12T101819.118.svg,i icons.50302365 2026 08 12T101819.118,,C08,Audio,HIGH,folder mapping: Sound Bars -> Audio,https://ik.imagekit.io/0iaahkrcv/Sound%20Bars/i-icons.50302365%20-%202026-08-12T101819.118.svg?updatedAt=1786520147101
6a7c22545c7cd75eb83a092e,Sound Bars,i-icons.50302365 - 2026-08-12T101819.588.svg,i icons.50302365 2026 08 12T101819.588,,C08,Audio,HIGH,folder mapping: Sound Bars -> Audio,https://ik.imagekit.io/0iaahkrcv/Sound%20Bars/i-icons.50302365%20-%202026-08-12T101819.588.svg?updatedAt=1786520148749
6a7c22535c7cd75eb83a004c,Sound Bars,i-icons.50302365 - 2026-08-12T101819.631.svg,i icons.50302365 2026 08 12T101819.631,,C08,Audio,HIGH,folder mapping: Sound Bars -> Audio,https://ik.imagekit.io/0iaahkrcv/Sound%20Bars/i-icons.50302365%20-%202026-08-12T101819.631.svg?updatedAt=1786520147881
6a7c22545c7cd75eb83a09d1,Sound Bars,i-icons.50302365 - 2026-08-12T101819.632.svg,i icons.50302365 2026 08 12T101819.632,,C08,Audio,HIGH,folder mapping: Sound Bars -> Audio,https://ik.imagekit.io/0iaahkrcv/Sound%20Bars/i-icons.50302365%20-%202026-08-12T101819.632.svg?updatedAt=1786520148806
6a7c22545c7cd75eb83a09bd,Sound Bars,i-icons.50302365 - 2026-08-12T101819.633.svg,i icons.50302365 2026 08 12T101819.633,,C08,Audio,HIGH,folder mapping: Sound Bars -> Audio,https://ik.imagekit.io/0iaahkrcv/Sound%20Bars/i-icons.50302365%20-%202026-08-12T101819.633.svg?updatedAt=1786520148737
6a7c22545c7cd75eb83a09e9,Sound Bars,i-icons.50302365 - 2026-08-12T101820.452.svg,i icons.50302365 2026 08 12T101820.452,,C08,Audio,HIGH,folder mapping: Sound Bars -> Audio,https://ik.imagekit.io/0iaahkrcv/Sound%20Bars/i-icons.50302365%20-%202026-08-12T101820.452.svg?updatedAt=1786520148816
6a7c22535c7cd75eb83a07e2,Sound Bars,i-icons.50302365 - 2026-08-12T101820.584.svg,i icons.50302365 2026 08 12T101820.584,,C08,Audio,HIGH,folder mapping: Sound Bars -> Audio,https://ik.imagekit.io/0iaahkrcv/Sound%20Bars/i-icons.50302365%20-%202026-08-12T101820.584.svg?updatedAt=1786520148559
6a7c22545c7cd75eb83a0a64,Sound Bars,i-icons.50302365 - 2026-08-12T102013.352.svg,i icons.50302365 2026 08 12T102013.352,,C08,Audio,HIGH,folder mapping: Sound Bars -> Audio,https://ik.imagekit.io/0iaahkrcv/Sound%20Bars/i-icons.50302365%20-%202026-08-12T102013.352.svg?updatedAt=1786520148859
6a7c22545c7cd75eb83a0b05,Sound Bars,i-icons.50302365 - 2026-08-12T102013.594.svg,i icons.50302365 2026 08 12T102013.594,,C08,Audio,HIGH,folder mapping: Sound Bars -> Audio,https://ik.imagekit.io/0iaahkrcv/Sound%20Bars/i-icons.50302365%20-%202026-08-12T102013.594.svg?updatedAt=1786520148928
6a7c22535c7cd75eb83a0810,Sound Bars,i-icons.50302365 - 2026-08-12T102013.657.svg,i icons.50302365 2026 08 12T102013.657,,C08,Audio,HIGH,folder mapping: Sound Bars -> Audio,https://ik.imagekit.io/0iaahkrcv/Sound%20Bars/i-icons.50302365%20-%202026-08-12T102013.657.svg?updatedAt=1786520148671
6a7c22545c7cd75eb83a0a27,Sound Bars,i-icons.50302365 - 2026-08-12T102013.660.svg,i icons.50302365 2026 08 12T102013.660,,C08,Audio,HIGH,folder mapping: Sound Bars -> Audio,https://ik.imagekit.io/0iaahkrcv/Sound%20Bars/i-icons.50302365%20-%202026-08-12T102013.660.svg?updatedAt=1786520148803
6a7c22545c7cd75eb83a09a9,Sound Bars,i-icons.50302365 - 2026-08-12T102013.839.svg,i icons.50302365 2026 08 12T102013.839,,C08,Audio,HIGH,folder mapping: Sound Bars -> Audio,https://ik.imagekit.io/0iaahkrcv/Sound%20Bars/i-icons.50302365%20-%202026-08-12T102013.839.svg?updatedAt=1786520148738
6a7c22545c7cd75eb83a0a8a,Sound Bars,i-icons.50302365 - 2026-08-12T102013.864.svg,i icons.50302365 2026 08 12T102013.864,,C08,Audio,HIGH,folder mapping: Sound Bars -> Audio,https://ik.imagekit.io/0iaahkrcv/Sound%20Bars/i-icons.50302365%20-%202026-08-12T102013.864.svg?updatedAt=1786520148882
6a7c22545c7cd75eb83a0b1e,Sound Bars,i-icons.50302365 - 2026-08-12T102014.019.svg,i icons.50302365 2026 08 12T102014.019,,C08,Audio,HIGH,folder mapping: Sound Bars -> Audio,https://ik.imagekit.io/0iaahkrcv/Sound%20Bars/i-icons.50302365%20-%202026-08-12T102014.019.svg?updatedAt=1786520148918
6a7c22545c7cd75eb83a0af2,Sound Bars,i-icons.50302365 - 2026-08-12T102014.181.svg,i icons.50302365 2026 08 12T102014.181,,C08,Audio,HIGH,folder mapping: Sound Bars -> Audio,https://ik.imagekit.io/0iaahkrcv/Sound%20Bars/i-icons.50302365%20-%202026-08-12T102014.181.svg?updatedAt=1786520148892
6a7c22545c7cd75eb83a0a5f,Sound Bars,i-icons.50302365 - 2026-08-12T102014.258.svg,i icons.50302365 2026 08 12T102014.258,,C08,Audio,HIGH,folder mapping: Sound Bars -> Audio,https://ik.imagekit.io/0iaahkrcv/Sound%20Bars/i-icons.50302365%20-%202026-08-12T102014.258.svg?updatedAt=1786520148781
6a7c22545c7cd75eb83a0b6a,Sound Bars,i-icons.50302365 - 2026-08-12T102014.273.svg,i icons.50302365 2026 08 12T102014.273,,C08,Audio,HIGH,folder mapping: Sound Bars -> Audio,https://ik.imagekit.io/0iaahkrcv/Sound%20Bars/i-icons.50302365%20-%202026-08-12T102014.273.svg?updatedAt=1786520148941
6a7c22545c7cd75eb83a0b16,Sound Bars,i-icons.50302365 - 2026-08-12T102014.590.svg,i icons.50302365 2026 08 12T102014.590,,C08,Audio,HIGH,folder mapping: Sound Bars -> Audio,https://ik.imagekit.io/0iaahkrcv/Sound%20Bars/i-icons.50302365%20-%202026-08-12T102014.590.svg?updatedAt=1786520148929
6a7c22545c7cd75eb83a0b8a,Sound Bars,i-icons.50302365 - 2026-08-12T102014.660.svg,i icons.50302365 2026 08 12T102014.660,,C08,Audio,HIGH,folder mapping: Sound Bars -> Audio,https://ik.imagekit.io/0iaahkrcv/Sound%20Bars/i-icons.50302365%20-%202026-08-12T102014.660.svg?updatedAt=1786520148991
6a7c22545c7cd75eb83a0bf4,Sound Bars,i-icons.50302365 - 2026-08-12T102014.663.svg,i icons.50302365 2026 08 12T102014.663,,C08,Audio,HIGH,folder mapping: Sound Bars -> Audio,https://ik.imagekit.io/0iaahkrcv/Sound%20Bars/i-icons.50302365%20-%202026-08-12T102014.663.svg?updatedAt=1786520148993
6a7c22545c7cd75eb83a0f78,Sound Bars,i-icons.50302365 - 2026-08-12T102014.664.svg,i icons.50302365 2026 08 12T102014.664,,C08,Audio,HIGH,folder mapping: Sound Bars -> Audio,https://ik.imagekit.io/0iaahkrcv/Sound%20Bars/i-icons.50302365%20-%202026-08-12T102014.664.svg?updatedAt=1786520149468
6a7c22545c7cd75eb83a0f9a,Sound Bars,i-icons.50302365 - 2026-08-12T102014.804.svg,i icons.50302365 2026 08 12T102014.804,,C08,Audio,HIGH,folder mapping: Sound Bars -> Audio,https://ik.imagekit.io/0iaahkrcv/Sound%20Bars/i-icons.50302365%20-%202026-08-12T102014.804.svg?updatedAt=1786520149559
6a7c22545c7cd75eb83a0fc8,Sound Bars,i-icons.50302365 - 2026-08-12T102014.909.svg,i icons.50302365 2026 08 12T102014.909,,C08,Audio,HIGH,folder mapping: Sound Bars -> Audio,https://ik.imagekit.io/0iaahkrcv/Sound%20Bars/i-icons.50302365%20-%202026-08-12T102014.909.svg?updatedAt=1786520149520
6a7c22545c7cd75eb83a0fb9,Sound Bars,i-icons.50302365 - 2026-08-12T102015.097.svg,i icons.50302365 2026 08 12T102015.097,,C08,Audio,HIGH,folder mapping: Sound Bars -> Audio,https://ik.imagekit.io/0iaahkrcv/Sound%20Bars/i-icons.50302365%20-%202026-08-12T102015.097.svg?updatedAt=1786520149573
6a7c22545c7cd75eb83a1055,Sound Bars,i-icons.50302365 - 2026-08-12T102015.195.svg,i icons.50302365 2026 08 12T102015.195,,C08,Audio,HIGH,folder mapping: Sound Bars -> Audio,https://ik.imagekit.io/0iaahkrcv/Sound%20Bars/i-icons.50302365%20-%202026-08-12T102015.195.svg?updatedAt=1786520149643
6a7c22545c7cd75eb83a0fc2,Sound Bars,i-icons.50302365 - 2026-08-12T102015.260.svg,i icons.50302365 2026 08 12T102015.260,,C08,Audio,HIGH,folder mapping: Sound Bars -> Audio,https://ik.imagekit.io/0iaahkrcv/Sound%20Bars/i-icons.50302365%20-%202026-08-12T102015.260.svg?updatedAt=1786520149460
6a7c22555c7cd75eb83a10cd,Sound Bars,i-icons.50302365 - 2026-08-12T102015.353.svg,i icons.50302365 2026 08 12T102015.353,,C08,Audio,HIGH,folder mapping: Sound Bars -> Audio,https://ik.imagekit.io/0iaahkrcv/Sound%20Bars/i-icons.50302365%20-%202026-08-12T102015.353.svg?updatedAt=1786520149763
6a7c22545c7cd75eb83a1023,Sound Bars,i-icons.50302365 - 2026-08-12T102015.492.svg,i icons.50302365 2026 08 12T102015.492,,C08,Audio,HIGH,folder mapping: Sound Bars -> Audio,https://ik.imagekit.io/0iaahkrcv/Sound%20Bars/i-icons.50302365%20-%202026-08-12T102015.492.svg?updatedAt=1786520149536
6a7c22545c7cd75eb83a106f,Sound Bars,i-icons.50302365 - 2026-08-12T102015.553.svg,i icons.50302365 2026 08 12T102015.553,,C08,Audio,HIGH,folder mapping: Sound Bars -> Audio,https://ik.imagekit.io/0iaahkrcv/Sound%20Bars/i-icons.50302365%20-%202026-08-12T102015.553.svg?updatedAt=1786520149632
6a7c22545c7cd75eb83a1059,Sound Bars,i-icons.50302365 - 2026-08-12T102015.769.svg,i icons.50302365 2026 08 12T102015.769,,C08,Audio,HIGH,folder mapping: Sound Bars -> Audio,https://ik.imagekit.io/0iaahkrcv/Sound%20Bars/i-icons.50302365%20-%202026-08-12T102015.769.svg?updatedAt=1786520149651
6a7c22545c7cd75eb83a103e,Sound Bars,i-icons.50302365 - 2026-08-12T102015.841.svg,i icons.50302365 2026 08 12T102015.841,,C08,Audio,HIGH,folder mapping: Sound Bars -> Audio,https://ik.imagekit.io/0iaahkrcv/Sound%20Bars/i-icons.50302365%20-%202026-08-12T102015.841.svg?updatedAt=1786520149553
6a7c225a5c7cd75eb83a3ab9,Sound Bars,i-icons.50302365 - 2026-08-12T102016.121.svg,i icons.50302365 2026 08 12T102016.121,,C08,Audio,HIGH,folder mapping: Sound Bars -> Audio,https://ik.imagekit.io/0iaahkrcv/Sound%20Bars/i-icons.50302365%20-%202026-08-12T102016.121.svg?updatedAt=1786520155780
6a7c225b5c7cd75eb83a3c0e,Sound Bars,i-icons.50302365 - 2026-08-12T102016.229.svg,i icons.50302365 2026 08 12T102016.229,,C08,Audio,HIGH,folder mapping: Sound Bars -> Audio,https://ik.imagekit.io/0iaahkrcv/Sound%20Bars/i-icons.50302365%20-%202026-08-12T102016.229.svg?updatedAt=1786520156048
6a7c225b5c7cd75eb83a3b94,Sound Bars,i-icons.50302365 - 2026-08-12T102016.404.svg,i icons.50302365 2026 08 12T102016.404,,C08,Audio,HIGH,folder mapping: Sound Bars -> Audio,https://ik.imagekit.io/0iaahkrcv/Sound%20Bars/i-icons.50302365%20-%202026-08-12T102016.404.svg?updatedAt=1786520155836
6a7c225b5c7cd75eb83a3bb5,Sound Bars,i-icons.50302365 - 2026-08-12T102016.589.svg,i icons.50302365 2026 08 12T102016.589,,C08,Audio,HIGH,folder mapping: Sound Bars -> Audio,https://ik.imagekit.io/0iaahkrcv/Sound%20Bars/i-icons.50302365%20-%202026-08-12T102016.589.svg?updatedAt=1786520155863
6a7c225b5c7cd75eb83a3bcb,Sound Bars,i-icons.50302365 - 2026-08-12T102016.613.svg,i icons.50302365 2026 08 12T102016.613,,C08,Audio,HIGH,folder mapping: Sound Bars -> Audio,https://ik.imagekit.io/0iaahkrcv/Sound%20Bars/i-icons.50302365%20-%202026-08-12T102016.613.svg?updatedAt=1786520155940
6a7c225b5c7cd75eb83a3bc0,Sound Bars,i-icons.50302365 - 2026-08-12T102016.752.svg,i icons.50302365 2026 08 12T102016.752,,C08,Audio,HIGH,folder mapping: Sound Bars -> Audio,https://ik.imagekit.io/0iaahkrcv/Sound%20Bars/i-icons.50302365%20-%202026-08-12T102016.752.svg?updatedAt=1786520155884
6a7c225b5c7cd75eb83a3be3,Sound Bars,i-icons.50302365 - 2026-08-12T102016.889.svg,i icons.50302365 2026 08 12T102016.889,,C08,Audio,HIGH,folder mapping: Sound Bars -> Audio,https://ik.imagekit.io/0iaahkrcv/Sound%20Bars/i-icons.50302365%20-%202026-08-12T102016.889.svg?updatedAt=1786520155858
6a7c225b5c7cd75eb83a3bf1,Sound Bars,i-icons.50302365 - 2026-08-12T102016.990.svg,i icons.50302365 2026 08 12T102016.990,,C08,Audio,HIGH,folder mapping: Sound Bars -> Audio,https://ik.imagekit.io/0iaahkrcv/Sound%20Bars/i-icons.50302365%20-%202026-08-12T102016.990.svg?updatedAt=1786520156013
6a7c225b5c7cd75eb83a3c67,Sound Bars,i-icons.50302365 - 2026-08-12T102017.052.svg,i icons.50302365 2026 08 12T102017.052,,C08,Audio,HIGH,folder mapping: Sound Bars -> Audio,https://ik.imagekit.io/0iaahkrcv/Sound%20Bars/i-icons.50302365%20-%202026-08-12T102017.052.svg?updatedAt=1786520156074
6a7c225b5c7cd75eb83a3c1d,Sound Bars,i-icons.50302365 - 2026-08-12T102017.058.svg,i icons.50302365 2026 08 12T102017.058,,C08,Audio,HIGH,folder mapping: Sound Bars -> Audio,https://ik.imagekit.io/0iaahkrcv/Sound%20Bars/i-icons.50302365%20-%202026-08-12T102017.058.svg?updatedAt=1786520156059
6a7c225b5c7cd75eb83a3d01,Sound Bars,i-icons.50302365 - 2026-08-12T102017.164.svg,i icons.50302365 2026 08 12T102017.164,,C08,Audio,HIGH,folder mapping: Sound Bars -> Audio,https://ik.imagekit.io/0iaahkrcv/Sound%20Bars/i-icons.50302365%20-%202026-08-12T102017.164.svg?updatedAt=1786520156144
6a7c225b5c7cd75eb83a3b06,Sound Bars,i-icons.50302365 - 2026-08-12T102017.568.svg,i icons.50302365 2026 08 12T102017.568,,C08,Audio,HIGH,folder mapping: Sound Bars -> Audio,https://ik.imagekit.io/0iaahkrcv/Sound%20Bars/i-icons.50302365%20-%202026-08-12T102017.568.svg?updatedAt=1786520155759
6a7c225b5c7cd75eb83a3b09,Sound Bars,i-icons.50302365 - 2026-08-12T102018.013.svg,i icons.50302365 2026 08 12T102018.013,,C08,Audio,HIGH,folder mapping: Sound Bars -> Audio,https://ik.imagekit.io/0iaahkrcv/Sound%20Bars/i-icons.50302365%20-%202026-08-12T102018.013.svg?updatedAt=1786520155785
6a7c22235c7cd75eb83893c1,Sound Bars,i-icons.50302365 (1).svg,i icons.50302365,,C08,Audio,HIGH,folder mapping: Sound Bars -> Audio,https://ik.imagekit.io/0iaahkrcv/Sound%20Bars/i-icons.50302365%20(1).svg?updatedAt=1786520099993
6a7c22195c7cd75eb838586e,Sound Bars,i-icons.50302365 (10).svg,i icons.50302365,,C08,Audio,HIGH,folder mapping: Sound Bars -> Audio,https://ik.imagekit.io/0iaahkrcv/Sound%20Bars/i-icons.50302365%20(10).svg?updatedAt=1786520090075
6a7c22285c7cd75eb838b5f6,Sound Bars,i-icons.50302365 (100).svg,i icons.50302365,,C08,Audio,HIGH,folder mapping: Sound Bars -> Audio,https://ik.imagekit.io/0iaahkrcv/Sound%20Bars/i-icons.50302365%20(100).svg?updatedAt=1786520105869
6a7c22145c7cd75eb83844d2,Sound Bars,i-icons.50302365 (11).svg,i icons.50302365,,C08,Audio,HIGH,folder mapping: Sound Bars -> Audio,https://ik.imagekit.io/0iaahkrcv/Sound%20Bars/i-icons.50302365%20(11).svg?updatedAt=1786520084753
6a7c221e5c7cd75eb83874ba,Sound Bars,i-icons.50302365 (12).svg,i icons.50302365,,C08,Audio,HIGH,folder mapping: Sound Bars -> Audio,https://ik.imagekit.io/0iaahkrcv/Sound%20Bars/i-icons.50302365%20(12).svg?updatedAt=1786520094856
6a7c22285c7cd75eb838b53f,Sound Bars,i-icons.50302365 (13).svg,i icons.50302365,,C08,Audio,HIGH,folder mapping: Sound Bars -> Audio,https://ik.imagekit.io/0iaahkrcv/Sound%20Bars/i-icons.50302365%20(13).svg?updatedAt=1786520105626
6a7c221e5c7cd75eb83874e1,Sound Bars,i-icons.50302365 (14).svg,i icons.50302365,,C08,Audio,HIGH,folder mapping: Sound Bars -> Audio,https://ik.imagekit.io/0iaahkrcv/Sound%20Bars/i-icons.50302365%20(14).svg?updatedAt=1786520094919
6a7c221e5c7cd75eb83874cb,Sound Bars,i-icons.50302365 (15).svg,i icons.50302365,,C08,Audio,HIGH,folder mapping: Sound Bars -> Audio,https://ik.imagekit.io/0iaahkrcv/Sound%20Bars/i-icons.50302365%20(15).svg?updatedAt=1786520094919
6a7c22275c7cd75eb838aa8b,Sound Bars,i-icons.50302365 (16).svg,i icons.50302365,,C08,Audio,HIGH,folder mapping: Sound Bars -> Audio,https://ik.imagekit.io/0iaahkrcv/Sound%20Bars/i-icons.50302365%20(16).svg?updatedAt=1786520103986
6a7c22235c7cd75eb83893e8,Sound Bars,i-icons.50302365 (17).svg,i icons.50302365,,C08,Audio,HIGH,folder mapping: Sound Bars -> Audio,https://ik.imagekit.io/0iaahkrcv/Sound%20Bars/i-icons.50302365%20(17).svg?updatedAt=1786520100071
6a7c22265c7cd75eb838a49d,Sound Bars,i-icons.50302365 (18).svg,i icons.50302365,,C08,Audio,HIGH,folder mapping: Sound Bars -> Audio,https://ik.imagekit.io/0iaahkrcv/Sound%20Bars/i-icons.50302365%20(18).svg?updatedAt=1786520102756
6a7c22275c7cd75eb838aaa5,Sound Bars,i-icons.50302365 (19).svg,i icons.50302365,,C08,Audio,HIGH,folder mapping: Sound Bars -> Audio,https://ik.imagekit.io/0iaahkrcv/Sound%20Bars/i-icons.50302365%20(19).svg?updatedAt=1786520104103
6a7c22265c7cd75eb838a4a3,Sound Bars,i-icons.50302365 (2).svg,i icons.50302365,,C08,Audio,HIGH,folder mapping: Sound Bars -> Audio,https://ik.imagekit.io/0iaahkrcv/Sound%20Bars/i-icons.50302365%20(2).svg?updatedAt=1786520102811
6a7c22275c7cd75eb838aa74,Sound Bars,i-icons.50302365 (20).svg,i icons.50302365,,C08,Audio,HIGH,folder mapping: Sound Bars -> Audio,https://ik.imagekit.io/0iaahkrcv/Sound%20Bars/i-icons.50302365%20(20).svg?updatedAt=1786520103978
6a7c22295c7cd75eb838b68c,Sound Bars,i-icons.50302365 (21).svg,i icons.50302365,,C08,Audio,HIGH,folder mapping: Sound Bars -> Audio,https://ik.imagekit.io/0iaahkrcv/Sound%20Bars/i-icons.50302365%20(21).svg?updatedAt=1786520106075
6a7c22275c7cd75eb838aa34,Sound Bars,i-icons.50302365 (22).svg,i icons.50302365,,C08,Audio,HIGH,folder mapping: Sound Bars -> Audio,https://ik.imagekit.io/0iaahkrcv/Sound%20Bars/i-icons.50302365%20(22).svg?updatedAt=1786520103821
6a7c22265c7cd75eb838a493,Sound Bars,i-icons.50302365 (23).svg,i icons.50302365,,C08,Audio,HIGH,folder mapping: Sound Bars -> Audio,https://ik.imagekit.io/0iaahkrcv/Sound%20Bars/i-icons.50302365%20(23).svg?updatedAt=1786520102749
6a7c22275c7cd75eb838aa4b,Sound Bars,i-icons.50302365 (24).svg,i icons.50302365,,C08,Audio,HIGH,folder mapping: Sound Bars -> Audio,https://ik.imagekit.io/0iaahkrcv/Sound%20Bars/i-icons.50302365%20(24).svg?updatedAt=1786520103941
6a7c22275c7cd75eb838aa61,Sound Bars,i-icons.50302365 (25).svg,i icons.50302365,,C08,Audio,HIGH,folder mapping: Sound Bars -> Audio,https://ik.imagekit.io/0iaahkrcv/Sound%20Bars/i-icons.50302365%20(25).svg?updatedAt=1786520104037
6a7c22275c7cd75eb838aa83,Sound Bars,i-icons.50302365 (26).svg,i icons.50302365,,C08,Audio,HIGH,folder mapping: Sound Bars -> Audio,https://ik.imagekit.io/0iaahkrcv/Sound%20Bars/i-icons.50302365%20(26).svg?updatedAt=1786520104159
6a7c22275c7cd75eb838aa8e,Sound Bars,i-icons.50302365 (27).svg,i icons.50302365,,C08,Audio,HIGH,folder mapping: Sound Bars -> Audio,https://ik.imagekit.io/0iaahkrcv/Sound%20Bars/i-icons.50302365%20(27).svg?updatedAt=1786520104097
6a7c22285c7cd75eb838b601,Sound Bars,i-icons.50302365 (28).svg,i icons.50302365,,C08,Audio,HIGH,folder mapping: Sound Bars -> Audio,https://ik.imagekit.io/0iaahkrcv/Sound%20Bars/i-icons.50302365%20(28).svg?updatedAt=1786520105886
6a7c22275c7cd75eb838aaf5,Sound Bars,i-icons.50302365 (29).svg,i icons.50302365,,C08,Audio,HIGH,folder mapping: Sound Bars -> Audio,https://ik.imagekit.io/0iaahkrcv/Sound%20Bars/i-icons.50302365%20(29).svg?updatedAt=1786520104023
6a7c22285c7cd75eb838b1a6,Sound Bars,i-icons.50302365 (3).svg,i icons.50302365,,C08,Audio,HIGH,folder mapping: Sound Bars -> Audio,https://ik.imagekit.io/0iaahkrcv/Sound%20Bars/i-icons.50302365%20(3).svg?updatedAt=1786520105025
6a7c22275c7cd75eb838aacf,Sound Bars,i-icons.50302365 (30).svg,i icons.50302365,,C08,Audio,HIGH,folder mapping: Sound Bars -> Audio,https://ik.imagekit.io/0iaahkrcv/Sound%20Bars/i-icons.50302365%20(30).svg?updatedAt=1786520104243
6a7c22275c7cd75eb838aa90,Sound Bars,i-icons.50302365 (31).svg,i icons.50302365,,C08,Audio,HIGH,folder mapping: Sound Bars -> Audio,https://ik.imagekit.io/0iaahkrcv/Sound%20Bars/i-icons.50302365%20(31).svg?updatedAt=1786520104059
6a7c22275c7cd75eb838aae6,Sound Bars,i-icons.50302365 (32).svg,i icons.50302365,,C08,Audio,HIGH,folder mapping: Sound Bars -> Audio,https://ik.imagekit.io/0iaahkrcv/Sound%20Bars/i-icons.50302365%20(32).svg?updatedAt=1786520104080
6a7c22275c7cd75eb838aa3c,Sound Bars,i-icons.50302365 (33).svg,i icons.50302365,,C08,Audio,HIGH,folder mapping: Sound Bars -> Audio,https://ik.imagekit.io/0iaahkrcv/Sound%20Bars/i-icons.50302365%20(33).svg?updatedAt=1786520103851
6a7c22275c7cd75eb838aac6,Sound Bars,i-icons.50302365 (34).svg,i icons.50302365,,C08,Audio,HIGH,folder mapping: Sound Bars -> Audio,https://ik.imagekit.io/0iaahkrcv/Sound%20Bars/i-icons.50302365%20(34).svg?updatedAt=1786520103974
6a7c22275c7cd75eb838aaa6,Sound Bars,i-icons.50302365 (35).svg,i icons.50302365,,C08,Audio,HIGH,folder mapping: Sound Bars -> Audio,https://ik.imagekit.io/0iaahkrcv/Sound%20Bars/i-icons.50302365%20(35).svg?updatedAt=1786520104063
6a7c22275c7cd75eb838aaa0,Sound Bars,i-icons.50302365 (36).svg,i icons.50302365,,C08,Audio,HIGH,folder mapping: Sound Bars -> Audio,https://ik.imagekit.io/0iaahkrcv/Sound%20Bars/i-icons.50302365%20(36).svg?updatedAt=1786520104052
6a7c22275c7cd75eb838aa5b,Sound Bars,i-icons.50302365 (37).svg,i icons.50302365,,C08,Audio,HIGH,folder mapping: Sound Bars -> Audio,https://ik.imagekit.io/0iaahkrcv/Sound%20Bars/i-icons.50302365%20(37).svg?updatedAt=1786520103968
6a7c22275c7cd75eb838aa92,Sound Bars,i-icons.50302365 (38).svg,i icons.50302365,,C08,Audio,HIGH,folder mapping: Sound Bars -> Audio,https://ik.imagekit.io/0iaahkrcv/Sound%20Bars/i-icons.50302365%20(38).svg?updatedAt=1786520103883
6a7c22275c7cd75eb838aab8,Sound Bars,i-icons.50302365 (39).svg,i icons.50302365,,C08,Audio,HIGH,folder mapping: Sound Bars -> Audio,https://ik.imagekit.io/0iaahkrcv/Sound%20Bars/i-icons.50302365%20(39).svg?updatedAt=1786520104106
6a7c22285c7cd75eb838b5b7,Sound Bars,i-icons.50302365 (4).svg,i icons.50302365,,C08,Audio,HIGH,folder mapping: Sound Bars -> Audio,https://ik.imagekit.io/0iaahkrcv/Sound%20Bars/i-icons.50302365%20(4).svg?updatedAt=1786520105731
6a7c22275c7cd75eb838aa5f,Sound Bars,i-icons.50302365 (40).svg,i icons.50302365,,C08,Audio,HIGH,folder mapping: Sound Bars -> Audio,https://ik.imagekit.io/0iaahkrcv/Sound%20Bars/i-icons.50302365%20(40).svg?updatedAt=1786520103936
6a7c22285c7cd75eb838b4f5,Sound Bars,i-icons.50302365 (41).svg,i icons.50302365,,C08,Audio,HIGH,folder mapping: Sound Bars -> Audio,https://ik.imagekit.io/0iaahkrcv/Sound%20Bars/i-icons.50302365%20(41).svg?updatedAt=1786520105614
6a7c22275c7cd75eb838aae2,Sound Bars,i-icons.50302365 (42).svg,i icons.50302365,,C08,Audio,HIGH,folder mapping: Sound Bars -> Audio,https://ik.imagekit.io/0iaahkrcv/Sound%20Bars/i-icons.50302365%20(42).svg?updatedAt=1786520104095
6a7c22275c7cd75eb838aaae,Sound Bars,i-icons.50302365 (43).svg,i icons.50302365,,C08,Audio,HIGH,folder mapping: Sound Bars -> Audio,https://ik.imagekit.io/0iaahkrcv/Sound%20Bars/i-icons.50302365%20(43).svg?updatedAt=1786520104110
6a7c22275c7cd75eb838aab1,Sound Bars,i-icons.50302365 (44).svg,i icons.50302365,,C08,Audio,HIGH,folder mapping: Sound Bars -> Audio,https://ik.imagekit.io/0iaahkrcv/Sound%20Bars/i-icons.50302365%20(44).svg?updatedAt=1786520104068
6a7c22275c7cd75eb838ab14,Sound Bars,i-icons.50302365 (45).svg,i icons.50302365,,C08,Audio,HIGH,folder mapping: Sound Bars -> Audio,https://ik.imagekit.io/0iaahkrcv/Sound%20Bars/i-icons.50302365%20(45).svg?updatedAt=1786520104117
6a7c22275c7cd75eb838aa50,Sound Bars,i-icons.50302365 (46).svg,i icons.50302365,,C08,Audio,HIGH,folder mapping: Sound Bars -> Audio,https://ik.imagekit.io/0iaahkrcv/Sound%20Bars/i-icons.50302365%20(46).svg?updatedAt=1786520103885
6a7c22275c7cd75eb838aac4,Sound Bars,i-icons.50302365 (47).svg,i icons.50302365,,C08,Audio,HIGH,folder mapping: Sound Bars -> Audio,https://ik.imagekit.io/0iaahkrcv/Sound%20Bars/i-icons.50302365%20(47).svg?updatedAt=1786520104014
6a7c22295c7cd75eb838b644,Sound Bars,i-icons.50302365 (48).svg,i icons.50302365,,C08,Audio,HIGH,folder mapping: Sound Bars -> Audio,https://ik.imagekit.io/0iaahkrcv/Sound%20Bars/i-icons.50302365%20(48).svg?updatedAt=1786520105895
6a7c22285c7cd75eb838b3d4,Sound Bars,i-icons.50302365 (49).svg,i icons.50302365,,C08,Audio,HIGH,folder mapping: Sound Bars -> Audio,https://ik.imagekit.io/0iaahkrcv/Sound%20Bars/i-icons.50302365%20(49).svg?updatedAt=1786520105436
6a7c22285c7cd75eb838b332,Sound Bars,i-icons.50302365 (5).svg,i icons.50302365,,C08,Audio,HIGH,folder mapping: Sound Bars -> Audio,https://ik.imagekit.io/0iaahkrcv/Sound%20Bars/i-icons.50302365%20(5).svg?updatedAt=1786520105283
6a7c22275c7cd75eb838ab2f,Sound Bars,i-icons.50302365 (50).svg,i icons.50302365,,C08,Audio,HIGH,folder mapping: Sound Bars -> Audio,https://ik.imagekit.io/0iaahkrcv/Sound%20Bars/i-icons.50302365%20(50).svg?updatedAt=1786520104143
6a7c22285c7cd75eb838b4e6,Sound Bars,i-icons.50302365 (51).svg,i icons.50302365,,C08,Audio,HIGH,folder mapping: Sound Bars -> Audio,https://ik.imagekit.io/0iaahkrcv/Sound%20Bars/i-icons.50302365%20(51).svg?updatedAt=1786520105586
6a7c22275c7cd75eb838aaf7,Sound Bars,i-icons.50302365 (52).svg,i icons.50302365,,C08,Audio,HIGH,folder mapping: Sound Bars -> Audio,https://ik.imagekit.io/0iaahkrcv/Sound%20Bars/i-icons.50302365%20(52).svg?updatedAt=1786520104080
6a7c22275c7cd75eb838ab25,Sound Bars,i-icons.50302365 (53).svg,i icons.50302365,,C08,Audio,HIGH,folder mapping: Sound Bars -> Audio,https://ik.imagekit.io/0iaahkrcv/Sound%20Bars/i-icons.50302365%20(53).svg?updatedAt=1786520104217
6a7c22275c7cd75eb838ab29,Sound Bars,i-icons.50302365 (54).svg,i icons.50302365,,C08,Audio,HIGH,folder mapping: Sound Bars -> Audio,https://ik.imagekit.io/0iaahkrcv/Sound%20Bars/i-icons.50302365%20(54).svg?updatedAt=1786520104059
6a7c22275c7cd75eb838aa65,Sound Bars,i-icons.50302365 (55).svg,i icons.50302365,,C08,Audio,HIGH,folder mapping: Sound Bars -> Audio,https://ik.imagekit.io/0iaahkrcv/Sound%20Bars/i-icons.50302365%20(55).svg?updatedAt=1786520103961
6a7c22295c7cd75eb838b675,Sound Bars,i-icons.50302365 (56).svg,i icons.50302365,,C08,Audio,HIGH,folder mapping: Sound Bars -> Audio,https://ik.imagekit.io/0iaahkrcv/Sound%20Bars/i-icons.50302365%20(56).svg?updatedAt=1786520105890
6a7c22285c7cd75eb838b1a3,Sound Bars,i-icons.50302365 (57).svg,i icons.50302365,,C08,Audio,HIGH,folder mapping: Sound Bars -> Audio,https://ik.imagekit.io/0iaahkrcv/Sound%20Bars/i-icons.50302365%20(57).svg?updatedAt=1786520104987
6a7c22285c7cd75eb838b2ca,Sound Bars,i-icons.50302365 (58).svg,i icons.50302365,,C08,Audio,HIGH,folder mapping: Sound Bars -> Audio,https://ik.imagekit.io/0iaahkrcv/Sound%20Bars/i-icons.50302365%20(58).svg?updatedAt=1786520105243
6a7c22285c7cd75eb838b4a8,Sound Bars,i-icons.50302365 (59).svg,i icons.50302365,,C08,Audio,HIGH,folder mapping: Sound Bars -> Audio,https://ik.imagekit.io/0iaahkrcv/Sound%20Bars/i-icons.50302365%20(59).svg?updatedAt=1786520105638
6a7c22295c7cd75eb838b648,Sound Bars,i-icons.50302365 (6).svg,i icons.50302365,,C08,Audio,HIGH,folder mapping: Sound Bars -> Audio,https://ik.imagekit.io/0iaahkrcv/Sound%20Bars/i-icons.50302365%20(6).svg?updatedAt=1786520106056
6a7c22285c7cd75eb838b44a,Sound Bars,i-icons.50302365 (60).svg,i icons.50302365,,C08,Audio,HIGH,folder mapping: Sound Bars -> Audio,https://ik.imagekit.io/0iaahkrcv/Sound%20Bars/i-icons.50302365%20(60).svg?updatedAt=1786520105531
6a7c22285c7cd75eb838b572,Sound Bars,i-icons.50302365 (61).svg,i icons.50302365,,C08,Audio,HIGH,folder mapping: Sound Bars -> Audio,https://ik.imagekit.io/0iaahkrcv/Sound%20Bars/i-icons.50302365%20(61).svg?updatedAt=1786520105636
6a7c22295c7cd75eb838b691,Sound Bars,i-icons.50302365 (62).svg,i icons.50302365,,C08,Audio,HIGH,folder mapping: Sound Bars -> Audio,https://ik.imagekit.io/0iaahkrcv/Sound%20Bars/i-icons.50302365%20(62).svg?updatedAt=1786520106066
6a7c22285c7cd75eb838b5c7,Sound Bars,i-icons.50302365 (63).svg,i icons.50302365,,C08,Audio,HIGH,folder mapping: Sound Bars -> Audio,https://ik.imagekit.io/0iaahkrcv/Sound%20Bars/i-icons.50302365%20(63).svg?updatedAt=1786520105737
6a7c22285c7cd75eb838b3c5,Sound Bars,i-icons.50302365 (64).svg,i icons.50302365,,C08,Audio,HIGH,folder mapping: Sound Bars -> Audio,https://ik.imagekit.io/0iaahkrcv/Sound%20Bars/i-icons.50302365%20(64).svg?updatedAt=1786520105424
6a7c22285c7cd75eb838b41e,Sound Bars,i-icons.50302365 (65).svg,i icons.50302365,,C08,Audio,HIGH,folder mapping: Sound Bars -> Audio,https://ik.imagekit.io/0iaahkrcv/Sound%20Bars/i-icons.50302365%20(65).svg?updatedAt=1786520105444
6a7c22295c7cd75eb838b6c3,Sound Bars,i-icons.50302365 (66).svg,i icons.50302365,,C08,Audio,HIGH,folder mapping: Sound Bars -> Audio,https://ik.imagekit.io/0iaahkrcv/Sound%20Bars/i-icons.50302365%20(66).svg?updatedAt=1786520106088
6a7c22285c7cd75eb838b402,Sound Bars,i-icons.50302365 (67).svg,i icons.50302365,,C08,Audio,HIGH,folder mapping: Sound Bars -> Audio,https://ik.imagekit.io/0iaahkrcv/Sound%20Bars/i-icons.50302365%20(67).svg?updatedAt=1786520105570
6a7c22285c7cd75eb838b4ef,Sound Bars,i-icons.50302365 (68).svg,i icons.50302365,,C08,Audio,HIGH,folder mapping: Sound Bars -> Audio,https://ik.imagekit.io/0iaahkrcv/Sound%20Bars/i-icons.50302365%20(68).svg?updatedAt=1786520105620
6a7c22285c7cd75eb838b558,Sound Bars,i-icons.50302365 (69).svg,i icons.50302365,,C08,Audio,HIGH,folder mapping: Sound Bars -> Audio,https://ik.imagekit.io/0iaahkrcv/Sound%20Bars/i-icons.50302365%20(69).svg?updatedAt=1786520105651
6a7c22285c7cd75eb838b583,Sound Bars,i-icons.50302365 (7).svg,i icons.50302365,,C08,Audio,HIGH,folder mapping: Sound Bars -> Audio,https://ik.imagekit.io/0iaahkrcv/Sound%20Bars/i-icons.50302365%20(7).svg?updatedAt=1786520105833
6a7c22295c7cd75eb838b6d7,Sound Bars,i-icons.50302365 (70).svg,i icons.50302365,,C08,Audio,HIGH,folder mapping: Sound Bars -> Audio,https://ik.imagekit.io/0iaahkrcv/Sound%20Bars/i-icons.50302365%20(70).svg?updatedAt=1786520106131
6a7c22295c7cd75eb838b681,Sound Bars,i-icons.50302365 (71).svg,i icons.50302365,,C08,Audio,HIGH,folder mapping: Sound Bars -> Audio,https://ik.imagekit.io/0iaahkrcv/Sound%20Bars/i-icons.50302365%20(71).svg?updatedAt=1786520106071
6a7c22285c7cd75eb838b57f,Sound Bars,i-icons.50302365 (72).svg,i icons.50302365,,C08,Audio,HIGH,folder mapping: Sound Bars -> Audio,https://ik.imagekit.io/0iaahkrcv/Sound%20Bars/i-icons.50302365%20(72).svg?updatedAt=1786520105873
6a7c22285c7cd75eb838b425,Sound Bars,i-icons.50302365 (73).svg,i icons.50302365,,C08,Audio,HIGH,folder mapping: Sound Bars -> Audio,https://ik.imagekit.io/0iaahkrcv/Sound%20Bars/i-icons.50302365%20(73).svg?updatedAt=1786520105473
6a7c22285c7cd75eb838b607,Sound Bars,i-icons.50302365 (74).svg,i icons.50302365,,C08,Audio,HIGH,folder mapping: Sound Bars -> Audio,https://ik.imagekit.io/0iaahkrcv/Sound%20Bars/i-icons.50302365%20(74).svg?updatedAt=1786520105883
6a7c22285c7cd75eb838b58c,Sound Bars,i-icons.50302365 (75).svg,i icons.50302365,,C08,Audio,HIGH,folder mapping: Sound Bars -> Audio,https://ik.imagekit.io/0iaahkrcv/Sound%20Bars/i-icons.50302365%20(75).svg?updatedAt=1786520105728
6a7c22285c7cd75eb838b453,Sound Bars,i-icons.50302365 (76).svg,i icons.50302365,,C08,Audio,HIGH,folder mapping: Sound Bars -> Audio,https://ik.imagekit.io/0iaahkrcv/Sound%20Bars/i-icons.50302365%20(76).svg?updatedAt=1786520105463
6a7c22295c7cd75eb838b642,Sound Bars,i-icons.50302365 (77).svg,i icons.50302365,,C08,Audio,HIGH,folder mapping: Sound Bars -> Audio,https://ik.imagekit.io/0iaahkrcv/Sound%20Bars/i-icons.50302365%20(77).svg?updatedAt=1786520106062
6a7c22295c7cd75eb838b677,Sound Bars,i-icons.50302365 (78).svg,i icons.50302365,,C08,Audio,HIGH,folder mapping: Sound Bars -> Audio,https://ik.imagekit.io/0iaahkrcv/Sound%20Bars/i-icons.50302365%20(78).svg?updatedAt=1786520105906
6a7c22285c7cd75eb838b4bf,Sound Bars,i-icons.50302365 (79).svg,i icons.50302365,,C08,Audio,HIGH,folder mapping: Sound Bars -> Audio,https://ik.imagekit.io/0iaahkrcv/Sound%20Bars/i-icons.50302365%20(79).svg?updatedAt=1786520105583
6a7c22285c7cd75eb838b3d8,Sound Bars,i-icons.50302365 (8).svg,i icons.50302365,,C08,Audio,HIGH,folder mapping: Sound Bars -> Audio,https://ik.imagekit.io/0iaahkrcv/Sound%20Bars/i-icons.50302365%20(8).svg?updatedAt=1786520105543
6a7c22295c7cd75eb838b6fa,Sound Bars,i-icons.50302365 (80).svg,i icons.50302365,,C08,Audio,HIGH,folder mapping: Sound Bars -> Audio,https://ik.imagekit.io/0iaahkrcv/Sound%20Bars/i-icons.50302365%20(80).svg?updatedAt=1786520106111
6a7c22295c7cd75eb838b6d3,Sound Bars,i-icons.50302365 (81).svg,i icons.50302365,,C08,Audio,HIGH,folder mapping: Sound Bars -> Audio,https://ik.imagekit.io/0iaahkrcv/Sound%20Bars/i-icons.50302365%20(81).svg?updatedAt=1786520106080
6a7c22295c7cd75eb838b672,Sound Bars,i-icons.50302365 (82).svg,i icons.50302365,,C08,Audio,HIGH,folder mapping: Sound Bars -> Audio,https://ik.imagekit.io/0iaahkrcv/Sound%20Bars/i-icons.50302365%20(82).svg?updatedAt=1786520105930
6a7c22295c7cd75eb838b67d,Sound Bars,i-icons.50302365 (83).svg,i icons.50302365,,C08,Audio,HIGH,folder mapping: Sound Bars -> Audio,https://ik.imagekit.io/0iaahkrcv/Sound%20Bars/i-icons.50302365%20(83).svg?updatedAt=1786520105969
6a7c22285c7cd75eb838b528,Sound Bars,i-icons.50302365 (84).svg,i icons.50302365,,C08,Audio,HIGH,folder mapping: Sound Bars -> Audio,https://ik.imagekit.io/0iaahkrcv/Sound%20Bars/i-icons.50302365%20(84).svg?updatedAt=1786520105591
6a7c22285c7cd75eb838b46d,Sound Bars,i-icons.50302365 (85).svg,i icons.50302365,,C08,Audio,HIGH,folder mapping: Sound Bars -> Audio,https://ik.imagekit.io/0iaahkrcv/Sound%20Bars/i-icons.50302365%20(85).svg?updatedAt=1786520105584
6a7c22295c7cd75eb838b7b5,Sound Bars,i-icons.50302365 (86).svg,i icons.50302365,,C08,Audio,HIGH,folder mapping: Sound Bars -> Audio,https://ik.imagekit.io/0iaahkrcv/Sound%20Bars/i-icons.50302365%20(86).svg?updatedAt=1786520106169
6a7c22285c7cd75eb838b487,Sound Bars,i-icons.50302365 (87).svg,i icons.50302365,,C08,Audio,HIGH,folder mapping: Sound Bars -> Audio,https://ik.imagekit.io/0iaahkrcv/Sound%20Bars/i-icons.50302365%20(87).svg?updatedAt=1786520105599
6a7c22285c7cd75eb838b42b,Sound Bars,i-icons.50302365 (88).svg,i icons.50302365,,C08,Audio,HIGH,folder mapping: Sound Bars -> Audio,https://ik.imagekit.io/0iaahkrcv/Sound%20Bars/i-icons.50302365%20(88).svg?updatedAt=1786520105500
6a7c22285c7cd75eb838b41c,Sound Bars,i-icons.50302365 (89).svg,i icons.50302365,,C08,Audio,HIGH,folder mapping: Sound Bars -> Audio,https://ik.imagekit.io/0iaahkrcv/Sound%20Bars/i-icons.50302365%20(89).svg?updatedAt=1786520105512
6a7c22285c7cd75eb838b5cb,Sound Bars,i-icons.50302365 (9).svg,i icons.50302365,,C08,Audio,HIGH,folder mapping: Sound Bars -> Audio,https://ik.imagekit.io/0iaahkrcv/Sound%20Bars/i-icons.50302365%20(9).svg?updatedAt=1786520105700
6a7c22285c7cd75eb838b51c,Sound Bars,i-icons.50302365 (90).svg,i icons.50302365,,C08,Audio,HIGH,folder mapping: Sound Bars -> Audio,https://ik.imagekit.io/0iaahkrcv/Sound%20Bars/i-icons.50302365%20(90).svg?updatedAt=1786520105713
6a7c22285c7cd75eb838b4ee,Sound Bars,i-icons.50302365 (91).svg,i icons.50302365,,C08,Audio,HIGH,folder mapping: Sound Bars -> Audio,https://ik.imagekit.io/0iaahkrcv/Sound%20Bars/i-icons.50302365%20(91).svg?updatedAt=1786520105575
6a7c22285c7cd75eb838b505,Sound Bars,i-icons.50302365 (92).svg,i icons.50302365,,C08,Audio,HIGH,folder mapping: Sound Bars -> Audio,https://ik.imagekit.io/0iaahkrcv/Sound%20Bars/i-icons.50302365%20(92).svg?updatedAt=1786520105601
6a7c22285c7cd75eb838b5ba,Sound Bars,i-icons.50302365 (93).svg,i icons.50302365,,C08,Audio,HIGH,folder mapping: Sound Bars -> Audio,https://ik.imagekit.io/0iaahkrcv/Sound%20Bars/i-icons.50302365%20(93).svg?updatedAt=1786520105730
6a7c22295c7cd75eb838b68a,Sound Bars,i-icons.50302365 (94).svg,i icons.50302365,,C08,Audio,HIGH,folder mapping: Sound Bars -> Audio,https://ik.imagekit.io/0iaahkrcv/Sound%20Bars/i-icons.50302365%20(94).svg?updatedAt=1786520105988
6a7c22295c7cd75eb838b688,Sound Bars,i-icons.50302365 (95).svg,i icons.50302365,,C08,Audio,HIGH,folder mapping: Sound Bars -> Audio,https://ik.imagekit.io/0iaahkrcv/Sound%20Bars/i-icons.50302365%20(95).svg?updatedAt=1786520105871
6a7c22295c7cd75eb838b6f7,Sound Bars,i-icons.50302365 (96).svg,i icons.50302365,,C08,Audio,HIGH,folder mapping: Sound Bars -> Audio,https://ik.imagekit.io/0iaahkrcv/Sound%20Bars/i-icons.50302365%20(96).svg?updatedAt=1786520106083
6a7c22295c7cd75eb838b633,Sound Bars,i-icons.50302365 (97).svg,i icons.50302365,,C08,Audio,HIGH,folder mapping: Sound Bars -> Audio,https://ik.imagekit.io/0iaahkrcv/Sound%20Bars/i-icons.50302365%20(97).svg?updatedAt=1786520105740
6a7c22295c7cd75eb838b693,Sound Bars,i-icons.50302365 (98).svg,i icons.50302365,,C08,Audio,HIGH,folder mapping: Sound Bars -> Audio,https://ik.imagekit.io/0iaahkrcv/Sound%20Bars/i-icons.50302365%20(98).svg?updatedAt=1786520106027
6a7c22295c7cd75eb838b629,Sound Bars,i-icons.50302365 (99).svg,i icons.50302365,,C08,Audio,HIGH,folder mapping: Sound Bars -> Audio,https://ik.imagekit.io/0iaahkrcv/Sound%20Bars/i-icons.50302365%20(99).svg?updatedAt=1786520105724
6a7c225b5c7cd75eb83a3b21,Sound Bars,i-icons.50302365.svg,i icons.50302365,,C08,Audio,HIGH,folder mapping: Sound Bars -> Audio,https://ik.imagekit.io/0iaahkrcv/Sound%20Bars/i-icons.50302365.svg?updatedAt=1786520155791
6a7c225b5c7cd75eb83a3ac4,Sound Bars,i-shop-jumia.0072ec91 (1).svg,i shop jumia.0072ec91,,C08,Audio,HIGH,folder mapping: Sound Bars -> Audio,https://ik.imagekit.io/0iaahkrcv/Sound%20Bars/i-shop-jumia.0072ec91%20(1).svg?updatedAt=1786520155614
6a7c225b5c7cd75eb83a3d1a,Sound Bars,i-shop-jumia.0072ec91 (10).svg,i shop jumia.0072ec91,,C08,Audio,HIGH,folder mapping: Sound Bars -> Audio,https://ik.imagekit.io/0iaahkrcv/Sound%20Bars/i-shop-jumia.0072ec91%20(10).svg?updatedAt=1786520155941
6a7c225d5c7cd75eb83a43c2,Sound Bars,i-shop-jumia.0072ec91 (11).svg,i shop jumia.0072ec91,,C08,Audio,HIGH,folder mapping: Sound Bars -> Audio,https://ik.imagekit.io/0iaahkrcv/Sound%20Bars/i-shop-jumia.0072ec91%20(11).svg?updatedAt=1786520157726
6a7c225d5c7cd75eb83a4462,Sound Bars,i-shop-jumia.0072ec91 (12).svg,i shop jumia.0072ec91,,C08,Audio,HIGH,folder mapping: Sound Bars -> Audio,https://ik.imagekit.io/0iaahkrcv/Sound%20Bars/i-shop-jumia.0072ec91%20(12).svg?updatedAt=1786520157833
6a7c225f5c7cd75eb83a4ecb,Sound Bars,i-shop-jumia.0072ec91 (13).svg,i shop jumia.0072ec91,,C08,Audio,HIGH,folder mapping: Sound Bars -> Audio,https://ik.imagekit.io/0iaahkrcv/Sound%20Bars/i-shop-jumia.0072ec91%20(13).svg?updatedAt=1786520159788
6a7c225d5c7cd75eb83a4701,Sound Bars,i-shop-jumia.0072ec91 (14).svg,i shop jumia.0072ec91,,C08,Audio,HIGH,folder mapping: Sound Bars -> Audio,https://ik.imagekit.io/0iaahkrcv/Sound%20Bars/i-shop-jumia.0072ec91%20(14).svg?updatedAt=1786520158275
6a7c225f5c7cd75eb83a4ed4,Sound Bars,i-shop-jumia.0072ec91 (15).svg,i shop jumia.0072ec91,,C08,Audio,HIGH,folder mapping: Sound Bars -> Audio,https://ik.imagekit.io/0iaahkrcv/Sound%20Bars/i-shop-jumia.0072ec91%20(15).svg?updatedAt=1786520159866
6a7c225f5c7cd75eb83a4e82,Sound Bars,i-shop-jumia.0072ec91 (16).svg,i shop jumia.0072ec91,,C08,Audio,HIGH,folder mapping: Sound Bars -> Audio,https://ik.imagekit.io/0iaahkrcv/Sound%20Bars/i-shop-jumia.0072ec91%20(16).svg?updatedAt=1786520159674
6a7c225f5c7cd75eb83a4efa,Sound Bars,i-shop-jumia.0072ec91 (17).svg,i shop jumia.0072ec91,,C08,Audio,HIGH,folder mapping: Sound Bars -> Audio,https://ik.imagekit.io/0iaahkrcv/Sound%20Bars/i-shop-jumia.0072ec91%20(17).svg?updatedAt=1786520159849
6a7c225f5c7cd75eb83a5bdf,Sound Bars,i-shop-jumia.0072ec91 (18).svg,i shop jumia.0072ec91,,C08,Audio,HIGH,folder mapping: Sound Bars -> Audio,https://ik.imagekit.io/0iaahkrcv/Sound%20Bars/i-shop-jumia.0072ec91%20(18).svg?updatedAt=1786520160646
6a7c225f5c7cd75eb83a5a27,Sound Bars,i-shop-jumia.0072ec91 (19).svg,i shop jumia.0072ec91,,C08,Audio,HIGH,folder mapping: Sound Bars -> Audio,https://ik.imagekit.io/0iaahkrcv/Sound%20Bars/i-shop-jumia.0072ec91%20(19).svg?updatedAt=1786520160454
6a7c225f5c7cd75eb83a5b02,Sound Bars,i-shop-jumia.0072ec91 (2).svg,i shop jumia.0072ec91,,C08,Audio,HIGH,folder mapping: Sound Bars -> Audio,https://ik.imagekit.io/0iaahkrcv/Sound%20Bars/i-shop-jumia.0072ec91%20(2).svg?updatedAt=1786520160527
6a7c225f5c7cd75eb83a5ae2,Sound Bars,i-shop-jumia.0072ec91 (20).svg,i shop jumia.0072ec91,,C08,Audio,HIGH,folder mapping: Sound Bars -> Audio,https://ik.imagekit.io/0iaahkrcv/Sound%20Bars/i-shop-jumia.0072ec91%20(20).svg?updatedAt=1786520160490
6a7c22605c7cd75eb83a5c80,Sound Bars,i-shop-jumia.0072ec91 (21).svg,i shop jumia.0072ec91,,C08,Audio,HIGH,folder mapping: Sound Bars -> Audio,https://ik.imagekit.io/0iaahkrcv/Sound%20Bars/i-shop-jumia.0072ec91%20(21).svg?updatedAt=1786520160768
6a7c225f5c7cd75eb83a5b3a,Sound Bars,i-shop-jumia.0072ec91 (22).svg,i shop jumia.0072ec91,,C08,Audio,HIGH,folder mapping: Sound Bars -> Audio,https://ik.imagekit.io/0iaahkrcv/Sound%20Bars/i-shop-jumia.0072ec91%20(22).svg?updatedAt=1786520160556
6a7c225f5c7cd75eb83a5af5,Sound Bars,i-shop-jumia.0072ec91 (23).svg,i shop jumia.0072ec91,,C08,Audio,HIGH,folder mapping: Sound Bars -> Audio,https://ik.imagekit.io/0iaahkrcv/Sound%20Bars/i-shop-jumia.0072ec91%20(23).svg?updatedAt=1786520160524
6a7c225f5c7cd75eb83a5bf5,Sound Bars,i-shop-jumia.0072ec91 (24).svg,i shop jumia.0072ec91,,C08,Audio,HIGH,folder mapping: Sound Bars -> Audio,https://ik.imagekit.io/0iaahkrcv/Sound%20Bars/i-shop-jumia.0072ec91%20(24).svg?updatedAt=1786520160668
6a7c225f5c7cd75eb83a5b8f,Sound Bars,i-shop-jumia.0072ec91 (25).svg,i shop jumia.0072ec91,,C08,Audio,HIGH,folder mapping: Sound Bars -> Audio,https://ik.imagekit.io/0iaahkrcv/Sound%20Bars/i-shop-jumia.0072ec91%20(25).svg?updatedAt=1786520160550
6a7c225f5c7cd75eb83a5bae,Sound Bars,i-shop-jumia.0072ec91 (26).svg,i shop jumia.0072ec91,,C08,Audio,HIGH,folder mapping: Sound Bars -> Audio,https://ik.imagekit.io/0iaahkrcv/Sound%20Bars/i-shop-jumia.0072ec91%20(26).svg?updatedAt=1786520160643
6a7c225f5c7cd75eb83a5bc7,Sound Bars,i-shop-jumia.0072ec91 (27).svg,i shop jumia.0072ec91,,C08,Audio,HIGH,folder mapping: Sound Bars -> Audio,https://ik.imagekit.io/0iaahkrcv/Sound%20Bars/i-shop-jumia.0072ec91%20(27).svg?updatedAt=1786520160612
6a7c22605c7cd75eb83a5c85,Sound Bars,i-shop-jumia.0072ec91 (28).svg,i shop jumia.0072ec91,,C08,Audio,HIGH,folder mapping: Sound Bars -> Audio,https://ik.imagekit.io/0iaahkrcv/Sound%20Bars/i-shop-jumia.0072ec91%20(28).svg?updatedAt=1786520160796
6a7c22605c7cd75eb83a5cbd,Sound Bars,i-shop-jumia.0072ec91 (29).svg,i shop jumia.0072ec91,,C08,Audio,HIGH,folder mapping: Sound Bars -> Audio,https://ik.imagekit.io/0iaahkrcv/Sound%20Bars/i-shop-jumia.0072ec91%20(29).svg?updatedAt=1786520160788
6a7c225f5c7cd75eb83a5c04,Sound Bars,i-shop-jumia.0072ec91 (3).svg,i shop jumia.0072ec91,,C08,Audio,HIGH,folder mapping: Sound Bars -> Audio,https://ik.imagekit.io/0iaahkrcv/Sound%20Bars/i-shop-jumia.0072ec91%20(3).svg?updatedAt=1786520160607
6a7c22605c7cd75eb83a5c08,Sound Bars,i-shop-jumia.0072ec91 (30).svg,i shop jumia.0072ec91,,C08,Audio,HIGH,folder mapping: Sound Bars -> Audio,https://ik.imagekit.io/0iaahkrcv/Sound%20Bars/i-shop-jumia.0072ec91%20(30).svg?updatedAt=1786520160606
6a7c225f5c7cd75eb83a5b95,Sound Bars,i-shop-jumia.0072ec91 (31).svg,i shop jumia.0072ec91,,C08,Audio,HIGH,folder mapping: Sound Bars -> Audio,https://ik.imagekit.io/0iaahkrcv/Sound%20Bars/i-shop-jumia.0072ec91%20(31).svg?updatedAt=1786520160608
6a7c22605c7cd75eb83a5c61,Sound Bars,i-shop-jumia.0072ec91 (32).svg,i shop jumia.0072ec91,,C08,Audio,HIGH,folder mapping: Sound Bars -> Audio,https://ik.imagekit.io/0iaahkrcv/Sound%20Bars/i-shop-jumia.0072ec91%20(32).svg?updatedAt=1786520160695
6a7c22605c7cd75eb83a5c56,Sound Bars,i-shop-jumia.0072ec91 (33).svg,i shop jumia.0072ec91,,C08,Audio,HIGH,folder mapping: Sound Bars -> Audio,https://ik.imagekit.io/0iaahkrcv/Sound%20Bars/i-shop-jumia.0072ec91%20(33).svg?updatedAt=1786520160637
6a7c22605c7cd75eb83a5c7e,Sound Bars,i-shop-jumia.0072ec91 (34).svg,i shop jumia.0072ec91,,C08,Audio,HIGH,folder mapping: Sound Bars -> Audio,https://ik.imagekit.io/0iaahkrcv/Sound%20Bars/i-shop-jumia.0072ec91%20(34).svg?updatedAt=1786520160769
6a7c22605c7cd75eb83a5c7a,Sound Bars,i-shop-jumia.0072ec91 (35).svg,i shop jumia.0072ec91,,C08,Audio,HIGH,folder mapping: Sound Bars -> Audio,https://ik.imagekit.io/0iaahkrcv/Sound%20Bars/i-shop-jumia.0072ec91%20(35).svg?updatedAt=1786520160695
6a7c22605c7cd75eb83a5c75,Sound Bars,i-shop-jumia.0072ec91 (36).svg,i shop jumia.0072ec91,,C08,Audio,HIGH,folder mapping: Sound Bars -> Audio,https://ik.imagekit.io/0iaahkrcv/Sound%20Bars/i-shop-jumia.0072ec91%20(36).svg?updatedAt=1786520160756
6a7c22605c7cd75eb83a5cac,Sound Bars,i-shop-jumia.0072ec91 (37).svg,i shop jumia.0072ec91,,C08,Audio,HIGH,folder mapping: Sound Bars -> Audio,https://ik.imagekit.io/0iaahkrcv/Sound%20Bars/i-shop-jumia.0072ec91%20(37).svg?updatedAt=1786520160829
6a7c22605c7cd75eb83a5cc7,Sound Bars,i-shop-jumia.0072ec91 (38).svg,i shop jumia.0072ec91,,C08,Audio,HIGH,folder mapping: Sound Bars -> Audio,https://ik.imagekit.io/0iaahkrcv/Sound%20Bars/i-shop-jumia.0072ec91%20(38).svg?updatedAt=1786520160879
6a7c22605c7cd75eb83a5c99,Sound Bars,i-shop-jumia.0072ec91 (39).svg,i shop jumia.0072ec91,,C08,Audio,HIGH,folder mapping: Sound Bars -> Audio,https://ik.imagekit.io/0iaahkrcv/Sound%20Bars/i-shop-jumia.0072ec91%20(39).svg?updatedAt=1786520160783
6a7c22605c7cd75eb83a5c16,Sound Bars,i-shop-jumia.0072ec91 (4).svg,i shop jumia.0072ec91,,C08,Audio,HIGH,folder mapping: Sound Bars -> Audio,https://ik.imagekit.io/0iaahkrcv/Sound%20Bars/i-shop-jumia.0072ec91%20(4).svg?updatedAt=1786520160611
6a7c22605c7cd75eb83a5c92,Sound Bars,i-shop-jumia.0072ec91 (40).svg,i shop jumia.0072ec91,,C08,Audio,HIGH,folder mapping: Sound Bars -> Audio,https://ik.imagekit.io/0iaahkrcv/Sound%20Bars/i-shop-jumia.0072ec91%20(40).svg?updatedAt=1786520160649
6a7c22605c7cd75eb83a5c9a,Sound Bars,i-shop-jumia.0072ec91 (41).svg,i shop jumia.0072ec91,,C08,Audio,HIGH,folder mapping: Sound Bars -> Audio,https://ik.imagekit.io/0iaahkrcv/Sound%20Bars/i-shop-jumia.0072ec91%20(41).svg?updatedAt=1786520160696
6a7c22605c7cd75eb83a5cee,Sound Bars,i-shop-jumia.0072ec91 (42).svg,i shop jumia.0072ec91,,C08,Audio,HIGH,folder mapping: Sound Bars -> Audio,https://ik.imagekit.io/0iaahkrcv/Sound%20Bars/i-shop-jumia.0072ec91%20(42).svg?updatedAt=1786520160738
6a7c22605c7cd75eb83a5dbe,Sound Bars,i-shop-jumia.0072ec91 (43).svg,i shop jumia.0072ec91,,C08,Audio,HIGH,folder mapping: Sound Bars -> Audio,https://ik.imagekit.io/0iaahkrcv/Sound%20Bars/i-shop-jumia.0072ec91%20(43).svg?updatedAt=1786520160827
6a7c22605c7cd75eb83a5c95,Sound Bars,i-shop-jumia.0072ec91 (44).svg,i shop jumia.0072ec91,,C08,Audio,HIGH,folder mapping: Sound Bars -> Audio,https://ik.imagekit.io/0iaahkrcv/Sound%20Bars/i-shop-jumia.0072ec91%20(44).svg?updatedAt=1786520160661
6a7c22605c7cd75eb83a5cf8,Sound Bars,i-shop-jumia.0072ec91 (45).svg,i shop jumia.0072ec91,,C08,Audio,HIGH,folder mapping: Sound Bars -> Audio,https://ik.imagekit.io/0iaahkrcv/Sound%20Bars/i-shop-jumia.0072ec91%20(45).svg?updatedAt=1786520160693
6a7c22605c7cd75eb83a5ceb,Sound Bars,i-shop-jumia.0072ec91 (46).svg,i shop jumia.0072ec91,,C08,Audio,HIGH,folder mapping: Sound Bars -> Audio,https://ik.imagekit.io/0iaahkrcv/Sound%20Bars/i-shop-jumia.0072ec91%20(46).svg?updatedAt=1786520160774
6a7c22605c7cd75eb83a5dec,Sound Bars,i-shop-jumia.0072ec91 (47).svg,i shop jumia.0072ec91,,C08,Audio,HIGH,folder mapping: Sound Bars -> Audio,https://ik.imagekit.io/0iaahkrcv/Sound%20Bars/i-shop-jumia.0072ec91%20(47).svg?updatedAt=1786520160836
6a7c22605c7cd75eb83a5d3d,Sound Bars,i-shop-jumia.0072ec91 (48).svg,i shop jumia.0072ec91,,C08,Audio,HIGH,folder mapping: Sound Bars -> Audio,https://ik.imagekit.io/0iaahkrcv/Sound%20Bars/i-shop-jumia.0072ec91%20(48).svg?updatedAt=1786520160774
6a7c22605c7cd75eb83a5cec,Sound Bars,i-shop-jumia.0072ec91 (49).svg,i shop jumia.0072ec91,,C08,Audio,HIGH,folder mapping: Sound Bars -> Audio,https://ik.imagekit.io/0iaahkrcv/Sound%20Bars/i-shop-jumia.0072ec91%20(49).svg?updatedAt=1786520160705
6a7c22605c7cd75eb83a5e0a,Sound Bars,i-shop-jumia.0072ec91 (5).svg,i shop jumia.0072ec91,,C08,Audio,HIGH,folder mapping: Sound Bars -> Audio,https://ik.imagekit.io/0iaahkrcv/Sound%20Bars/i-shop-jumia.0072ec91%20(5).svg?updatedAt=1786520160841
6a7c22605c7cd75eb83a5de0,Sound Bars,i-shop-jumia.0072ec91 (50).svg,i shop jumia.0072ec91,,C08,Audio,HIGH,folder mapping: Sound Bars -> Audio,https://ik.imagekit.io/0iaahkrcv/Sound%20Bars/i-shop-jumia.0072ec91%20(50).svg?updatedAt=1786520160838
6a7c22605c7cd75eb83a5e45,Sound Bars,i-shop-jumia.0072ec91 (51).svg,i shop jumia.0072ec91,,C08,Audio,HIGH,folder mapping: Sound Bars -> Audio,https://ik.imagekit.io/0iaahkrcv/Sound%20Bars/i-shop-jumia.0072ec91%20(51).svg?updatedAt=1786520160864
6a7c22605c7cd75eb83a5d8c,Sound Bars,i-shop-jumia.0072ec91 (52).svg,i shop jumia.0072ec91,,C08,Audio,HIGH,folder mapping: Sound Bars -> Audio,https://ik.imagekit.io/0iaahkrcv/Sound%20Bars/i-shop-jumia.0072ec91%20(52).svg?updatedAt=1786520160804
6a7c22605c7cd75eb83a5d31,Sound Bars,i-shop-jumia.0072ec91 (53).svg,i shop jumia.0072ec91,,C08,Audio,HIGH,folder mapping: Sound Bars -> Audio,https://ik.imagekit.io/0iaahkrcv/Sound%20Bars/i-shop-jumia.0072ec91%20(53).svg?updatedAt=1786520160713
6a7c22605c7cd75eb83a5ec5,Sound Bars,i-shop-jumia.0072ec91 (54).svg,i shop jumia.0072ec91,,C08,Audio,HIGH,folder mapping: Sound Bars -> Audio,https://ik.imagekit.io/0iaahkrcv/Sound%20Bars/i-shop-jumia.0072ec91%20(54).svg?updatedAt=1786520160943
6a7c22605c7cd75eb83a5e4c,Sound Bars,i-shop-jumia.0072ec91 (55).svg,i shop jumia.0072ec91,,C08,Audio,HIGH,folder mapping: Sound Bars -> Audio,https://ik.imagekit.io/0iaahkrcv/Sound%20Bars/i-shop-jumia.0072ec91%20(55).svg?updatedAt=1786520160890
6a7c22605c7cd75eb83a5e19,Sound Bars,i-shop-jumia.0072ec91 (56).svg,i shop jumia.0072ec91,,C08,Audio,HIGH,folder mapping: Sound Bars -> Audio,https://ik.imagekit.io/0iaahkrcv/Sound%20Bars/i-shop-jumia.0072ec91%20(56).svg?updatedAt=1786520160863
6a7c22615c7cd75eb83a63a5,Sound Bars,i-shop-jumia.0072ec91 (57).svg,i shop jumia.0072ec91,,C08,Audio,HIGH,folder mapping: Sound Bars -> Audio,https://ik.imagekit.io/0iaahkrcv/Sound%20Bars/i-shop-jumia.0072ec91%20(57).svg?updatedAt=1786520161764
6a7c22615c7cd75eb83a6573,Sound Bars,i-shop-jumia.0072ec91 (58).svg,i shop jumia.0072ec91,,C08,Audio,HIGH,folder mapping: Sound Bars -> Audio,https://ik.imagekit.io/0iaahkrcv/Sound%20Bars/i-shop-jumia.0072ec91%20(58).svg?updatedAt=1786520162180
6a7c22615c7cd75eb83a6519,Sound Bars,i-shop-jumia.0072ec91 (59).svg,i shop jumia.0072ec91,,C08,Audio,HIGH,folder mapping: Sound Bars -> Audio,https://ik.imagekit.io/0iaahkrcv/Sound%20Bars/i-shop-jumia.0072ec91%20(59).svg?updatedAt=1786520162078
6a7c22615c7cd75eb83a66e4,Sound Bars,i-shop-jumia.0072ec91 (6).svg,i shop jumia.0072ec91,,C08,Audio,HIGH,folder mapping: Sound Bars -> Audio,https://ik.imagekit.io/0iaahkrcv/Sound%20Bars/i-shop-jumia.0072ec91%20(6).svg?updatedAt=1786520162564
6a7c22625c7cd75eb83a6755,Sound Bars,i-shop-jumia.0072ec91 (60).svg,i shop jumia.0072ec91,,C08,Audio,HIGH,folder mapping: Sound Bars -> Audio,https://ik.imagekit.io/0iaahkrcv/Sound%20Bars/i-shop-jumia.0072ec91%20(60).svg?updatedAt=1786520162626
6a7c22625c7cd75eb83a6785,Sound Bars,i-shop-jumia.0072ec91 (61).svg,i shop jumia.0072ec91,,C08,Audio,HIGH,folder mapping: Sound Bars -> Audio,https://ik.imagekit.io/0iaahkrcv/Sound%20Bars/i-shop-jumia.0072ec91%20(61).svg?updatedAt=1786520162723
6a7c22625c7cd75eb83a67cd,Sound Bars,i-shop-jumia.0072ec91 (62).svg,i shop jumia.0072ec91,,C08,Audio,HIGH,folder mapping: Sound Bars -> Audio,https://ik.imagekit.io/0iaahkrcv/Sound%20Bars/i-shop-jumia.0072ec91%20(62).svg?updatedAt=1786520162821
6a7c22625c7cd75eb83a6819,Sound Bars,i-shop-jumia.0072ec91 (63).svg,i shop jumia.0072ec91,,C08,Audio,HIGH,folder mapping: Sound Bars -> Audio,https://ik.imagekit.io/0iaahkrcv/Sound%20Bars/i-shop-jumia.0072ec91%20(63).svg?updatedAt=1786520162824
6a7c22625c7cd75eb83a685d,Sound Bars,i-shop-jumia.0072ec91 (64).svg,i shop jumia.0072ec91,,C08,Audio,HIGH,folder mapping: Sound Bars -> Audio,https://ik.imagekit.io/0iaahkrcv/Sound%20Bars/i-shop-jumia.0072ec91%20(64).svg?updatedAt=1786520162862
6a7c22625c7cd75eb83a6845,Sound Bars,i-shop-jumia.0072ec91 (7).svg,i shop jumia.0072ec91,,C08,Audio,HIGH,folder mapping: Sound Bars -> Audio,https://ik.imagekit.io/0iaahkrcv/Sound%20Bars/i-shop-jumia.0072ec91%20(7).svg?updatedAt=1786520162849
6a7c22625c7cd75eb83a68a0,Sound Bars,i-shop-jumia.0072ec91 (8).svg,i shop jumia.0072ec91,,C08,Audio,HIGH,folder mapping: Sound Bars -> Audio,https://ik.imagekit.io/0iaahkrcv/Sound%20Bars/i-shop-jumia.0072ec91%20(8).svg?updatedAt=1786520162924
6a7c22625c7cd75eb83a68b9,Sound Bars,i-shop-jumia.0072ec91 (9).svg,i shop jumia.0072ec91,,C08,Audio,HIGH,folder mapping: Sound Bars -> Audio,https://ik.imagekit.io/0iaahkrcv/Sound%20Bars/i-shop-jumia.0072ec91%20(9).svg?updatedAt=1786520162935
6a7c22625c7cd75eb83a68af,Sound Bars,i-shop-jumia.0072ec91.svg,i shop jumia.0072ec91,,C08,Audio,HIGH,folder mapping: Sound Bars -> Audio,https://ik.imagekit.io/0iaahkrcv/Sound%20Bars/i-shop-jumia.0072ec91.svg?updatedAt=1786520162914
6a7c22625c7cd75eb83a6ced,Sound Bars,logo_jumia (1).svg,logo jumia,,C08,Audio,HIGH,folder mapping: Sound Bars -> Audio,https://ik.imagekit.io/0iaahkrcv/Sound%20Bars/logo_jumia%20(1).svg?updatedAt=1786520163398
6a7c22625c7cd75eb83a6ce9,Sound Bars,logo_jumia (10).svg,logo jumia,,C08,Audio,HIGH,folder mapping: Sound Bars -> Audio,https://ik.imagekit.io/0iaahkrcv/Sound%20Bars/logo_jumia%20(10).svg?updatedAt=1786520163387
6a7c22625c7cd75eb83a6d03,Sound Bars,logo_jumia (2).svg,logo jumia,,C08,Audio,HIGH,folder mapping: Sound Bars -> Audio,https://ik.imagekit.io/0iaahkrcv/Sound%20Bars/logo_jumia%20(2).svg?updatedAt=1786520163372
6a7c22625c7cd75eb83a6ea2,Sound Bars,logo_jumia (3).svg,logo jumia,,C08,Audio,HIGH,folder mapping: Sound Bars -> Audio,https://ik.imagekit.io/0iaahkrcv/Sound%20Bars/logo_jumia%20(3).svg?updatedAt=1786520163580
6a7c22625c7cd75eb83a6dca,Sound Bars,logo_jumia (4).svg,logo jumia,,C08,Audio,HIGH,folder mapping: Sound Bars -> Audio,https://ik.imagekit.io/0iaahkrcv/Sound%20Bars/logo_jumia%20(4).svg?updatedAt=1786520163438
6a7c22635c7cd75eb83a7570,Sound Bars,logo_jumia (5).svg,logo jumia,,C08,Audio,HIGH,folder mapping: Sound Bars -> Audio,https://ik.imagekit.io/0iaahkrcv/Sound%20Bars/logo_jumia%20(5).svg?updatedAt=1786520164394
6a7c22625c7cd75eb83a6eb0,Sound Bars,logo_jumia (6).svg,logo jumia,,C08,Audio,HIGH,folder mapping: Sound Bars -> Audio,https://ik.imagekit.io/0iaahkrcv/Sound%20Bars/logo_jumia%20(6).svg?updatedAt=1786520163571
6a7c22625c7cd75eb83a6e02,Sound Bars,logo_jumia (7).svg,logo jumia,,C08,Audio,HIGH,folder mapping: Sound Bars -> Audio,https://ik.imagekit.io/0iaahkrcv/Sound%20Bars/logo_jumia%20(7).svg?updatedAt=1786520163458
6a7c22625c7cd75eb83a6ec1,Sound Bars,logo_jumia (8).svg,logo jumia,,C08,Audio,HIGH,folder mapping: Sound Bars -> Audio,https://ik.imagekit.io/0iaahkrcv/Sound%20Bars/logo_jumia%20(8).svg?updatedAt=1786520163635
6a7c22695c7cd75eb83a955c,Sound Bars,logo_jumia (9).svg,logo jumia,,C08,Audio,HIGH,folder mapping: Sound Bars -> Audio,https://ik.imagekit.io/0iaahkrcv/Sound%20Bars/logo_jumia%20(9).svg?updatedAt=1786520170504
6a7c22695c7cd75eb83a944a,Sound Bars,logo_jumia.svg,logo jumia,,C08,Audio,HIGH,folder mapping: Sound Bars -> Audio,https://ik.imagekit.io/0iaahkrcv/Sound%20Bars/logo_jumia.svg?updatedAt=1786520170322
6a7c23515c7cd75eb84063a7,tvs,43x75ka-medium (1).webp,43x75ka medium,,C06,TVs,HIGH,folder mapping: tvs -> TVs,https://ik.imagekit.io/0iaahkrcv/tvs/43x75ka-medium%20(1).webp?updatedAt=1786520402528
6a7c23525c7cd75eb84063eb,tvs,43x75ka-medium (2).webp,43x75ka medium,,C06,TVs,HIGH,folder mapping: tvs -> TVs,https://ik.imagekit.io/0iaahkrcv/tvs/43x75ka-medium%20(2).webp?updatedAt=1786520402665
6a7c23525c7cd75eb84064c6,tvs,43x75ka-medium.webp,43x75ka medium,,C06,TVs,HIGH,folder mapping: tvs -> TVs,https://ik.imagekit.io/0iaahkrcv/tvs/43x75ka-medium.webp?updatedAt=1786520402860
6a7c23535c7cd75eb8406a11,tvs,55a80ja-medium (1).webp,55a80ja medium,,C06,TVs,HIGH,folder mapping: tvs -> TVs,https://ik.imagekit.io/0iaahkrcv/tvs/55a80ja-medium%20(1).webp?updatedAt=1786520403872
6a7c23535c7cd75eb8406b43,tvs,55a80ja-medium (2).webp,55a80ja medium,,C06,TVs,HIGH,folder mapping: tvs -> TVs,https://ik.imagekit.io/0iaahkrcv/tvs/55a80ja-medium%20(2).webp?updatedAt=1786520403832
6a7c23525c7cd75eb84068e3,tvs,55a80ja-medium.webp,55a80ja medium,,C06,TVs,HIGH,folder mapping: tvs -> TVs,https://ik.imagekit.io/0iaahkrcv/tvs/55a80ja-medium.webp?updatedAt=1786520403544
6a7c23535c7cd75eb8406b26,tvs,55x75ka-medium (1).webp,55x75ka medium,,C06,TVs,HIGH,folder mapping: tvs -> TVs,https://ik.imagekit.io/0iaahkrcv/tvs/55x75ka-medium%20(1).webp?updatedAt=1786520404033
6a7c23535c7cd75eb8406b4c,tvs,55x75ka-medium (2).webp,55x75ka medium,,C06,TVs,HIGH,folder mapping: tvs -> TVs,https://ik.imagekit.io/0iaahkrcv/tvs/55x75ka-medium%20(2).webp?updatedAt=1786520404006
6a7c23535c7cd75eb8406aed,tvs,55x75ka-medium.webp,55x75ka medium,,C06,TVs,HIGH,folder mapping: tvs -> TVs,https://ik.imagekit.io/0iaahkrcv/tvs/55x75ka-medium.webp?updatedAt=1786520403830
6a7c23535c7cd75eb8406aff,tvs,55x80ja-medium (1).webp,55x80ja medium,,C06,TVs,HIGH,folder mapping: tvs -> TVs,https://ik.imagekit.io/0iaahkrcv/tvs/55x80ja-medium%20(1).webp?updatedAt=1786520404186
6a7c23535c7cd75eb8406b52,tvs,55x80ja-medium (2).webp,55x80ja medium,,C06,TVs,HIGH,folder mapping: tvs -> TVs,https://ik.imagekit.io/0iaahkrcv/tvs/55x80ja-medium%20(2).webp?updatedAt=1786520403928
6a7c23535c7cd75eb8406af9,tvs,55x80ja-medium.webp,55x80ja medium,,C06,TVs,HIGH,folder mapping: tvs -> TVs,https://ik.imagekit.io/0iaahkrcv/tvs/55x80ja-medium.webp?updatedAt=1786520404191
6a7c23535c7cd75eb8406b6a,tvs,55x85ja-medium (1).webp,55x85ja medium,,C06,TVs,HIGH,folder mapping: tvs -> TVs,https://ik.imagekit.io/0iaahkrcv/tvs/55x85ja-medium%20(1).webp?updatedAt=1786520404069
6a7c23535c7cd75eb8406b58,tvs,55x85ja-medium (2).webp,55x85ja medium,,C06,TVs,HIGH,folder mapping: tvs -> TVs,https://ik.imagekit.io/0iaahkrcv/tvs/55x85ja-medium%20(2).webp?updatedAt=1786520403843
6a7c23535c7cd75eb8406b16,tvs,55x85ja-medium.webp,55x85ja medium,,C06,TVs,HIGH,folder mapping: tvs -> TVs,https://ik.imagekit.io/0iaahkrcv/tvs/55x85ja-medium.webp?updatedAt=1786520404195
6a7c23535c7cd75eb8406b47,tvs,55x90ja-medium (1).webp,55x90ja medium,,C06,TVs,HIGH,folder mapping: tvs -> TVs,https://ik.imagekit.io/0iaahkrcv/tvs/55x90ja-medium%20(1).webp?updatedAt=1786520403879
6a7c23535c7cd75eb8406b0d,tvs,55x90ja-medium (2).webp,55x90ja medium,,C06,TVs,HIGH,folder mapping: tvs -> TVs,https://ik.imagekit.io/0iaahkrcv/tvs/55x90ja-medium%20(2).webp?updatedAt=1786520403827
6a7c23535c7cd75eb8406b5e,tvs,55x90ja-medium.webp,55x90ja medium,,C06,TVs,HIGH,folder mapping: tvs -> TVs,https://ik.imagekit.io/0iaahkrcv/tvs/55x90ja-medium.webp?updatedAt=1786520403966
6a7c23535c7cd75eb8406b9f,tvs,65a80ja-medium (1).webp,65a80ja medium,,C06,TVs,HIGH,folder mapping: tvs -> TVs,https://ik.imagekit.io/0iaahkrcv/tvs/65a80ja-medium%20(1).webp?updatedAt=1786520403990
6a7c23535c7cd75eb8406bd5,tvs,65a80ja-medium (2).webp,65a80ja medium,,C06,TVs,HIGH,folder mapping: tvs -> TVs,https://ik.imagekit.io/0iaahkrcv/tvs/65a80ja-medium%20(2).webp?updatedAt=1786520404085
6a7c23535c7cd75eb8406b2e,tvs,65a80ja-medium.webp,65a80ja medium,,C06,TVs,HIGH,folder mapping: tvs -> TVs,https://ik.imagekit.io/0iaahkrcv/tvs/65a80ja-medium.webp?updatedAt=1786520403760
6a7c23535c7cd75eb8406c17,tvs,65x75ka-medium (1).webp,65x75ka medium,,C06,TVs,HIGH,folder mapping: tvs -> TVs,https://ik.imagekit.io/0iaahkrcv/tvs/65x75ka-medium%20(1).webp?updatedAt=1786520404092
6a7c23535c7cd75eb8406bcd,tvs,65x75ka-medium (2).webp,65x75ka medium,,C06,TVs,HIGH,folder mapping: tvs -> TVs,https://ik.imagekit.io/0iaahkrcv/tvs/65x75ka-medium%20(2).webp?updatedAt=1786520404129
6a7c23535c7cd75eb8406ba6,tvs,65x75ka-medium.webp,65x75ka medium,,C06,TVs,HIGH,folder mapping: tvs -> TVs,https://ik.imagekit.io/0iaahkrcv/tvs/65x75ka-medium.webp?updatedAt=1786520404202
6a7c23535c7cd75eb8406c26,tvs,65x80ja-medium (1).webp,65x80ja medium,,C06,TVs,HIGH,folder mapping: tvs -> TVs,https://ik.imagekit.io/0iaahkrcv/tvs/65x80ja-medium%20(1).webp?updatedAt=1786520404142
6a7c23535c7cd75eb8406c36,tvs,65x80ja-medium (2).webp,65x80ja medium,,C06,TVs,HIGH,folder mapping: tvs -> TVs,https://ik.imagekit.io/0iaahkrcv/tvs/65x80ja-medium%20(2).webp?updatedAt=1786520403957
6a7c23535c7cd75eb8406c1d,tvs,65x80ja-medium.webp,65x80ja medium,,C06,TVs,HIGH,folder mapping: tvs -> TVs,https://ik.imagekit.io/0iaahkrcv/tvs/65x80ja-medium.webp?updatedAt=1786520404171
6a7c23535c7cd75eb8406bba,tvs,65x85ja-medium (1).webp,65x85ja medium,,C06,TVs,HIGH,folder mapping: tvs -> TVs,https://ik.imagekit.io/0iaahkrcv/tvs/65x85ja-medium%20(1).webp?updatedAt=1786520404009
6a7c23535c7cd75eb8406c22,tvs,65x85ja-medium (2).webp,65x85ja medium,,C06,TVs,HIGH,folder mapping: tvs -> TVs,https://ik.imagekit.io/0iaahkrcv/tvs/65x85ja-medium%20(2).webp?updatedAt=1786520404008
6a7c23535c7cd75eb8406b5b,tvs,65x85ja-medium.webp,65x85ja medium,,C06,TVs,HIGH,folder mapping: tvs -> TVs,https://ik.imagekit.io/0iaahkrcv/tvs/65x85ja-medium.webp?updatedAt=1786520403839
6a7c23535c7cd75eb8406c30,tvs,65x90ja-medium (1).webp,65x90ja medium,,C06,TVs,HIGH,folder mapping: tvs -> TVs,https://ik.imagekit.io/0iaahkrcv/tvs/65x90ja-medium%20(1).webp?updatedAt=1786520404176
6a7c23535c7cd75eb8406c06,tvs,65x90ja-medium (2).webp,65x90ja medium,,C06,TVs,HIGH,folder mapping: tvs -> TVs,https://ik.imagekit.io/0iaahkrcv/tvs/65x90ja-medium%20(2).webp?updatedAt=1786520404126
6a7c23535c7cd75eb8406caf,tvs,65x90ja-medium.webp,65x90ja medium,,C06,TVs,HIGH,folder mapping: tvs -> TVs,https://ik.imagekit.io/0iaahkrcv/tvs/65x90ja-medium.webp?updatedAt=1786520404246
6a7c23535c7cd75eb8406bed,tvs,75x80ja-medium (1).webp,75x80ja medium,,C06,TVs,HIGH,folder mapping: tvs -> TVs,https://ik.imagekit.io/0iaahkrcv/tvs/75x80ja-medium%20(1).webp?updatedAt=1786520404125
6a7c23535c7cd75eb8406c3a,tvs,75x80ja-medium (2).webp,75x80ja medium,,C06,TVs,HIGH,folder mapping: tvs -> TVs,https://ik.imagekit.io/0iaahkrcv/tvs/75x80ja-medium%20(2).webp?updatedAt=1786520404088
6a7c23535c7cd75eb8406d44,tvs,75x80ja-medium.webp,75x80ja medium,,C06,TVs,HIGH,folder mapping: tvs -> TVs,https://ik.imagekit.io/0iaahkrcv/tvs/75x80ja-medium.webp?updatedAt=1786520404194
6a7c23535c7cd75eb8406bfe,tvs,75x85ja-medium (1).webp,75x85ja medium,,C06,TVs,HIGH,folder mapping: tvs -> TVs,https://ik.imagekit.io/0iaahkrcv/tvs/75x85ja-medium%20(1).webp?updatedAt=1786520403984
6a7c23535c7cd75eb8406c1b,tvs,75x85ja-medium (2).webp,75x85ja medium,,C06,TVs,HIGH,folder mapping: tvs -> TVs,https://ik.imagekit.io/0iaahkrcv/tvs/75x85ja-medium%20(2).webp?updatedAt=1786520403971
6a7c23535c7cd75eb8406c40,tvs,75x85ja-medium.webp,75x85ja medium,,C06,TVs,HIGH,folder mapping: tvs -> TVs,https://ik.imagekit.io/0iaahkrcv/tvs/75x85ja-medium.webp?updatedAt=1786520404134
6a7c23535c7cd75eb8406c14,tvs,75x90ja-medium (1).webp,75x90ja medium,,C06,TVs,HIGH,folder mapping: tvs -> TVs,https://ik.imagekit.io/0iaahkrcv/tvs/75x90ja-medium%20(1).webp?updatedAt=1786520403867
6a7c23535c7cd75eb8406cde,tvs,75x90ja-medium (2).webp,75x90ja medium,,C06,TVs,HIGH,folder mapping: tvs -> TVs,https://ik.imagekit.io/0iaahkrcv/tvs/75x90ja-medium%20(2).webp?updatedAt=1786520404049
6a7c23535c7cd75eb8406c43,tvs,75x90ja-medium.webp,75x90ja medium,,C06,TVs,HIGH,folder mapping: tvs -> TVs,https://ik.imagekit.io/0iaahkrcv/tvs/75x90ja-medium.webp?updatedAt=1786520404230
6a7c23535c7cd75eb8406c13,tvs,app-logo-desktop (1).svg,app logo desktop,,C06,TVs,HIGH,folder mapping: tvs -> TVs,https://ik.imagekit.io/0iaahkrcv/tvs/app-logo-desktop%20(1).svg?updatedAt=1786520403995
6a7c23535c7cd75eb8406c81,tvs,app-logo-desktop (2).svg,app logo desktop,,C06,TVs,HIGH,folder mapping: tvs -> TVs,https://ik.imagekit.io/0iaahkrcv/tvs/app-logo-desktop%20(2).svg?updatedAt=1786520404102
6a7c23535c7cd75eb8406cf4,tvs,app-logo-desktop (3).svg,app logo desktop,,C06,TVs,HIGH,folder mapping: tvs -> TVs,https://ik.imagekit.io/0iaahkrcv/tvs/app-logo-desktop%20(3).svg?updatedAt=1786520404164
6a7c23535c7cd75eb8406c5f,tvs,app-logo-desktop (4).svg,app logo desktop,,C06,TVs,HIGH,folder mapping: tvs -> TVs,https://ik.imagekit.io/0iaahkrcv/tvs/app-logo-desktop%20(4).svg?updatedAt=1786520404153
6a7c23535c7cd75eb8406c5d,tvs,app-logo-desktop.svg,app logo desktop,,C06,TVs,HIGH,folder mapping: tvs -> TVs,https://ik.imagekit.io/0iaahkrcv/tvs/app-logo-desktop.svg?updatedAt=1786520403980
6a7c23535c7cd75eb8406cfa,tvs,chevron-down.8ee3574 (1).svg,chevron down.8ee3574,,C06,TVs,HIGH,folder mapping: tvs -> TVs,https://ik.imagekit.io/0iaahkrcv/tvs/chevron-down.8ee3574%20(1).svg?updatedAt=1786520404016
6a7c23535c7cd75eb8406c71,tvs,chevron-down.8ee3574 (2).svg,chevron down.8ee3574,,C06,TVs,HIGH,folder mapping: tvs -> TVs,https://ik.imagekit.io/0iaahkrcv/tvs/chevron-down.8ee3574%20(2).svg?updatedAt=1786520404099
6a7c23535c7cd75eb8406d06,tvs,chevron-down.8ee3574 (3).svg,chevron down.8ee3574,,C06,TVs,HIGH,folder mapping: tvs -> TVs,https://ik.imagekit.io/0iaahkrcv/tvs/chevron-down.8ee3574%20(3).svg?updatedAt=1786520404069
6a7c23535c7cd75eb8406cea,tvs,chevron-down.8ee3574 (4).svg,chevron down.8ee3574,,C06,TVs,HIGH,folder mapping: tvs -> TVs,https://ik.imagekit.io/0iaahkrcv/tvs/chevron-down.8ee3574%20(4).svg?updatedAt=1786520404010
6a7c23535c7cd75eb8406cf9,tvs,chevron-down.8ee3574.svg,chevron down.8ee3574,,C06,TVs,HIGH,folder mapping: tvs -> TVs,https://ik.imagekit.io/0iaahkrcv/tvs/chevron-down.8ee3574.svg?updatedAt=1786520404144
6a7c23535c7cd75eb8406c46,tvs,download (1).svg,download,,C06,TVs,HIGH,folder mapping: tvs -> TVs,https://ik.imagekit.io/0iaahkrcv/tvs/download%20(1).svg?updatedAt=1786520403938
6a7c23535c7cd75eb8406d1c,tvs,download (10).svg,download,,C06,TVs,HIGH,folder mapping: tvs -> TVs,https://ik.imagekit.io/0iaahkrcv/tvs/download%20(10).svg?updatedAt=1786520404088
6a7c23535c7cd75eb8406c7e,tvs,download (11).svg,download,,C06,TVs,HIGH,folder mapping: tvs -> TVs,https://ik.imagekit.io/0iaahkrcv/tvs/download%20(11).svg?updatedAt=1786520404140
6a7c23535c7cd75eb8406c6d,tvs,download (12).svg,download,,C06,TVs,HIGH,folder mapping: tvs -> TVs,https://ik.imagekit.io/0iaahkrcv/tvs/download%20(12).svg?updatedAt=1786520404015
6a7c23535c7cd75eb8406c86,tvs,download (13).svg,download,,C06,TVs,HIGH,folder mapping: tvs -> TVs,https://ik.imagekit.io/0iaahkrcv/tvs/download%20(13).svg?updatedAt=1786520404238
6a7c23535c7cd75eb8406c9d,tvs,download (14).svg,download,,C06,TVs,HIGH,folder mapping: tvs -> TVs,https://ik.imagekit.io/0iaahkrcv/tvs/download%20(14).svg?updatedAt=1786520404151
6a7c23535c7cd75eb8406c53,tvs,download (15).svg,download,,C06,TVs,HIGH,folder mapping: tvs -> TVs,https://ik.imagekit.io/0iaahkrcv/tvs/download%20(15).svg?updatedAt=1786520404096
6a7c23535c7cd75eb8406d26,tvs,download (16).svg,download,,C06,TVs,HIGH,folder mapping: tvs -> TVs,https://ik.imagekit.io/0iaahkrcv/tvs/download%20(16).svg?updatedAt=1786520404167
6a7c23535c7cd75eb8406cfd,tvs,download (17).svg,download,,C06,TVs,HIGH,folder mapping: tvs -> TVs,https://ik.imagekit.io/0iaahkrcv/tvs/download%20(17).svg?updatedAt=1786520404110
6a7c23535c7cd75eb8406d52,tvs,download (18).svg,download,,C06,TVs,HIGH,folder mapping: tvs -> TVs,https://ik.imagekit.io/0iaahkrcv/tvs/download%20(18).svg?updatedAt=1786520404078
6a7c23535c7cd75eb8406c95,tvs,download (19).svg,download,,C06,TVs,HIGH,folder mapping: tvs -> TVs,https://ik.imagekit.io/0iaahkrcv/tvs/download%20(19).svg?updatedAt=1786520404024
6a7c23535c7cd75eb8406c77,tvs,download (2).svg,download,,C06,TVs,HIGH,folder mapping: tvs -> TVs,https://ik.imagekit.io/0iaahkrcv/tvs/download%20(2).svg?updatedAt=1786520404130
6a7c23535c7cd75eb8406d11,tvs,download (20).svg,download,,C06,TVs,HIGH,folder mapping: tvs -> TVs,https://ik.imagekit.io/0iaahkrcv/tvs/download%20(20).svg?updatedAt=1786520404031
6a7c23535c7cd75eb8406d25,tvs,download (21).svg,download,,C06,TVs,HIGH,folder mapping: tvs -> TVs,https://ik.imagekit.io/0iaahkrcv/tvs/download%20(21).svg?updatedAt=1786520404041
6a7c23535c7cd75eb8406d45,tvs,download (22).svg,download,,C06,TVs,HIGH,folder mapping: tvs -> TVs,https://ik.imagekit.io/0iaahkrcv/tvs/download%20(22).svg?updatedAt=1786520404167
6a7c23535c7cd75eb8406c49,tvs,download (23).svg,download,,C06,TVs,HIGH,folder mapping: tvs -> TVs,https://ik.imagekit.io/0iaahkrcv/tvs/download%20(23).svg?updatedAt=1786520403943
6a7c23535c7cd75eb8406d32,tvs,download (24).svg,download,,C06,TVs,HIGH,folder mapping: tvs -> TVs,https://ik.imagekit.io/0iaahkrcv/tvs/download%20(24).svg?updatedAt=1786520404083
6a7c23535c7cd75eb8406c90,tvs,download (25).svg,download,,C06,TVs,HIGH,folder mapping: tvs -> TVs,https://ik.imagekit.io/0iaahkrcv/tvs/download%20(25).svg?updatedAt=1786520404243
6a7c23535c7cd75eb8406d38,tvs,download (26).svg,download,,C06,TVs,HIGH,folder mapping: tvs -> TVs,https://ik.imagekit.io/0iaahkrcv/tvs/download%20(26).svg?updatedAt=1786520404201
6a7c23535c7cd75eb8406ce5,tvs,download (27).svg,download,,C06,TVs,HIGH,folder mapping: tvs -> TVs,https://ik.imagekit.io/0iaahkrcv/tvs/download%20(27).svg?updatedAt=1786520404260
6a7c23535c7cd75eb8406d30,tvs,download (28).svg,download,,C06,TVs,HIGH,folder mapping: tvs -> TVs,https://ik.imagekit.io/0iaahkrcv/tvs/download%20(28).svg?updatedAt=1786520404080
6a7c23535c7cd75eb8406c8b,tvs,download (29).svg,download,,C06,TVs,HIGH,folder mapping: tvs -> TVs,https://ik.imagekit.io/0iaahkrcv/tvs/download%20(29).svg?updatedAt=1786520403996
6a7c23535c7cd75eb8406d33,tvs,download (3).svg,download,,C06,TVs,HIGH,folder mapping: tvs -> TVs,https://ik.imagekit.io/0iaahkrcv/tvs/download%20(3).svg?updatedAt=1786520404276
6a7c23535c7cd75eb8406cab,tvs,download (30).svg,download,,C06,TVs,HIGH,folder mapping: tvs -> TVs,https://ik.imagekit.io/0iaahkrcv/tvs/download%20(30).svg?updatedAt=1786520404146
6a7c23545c7cd75eb840731c,tvs,download (31).svg,download,,C06,TVs,HIGH,folder mapping: tvs -> TVs,https://ik.imagekit.io/0iaahkrcv/tvs/download%20(31).svg?updatedAt=1786520404681
6a7c23535c7cd75eb8406d1d,tvs,download (32).svg,download,,C06,TVs,HIGH,folder mapping: tvs -> TVs,https://ik.imagekit.io/0iaahkrcv/tvs/download%20(32).svg?updatedAt=1786520404114
6a7c23535c7cd75eb8406c94,tvs,download (33).svg,download,,C06,TVs,HIGH,folder mapping: tvs -> TVs,https://ik.imagekit.io/0iaahkrcv/tvs/download%20(33).svg?updatedAt=1786520404005
6a7c23535c7cd75eb8406d07,tvs,download (34).svg,download,,C06,TVs,HIGH,folder mapping: tvs -> TVs,https://ik.imagekit.io/0iaahkrcv/tvs/download%20(34).svg?updatedAt=1786520404148
6a7c23535c7cd75eb8406c7b,tvs,download (35).svg,download,,C06,TVs,HIGH,folder mapping: tvs -> TVs,https://ik.imagekit.io/0iaahkrcv/tvs/download%20(35).svg?updatedAt=1786520403981
6a7c23535c7cd75eb8406d6e,tvs,download (36).svg,download,,C06,TVs,HIGH,folder mapping: tvs -> TVs,https://ik.imagekit.io/0iaahkrcv/tvs/download%20(36).svg?updatedAt=1786520404114
6a7c23535c7cd75eb8406cdc,tvs,download (37).svg,download,,C06,TVs,HIGH,folder mapping: tvs -> TVs,https://ik.imagekit.io/0iaahkrcv/tvs/download%20(37).svg?updatedAt=1786520404257
6a7c23535c7cd75eb8406c89,tvs,download (38).svg,download,,C06,TVs,HIGH,folder mapping: tvs -> TVs,https://ik.imagekit.io/0iaahkrcv/tvs/download%20(38).svg?updatedAt=1786520404166
6a7c23535c7cd75eb8406c9a,tvs,download (39).svg,download,,C06,TVs,HIGH,folder mapping: tvs -> TVs,https://ik.imagekit.io/0iaahkrcv/tvs/download%20(39).svg?updatedAt=1786520404029
6a7c23535c7cd75eb8406d4a,tvs,download (4).svg,download,,C06,TVs,HIGH,folder mapping: tvs -> TVs,https://ik.imagekit.io/0iaahkrcv/tvs/download%20(4).svg?updatedAt=1786520404244
6a7c23535c7cd75eb8406ca2,tvs,download (40).svg,download,,C06,TVs,HIGH,folder mapping: tvs -> TVs,https://ik.imagekit.io/0iaahkrcv/tvs/download%20(40).svg?updatedAt=1786520404180
6a7c23535c7cd75eb8406d66,tvs,download (41).svg,download,,C06,TVs,HIGH,folder mapping: tvs -> TVs,https://ik.imagekit.io/0iaahkrcv/tvs/download%20(41).svg?updatedAt=1786520404200
6a7c23535c7cd75eb8406d95,tvs,download (42).svg,download,,C06,TVs,HIGH,folder mapping: tvs -> TVs,https://ik.imagekit.io/0iaahkrcv/tvs/download%20(42).svg?updatedAt=1786520404170
6a7c23535c7cd75eb8406d3f,tvs,download (43).svg,download,,C06,TVs,HIGH,folder mapping: tvs -> TVs,https://ik.imagekit.io/0iaahkrcv/tvs/download%20(43).svg?updatedAt=1786520404310
6a7c23535c7cd75eb8406cb3,tvs,download (44).svg,download,,C06,TVs,HIGH,folder mapping: tvs -> TVs,https://ik.imagekit.io/0iaahkrcv/tvs/download%20(44).svg?updatedAt=1786520404155
6a7c23545c7cd75eb8407314,tvs,download (45).svg,download,,C06,TVs,HIGH,folder mapping: tvs -> TVs,https://ik.imagekit.io/0iaahkrcv/tvs/download%20(45).svg?updatedAt=1786520404694
6a7c23535c7cd75eb8406d9b,tvs,download (46).svg,download,,C06,TVs,HIGH,folder mapping: tvs -> TVs,https://ik.imagekit.io/0iaahkrcv/tvs/download%20(46).svg?updatedAt=1786520404229
6a7c23535c7cd75eb8406dbe,tvs,download (47).svg,download,,C06,TVs,HIGH,folder mapping: tvs -> TVs,https://ik.imagekit.io/0iaahkrcv/tvs/download%20(47).svg?updatedAt=1786520404300
6a7c23535c7cd75eb8406d14,tvs,download (48).svg,download,,C06,TVs,HIGH,folder mapping: tvs -> TVs,https://ik.imagekit.io/0iaahkrcv/tvs/download%20(48).svg?updatedAt=1786520404068
6a7c23535c7cd75eb8406d79,tvs,download (49).svg,download,,C06,TVs,HIGH,folder mapping: tvs -> TVs,https://ik.imagekit.io/0iaahkrcv/tvs/download%20(49).svg?updatedAt=1786520404072
6a7c23535c7cd75eb8406d00,tvs,download (5).svg,download,,C06,TVs,HIGH,folder mapping: tvs -> TVs,https://ik.imagekit.io/0iaahkrcv/tvs/download%20(5).svg?updatedAt=1786520404107
6a7c23535c7cd75eb8406dc9,tvs,download (50).svg,download,,C06,TVs,HIGH,folder mapping: tvs -> TVs,https://ik.imagekit.io/0iaahkrcv/tvs/download%20(50).svg?updatedAt=1786520404148
6a7c23535c7cd75eb8406d51,tvs,download (51).svg,download,,C06,TVs,HIGH,folder mapping: tvs -> TVs,https://ik.imagekit.io/0iaahkrcv/tvs/download%20(51).svg?updatedAt=1786520404220
6a7c23535c7cd75eb8406db5,tvs,download (52).svg,download,,C06,TVs,HIGH,folder mapping: tvs -> TVs,https://ik.imagekit.io/0iaahkrcv/tvs/download%20(52).svg?updatedAt=1786520404154
6a7c23545c7cd75eb8407829,tvs,download (53).svg,download,,C06,TVs,HIGH,folder mapping: tvs -> TVs,https://ik.imagekit.io/0iaahkrcv/tvs/download%20(53).svg?updatedAt=1786520405265
6a7c23545c7cd75eb8407904,tvs,download (54).svg,download,,C06,TVs,HIGH,folder mapping: tvs -> TVs,https://ik.imagekit.io/0iaahkrcv/tvs/download%20(54).svg?updatedAt=1786520405380
6a7c23555c7cd75eb8407c37,tvs,download (55).svg,download,,C06,TVs,HIGH,folder mapping: tvs -> TVs,https://ik.imagekit.io/0iaahkrcv/tvs/download%20(55).svg?updatedAt=1786520405881
6a7c23655c7cd75eb840e876,tvs,download (56).svg,download,,C06,TVs,HIGH,folder mapping: tvs -> TVs,https://ik.imagekit.io/0iaahkrcv/tvs/download%20(56).svg?updatedAt=1786520422056
6a7c236d5c7cd75eb84130dd,tvs,download (57).svg,download,,C06,TVs,HIGH,folder mapping: tvs -> TVs,https://ik.imagekit.io/0iaahkrcv/tvs/download%20(57).svg?updatedAt=1786520429702
6a7c236d5c7cd75eb8413107,tvs,download (58).svg,download,,C06,TVs,HIGH,folder mapping: tvs -> TVs,https://ik.imagekit.io/0iaahkrcv/tvs/download%20(58).svg?updatedAt=1786520429704
6a7c236d5c7cd75eb8413080,tvs,download (59).svg,download,,C06,TVs,HIGH,folder mapping: tvs -> TVs,https://ik.imagekit.io/0iaahkrcv/tvs/download%20(59).svg?updatedAt=1786520429624
6a7c236d5c7cd75eb84130f3,tvs,download (6).svg,download,,C06,TVs,HIGH,folder mapping: tvs -> TVs,https://ik.imagekit.io/0iaahkrcv/tvs/download%20(6).svg?updatedAt=1786520429708
6a7c236d5c7cd75eb84130fa,tvs,download (60).svg,download,,C06,TVs,HIGH,folder mapping: tvs -> TVs,https://ik.imagekit.io/0iaahkrcv/tvs/download%20(60).svg?updatedAt=1786520429741
6a7c236d5c7cd75eb8413110,tvs,download (61).svg,download,,C06,TVs,HIGH,folder mapping: tvs -> TVs,https://ik.imagekit.io/0iaahkrcv/tvs/download%20(61).svg?updatedAt=1786520429742
6a7c236d5c7cd75eb84130f4,tvs,download (62).svg,download,,C06,TVs,HIGH,folder mapping: tvs -> TVs,https://ik.imagekit.io/0iaahkrcv/tvs/download%20(62).svg?updatedAt=1786520429698
6a7c236c5c7cd75eb8413070,tvs,download (63).svg,download,,C06,TVs,HIGH,folder mapping: tvs -> TVs,https://ik.imagekit.io/0iaahkrcv/tvs/download%20(63).svg?updatedAt=1786520429610
6a7c236d5c7cd75eb8413677,tvs,download (64).svg,download,,C06,TVs,HIGH,folder mapping: tvs -> TVs,https://ik.imagekit.io/0iaahkrcv/tvs/download%20(64).svg?updatedAt=1786520430089
6a7c236d5c7cd75eb84135f5,tvs,download (65).svg,download,,C06,TVs,HIGH,folder mapping: tvs -> TVs,https://ik.imagekit.io/0iaahkrcv/tvs/download%20(65).svg?updatedAt=1786520430205
6a7c236d5c7cd75eb84135e2,tvs,download (66).svg,download,,C06,TVs,HIGH,folder mapping: tvs -> TVs,https://ik.imagekit.io/0iaahkrcv/tvs/download%20(66).svg?updatedAt=1786520430146
6a7c236d5c7cd75eb84135ee,tvs,download (67).svg,download,,C06,TVs,HIGH,folder mapping: tvs -> TVs,https://ik.imagekit.io/0iaahkrcv/tvs/download%20(67).svg?updatedAt=1786520430174
6a7c236d5c7cd75eb84135da,tvs,download (68).svg,download,,C06,TVs,HIGH,folder mapping: tvs -> TVs,https://ik.imagekit.io/0iaahkrcv/tvs/download%20(68).svg?updatedAt=1786520430138
6a7c236d5c7cd75eb841359d,tvs,download (69).svg,download,,C06,TVs,HIGH,folder mapping: tvs -> TVs,https://ik.imagekit.io/0iaahkrcv/tvs/download%20(69).svg?updatedAt=1786520430029
6a7c236d5c7cd75eb84136d4,tvs,download (7).svg,download,,C06,TVs,HIGH,folder mapping: tvs -> TVs,https://ik.imagekit.io/0iaahkrcv/tvs/download%20(7).svg?updatedAt=1786520430285
6a7c236d5c7cd75eb84136ab,tvs,download (70).svg,download,,C06,TVs,HIGH,folder mapping: tvs -> TVs,https://ik.imagekit.io/0iaahkrcv/tvs/download%20(70).svg?updatedAt=1786520430146
6a7c236d5c7cd75eb84135a9,tvs,download (71).svg,download,,C06,TVs,HIGH,folder mapping: tvs -> TVs,https://ik.imagekit.io/0iaahkrcv/tvs/download%20(71).svg?updatedAt=1786520430048
6a7c236d5c7cd75eb841357d,tvs,download (72).svg,download,,C06,TVs,HIGH,folder mapping: tvs -> TVs,https://ik.imagekit.io/0iaahkrcv/tvs/download%20(72).svg?updatedAt=1786520429978
6a7c236d5c7cd75eb8413615,tvs,download (73).svg,download,,C06,TVs,HIGH,folder mapping: tvs -> TVs,https://ik.imagekit.io/0iaahkrcv/tvs/download%20(73).svg?updatedAt=1786520430015
6a7c236d5c7cd75eb8413630,tvs,download (74).svg,download,,C06,TVs,HIGH,folder mapping: tvs -> TVs,https://ik.imagekit.io/0iaahkrcv/tvs/download%20(74).svg?updatedAt=1786520430027
6a7c236d5c7cd75eb8413656,tvs,download (75).svg,download,,C06,TVs,HIGH,folder mapping: tvs -> TVs,https://ik.imagekit.io/0iaahkrcv/tvs/download%20(75).svg?updatedAt=1786520430064
6a7c236d5c7cd75eb8413623,tvs,download (76).svg,download,,C06,TVs,HIGH,folder mapping: tvs -> TVs,https://ik.imagekit.io/0iaahkrcv/tvs/download%20(76).svg?updatedAt=1786520430029
6a7c236d5c7cd75eb841364c,tvs,download (77).svg,download,,C06,TVs,HIGH,folder mapping: tvs -> TVs,https://ik.imagekit.io/0iaahkrcv/tvs/download%20(77).svg?updatedAt=1786520430084
6a7c236d5c7cd75eb841365c,tvs,download (78).svg,download,,C06,TVs,HIGH,folder mapping: tvs -> TVs,https://ik.imagekit.io/0iaahkrcv/tvs/download%20(78).svg?updatedAt=1786520430097
6a7c236d5c7cd75eb84138b8,tvs,download (79).svg,download,,C06,TVs,HIGH,folder mapping: tvs -> TVs,https://ik.imagekit.io/0iaahkrcv/tvs/download%20(79).svg?updatedAt=1786520430372
6a7c236d5c7cd75eb841377a,tvs,download (8).svg,download,,C06,TVs,HIGH,folder mapping: tvs -> TVs,https://ik.imagekit.io/0iaahkrcv/tvs/download%20(8).svg?updatedAt=1786520430185
6a7c236d5c7cd75eb8413745,tvs,download (80).svg,download,,C06,TVs,HIGH,folder mapping: tvs -> TVs,https://ik.imagekit.io/0iaahkrcv/tvs/download%20(80).svg?updatedAt=1786520430172
6a7c236d5c7cd75eb8413a04,tvs,download (81).svg,download,,C06,TVs,HIGH,folder mapping: tvs -> TVs,https://ik.imagekit.io/0iaahkrcv/tvs/download%20(81).svg?updatedAt=1786520430427
6a7c236d5c7cd75eb8413742,tvs,download (82).svg,download,,C06,TVs,HIGH,folder mapping: tvs -> TVs,https://ik.imagekit.io/0iaahkrcv/tvs/download%20(82).svg?updatedAt=1786520430114
6a7c236d5c7cd75eb8413740,tvs,download (83).svg,download,,C06,TVs,HIGH,folder mapping: tvs -> TVs,https://ik.imagekit.io/0iaahkrcv/tvs/download%20(83).svg?updatedAt=1786520430093
6a7c236d5c7cd75eb841388d,tvs,download (84).svg,download,,C06,TVs,HIGH,folder mapping: tvs -> TVs,https://ik.imagekit.io/0iaahkrcv/tvs/download%20(84).svg?updatedAt=1786520430238
6a7c236d5c7cd75eb84137eb,tvs,download (9).svg,download,,C06,TVs,HIGH,folder mapping: tvs -> TVs,https://ik.imagekit.io/0iaahkrcv/tvs/download%20(9).svg?updatedAt=1786520430171
6a7c236d5c7cd75eb8413751,tvs,download.svg,download,,C06,TVs,HIGH,folder mapping: tvs -> TVs,https://ik.imagekit.io/0iaahkrcv/tvs/download.svg?updatedAt=1786520430155
6a7c236e5c7cd75eb8414116,tvs,infinix-logo-original (1).webp,infinix logo original,Infinix,C06,TVs,LOW,folder mapping: tvs -> TVs | CONFLICT: folder maps to TVs but brand Infinix belongs to Smartphones,https://ik.imagekit.io/0iaahkrcv/tvs/infinix-logo-original%20(1).webp?updatedAt=1786520430942
6a7c236e5c7cd75eb84140a2,tvs,infinix-logo-original (10).webp,infinix logo original,Infinix,C06,TVs,LOW,folder mapping: tvs -> TVs | CONFLICT: folder maps to TVs but brand Infinix belongs to Smartphones,https://ik.imagekit.io/0iaahkrcv/tvs/infinix-logo-original%20(10).webp?updatedAt=1786520430765
6a7c236e5c7cd75eb8414121,tvs,infinix-logo-original (11).webp,infinix logo original,Infinix,C06,TVs,LOW,folder mapping: tvs -> TVs | CONFLICT: folder maps to TVs but brand Infinix belongs to Smartphones,https://ik.imagekit.io/0iaahkrcv/tvs/infinix-logo-original%20(11).webp?updatedAt=1786520430801
6a7c236e5c7cd75eb8414132,tvs,infinix-logo-original (12).webp,infinix logo original,Infinix,C06,TVs,LOW,folder mapping: tvs -> TVs | CONFLICT: folder maps to TVs but brand Infinix belongs to Smartphones,https://ik.imagekit.io/0iaahkrcv/tvs/infinix-logo-original%20(12).webp?updatedAt=1786520430845
6a7c236e5c7cd75eb84140c2,tvs,infinix-logo-original (13).webp,infinix logo original,Infinix,C06,TVs,LOW,folder mapping: tvs -> TVs | CONFLICT: folder maps to TVs but brand Infinix belongs to Smartphones,https://ik.imagekit.io/0iaahkrcv/tvs/infinix-logo-original%20(13).webp?updatedAt=1786520430863
6a7c236e5c7cd75eb84141e1,tvs,infinix-logo-original (14).webp,infinix logo original,Infinix,C06,TVs,LOW,folder mapping: tvs -> TVs | CONFLICT: folder maps to TVs but brand Infinix belongs to Smartphones,https://ik.imagekit.io/0iaahkrcv/tvs/infinix-logo-original%20(14).webp?updatedAt=1786520430923
6a7c236e5c7cd75eb841419f,tvs,infinix-logo-original (2).webp,infinix logo original,Infinix,C06,TVs,LOW,folder mapping: tvs -> TVs | CONFLICT: folder maps to TVs but brand Infinix belongs to Smartphones,https://ik.imagekit.io/0iaahkrcv/tvs/infinix-logo-original%20(2).webp?updatedAt=1786520430954
6a7c236e5c7cd75eb8414160,tvs,infinix-logo-original (3).webp,infinix logo original,Infinix,C06,TVs,LOW,folder mapping: tvs -> TVs | CONFLICT: folder maps to TVs but brand Infinix belongs to Smartphones,https://ik.imagekit.io/0iaahkrcv/tvs/infinix-logo-original%20(3).webp?updatedAt=1786520430952
6a7c236e5c7cd75eb8414349,tvs,infinix-logo-original (4).webp,infinix logo original,Infinix,C06,TVs,LOW,folder mapping: tvs -> TVs | CONFLICT: folder maps to TVs but brand Infinix belongs to Smartphones,https://ik.imagekit.io/0iaahkrcv/tvs/infinix-logo-original%20(4).webp?updatedAt=1786520431113
6a7c236e5c7cd75eb84142bb,tvs,infinix-logo-original (5).webp,infinix logo original,Infinix,C06,TVs,LOW,folder mapping: tvs -> TVs | CONFLICT: folder maps to TVs but brand Infinix belongs to Smartphones,https://ik.imagekit.io/0iaahkrcv/tvs/infinix-logo-original%20(5).webp?updatedAt=1786520431045
6a7c236e5c7cd75eb8414246,tvs,infinix-logo-original (6).webp,infinix logo original,Infinix,C06,TVs,LOW,folder mapping: tvs -> TVs | CONFLICT: folder maps to TVs but brand Infinix belongs to Smartphones,https://ik.imagekit.io/0iaahkrcv/tvs/infinix-logo-original%20(6).webp?updatedAt=1786520431051
6a7c236e5c7cd75eb84141c4,tvs,infinix-logo-original (7).webp,infinix logo original,Infinix,C06,TVs,LOW,folder mapping: tvs -> TVs | CONFLICT: folder maps to TVs but brand Infinix belongs to Smartphones,https://ik.imagekit.io/0iaahkrcv/tvs/infinix-logo-original%20(7).webp?updatedAt=1786520430879
6a7c236e5c7cd75eb8414298,tvs,infinix-logo-original (8).webp,infinix logo original,Infinix,C06,TVs,LOW,folder mapping: tvs -> TVs | CONFLICT: folder maps to TVs but brand Infinix belongs to Smartphones,https://ik.imagekit.io/0iaahkrcv/tvs/infinix-logo-original%20(8).webp?updatedAt=1786520431030
6a7c236e5c7cd75eb8414213,tvs,infinix-logo-original (9).webp,infinix logo original,Infinix,C06,TVs,LOW,folder mapping: tvs -> TVs | CONFLICT: folder maps to TVs but brand Infinix belongs to Smartphones,https://ik.imagekit.io/0iaahkrcv/tvs/infinix-logo-original%20(9).webp?updatedAt=1786520430918
6a7c236e5c7cd75eb8414317,tvs,infinix-logo-original.webp,infinix logo original,Infinix,C06,TVs,LOW,folder mapping: tvs -> TVs | CONFLICT: folder maps to TVs but brand Infinix belongs to Smartphones,https://ik.imagekit.io/0iaahkrcv/tvs/infinix-logo-original.webp?updatedAt=1786520431165
6a7c236e5c7cd75eb84141d3,tvs,infinix-tv-s1-43-inch-full-hd-smart-UOZipv6v5C-medium (1).webp,infinix tv s1 43 inch full hd smart UOZipv6v5C medium,Infinix,C06,TVs,MEDIUM,folder mapping: tvs -> TVs | CONFLICT: folder maps to TVs but brand Infinix belongs to Smartphones | filename keyword: TV,https://ik.imagekit.io/0iaahkrcv/tvs/infinix-tv-s1-43-inch-full-hd-smart-UOZipv6v5C-medium%20(1).webp?updatedAt=1786520430919
6a7c236e5c7cd75eb84141f2,tvs,infinix-tv-s1-43-inch-full-hd-smart-UOZipv6v5C-medium (2).webp,infinix tv s1 43 inch full hd smart UOZipv6v5C medium,Infinix,C06,TVs,MEDIUM,folder mapping: tvs -> TVs | CONFLICT: folder maps to TVs but brand Infinix belongs to Smartphones | filename keyword: TV,https://ik.imagekit.io/0iaahkrcv/tvs/infinix-tv-s1-43-inch-full-hd-smart-UOZipv6v5C-medium%20(2).webp?updatedAt=1786520430978
6a7c236e5c7cd75eb8414286,tvs,infinix-tv-s1-43-inch-full-hd-smart-UOZipv6v5C-medium.webp,infinix tv s1 43 inch full hd smart UOZipv6v5C medium,Infinix,C06,TVs,MEDIUM,folder mapping: tvs -> TVs | CONFLICT: folder maps to TVs but brand Infinix belongs to Smartphones | filename keyword: TV,https://ik.imagekit.io/0iaahkrcv/tvs/infinix-tv-s1-43-inch-full-hd-smart-UOZipv6v5C-medium.webp?updatedAt=1786520431059
6a7c236e5c7cd75eb8414342,tvs,infinix-tv-s1-55-inch-4k-smart-UoUt3mfYKL-medium (1).webp,infinix tv s1 55 inch 4k smart UoUt3mfYKL medium,Infinix,C06,TVs,MEDIUM,folder mapping: tvs -> TVs | CONFLICT: folder maps to TVs but brand Infinix belongs to Smartphones | filename keyword: TV,https://ik.imagekit.io/0iaahkrcv/tvs/infinix-tv-s1-55-inch-4k-smart-UoUt3mfYKL-medium%20(1).webp?updatedAt=1786520431101
6a7c236e5c7cd75eb841431c,tvs,infinix-tv-s1-55-inch-4k-smart-UoUt3mfYKL-medium (2).webp,infinix tv s1 55 inch 4k smart UoUt3mfYKL medium,Infinix,C06,TVs,MEDIUM,folder mapping: tvs -> TVs | CONFLICT: folder maps to TVs but brand Infinix belongs to Smartphones | filename keyword: TV,https://ik.imagekit.io/0iaahkrcv/tvs/infinix-tv-s1-55-inch-4k-smart-UoUt3mfYKL-medium%20(2).webp?updatedAt=1786520431099
6a7c236e5c7cd75eb8414294,tvs,infinix-tv-s1-55-inch-4k-smart-UoUt3mfYKL-medium.webp,infinix tv s1 55 inch 4k smart UoUt3mfYKL medium,Infinix,C06,TVs,MEDIUM,folder mapping: tvs -> TVs | CONFLICT: folder maps to TVs but brand Infinix belongs to Smartphones | filename keyword: TV,https://ik.imagekit.io/0iaahkrcv/tvs/infinix-tv-s1-55-inch-4k-smart-UoUt3mfYKL-medium.webp?updatedAt=1786520430960
6a7c236e5c7cd75eb84142c7,tvs,infinix-tv-x1-32-inch-hd-smart-gIJOMDNnYV-medium (1).webp,infinix tv x1 32 inch hd smart gIJOMDNnYV medium,Infinix,C06,TVs,MEDIUM,folder mapping: tvs -> TVs | CONFLICT: folder maps to TVs but brand Infinix belongs to Smartphones | filename keyword: TV,https://ik.imagekit.io/0iaahkrcv/tvs/infinix-tv-x1-32-inch-hd-smart-gIJOMDNnYV-medium%20(1).webp?updatedAt=1786520431089
6a7c236e5c7cd75eb84142c3,tvs,infinix-tv-x1-32-inch-hd-smart-gIJOMDNnYV-medium (2).webp,infinix tv x1 32 inch hd smart gIJOMDNnYV medium,Infinix,C06,TVs,MEDIUM,folder mapping: tvs -> TVs | CONFLICT: folder maps to TVs but brand Infinix belongs to Smartphones | filename keyword: TV,https://ik.imagekit.io/0iaahkrcv/tvs/infinix-tv-x1-32-inch-hd-smart-gIJOMDNnYV-medium%20(2).webp?updatedAt=1786520431067
6a7c236e5c7cd75eb841425e,tvs,infinix-tv-x1-32-inch-hd-smart-gIJOMDNnYV-medium.webp,infinix tv x1 32 inch hd smart gIJOMDNnYV medium,Infinix,C06,TVs,MEDIUM,folder mapping: tvs -> TVs | CONFLICT: folder maps to TVs but brand Infinix belongs to Smartphones | filename keyword: TV,https://ik.imagekit.io/0iaahkrcv/tvs/infinix-tv-x1-32-inch-hd-smart-gIJOMDNnYV-medium.webp?updatedAt=1786520430910
6a7c236e5c7cd75eb8414263,tvs,infinix-tv-x1-43-inch-full-hd-smart-pPVoC9A8iU-medium (1).webp,infinix tv x1 43 inch full hd smart pPVoC9A8iU medium,Infinix,C06,TVs,MEDIUM,folder mapping: tvs -> TVs | CONFLICT: folder maps to TVs but brand Infinix belongs to Smartphones | filename keyword: TV,https://ik.imagekit.io/0iaahkrcv/tvs/infinix-tv-x1-43-inch-full-hd-smart-pPVoC9A8iU-medium%20(1).webp?updatedAt=1786520430994
6a7c236e5c7cd75eb8414346,tvs,infinix-tv-x1-43-inch-full-hd-smart-pPVoC9A8iU-medium (2).webp,infinix tv x1 43 inch full hd smart pPVoC9A8iU medium,Infinix,C06,TVs,MEDIUM,folder mapping: tvs -> TVs | CONFLICT: folder maps to TVs but brand Infinix belongs to Smartphones | filename keyword: TV,https://ik.imagekit.io/0iaahkrcv/tvs/infinix-tv-x1-43-inch-full-hd-smart-pPVoC9A8iU-medium%20(2).webp?updatedAt=1786520431134
6a7c236e5c7cd75eb8414306,tvs,infinix-tv-x1-43-inch-full-hd-smart-pPVoC9A8iU-medium.webp,infinix tv x1 43 inch full hd smart pPVoC9A8iU medium,Infinix,C06,TVs,MEDIUM,folder mapping: tvs -> TVs | CONFLICT: folder maps to TVs but brand Infinix belongs to Smartphones | filename keyword: TV,https://ik.imagekit.io/0iaahkrcv/tvs/infinix-tv-x1-43-inch-full-hd-smart-pPVoC9A8iU-medium.webp?updatedAt=1786520431005
6a7c236e5c7cd75eb8414334,tvs,itel-logo-original (1).webp,itel logo original,itel,C06,TVs,LOW,folder mapping: tvs -> TVs | CONFLICT: folder maps to TVs but brand itel belongs to Smartphones,https://ik.imagekit.io/0iaahkrcv/tvs/itel-logo-original%20(1).webp?updatedAt=1786520431028
6a7c23705c7cd75eb8415c57,tvs,itel-logo-original (10).webp,itel logo original,itel,C06,TVs,LOW,folder mapping: tvs -> TVs | CONFLICT: folder maps to TVs but brand itel belongs to Smartphones,https://ik.imagekit.io/0iaahkrcv/tvs/itel-logo-original%20(10).webp?updatedAt=1786520433188
6a7c23705c7cd75eb8415c59,tvs,itel-logo-original (11).webp,itel logo original,itel,C06,TVs,LOW,folder mapping: tvs -> TVs | CONFLICT: folder maps to TVs but brand itel belongs to Smartphones,https://ik.imagekit.io/0iaahkrcv/tvs/itel-logo-original%20(11).webp?updatedAt=1786520433158
6a7c23705c7cd75eb8415d1e,tvs,itel-logo-original (12).webp,itel logo original,itel,C06,TVs,LOW,folder mapping: tvs -> TVs | CONFLICT: folder maps to TVs but brand itel belongs to Smartphones,https://ik.imagekit.io/0iaahkrcv/tvs/itel-logo-original%20(12).webp?updatedAt=1786520433349
6a7c23705c7cd75eb8415c66,tvs,itel-logo-original (13).webp,itel logo original,itel,C06,TVs,LOW,folder mapping: tvs -> TVs | CONFLICT: folder maps to TVs but brand itel belongs to Smartphones,https://ik.imagekit.io/0iaahkrcv/tvs/itel-logo-original%20(13).webp?updatedAt=1786520433220
6a7c23705c7cd75eb8415c85,tvs,itel-logo-original (14).webp,itel logo original,itel,C06,TVs,LOW,folder mapping: tvs -> TVs | CONFLICT: folder maps to TVs but brand itel belongs to Smartphones,https://ik.imagekit.io/0iaahkrcv/tvs/itel-logo-original%20(14).webp?updatedAt=1786520433271
6a7c23755c7cd75eb8418bba,tvs,itel-logo-original (2).webp,itel logo original,itel,C06,TVs,LOW,folder mapping: tvs -> TVs | CONFLICT: folder maps to TVs but brand itel belongs to Smartphones,https://ik.imagekit.io/0iaahkrcv/tvs/itel-logo-original%20(2).webp?updatedAt=1786520438001
6a7c23755c7cd75eb8418b7e,tvs,itel-logo-original (3).webp,itel logo original,itel,C06,TVs,LOW,folder mapping: tvs -> TVs | CONFLICT: folder maps to TVs but brand itel belongs to Smartphones,https://ik.imagekit.io/0iaahkrcv/tvs/itel-logo-original%20(3).webp?updatedAt=1786520437913
6a7c23755c7cd75eb8418b91,tvs,itel-logo-original (4).webp,itel logo original,itel,C06,TVs,LOW,folder mapping: tvs -> TVs | CONFLICT: folder maps to TVs but brand itel belongs to Smartphones,https://ik.imagekit.io/0iaahkrcv/tvs/itel-logo-original%20(4).webp?updatedAt=1786520438042
6a7c23755c7cd75eb8418ae4,tvs,itel-logo-original (5).webp,itel logo original,itel,C06,TVs,LOW,folder mapping: tvs -> TVs | CONFLICT: folder maps to TVs but brand itel belongs to Smartphones,https://ik.imagekit.io/0iaahkrcv/tvs/itel-logo-original%20(5).webp?updatedAt=1786520437911
6a7c23755c7cd75eb8418b89,tvs,itel-logo-original (6).webp,itel logo original,itel,C06,TVs,LOW,folder mapping: tvs -> TVs | CONFLICT: folder maps to TVs but brand itel belongs to Smartphones,https://ik.imagekit.io/0iaahkrcv/tvs/itel-logo-original%20(6).webp?updatedAt=1786520438017
6a7c238c5c7cd75eb8421a97,tvs,itel-logo-original (7).webp,itel logo original,itel,C06,TVs,LOW,folder mapping: tvs -> TVs | CONFLICT: folder maps to TVs but brand itel belongs to Smartphones,https://ik.imagekit.io/0iaahkrcv/tvs/itel-logo-original%20(7).webp?updatedAt=1786520460677
6a7c238c5c7cd75eb8421bde,tvs,itel-logo-original (8).webp,itel logo original,itel,C06,TVs,LOW,folder mapping: tvs -> TVs | CONFLICT: folder maps to TVs but brand itel belongs to Smartphones,https://ik.imagekit.io/0iaahkrcv/tvs/itel-logo-original%20(8).webp?updatedAt=1786520460967
6a7c238c5c7cd75eb8421aa6,tvs,itel-logo-original (9).webp,itel logo original,itel,C06,TVs,LOW,folder mapping: tvs -> TVs | CONFLICT: folder maps to TVs but brand itel belongs to Smartphones,https://ik.imagekit.io/0iaahkrcv/tvs/itel-logo-original%20(9).webp?updatedAt=1786520460692
6a7c238c5c7cd75eb8421adc,tvs,itel-logo-original.webp,itel logo original,itel,C06,TVs,LOW,folder mapping: tvs -> TVs | CONFLICT: folder maps to TVs but brand itel belongs to Smartphones,https://ik.imagekit.io/0iaahkrcv/tvs/itel-logo-original.webp?updatedAt=1786520460740
6a7c238c5c7cd75eb8421b0b,tvs,itel-tv-a321-32-inch-hd-BHsrI4krGr-medium (1).webp,itel tv a321 32 inch hd BHsrI4krGr medium,itel,C06,TVs,MEDIUM,folder mapping: tvs -> TVs | CONFLICT: folder maps to TVs but brand itel belongs to Smartphones | filename keyword: TV,https://ik.imagekit.io/0iaahkrcv/tvs/itel-tv-a321-32-inch-hd-BHsrI4krGr-medium%20(1).webp?updatedAt=1786520460744
6a7c238c5c7cd75eb8421b6f,tvs,itel-tv-a321-32-inch-hd-BHsrI4krGr-medium (2).webp,itel tv a321 32 inch hd BHsrI4krGr medium,itel,C06,TVs,MEDIUM,folder mapping: tvs -> TVs | CONFLICT: folder maps to TVs but brand itel belongs to Smartphones | filename keyword: TV,https://ik.imagekit.io/0iaahkrcv/tvs/itel-tv-a321-32-inch-hd-BHsrI4krGr-medium%20(2).webp?updatedAt=1786520460760
6a7c238c5c7cd75eb8421bcf,tvs,itel-tv-a321-32-inch-hd-BHsrI4krGr-medium.webp,itel tv a321 32 inch hd BHsrI4krGr medium,itel,C06,TVs,MEDIUM,folder mapping: tvs -> TVs | CONFLICT: folder maps to TVs but brand itel belongs to Smartphones | filename keyword: TV,https://ik.imagekit.io/0iaahkrcv/tvs/itel-tv-a321-32-inch-hd-BHsrI4krGr-medium.webp?updatedAt=1786520460933
6a7c238c5c7cd75eb8421be2,tvs,itel-tv-a431-43-inch-full-hd-l4pb6hDDh9-medium (1).webp,itel tv a431 43 inch full hd l4pb6hDDh9 medium,itel,C06,TVs,MEDIUM,folder mapping: tvs -> TVs | CONFLICT: folder maps to TVs but brand itel belongs to Smartphones | filename keyword: TV,https://ik.imagekit.io/0iaahkrcv/tvs/itel-tv-a431-43-inch-full-hd-l4pb6hDDh9-medium%20(1).webp?updatedAt=1786520461009
6a7c238c5c7cd75eb8421bcb,tvs,itel-tv-a431-43-inch-full-hd-l4pb6hDDh9-medium (2).webp,itel tv a431 43 inch full hd l4pb6hDDh9 medium,itel,C06,TVs,MEDIUM,folder mapping: tvs -> TVs | CONFLICT: folder maps to TVs but brand itel belongs to Smartphones | filename keyword: TV,https://ik.imagekit.io/0iaahkrcv/tvs/itel-tv-a431-43-inch-full-hd-l4pb6hDDh9-medium%20(2).webp?updatedAt=1786520460906
6a7c238e5c7cd75eb84226da,tvs,itel-tv-a431-43-inch-full-hd-l4pb6hDDh9-medium.webp,itel tv a431 43 inch full hd l4pb6hDDh9 medium,itel,C06,TVs,MEDIUM,folder mapping: tvs -> TVs | CONFLICT: folder maps to TVs but brand itel belongs to Smartphones | filename keyword: TV,https://ik.imagekit.io/0iaahkrcv/tvs/itel-tv-a431-43-inch-full-hd-l4pb6hDDh9-medium.webp?updatedAt=1786520462954
6a7c238e5c7cd75eb8422669,tvs,itel-tv-i551-55-inch-4k-smart-Da0M5rPH71-medium (1).webp,itel tv i551 55 inch 4k smart Da0M5rPH71 medium,itel,C06,TVs,MEDIUM,folder mapping: tvs -> TVs | CONFLICT: folder maps to TVs but brand itel belongs to Smartphones | filename keyword: TV,https://ik.imagekit.io/0iaahkrcv/tvs/itel-tv-i551-55-inch-4k-smart-Da0M5rPH71-medium%20(1).webp?updatedAt=1786520462870
6a7c238e5c7cd75eb842277a,tvs,itel-tv-i551-55-inch-4k-smart-Da0M5rPH71-medium (2).webp,itel tv i551 55 inch 4k smart Da0M5rPH71 medium,itel,C06,TVs,MEDIUM,folder mapping: tvs -> TVs | CONFLICT: folder maps to TVs but brand itel belongs to Smartphones | filename keyword: TV,https://ik.imagekit.io/0iaahkrcv/tvs/itel-tv-i551-55-inch-4k-smart-Da0M5rPH71-medium%20(2).webp?updatedAt=1786520463077
6a7c238e5c7cd75eb84226a3,tvs,itel-tv-i551-55-inch-4k-smart-Da0M5rPH71-medium.webp,itel tv i551 55 inch 4k smart Da0M5rPH71 medium,itel,C06,TVs,MEDIUM,folder mapping: tvs -> TVs | CONFLICT: folder maps to TVs but brand itel belongs to Smartphones | filename keyword: TV,https://ik.imagekit.io/0iaahkrcv/tvs/itel-tv-i551-55-inch-4k-smart-Da0M5rPH71-medium.webp?updatedAt=1786520462932
6a7c238e5c7cd75eb842270c,tvs,itel-tv-l321-32-inch-hd-smart-GBpHy9D5fO-medium (1).webp,itel tv l321 32 inch hd smart GBpHy9D5fO medium,itel,C06,TVs,MEDIUM,folder mapping: tvs -> TVs | CONFLICT: folder maps to TVs but brand itel belongs to Smartphones | filename keyword: TV,https://ik.imagekit.io/0iaahkrcv/tvs/itel-tv-l321-32-inch-hd-smart-GBpHy9D5fO-medium%20(1).webp?updatedAt=1786520462995
6a7c238e5c7cd75eb842267b,tvs,itel-tv-l321-32-inch-hd-smart-GBpHy9D5fO-medium (2).webp,itel tv l321 32 inch hd smart GBpHy9D5fO medium,itel,C06,TVs,MEDIUM,folder mapping: tvs -> TVs | CONFLICT: folder maps to TVs but brand itel belongs to Smartphones | filename keyword: TV,https://ik.imagekit.io/0iaahkrcv/tvs/itel-tv-l321-32-inch-hd-smart-GBpHy9D5fO-medium%20(2).webp?updatedAt=1786520462932
6a7c238e5c7cd75eb8422689,tvs,itel-tv-l321-32-inch-hd-smart-GBpHy9D5fO-medium.webp,itel tv l321 32 inch hd smart GBpHy9D5fO medium,itel,C06,TVs,MEDIUM,folder mapping: tvs -> TVs | CONFLICT: folder maps to TVs but brand itel belongs to Smartphones | filename keyword: TV,https://ik.imagekit.io/0iaahkrcv/tvs/itel-tv-l321-32-inch-hd-smart-GBpHy9D5fO-medium.webp?updatedAt=1786520462928
6a7c238e5c7cd75eb8422739,tvs,itel-tv-l431-43-inch-4k-smart-QFPATn6epE-medium (1).webp,itel tv l431 43 inch 4k smart QFPATn6epE medium,itel,C06,TVs,MEDIUM,folder mapping: tvs -> TVs | CONFLICT: folder maps to TVs but brand itel belongs to Smartphones | filename keyword: TV,https://ik.imagekit.io/0iaahkrcv/tvs/itel-tv-l431-43-inch-4k-smart-QFPATn6epE-medium%20(1).webp?updatedAt=1786520463125
6a7c238e5c7cd75eb8422683,tvs,itel-tv-l431-43-inch-4k-smart-QFPATn6epE-medium (2).webp,itel tv l431 43 inch 4k smart QFPATn6epE medium,itel,C06,TVs,MEDIUM,folder mapping: tvs -> TVs | CONFLICT: folder maps to TVs but brand itel belongs to Smartphones | filename keyword: TV,https://ik.imagekit.io/0iaahkrcv/tvs/itel-tv-l431-43-inch-4k-smart-QFPATn6epE-medium%20(2).webp?updatedAt=1786520462933
6a7c238e5c7cd75eb8422674,tvs,itel-tv-l431-43-inch-4k-smart-QFPATn6epE-medium.webp,itel tv l431 43 inch 4k smart QFPATn6epE medium,itel,C06,TVs,MEDIUM,folder mapping: tvs -> TVs | CONFLICT: folder maps to TVs but brand itel belongs to Smartphones | filename keyword: TV,https://ik.imagekit.io/0iaahkrcv/tvs/itel-tv-l431-43-inch-4k-smart-QFPATn6epE-medium.webp?updatedAt=1786520462876
6a7c238e5c7cd75eb8422729,tvs,itel-tv-l431-43-inch-full-hd-smart-akAfHXrn0G-medium (1).webp,itel tv l431 43 inch full hd smart akAfHXrn0G medium,itel,C06,TVs,MEDIUM,folder mapping: tvs -> TVs | CONFLICT: folder maps to TVs but brand itel belongs to Smartphones | filename keyword: TV,https://ik.imagekit.io/0iaahkrcv/tvs/itel-tv-l431-43-inch-full-hd-smart-akAfHXrn0G-medium%20(1).webp?updatedAt=1786520463034
6a7c238e5c7cd75eb8422716,tvs,itel-tv-l431-43-inch-full-hd-smart-akAfHXrn0G-medium (2).webp,itel tv l431 43 inch full hd smart akAfHXrn0G medium,itel,C06,TVs,MEDIUM,folder mapping: tvs -> TVs | CONFLICT: folder maps to TVs but brand itel belongs to Smartphones | filename keyword: TV,https://ik.imagekit.io/0iaahkrcv/tvs/itel-tv-l431-43-inch-full-hd-smart-akAfHXrn0G-medium%20(2).webp?updatedAt=1786520463047
6a7c238e5c7cd75eb8422722,tvs,itel-tv-l431-43-inch-full-hd-smart-akAfHXrn0G-medium.webp,itel tv l431 43 inch full hd smart akAfHXrn0G medium,itel,C06,TVs,MEDIUM,folder mapping: tvs -> TVs | CONFLICT: folder maps to TVs but brand itel belongs to Smartphones | filename keyword: TV,https://ik.imagekit.io/0iaahkrcv/tvs/itel-tv-l431-43-inch-full-hd-smart-akAfHXrn0G-medium.webp?updatedAt=1786520463006
6a7c238e5c7cd75eb8422845,tvs,itel-tv-s241-24-inch-hd-jOlnCJPVhy-medium (1).webp,itel tv s241 24 inch hd jOlnCJPVhy medium,itel,C06,TVs,MEDIUM,folder mapping: tvs -> TVs | CONFLICT: folder maps to TVs but brand itel belongs to Smartphones | filename keyword: TV,https://ik.imagekit.io/0iaahkrcv/tvs/itel-tv-s241-24-inch-hd-jOlnCJPVhy-medium%20(1).webp?updatedAt=1786520463260
6a7c238e5c7cd75eb842283b,tvs,itel-tv-s241-24-inch-hd-jOlnCJPVhy-medium (2).webp,itel tv s241 24 inch hd jOlnCJPVhy medium,itel,C06,TVs,MEDIUM,folder mapping: tvs -> TVs | CONFLICT: folder maps to TVs but brand itel belongs to Smartphones | filename keyword: TV,https://ik.imagekit.io/0iaahkrcv/tvs/itel-tv-s241-24-inch-hd-jOlnCJPVhy-medium%20(2).webp?updatedAt=1786520463252
6a7c238e5c7cd75eb84227eb,tvs,itel-tv-s241-24-inch-hd-jOlnCJPVhy-medium.webp,itel tv s241 24 inch hd jOlnCJPVhy medium,itel,C06,TVs,MEDIUM,folder mapping: tvs -> TVs | CONFLICT: folder maps to TVs but brand itel belongs to Smartphones | filename keyword: TV,https://ik.imagekit.io/0iaahkrcv/tvs/itel-tv-s241-24-inch-hd-jOlnCJPVhy-medium.webp?updatedAt=1786520463157
6a7c238e5c7cd75eb8422853,tvs,itel-tv-s321-32-inch-hd-0D2rc5K1At-medium (1).webp,itel tv s321 32 inch hd 0D2rc5K1At medium,itel,C06,TVs,MEDIUM,folder mapping: tvs -> TVs | CONFLICT: folder maps to TVs but brand itel belongs to Smartphones | filename keyword: TV,https://ik.imagekit.io/0iaahkrcv/tvs/itel-tv-s321-32-inch-hd-0D2rc5K1At-medium%20(1).webp?updatedAt=1786520463302
6a7c238e5c7cd75eb842283e,tvs,itel-tv-s321-32-inch-hd-0D2rc5K1At-medium (2).webp,itel tv s321 32 inch hd 0D2rc5K1At medium,itel,C06,TVs,MEDIUM,folder mapping: tvs -> TVs | CONFLICT: folder maps to TVs but brand itel belongs to Smartphones | filename keyword: TV,https://ik.imagekit.io/0iaahkrcv/tvs/itel-tv-s321-32-inch-hd-0D2rc5K1At-medium%20(2).webp?updatedAt=1786520463202
6a7c238e5c7cd75eb8422863,tvs,itel-tv-s321-32-inch-hd-0D2rc5K1At-medium.webp,itel tv s321 32 inch hd 0D2rc5K1At medium,itel,C06,TVs,MEDIUM,folder mapping: tvs -> TVs | CONFLICT: folder maps to TVs but brand itel belongs to Smartphones | filename keyword: TV,https://ik.imagekit.io/0iaahkrcv/tvs/itel-tv-s321-32-inch-hd-0D2rc5K1At-medium.webp?updatedAt=1786520463249
6a7c238e5c7cd75eb8422848,tvs,itel-tv-s431-43-inch-full-hd-HKh04HQWpW-medium (1).webp,itel tv s431 43 inch full hd HKh04HQWpW medium,itel,C06,TVs,MEDIUM,folder mapping: tvs -> TVs | CONFLICT: folder maps to TVs but brand itel belongs to Smartphones | filename keyword: TV,https://ik.imagekit.io/0iaahkrcv/tvs/itel-tv-s431-43-inch-full-hd-HKh04HQWpW-medium%20(1).webp?updatedAt=1786520463214
6a7c238e5c7cd75eb8422891,tvs,itel-tv-s431-43-inch-full-hd-HKh04HQWpW-medium (2).webp,itel tv s431 43 inch full hd HKh04HQWpW medium,itel,C06,TVs,MEDIUM,folder mapping: tvs -> TVs | CONFLICT: folder maps to TVs but brand itel belongs to Smartphones | filename keyword: TV,https://ik.imagekit.io/0iaahkrcv/tvs/itel-tv-s431-43-inch-full-hd-HKh04HQWpW-medium%20(2).webp?updatedAt=1786520463272
6a7c238e5c7cd75eb842282c,tvs,itel-tv-s431-43-inch-full-hd-HKh04HQWpW-medium.webp,itel tv s431 43 inch full hd HKh04HQWpW medium,itel,C06,TVs,MEDIUM,folder mapping: tvs -> TVs | CONFLICT: folder maps to TVs but brand itel belongs to Smartphones | filename keyword: TV,https://ik.imagekit.io/0iaahkrcv/tvs/itel-tv-s431-43-inch-full-hd-HKh04HQWpW-medium.webp?updatedAt=1786520463153
6a7c238e5c7cd75eb842285c,tvs,itel-tv-s501-50-inch-full-hd-FuWE6DhOAr-medium (1).webp,itel tv s501 50 inch full hd FuWE6DhOAr medium,itel,C06,TVs,MEDIUM,folder mapping: tvs -> TVs | CONFLICT: folder maps to TVs but brand itel belongs to Smartphones | filename keyword: TV,https://ik.imagekit.io/0iaahkrcv/tvs/itel-tv-s501-50-inch-full-hd-FuWE6DhOAr-medium%20(1).webp?updatedAt=1786520463296
6a7c238e5c7cd75eb842282a,tvs,itel-tv-s501-50-inch-full-hd-FuWE6DhOAr-medium (2).webp,itel tv s501 50 inch full hd FuWE6DhOAr medium,itel,C06,TVs,MEDIUM,folder mapping: tvs -> TVs | CONFLICT: folder maps to TVs but brand itel belongs to Smartphones | filename keyword: TV,https://ik.imagekit.io/0iaahkrcv/tvs/itel-tv-s501-50-inch-full-hd-FuWE6DhOAr-medium%20(2).webp?updatedAt=1786520463209
6a7c238e5c7cd75eb8422835,tvs,itel-tv-s501-50-inch-full-hd-FuWE6DhOAr-medium.webp,itel tv s501 50 inch full hd FuWE6DhOAr medium,itel,C06,TVs,MEDIUM,folder mapping: tvs -> TVs | CONFLICT: folder maps to TVs but brand itel belongs to Smartphones | filename keyword: TV,https://ik.imagekit.io/0iaahkrcv/tvs/itel-tv-s501-50-inch-full-hd-FuWE6DhOAr-medium.webp?updatedAt=1786520463208
6a7c23ab5c7cd75eb842ed63,tvs,loader.631b9ed (1).svg,loader.631b9ed,,C06,TVs,HIGH,folder mapping: tvs -> TVs,https://ik.imagekit.io/0iaahkrcv/tvs/loader.631b9ed%20(1).svg?updatedAt=1786520492209
6a7c23ab5c7cd75eb842ed5a,tvs,loader.631b9ed (2).svg,loader.631b9ed,,C06,TVs,HIGH,folder mapping: tvs -> TVs,https://ik.imagekit.io/0iaahkrcv/tvs/loader.631b9ed%20(2).svg?updatedAt=1786520492196
6a7c23ab5c7cd75eb842eca6,tvs,loader.631b9ed (3).svg,loader.631b9ed,,C06,TVs,HIGH,folder mapping: tvs -> TVs,https://ik.imagekit.io/0iaahkrcv/tvs/loader.631b9ed%20(3).svg?updatedAt=1786520492037
6a7c23ab5c7cd75eb842eca0,tvs,loader.631b9ed (4).svg,loader.631b9ed,,C06,TVs,HIGH,folder mapping: tvs -> TVs,https://ik.imagekit.io/0iaahkrcv/tvs/loader.631b9ed%20(4).svg?updatedAt=1786520492077
6a7c23ab5c7cd75eb842ed0d,tvs,loader.631b9ed.svg,loader.631b9ed,,C06,TVs,HIGH,folder mapping: tvs -> TVs,https://ik.imagekit.io/0iaahkrcv/tvs/loader.631b9ed.svg?updatedAt=1786520492105
6a7c23ab5c7cd75eb842ecb3,tvs,oneplus-tv-32y1-32-inch-hd-smart-RjR9djHUmS-medium (1).webp,oneplus tv 32y1 32 inch hd smart RjR9djHUmS medium,OnePlus,C06,TVs,MEDIUM,folder mapping: tvs -> TVs | CONFLICT: folder maps to TVs but brand OnePlus belongs to Smartphones | filename keyword: TV,https://ik.imagekit.io/0iaahkrcv/tvs/oneplus-tv-32y1-32-inch-hd-smart-RjR9djHUmS-medium%20(1).webp?updatedAt=1786520492130
6a7c23ab5c7cd75eb842edcc,tvs,oneplus-tv-32y1-32-inch-hd-smart-RjR9djHUmS-medium (2).webp,oneplus tv 32y1 32 inch hd smart RjR9djHUmS medium,OnePlus,C06,TVs,MEDIUM,folder mapping: tvs -> TVs | CONFLICT: folder maps to TVs but brand OnePlus belongs to Smartphones | filename keyword: TV,https://ik.imagekit.io/0iaahkrcv/tvs/oneplus-tv-32y1-32-inch-hd-smart-RjR9djHUmS-medium%20(2).webp?updatedAt=1786520492227
6a7c23ab5c7cd75eb842ed5d,tvs,oneplus-tv-32y1-32-inch-hd-smart-RjR9djHUmS-medium.webp,oneplus tv 32y1 32 inch hd smart RjR9djHUmS medium,OnePlus,C06,TVs,MEDIUM,folder mapping: tvs -> TVs | CONFLICT: folder maps to TVs but brand OnePlus belongs to Smartphones | filename keyword: TV,https://ik.imagekit.io/0iaahkrcv/tvs/oneplus-tv-32y1-32-inch-hd-smart-RjR9djHUmS-medium.webp?updatedAt=1786520492222
6a7c23ab5c7cd75eb842ed20,tvs,oneplus-tv-55u1-55-inch-4k-smart-qXDajuDB6l-medium (1).webp,oneplus tv 55u1 55 inch 4k smart qXDajuDB6l medium,OnePlus,C06,TVs,MEDIUM,folder mapping: tvs -> TVs | CONFLICT: folder maps to TVs but brand OnePlus belongs to Smartphones | filename keyword: TV,https://ik.imagekit.io/0iaahkrcv/tvs/oneplus-tv-55u1-55-inch-4k-smart-qXDajuDB6l-medium%20(1).webp?updatedAt=1786520492140
6a7c23ab5c7cd75eb842ed42,tvs,oneplus-tv-55u1-55-inch-4k-smart-qXDajuDB6l-medium (2).webp,oneplus tv 55u1 55 inch 4k smart qXDajuDB6l medium,OnePlus,C06,TVs,MEDIUM,folder mapping: tvs -> TVs | CONFLICT: folder maps to TVs but brand OnePlus belongs to Smartphones | filename keyword: TV,https://ik.imagekit.io/0iaahkrcv/tvs/oneplus-tv-55u1-55-inch-4k-smart-qXDajuDB6l-medium%20(2).webp?updatedAt=1786520492172
6a7c23ab5c7cd75eb842ed02,tvs,oneplus-tv-55u1-55-inch-4k-smart-qXDajuDB6l-medium.webp,oneplus tv 55u1 55 inch 4k smart qXDajuDB6l medium,OnePlus,C06,TVs,MEDIUM,folder mapping: tvs -> TVs | CONFLICT: folder maps to TVs but brand OnePlus belongs to Smartphones | filename keyword: TV,https://ik.imagekit.io/0iaahkrcv/tvs/oneplus-tv-55u1-55-inch-4k-smart-qXDajuDB6l-medium.webp?updatedAt=1786520492129
6a7c23ac5c7cd75eb842f625,tvs,ONEPLUSTV43Y1KENYA-medium (1).webp,ONEPLUSTV43Y1KENYA medium,OnePlus,C06,TVs,LOW,folder mapping: tvs -> TVs | CONFLICT: folder maps to TVs but brand OnePlus belongs to Smartphones,https://ik.imagekit.io/0iaahkrcv/tvs/ONEPLUSTV43Y1KENYA-medium%20(1).webp?updatedAt=1786520493419
6a7c23ac5c7cd75eb842f5e2,tvs,ONEPLUSTV43Y1KENYA-medium (2).webp,ONEPLUSTV43Y1KENYA medium,OnePlus,C06,TVs,LOW,folder mapping: tvs -> TVs | CONFLICT: folder maps to TVs but brand OnePlus belongs to Smartphones,https://ik.imagekit.io/0iaahkrcv/tvs/ONEPLUSTV43Y1KENYA-medium%20(2).webp?updatedAt=1786520493408
6a7c23ac5c7cd75eb842f6a5,tvs,ONEPLUSTV43Y1KENYA-medium.webp,ONEPLUSTV43Y1KENYA medium,OnePlus,C06,TVs,LOW,folder mapping: tvs -> TVs | CONFLICT: folder maps to TVs but brand OnePlus belongs to Smartphones,https://ik.imagekit.io/0iaahkrcv/tvs/ONEPLUSTV43Y1KENYA-medium.webp?updatedAt=1786520493678
6a7c23df5c7cd75eb844b7ac,tvs,search.7d254c6 (1).svg,search.7d254c6,,C06,TVs,HIGH,folder mapping: tvs -> TVs,https://ik.imagekit.io/0iaahkrcv/tvs/search.7d254c6%20(1).svg?updatedAt=1786520543817
6a7c23df5c7cd75eb844b875,tvs,search.7d254c6 (2).svg,search.7d254c6,,C06,TVs,HIGH,folder mapping: tvs -> TVs,https://ik.imagekit.io/0iaahkrcv/tvs/search.7d254c6%20(2).svg?updatedAt=1786520544026
6a7c23df5c7cd75eb844b870,tvs,search.7d254c6 (3).svg,search.7d254c6,,C06,TVs,HIGH,folder mapping: tvs -> TVs,https://ik.imagekit.io/0iaahkrcv/tvs/search.7d254c6%20(3).svg?updatedAt=1786520543764
6a7c23df5c7cd75eb844b75b,tvs,search.7d254c6 (4).svg,search.7d254c6,,C06,TVs,HIGH,folder mapping: tvs -> TVs,https://ik.imagekit.io/0iaahkrcv/tvs/search.7d254c6%20(4).svg?updatedAt=1786520543712
6a7c23df5c7cd75eb844b851,tvs,search.7d254c6.svg,search.7d254c6,,C06,TVs,HIGH,folder mapping: tvs -> TVs,https://ik.imagekit.io/0iaahkrcv/tvs/search.7d254c6.svg?updatedAt=1786520543741
6a7c23fa5c7cd75eb845ac32,tvs,whatsapp (1).svg,whatsapp,,C06,TVs,HIGH,folder mapping: tvs -> TVs,https://ik.imagekit.io/0iaahkrcv/tvs/whatsapp%20(1).svg?updatedAt=1786520570766
6a7c23fa5c7cd75eb845aea7,tvs,whatsapp (2).svg,whatsapp,,C06,TVs,HIGH,folder mapping: tvs -> TVs,https://ik.imagekit.io/0iaahkrcv/tvs/whatsapp%20(2).svg?updatedAt=1786520570967
6a7c23fa5c7cd75eb845ae9b,tvs,whatsapp (3).svg,whatsapp,,C06,TVs,HIGH,folder mapping: tvs -> TVs,https://ik.imagekit.io/0iaahkrcv/tvs/whatsapp%20(3).svg?updatedAt=1786520570824
6a7c23fa5c7cd75eb845b1c7,tvs,whatsapp (4).svg,whatsapp,,C06,TVs,HIGH,folder mapping: tvs -> TVs,https://ik.imagekit.io/0iaahkrcv/tvs/whatsapp%20(4).svg?updatedAt=1786520570880
6a7c23fa5c7cd75eb845b1d8,tvs,whatsapp.svg,whatsapp,,C06,TVs,HIGH,folder mapping: tvs -> TVs,https://ik.imagekit.io/0iaahkrcv/tvs/whatsapp.svg?updatedAt=1786520570944